{
  "type": "FeatureCollection",
  "features": [
    {
      "type": "Feature",
      "properties": {
        "name": "Donauradweg (Austria)"
      },
      "geometry": {
        "type": "LineString",
        "coordinates": [
          [
            13.460274,
            48.576232,
            293.1
          ],
          [
            13.461255,
            48.576318,
            292.82
          ],
          [
            13.461677,
            48.576325999999995,
            292.72
          ],
          [
            13.461955,
            48.576318,
            292.9
          ],
          [
            13.46248,
            48.57628,
            292.22
          ],
          [
            13.464169,
            48.576062,
            293.38
          ],
          [
            13.464361,
            48.57602,
            293.2
          ],
          [
            13.464395,
            48.575997,
            293.3
          ],
          [
            13.464426,
            48.575959999999995,
            293.63
          ],
          [
            13.464488,
            48.575975,
            293.32
          ],
          [
            13.464592999999999,
            48.575981999999996,
            293.01
          ],
          [
            13.465143,
            48.575939,
            293.18
          ],
          [
            13.465992,
            48.575860999999996,
            293.2
          ],
          [
            13.467518,
            48.575655,
            292.92
          ],
          [
            13.468074999999999,
            48.575536,
            293.96
          ],
          [
            13.468592,
            48.575446,
            292.75
          ],
          [
            13.469033,
            48.575379999999996,
            293.52
          ],
          [
            13.469415999999999,
            48.575323999999995,
            294.34
          ],
          [
            13.470305999999999,
            48.575212,
            292.97
          ],
          [
            13.470346,
            48.575193999999996,
            293.32
          ],
          [
            13.470385,
            48.575162,
            293.89
          ],
          [
            13.470429999999999,
            48.575075999999996,
            295.31
          ],
          [
            13.470497,
            48.574901,
            297.15
          ],
          [
            13.470388999999999,
            48.574718,
            297.43
          ],
          [
            13.470353,
            48.574514,
            298.77
          ],
          [
            13.470286999999999,
            48.574144999999994,
            300.08
          ],
          [
            13.470263,
            48.573864,
            300.91
          ],
          [
            13.470222999999999,
            48.573858,
            300.9
          ],
          [
            13.469626,
            48.573893999999996,
            302
          ],
          [
            13.469451,
            48.573919,
            302
          ],
          [
            13.468990999999999,
            48.574019,
            302.34
          ],
          [
            13.468615999999999,
            48.57411,
            302.99
          ],
          [
            13.468086999999999,
            48.574251,
            303.28
          ],
          [
            13.467509,
            48.574349999999995,
            305.32
          ],
          [
            13.467431999999999,
            48.573991,
            305.3
          ],
          [
            13.467416,
            48.573968,
            305.16
          ],
          [
            13.467376999999999,
            48.573955,
            305.01
          ],
          [
            13.467108,
            48.573890999999996,
            303.26
          ],
          [
            13.466313999999999,
            48.573822,
            304.01
          ],
          [
            13.466202,
            48.5738,
            304.15
          ],
          [
            13.466026999999999,
            48.573755,
            302.37
          ],
          [
            13.465841999999999,
            48.573684,
            299.69
          ],
          [
            13.465817,
            48.573662999999996,
            299.28
          ],
          [
            13.465805,
            48.573617999999996,
            298.41
          ],
          [
            13.465779999999999,
            48.573591,
            297.73
          ],
          [
            13.465736,
            48.573561999999995,
            297.37
          ],
          [
            13.465619,
            48.573552,
            297.35
          ],
          [
            13.465306,
            48.573555,
            297.54
          ],
          [
            13.46504,
            48.573546,
            297.75
          ],
          [
            13.465078,
            48.573501,
            296.77
          ],
          [
            13.46511,
            48.573423999999996,
            295.09
          ],
          [
            13.465964,
            48.571607,
            292.98
          ],
          [
            13.466032,
            48.571428999999995,
            297.13
          ],
          [
            13.466064999999999,
            48.571295,
            299.41
          ],
          [
            13.466113,
            48.571189,
            300.44
          ],
          [
            13.466339999999999,
            48.571224,
            300.01
          ],
          [
            13.466351999999999,
            48.571287,
            299.04
          ],
          [
            13.466562999999999,
            48.571388,
            297.04
          ],
          [
            13.466588999999999,
            48.571414,
            296.8
          ],
          [
            13.466571,
            48.571636999999996,
            294.9
          ],
          [
            13.466878999999999,
            48.571666,
            294.5
          ],
          [
            13.467125,
            48.571676,
            294.7
          ],
          [
            13.467478,
            48.571661999999996,
            295.04
          ],
          [
            13.467804,
            48.571624,
            295.37
          ],
          [
            13.468331,
            48.57154,
            296.28
          ],
          [
            13.468751,
            48.57149,
            296.36
          ],
          [
            13.469081,
            48.571473,
            295.89
          ],
          [
            13.469944,
            48.571490999999995,
            295.07
          ],
          [
            13.470469999999999,
            48.571475,
            294.66
          ],
          [
            13.470621999999999,
            48.571459,
            294.73
          ],
          [
            13.470856999999999,
            48.571439,
            295.1
          ],
          [
            13.471888,
            48.571411999999995,
            295.58
          ],
          [
            13.472367,
            48.5714,
            295.8
          ],
          [
            13.472809999999999,
            48.571404,
            295.62
          ],
          [
            13.473894,
            48.571408,
            295.68
          ],
          [
            13.475926,
            48.571424,
            297.69
          ],
          [
            13.476759,
            48.571476999999994,
            297.07
          ],
          [
            13.477323,
            48.571529,
            297
          ],
          [
            13.477736,
            48.571552,
            297.24
          ],
          [
            13.4782,
            48.571565,
            297.65
          ],
          [
            13.478677,
            48.571526,
            298.31
          ],
          [
            13.479156,
            48.571462,
            298.57
          ],
          [
            13.479471,
            48.571403,
            298.81
          ],
          [
            13.479505,
            48.571462999999994,
            298.39
          ],
          [
            13.480302,
            48.571594,
            296.8
          ],
          [
            13.480774,
            48.571641,
            296.04
          ],
          [
            13.481121,
            48.571701999999995,
            295.36
          ],
          [
            13.481376,
            48.571706,
            295.72
          ],
          [
            13.481814,
            48.571647999999996,
            297.59
          ],
          [
            13.482000999999999,
            48.571656999999995,
            297.9
          ],
          [
            13.483611999999999,
            48.571656999999995,
            297.22
          ],
          [
            13.484115,
            48.571647,
            297.05
          ],
          [
            13.484677999999999,
            48.571661999999996,
            297.03
          ],
          [
            13.485242,
            48.571652,
            297.44
          ],
          [
            13.485396,
            48.571624,
            297.6
          ],
          [
            13.485579999999999,
            48.571579,
            298.01
          ],
          [
            13.48575,
            48.571518999999995,
            298.37
          ],
          [
            13.486191999999999,
            48.571540999999996,
            297.95
          ],
          [
            13.487447,
            48.571636999999996,
            297.12
          ],
          [
            13.487941,
            48.571667999999995,
            296.92
          ],
          [
            13.488529,
            48.571686,
            296.74
          ],
          [
            13.489723999999999,
            48.571818,
            296.49
          ],
          [
            13.490368,
            48.571905,
            297.07
          ],
          [
            13.490832,
            48.572009,
            298.3
          ],
          [
            13.491686,
            48.572112999999995,
            301.53
          ],
          [
            13.492355,
            48.572317,
            301.25
          ],
          [
            13.492552,
            48.572325,
            301.66
          ],
          [
            13.492592,
            48.572382999999995,
            301.16
          ],
          [
            13.492656,
            48.572429,
            301.05
          ],
          [
            13.492742,
            48.572455,
            300.77
          ],
          [
            13.493215,
            48.572539,
            298.81
          ],
          [
            13.493463,
            48.572553,
            297.57
          ],
          [
            13.493651999999999,
            48.57253,
            296.82
          ],
          [
            13.493751999999999,
            48.572497,
            296.49
          ],
          [
            13.493789,
            48.572475999999995,
            296.36
          ],
          [
            13.493834,
            48.572412,
            296.23
          ],
          [
            13.493839,
            48.572371,
            296.2
          ],
          [
            13.493822,
            48.572308,
            296.24
          ],
          [
            13.493889999999999,
            48.572292,
            296.14
          ],
          [
            13.493953999999999,
            48.572255999999996,
            296.41
          ],
          [
            13.493989,
            48.572246,
            296.61
          ],
          [
            13.494064999999999,
            48.572250999999994,
            297.08
          ],
          [
            13.494098999999999,
            48.572263,
            297.28
          ],
          [
            13.494169,
            48.572331,
            297.9
          ],
          [
            13.494313,
            48.572357,
            298.77
          ],
          [
            13.494349,
            48.572371,
            298.98
          ],
          [
            13.494399999999999,
            48.572427,
            299.43
          ],
          [
            13.494411999999999,
            48.572480999999996,
            299.86
          ],
          [
            13.494625,
            48.572525999999996,
            299.69
          ],
          [
            13.494959999999999,
            48.572629,
            299.04
          ],
          [
            13.495358,
            48.572773999999995,
            298.78
          ],
          [
            13.495586999999999,
            48.572829,
            298.61
          ],
          [
            13.496172999999999,
            48.573052999999994,
            298.44
          ],
          [
            13.496407,
            48.573156999999995,
            299.23
          ],
          [
            13.49671,
            48.573271999999996,
            298.62
          ],
          [
            13.498531,
            48.573907,
            299.37
          ],
          [
            13.499391,
            48.574298,
            299.29
          ],
          [
            13.500762,
            48.575146,
            298.52
          ],
          [
            13.500943999999999,
            48.575271,
            297.66
          ],
          [
            13.501951,
            48.576159,
            299.6
          ],
          [
            13.502656,
            48.577076999999996,
            300.22
          ],
          [
            13.502925,
            48.577784,
            299.05
          ],
          [
            13.503015,
            48.578354999999995,
            298.63
          ],
          [
            13.503032,
            48.578858,
            297.83
          ],
          [
            13.503159,
            48.579294,
            298.7
          ],
          [
            13.503248,
            48.579772999999996,
            298.63
          ],
          [
            13.503487999999999,
            48.580239999999996,
            298.57
          ],
          [
            13.503311,
            48.580276,
            297.85
          ],
          [
            13.50329,
            48.580438,
            297.37
          ],
          [
            13.503245,
            48.580596,
            297.09
          ],
          [
            13.503176999999999,
            48.58077,
            297.06
          ],
          [
            13.503145,
            48.580974999999995,
            297.07
          ],
          [
            13.503179999999999,
            48.581409,
            297.42
          ],
          [
            13.503212999999999,
            48.581556,
            297.62
          ],
          [
            13.503269999999999,
            48.581677,
            297.85
          ],
          [
            13.503352999999999,
            48.581776,
            298.19
          ],
          [
            13.503502,
            48.581906,
            298.31
          ],
          [
            13.503814,
            48.582138,
            300.17
          ],
          [
            13.505293,
            48.583635,
            303.24
          ],
          [
            13.505557999999999,
            48.583867999999995,
            303.79
          ],
          [
            13.505868999999999,
            48.584103,
            304.26
          ],
          [
            13.506124999999999,
            48.584277,
            304.31
          ],
          [
            13.506393,
            48.584438,
            304.33
          ],
          [
            13.506649999999999,
            48.584576,
            304.07
          ],
          [
            13.506986999999999,
            48.584739,
            303.33
          ],
          [
            13.507334,
            48.584882,
            302.23
          ],
          [
            13.507816,
            48.585063999999996,
            301.45
          ],
          [
            13.508151,
            48.585181999999996,
            301.14
          ],
          [
            13.508535,
            48.585301,
            301.01
          ],
          [
            13.509265,
            48.585502,
            301.11
          ],
          [
            13.509796,
            48.585623,
            300.42
          ],
          [
            13.510318999999999,
            48.585730999999996,
            299.46
          ],
          [
            13.510919,
            48.585836,
            298.36
          ],
          [
            13.51135,
            48.585898,
            298.08
          ],
          [
            13.51179,
            48.58595,
            298.21
          ],
          [
            13.512424999999999,
            48.586000999999996,
            298.51
          ],
          [
            13.512931,
            48.58602,
            298.86
          ],
          [
            13.513454,
            48.586028999999996,
            299.01
          ],
          [
            13.513928,
            48.586016,
            298.79
          ],
          [
            13.514510999999999,
            48.585975,
            298.27
          ],
          [
            13.515174,
            48.585899999999995,
            297.53
          ],
          [
            13.516824,
            48.585648,
            295.88
          ],
          [
            13.51738,
            48.585573,
            295.55
          ],
          [
            13.517363999999999,
            48.585519,
            296.07
          ],
          [
            13.517356999999999,
            48.585493,
            296.48
          ],
          [
            13.517384999999999,
            48.585463,
            296.59
          ],
          [
            13.517612999999999,
            48.585391,
            295.91
          ],
          [
            13.518099999999999,
            48.585271,
            295.99
          ],
          [
            13.519846,
            48.584931999999995,
            296.87
          ],
          [
            13.520710999999999,
            48.5847,
            296.21
          ],
          [
            13.521085999999999,
            48.584556,
            296.01
          ],
          [
            13.521709,
            48.584263,
            296.17
          ],
          [
            13.523045999999999,
            48.583687,
            295.88
          ],
          [
            13.524256,
            48.58312,
            294.9
          ],
          [
            13.525528,
            48.582555,
            296.25
          ],
          [
            13.525756,
            48.582418,
            296.67
          ],
          [
            13.525964,
            48.582249,
            296.86
          ],
          [
            13.526423,
            48.581835,
            296.46
          ],
          [
            13.526619,
            48.581706999999994,
            296.33
          ],
          [
            13.527011,
            48.581534,
            296.21
          ],
          [
            13.527650999999999,
            48.581285,
            295.92
          ],
          [
            13.527985,
            48.581140999999995,
            295.45
          ],
          [
            13.528454,
            48.580901,
            296.19
          ],
          [
            13.529496,
            48.580301,
            297.73
          ],
          [
            13.530244,
            48.579822,
            297.83
          ],
          [
            13.530832,
            48.579381,
            297.98
          ],
          [
            13.531006,
            48.579228,
            298
          ],
          [
            13.531182,
            48.579051,
            297.99
          ],
          [
            13.531367999999999,
            48.578823,
            297.89
          ],
          [
            13.531528999999999,
            48.578589,
            297.61
          ],
          [
            13.531659999999999,
            48.578427,
            297.35
          ],
          [
            13.532005999999999,
            48.578084,
            296.81
          ],
          [
            13.532304,
            48.577816,
            296.4
          ],
          [
            13.533011,
            48.576989,
            296
          ],
          [
            13.5338,
            48.576207,
            295.12
          ],
          [
            13.534130999999999,
            48.575815,
            294.91
          ],
          [
            13.534217,
            48.575693,
            294.82
          ],
          [
            13.534374,
            48.575367,
            294.58
          ],
          [
            13.534476,
            48.575243,
            294.5
          ],
          [
            13.534621,
            48.575101,
            294.46
          ],
          [
            13.534830999999999,
            48.574977,
            294.54
          ],
          [
            13.535212,
            48.574793,
            294.6
          ],
          [
            13.535718,
            48.574601,
            295.64
          ],
          [
            13.536489,
            48.574268,
            295.07
          ],
          [
            13.536729,
            48.574183999999995,
            295.05
          ],
          [
            13.537187999999999,
            48.574056999999996,
            295.01
          ],
          [
            13.537379999999999,
            48.574019,
            295
          ],
          [
            13.537554,
            48.573992999999994,
            295
          ],
          [
            13.537735,
            48.573978,
            295
          ],
          [
            13.539161,
            48.573919,
            295
          ],
          [
            13.539238,
            48.573934,
            295
          ],
          [
            13.539278999999999,
            48.573968,
            295
          ],
          [
            13.539356999999999,
            48.574058,
            295
          ],
          [
            13.540512,
            48.573684,
            294.91
          ],
          [
            13.541155999999999,
            48.573493,
            295.18
          ],
          [
            13.541801,
            48.573288,
            294.79
          ],
          [
            13.542301,
            48.573108999999995,
            294.6
          ],
          [
            13.542784999999999,
            48.572916,
            294.34
          ],
          [
            13.543595,
            48.572555,
            294.14
          ],
          [
            13.544018999999999,
            48.572339,
            294.11
          ],
          [
            13.544393999999999,
            48.572134,
            294.19
          ],
          [
            13.54478,
            48.571905,
            294.27
          ],
          [
            13.545217,
            48.571628,
            294.28
          ],
          [
            13.545622999999999,
            48.571343,
            294.29
          ],
          [
            13.545936,
            48.571107,
            294.29
          ],
          [
            13.546410999999999,
            48.570710999999996,
            294.25
          ],
          [
            13.546825,
            48.570312,
            294.06
          ],
          [
            13.54722,
            48.569900999999994,
            293.94
          ],
          [
            13.547559,
            48.569508,
            293.91
          ],
          [
            13.547886,
            48.569067,
            293.9
          ],
          [
            13.548117,
            48.568666,
            294.18
          ],
          [
            13.548205999999999,
            48.568532,
            293.01
          ],
          [
            13.548357,
            48.568323,
            293.09
          ],
          [
            13.548399999999999,
            48.56827,
            293.34
          ],
          [
            13.548599999999999,
            48.568079,
            294.61
          ],
          [
            13.548682,
            48.568017999999995,
            294.93
          ],
          [
            13.548833,
            48.568096,
            294.84
          ],
          [
            13.548978,
            48.567966999999996,
            295.42
          ],
          [
            13.549228999999999,
            48.567775,
            296.19
          ],
          [
            13.549520999999999,
            48.567594,
            296.92
          ],
          [
            13.54983,
            48.567429,
            297.57
          ],
          [
            13.550141,
            48.567296,
            298.1
          ],
          [
            13.550507999999999,
            48.567166,
            298.69
          ],
          [
            13.550894999999999,
            48.567051,
            299.27
          ],
          [
            13.551542999999999,
            48.566880999999995,
            300.11
          ],
          [
            13.551936999999999,
            48.566790999999995,
            300.63
          ],
          [
            13.552470999999999,
            48.566691999999996,
            301.29
          ],
          [
            13.554580999999999,
            48.566328,
            305.84
          ],
          [
            13.555401,
            48.566159,
            305.61
          ],
          [
            13.555898,
            48.56604,
            305.75
          ],
          [
            13.556489,
            48.56587,
            306.11
          ],
          [
            13.556913,
            48.565732999999994,
            306.19
          ],
          [
            13.557440999999999,
            48.565545,
            306.33
          ],
          [
            13.557965,
            48.565337,
            306.18
          ],
          [
            13.558361999999999,
            48.565162,
            305.74
          ],
          [
            13.558814,
            48.564943,
            304.99
          ],
          [
            13.559248,
            48.564713,
            303.92
          ],
          [
            13.563129,
            48.562458,
            296.44
          ],
          [
            13.566353,
            48.560601,
            295.79
          ],
          [
            13.567086,
            48.560165999999995,
            296.01
          ],
          [
            13.567504,
            48.559943,
            296.31
          ],
          [
            13.56781,
            48.559798,
            296.44
          ],
          [
            13.568202999999999,
            48.559644999999996,
            296.58
          ],
          [
            13.568491,
            48.559548,
            296.71
          ],
          [
            13.568774999999999,
            48.559463,
            296.86
          ],
          [
            13.569158999999999,
            48.559368,
            296.98
          ],
          [
            13.569550999999999,
            48.559284999999996,
            297.27
          ],
          [
            13.570573,
            48.559141999999994,
            297.62
          ],
          [
            13.570959,
            48.559096,
            297.92
          ],
          [
            13.571439,
            48.559011999999996,
            298.28
          ],
          [
            13.571719,
            48.558941999999995,
            298.4
          ],
          [
            13.572223,
            48.558779,
            299.41
          ],
          [
            13.572548999999999,
            48.558682999999995,
            300.24
          ],
          [
            13.572844,
            48.558616,
            300.66
          ],
          [
            13.57331,
            48.55854,
            301.11
          ],
          [
            13.575401,
            48.558234,
            304.37
          ],
          [
            13.575889,
            48.558209,
            304.32
          ],
          [
            13.576523,
            48.558203,
            302.48
          ],
          [
            13.577150999999999,
            48.558234,
            300.87
          ],
          [
            13.577501999999999,
            48.558268999999996,
            300.28
          ],
          [
            13.57784,
            48.558313999999996,
            299.61
          ],
          [
            13.581358999999999,
            48.558921,
            297.78
          ],
          [
            13.581681,
            48.558991999999996,
            297.73
          ],
          [
            13.581913,
            48.559059,
            297.71
          ],
          [
            13.582310999999999,
            48.559217,
            297.7
          ],
          [
            13.583181999999999,
            48.559619999999995,
            296.29
          ],
          [
            13.583513,
            48.559782,
            295.35
          ],
          [
            13.583694,
            48.559884,
            295.05
          ],
          [
            13.583838,
            48.559982,
            294.84
          ],
          [
            13.584140999999999,
            48.560219,
            294.24
          ],
          [
            13.584314,
            48.560389,
            294.01
          ],
          [
            13.584489,
            48.560604,
            293.68
          ],
          [
            13.584719999999999,
            48.560956,
            293.51
          ],
          [
            13.584935,
            48.561308,
            292.63
          ],
          [
            13.585016,
            48.561467,
            292.42
          ],
          [
            13.585077,
            48.561613,
            292.33
          ],
          [
            13.585148,
            48.561825,
            292.28
          ],
          [
            13.585236,
            48.562242999999995,
            292.13
          ],
          [
            13.585284999999999,
            48.562425999999995,
            292.07
          ],
          [
            13.585374999999999,
            48.562624,
            292.02
          ],
          [
            13.585471,
            48.562777999999994,
            292.02
          ],
          [
            13.585605,
            48.562959,
            292.09
          ],
          [
            13.585827,
            48.563178,
            292.25
          ],
          [
            13.586122,
            48.563438,
            292.65
          ],
          [
            13.586490999999999,
            48.563736,
            293.23
          ],
          [
            13.586856,
            48.564006,
            293.92
          ],
          [
            13.587131,
            48.564194,
            294.44
          ],
          [
            13.587415,
            48.564372,
            295.02
          ],
          [
            13.587995999999999,
            48.564709,
            296.42
          ],
          [
            13.588462,
            48.564949999999996,
            297.05
          ],
          [
            13.589566999999999,
            48.565466,
            295.99
          ],
          [
            13.590152,
            48.565762,
            294.61
          ],
          [
            13.591021,
            48.566268,
            292.28
          ],
          [
            13.591071,
            48.566235999999996,
            292.59
          ],
          [
            13.591097999999999,
            48.566218,
            292.83
          ],
          [
            13.591147,
            48.566213,
            293.13
          ],
          [
            13.59164,
            48.5663,
            294.65
          ],
          [
            13.591769,
            48.56634,
            294.35
          ],
          [
            13.591942,
            48.566399999999994,
            293.3
          ],
          [
            13.592170999999999,
            48.566463999999996,
            293.03
          ],
          [
            13.593238999999999,
            48.566677,
            292.95
          ],
          [
            13.593513,
            48.566716,
            292.97
          ],
          [
            13.59382,
            48.566744,
            292.99
          ],
          [
            13.594232,
            48.566766,
            293
          ],
          [
            13.594574999999999,
            48.566772,
            293
          ],
          [
            13.594927,
            48.566767999999996,
            293
          ],
          [
            13.599637999999999,
            48.566613,
            292.64
          ],
          [
            13.600100999999999,
            48.566565,
            292.58
          ],
          [
            13.600473,
            48.566511999999996,
            292.66
          ],
          [
            13.602321,
            48.566216,
            292.01
          ],
          [
            13.602547,
            48.566210999999996,
            292.1
          ],
          [
            13.602573999999999,
            48.566227,
            292.16
          ],
          [
            13.602718,
            48.566161,
            292.55
          ],
          [
            13.603088,
            48.565968999999996,
            292.76
          ],
          [
            13.603396,
            48.565794,
            292.82
          ],
          [
            13.605322999999999,
            48.564569999999996,
            294.46
          ],
          [
            13.606461999999999,
            48.563939999999995,
            293.79
          ],
          [
            13.607239,
            48.563538,
            293.25
          ],
          [
            13.60787,
            48.563196,
            293.16
          ],
          [
            13.608379,
            48.562886999999996,
            292.94
          ],
          [
            13.608913999999999,
            48.562535,
            292.45
          ],
          [
            13.609332,
            48.562238,
            292.46
          ],
          [
            13.609936,
            48.561761999999995,
            292.34
          ],
          [
            13.610434,
            48.561329,
            292.02
          ],
          [
            13.61122,
            48.560607999999995,
            292.19
          ],
          [
            13.611637,
            48.560244999999995,
            292.47
          ],
          [
            13.612,
            48.559967,
            292.86
          ],
          [
            13.61239,
            48.559703,
            293.07
          ],
          [
            13.612646999999999,
            48.559545,
            293.27
          ],
          [
            13.613102999999999,
            48.559286,
            292.9
          ],
          [
            13.613956,
            48.55885,
            293.79
          ],
          [
            13.614056,
            48.558924,
            292.09
          ],
          [
            13.615732999999999,
            48.558077999999995,
            295.36
          ],
          [
            13.617185,
            48.557358,
            294.94
          ],
          [
            13.61731,
            48.557303999999995,
            295.14
          ],
          [
            13.617611,
            48.557142999999996,
            295.49
          ],
          [
            13.617733,
            48.55706,
            294.72
          ],
          [
            13.617757,
            48.557033,
            294.51
          ],
          [
            13.618986,
            48.556126,
            293.05
          ],
          [
            13.619304999999999,
            48.555907,
            293.02
          ],
          [
            13.619919999999999,
            48.555544,
            293.1
          ],
          [
            13.620331,
            48.555344,
            293.07
          ],
          [
            13.620766999999999,
            48.555161,
            293.13
          ],
          [
            13.623311999999999,
            48.554168999999995,
            293
          ],
          [
            13.623861999999999,
            48.553967,
            292.88
          ],
          [
            13.624407999999999,
            48.553777,
            292.7
          ],
          [
            13.625015999999999,
            48.553577999999995,
            292.64
          ],
          [
            13.625625999999999,
            48.553391999999995,
            292.72
          ],
          [
            13.62626,
            48.553211999999995,
            292.61
          ],
          [
            13.626881,
            48.553047,
            292.35
          ],
          [
            13.628031,
            48.552775999999994,
            292
          ],
          [
            13.628646999999999,
            48.55265,
            292.19
          ],
          [
            13.629439,
            48.552502999999994,
            293.1
          ],
          [
            13.630177,
            48.552383999999996,
            293.7
          ],
          [
            13.631086999999999,
            48.552256,
            293.83
          ],
          [
            13.631504,
            48.552222,
            293.64
          ],
          [
            13.631843,
            48.552203999999996,
            293.6
          ],
          [
            13.632147999999999,
            48.552201,
            293.8
          ],
          [
            13.632446999999999,
            48.552209999999995,
            294.07
          ],
          [
            13.632736,
            48.552232,
            294.4
          ],
          [
            13.632935999999999,
            48.552251999999996,
            294.57
          ],
          [
            13.633132999999999,
            48.552288999999995,
            294.69
          ],
          [
            13.633253,
            48.552304,
            294.73
          ],
          [
            13.633372,
            48.552305999999994,
            294.73
          ],
          [
            13.634012,
            48.552277,
            294.32
          ],
          [
            13.634329999999999,
            48.552239,
            293.96
          ],
          [
            13.634734,
            48.552178,
            293.47
          ],
          [
            13.635283999999999,
            48.552085,
            292.89
          ],
          [
            13.636432,
            48.551876,
            293.23
          ],
          [
            13.637595,
            48.551607,
            293.51
          ],
          [
            13.640079,
            48.551049,
            293.01
          ],
          [
            13.640308,
            48.550965,
            292.46
          ],
          [
            13.640977,
            48.550813,
            292.53
          ],
          [
            13.64102,
            48.550798,
            292.89
          ],
          [
            13.641096,
            48.550774,
            293.3
          ],
          [
            13.641299,
            48.550737,
            292.89
          ],
          [
            13.641456999999999,
            48.550694,
            292.42
          ],
          [
            13.642477,
            48.550387,
            292.23
          ],
          [
            13.643135,
            48.550202999999996,
            292.63
          ],
          [
            13.646225,
            48.549392999999995,
            293.36
          ],
          [
            13.646809,
            48.549222,
            293.01
          ],
          [
            13.647184,
            48.549099999999996,
            292.93
          ],
          [
            13.647575,
            48.548952,
            292.91
          ],
          [
            13.647779,
            48.548891999999995,
            292.94
          ],
          [
            13.648015,
            48.548792,
            292.98
          ],
          [
            13.648282,
            48.54866,
            293.06
          ],
          [
            13.648595,
            48.548488,
            293.07
          ],
          [
            13.648869999999999,
            48.548317999999995,
            293.15
          ],
          [
            13.649054,
            48.548195,
            292.97
          ],
          [
            13.649505,
            48.547847,
            292.97
          ],
          [
            13.649811999999999,
            48.547567,
            292.96
          ],
          [
            13.65031,
            48.547078,
            292.95
          ],
          [
            13.650385,
            48.546994999999995,
            292.95
          ],
          [
            13.650417,
            48.546924,
            293
          ],
          [
            13.650457999999999,
            48.54687,
            292.98
          ],
          [
            13.650739,
            48.546596,
            292.68
          ],
          [
            13.651553,
            48.545879,
            292.57
          ],
          [
            13.651954,
            48.545550999999996,
            292.56
          ],
          [
            13.652372999999999,
            48.54523,
            292.48
          ],
          [
            13.652871,
            48.544872,
            291.97
          ],
          [
            13.653208999999999,
            48.544639,
            292.17
          ],
          [
            13.654625999999999,
            48.543707,
            291.57
          ],
          [
            13.654808,
            48.543575999999995,
            291.8
          ],
          [
            13.654886999999999,
            48.543495,
            292.06
          ],
          [
            13.655308999999999,
            48.54313,
            292.65
          ],
          [
            13.655586,
            48.542905999999995,
            292.41
          ],
          [
            13.655672,
            48.542815999999995,
            292.39
          ],
          [
            13.655794,
            48.542648,
            292.15
          ],
          [
            13.656206,
            48.541954,
            291.4
          ],
          [
            13.656329,
            48.5417,
            291.22
          ],
          [
            13.656429999999999,
            48.541450999999995,
            291.11
          ],
          [
            13.656521999999999,
            48.541143999999996,
            291.09
          ],
          [
            13.656780999999999,
            48.540028,
            291.4
          ],
          [
            13.656892,
            48.539654,
            291.43
          ],
          [
            13.657181,
            48.538855999999996,
            291.33
          ],
          [
            13.657385999999999,
            48.538385999999996,
            291.42
          ],
          [
            13.657584,
            48.53798,
            291.49
          ],
          [
            13.657803999999999,
            48.537579,
            291.45
          ],
          [
            13.65845,
            48.536550999999996,
            291.82
          ],
          [
            13.65864,
            48.536300999999995,
            292.22
          ],
          [
            13.658767,
            48.536162,
            292.49
          ],
          [
            13.659009999999999,
            48.535925999999996,
            292.87
          ],
          [
            13.659184,
            48.535782,
            293.09
          ],
          [
            13.659521999999999,
            48.535542,
            293.46
          ],
          [
            13.65991,
            48.535312999999995,
            293.86
          ],
          [
            13.660416999999999,
            48.535084,
            294.41
          ],
          [
            13.661406,
            48.534707,
            296.2
          ],
          [
            13.66297,
            48.533924,
            293.87
          ],
          [
            13.665161999999999,
            48.533091999999996,
            294.05
          ],
          [
            13.666678,
            48.532627,
            293.9
          ],
          [
            13.668249999999999,
            48.531991,
            294.28
          ],
          [
            13.669998,
            48.531330999999994,
            294.41
          ],
          [
            13.672383,
            48.530488,
            295.56
          ],
          [
            13.673001999999999,
            48.530300999999994,
            295.3
          ],
          [
            13.673627999999999,
            48.530066,
            294.85
          ],
          [
            13.674301,
            48.529835,
            293.84
          ],
          [
            13.674802999999999,
            48.529675,
            293.4
          ],
          [
            13.675462,
            48.529421,
            293.02
          ],
          [
            13.676112999999999,
            48.529194,
            292.99
          ],
          [
            13.680143,
            48.527708,
            292.69
          ],
          [
            13.681574,
            48.527172,
            292.89
          ],
          [
            13.681891,
            48.527099,
            292.24
          ],
          [
            13.686777999999999,
            48.525635,
            291.45
          ],
          [
            13.689915,
            48.524712,
            291.34
          ],
          [
            13.691275,
            48.524260999999996,
            291.3
          ],
          [
            13.69233,
            48.523838,
            290.98
          ],
          [
            13.69402,
            48.523022,
            291.23
          ],
          [
            13.694726,
            48.522648,
            291.32
          ],
          [
            13.695554999999999,
            48.522141,
            291.29
          ],
          [
            13.697125,
            48.521027,
            291.13
          ],
          [
            13.699027,
            48.519493,
            291.4
          ],
          [
            13.700239,
            48.518708,
            292.27
          ],
          [
            13.701265999999999,
            48.518173999999995,
            292.48
          ],
          [
            13.702897,
            48.517494,
            291.64
          ],
          [
            13.704519,
            48.516735,
            292.33
          ],
          [
            13.704759999999998,
            48.516607,
            292.28
          ],
          [
            13.705181,
            48.516425999999996,
            291.77
          ],
          [
            13.705907,
            48.516166999999996,
            291.39
          ],
          [
            13.706161,
            48.516096999999995,
            290.66
          ],
          [
            13.706607,
            48.515926,
            290.14
          ],
          [
            13.706731999999999,
            48.515888,
            290.42
          ],
          [
            13.707395,
            48.515861,
            287.51
          ],
          [
            13.708006,
            48.515786999999996,
            285.66
          ],
          [
            13.709221,
            48.515623999999995,
            286.69
          ],
          [
            13.709824,
            48.515507,
            286.43
          ],
          [
            13.710422999999999,
            48.515339,
            286.27
          ],
          [
            13.711108999999999,
            48.515166,
            285.9
          ],
          [
            13.711872999999999,
            48.514992,
            285.54
          ],
          [
            13.713360999999999,
            48.514713,
            286.37
          ],
          [
            13.713851,
            48.514646,
            287.98
          ],
          [
            13.714236999999999,
            48.514613999999995,
            288.88
          ],
          [
            13.714684,
            48.514606,
            288.22
          ],
          [
            13.715663,
            48.514511,
            287.11
          ],
          [
            13.715852,
            48.514503,
            286.93
          ],
          [
            13.716742,
            48.514412,
            286.26
          ],
          [
            13.717436999999999,
            48.514317,
            286.07
          ],
          [
            13.718088999999999,
            48.514196,
            285.25
          ],
          [
            13.718421999999999,
            48.514131,
            285.36
          ],
          [
            13.719650999999999,
            48.513829,
            285.84
          ],
          [
            13.719997999999999,
            48.513689,
            285.81
          ],
          [
            13.721363,
            48.51331,
            285.57
          ],
          [
            13.721950999999999,
            48.513174,
            285.15
          ],
          [
            13.722413999999999,
            48.513051,
            284.89
          ],
          [
            13.72283,
            48.512921,
            284.6
          ],
          [
            13.723182,
            48.512788,
            284.34
          ],
          [
            13.723381,
            48.512723,
            284.31
          ],
          [
            13.723815,
            48.512617,
            284.25
          ],
          [
            13.723982999999999,
            48.51256,
            284.29
          ],
          [
            13.724117999999999,
            48.512501,
            284.34
          ],
          [
            13.724312,
            48.512412,
            284.12
          ],
          [
            13.724860999999999,
            48.512239,
            284.31
          ],
          [
            13.725043999999999,
            48.512167999999996,
            284.32
          ],
          [
            13.725249,
            48.512063999999995,
            283.92
          ],
          [
            13.725358,
            48.511969,
            284.71
          ],
          [
            13.725475999999999,
            48.511911999999995,
            285.45
          ],
          [
            13.725855,
            48.511758,
            286.37
          ],
          [
            13.725907999999999,
            48.511676,
            287.05
          ],
          [
            13.725888999999999,
            48.511648,
            287.42
          ],
          [
            13.725781999999999,
            48.511626,
            288.15
          ],
          [
            13.72575,
            48.51159,
            288.38
          ],
          [
            13.725726,
            48.51154,
            288.44
          ],
          [
            13.725747,
            48.511527,
            288.35
          ],
          [
            13.725819,
            48.511513,
            288.21
          ],
          [
            13.726773,
            48.511207,
            287.83
          ],
          [
            13.726922,
            48.51117,
            288.15
          ],
          [
            13.727068,
            48.511117999999996,
            288.26
          ],
          [
            13.727763,
            48.510829,
            287.95
          ],
          [
            13.72792,
            48.510737999999996,
            287.5
          ],
          [
            13.727932,
            48.510692999999996,
            287.66
          ],
          [
            13.728297,
            48.510456,
            287.96
          ],
          [
            13.728897,
            48.510039,
            287.55
          ],
          [
            13.729163,
            48.509837,
            287.35
          ],
          [
            13.729553,
            48.509508,
            287.28
          ],
          [
            13.729928999999998,
            48.509161,
            287.24
          ],
          [
            13.731007,
            48.508088,
            287.96
          ],
          [
            13.731416,
            48.507787,
            287.33
          ],
          [
            13.732047,
            48.507293999999995,
            287.05
          ],
          [
            13.732652,
            48.506873,
            287.69
          ],
          [
            13.733112,
            48.506431,
            287.54
          ],
          [
            13.73334,
            48.506152,
            287.78
          ],
          [
            13.733499,
            48.505978999999996,
            287.11
          ],
          [
            13.733576,
            48.505992,
            286.56
          ],
          [
            13.733699999999999,
            48.505812,
            287.16
          ],
          [
            13.734117,
            48.505038,
            287.89
          ],
          [
            13.734205999999999,
            48.504822999999995,
            287.61
          ],
          [
            13.734328999999999,
            48.50457,
            287.58
          ],
          [
            13.734518,
            48.504227,
            287.15
          ],
          [
            13.734713999999999,
            48.503921999999996,
            287.68
          ],
          [
            13.735339999999999,
            48.503116999999996,
            286.99
          ],
          [
            13.735551,
            48.502792,
            287.87
          ],
          [
            13.735363999999999,
            48.502685,
            288.42
          ],
          [
            13.735355,
            48.502654,
            288.4
          ],
          [
            13.73519,
            48.502547,
            288.17
          ],
          [
            13.734876,
            48.502306,
            288.45
          ],
          [
            13.73437,
            48.501962999999996,
            291.27
          ],
          [
            13.734026,
            48.501717,
            292.5
          ],
          [
            13.73363,
            48.501369,
            291.99
          ],
          [
            13.733414,
            48.501146,
            292
          ],
          [
            13.732991,
            48.500636,
            292.21
          ],
          [
            13.732908,
            48.500423999999995,
            292.79
          ],
          [
            13.732882,
            48.500315,
            293.07
          ],
          [
            13.732911,
            48.500149,
            293.39
          ],
          [
            13.733035,
            48.499922999999995,
            293.26
          ],
          [
            13.733113,
            48.499807,
            292.59
          ],
          [
            13.733281,
            48.499520999999994,
            292.64
          ],
          [
            13.733393999999999,
            48.499122,
            292.86
          ],
          [
            13.733512999999999,
            48.498903999999996,
            292.88
          ],
          [
            13.7339,
            48.498425,
            291.6
          ],
          [
            13.733972999999999,
            48.498127,
            292.65
          ],
          [
            13.734103999999999,
            48.497721999999996,
            293.03
          ],
          [
            13.734243999999999,
            48.497211,
            293.42
          ],
          [
            13.734380999999999,
            48.496944,
            293.35
          ],
          [
            13.734570999999999,
            48.496717,
            293.36
          ],
          [
            13.734779999999999,
            48.496541,
            292.87
          ],
          [
            13.734976999999999,
            48.496438,
            292.05
          ],
          [
            13.735177,
            48.496193,
            292.7
          ],
          [
            13.735491,
            48.495940999999995,
            293.26
          ],
          [
            13.736035,
            48.495446,
            293.9
          ],
          [
            13.736941,
            48.494839,
            293.13
          ],
          [
            13.737324,
            48.494568,
            292.72
          ],
          [
            13.737582999999999,
            48.494406999999995,
            292.7
          ],
          [
            13.738351,
            48.494017,
            292.52
          ],
          [
            13.739531,
            48.493246,
            291.71
          ],
          [
            13.740044999999999,
            48.492833999999995,
            291.39
          ],
          [
            13.740226,
            48.492656,
            291.26
          ],
          [
            13.740495,
            48.492430999999996,
            291.31
          ],
          [
            13.74095,
            48.492582,
            289.12
          ],
          [
            13.741005999999999,
            48.492551,
            289.11
          ],
          [
            13.74108,
            48.492478,
            289.15
          ],
          [
            13.741392999999999,
            48.492016,
            289.91
          ],
          [
            13.741562,
            48.492073,
            289.53
          ],
          [
            13.742016,
            48.491515,
            290.47
          ],
          [
            13.742258,
            48.491278,
            291.03
          ],
          [
            13.742502,
            48.491077,
            291.4
          ],
          [
            13.742751,
            48.490894999999995,
            291.77
          ],
          [
            13.743018,
            48.490725999999995,
            291.93
          ],
          [
            13.743212999999999,
            48.490649999999995,
            291.27
          ],
          [
            13.74336,
            48.490564,
            290.88
          ],
          [
            13.743402,
            48.490531999999995,
            291.26
          ],
          [
            13.743473,
            48.490451,
            292.1
          ],
          [
            13.743856,
            48.490210999999995,
            293.79
          ],
          [
            13.744033,
            48.490088,
            294.29
          ],
          [
            13.74446,
            48.48975,
            295.44
          ],
          [
            13.744788,
            48.489463,
            296.17
          ],
          [
            13.745588999999999,
            48.488845999999995,
            297.91
          ],
          [
            13.745916,
            48.48861,
            298.93
          ],
          [
            13.746596,
            48.48809,
            301.45
          ],
          [
            13.747378999999999,
            48.487451,
            304.65
          ],
          [
            13.747724999999999,
            48.487193999999995,
            304.72
          ],
          [
            13.748365,
            48.486771,
            306.84
          ],
          [
            13.748997999999998,
            48.486401,
            309.01
          ],
          [
            13.750705,
            48.485524,
            313.25
          ],
          [
            13.750986999999999,
            48.485355999999996,
            313.97
          ],
          [
            13.751244,
            48.485169,
            315.11
          ],
          [
            13.751501999999999,
            48.484899,
            315.89
          ],
          [
            13.751667,
            48.48468,
            316.32
          ],
          [
            13.751942999999999,
            48.484407,
            316.73
          ],
          [
            13.752251999999999,
            48.484184,
            316.81
          ],
          [
            13.752673,
            48.483947,
            316.91
          ],
          [
            13.753145,
            48.483754,
            317.33
          ],
          [
            13.753665999999999,
            48.483508,
            317.81
          ],
          [
            13.754652,
            48.483022,
            317.67
          ],
          [
            13.755460999999999,
            48.482524999999995,
            319.99
          ],
          [
            13.755654999999999,
            48.482454,
            320.33
          ],
          [
            13.755854,
            48.482333,
            320.64
          ],
          [
            13.755961,
            48.482217999999996,
            320.79
          ],
          [
            13.756364999999999,
            48.481972,
            321.2
          ],
          [
            13.75673,
            48.481769,
            320.94
          ],
          [
            13.757520999999999,
            48.481359999999995,
            320.21
          ],
          [
            13.758666,
            48.480875,
            318.56
          ],
          [
            13.759746999999999,
            48.480441,
            318.49
          ],
          [
            13.760036999999999,
            48.480315,
            318.33
          ],
          [
            13.760335999999999,
            48.480156,
            318.19
          ],
          [
            13.760539999999999,
            48.480022999999996,
            318.7
          ],
          [
            13.760712999999999,
            48.479893,
            318.87
          ],
          [
            13.76099,
            48.479655,
            318.71
          ],
          [
            13.761191,
            48.479442,
            318.81
          ],
          [
            13.761503,
            48.479043,
            319.01
          ],
          [
            13.761657999999999,
            48.478899,
            319.4
          ],
          [
            13.762027999999999,
            48.478626,
            317.86
          ],
          [
            13.762298999999999,
            48.478466,
            318.49
          ],
          [
            13.762687999999999,
            48.478291999999996,
            318.86
          ],
          [
            13.763209999999999,
            48.478114999999995,
            319.23
          ],
          [
            13.763394,
            48.478063999999996,
            318.66
          ],
          [
            13.763463,
            48.478051,
            318.6
          ],
          [
            13.763983999999999,
            48.477869,
            316.96
          ],
          [
            13.764045,
            48.477835,
            316.93
          ],
          [
            13.765139999999999,
            48.477463,
            312.64
          ],
          [
            13.765979,
            48.477139,
            307.78
          ],
          [
            13.766556,
            48.476825999999996,
            304.08
          ],
          [
            13.767259,
            48.476316999999995,
            300.87
          ],
          [
            13.767685,
            48.476068,
            299.22
          ],
          [
            13.768296999999999,
            48.475789,
            296.26
          ],
          [
            13.768785,
            48.475577,
            294.04
          ],
          [
            13.769128,
            48.475347,
            292.48
          ],
          [
            13.769779999999999,
            48.474742,
            289.25
          ],
          [
            13.770932,
            48.473946999999995,
            284.81
          ],
          [
            13.771080999999999,
            48.47381,
            284.7
          ],
          [
            13.771218999999999,
            48.473659999999995,
            284.98
          ],
          [
            13.771650999999999,
            48.473098,
            285.99
          ],
          [
            13.771844,
            48.472867,
            286
          ],
          [
            13.772174,
            48.472533,
            286
          ],
          [
            13.772521,
            48.472263999999996,
            286.09
          ],
          [
            13.773026999999999,
            48.471914,
            286.1
          ],
          [
            13.773586,
            48.471409,
            286.14
          ],
          [
            13.773719,
            48.47134,
            286.18
          ],
          [
            13.773963,
            48.471084,
            285.93
          ],
          [
            13.774128,
            48.470870999999995,
            285.82
          ],
          [
            13.774719999999999,
            48.470251,
            284.74
          ],
          [
            13.775105,
            48.469783,
            283.47
          ],
          [
            13.775136999999999,
            48.469699999999996,
            283.19
          ],
          [
            13.775580999999999,
            48.469217,
            283.66
          ],
          [
            13.776145,
            48.468696,
            284.06
          ],
          [
            13.776703,
            48.468247999999996,
            285.05
          ],
          [
            13.777266,
            48.467884999999995,
            286.15
          ],
          [
            13.778110999999999,
            48.46751,
            286.7
          ],
          [
            13.779318,
            48.467225,
            287.51
          ],
          [
            13.78134,
            48.466662,
            295.23
          ],
          [
            13.782554999999999,
            48.466254,
            297.65
          ],
          [
            13.782900999999999,
            48.466207999999995,
            298.1
          ],
          [
            13.783309,
            48.466057,
            298.34
          ],
          [
            13.78469,
            48.465772,
            296.43
          ],
          [
            13.785476,
            48.465683,
            293.87
          ],
          [
            13.786451999999999,
            48.46565,
            291.05
          ],
          [
            13.787548999999999,
            48.465429,
            288.5
          ],
          [
            13.789859,
            48.465216999999996,
            281.85
          ],
          [
            13.791545999999999,
            48.465221,
            282.63
          ],
          [
            13.792466,
            48.465137,
            282.53
          ],
          [
            13.794027,
            48.465015,
            282.85
          ],
          [
            13.794542,
            48.464931,
            283.2
          ],
          [
            13.796146,
            48.464531,
            284.37
          ],
          [
            13.797222,
            48.464206999999995,
            285.03
          ],
          [
            13.798112999999999,
            48.463907,
            285.92
          ],
          [
            13.798226999999999,
            48.463904,
            286.03
          ],
          [
            13.798482,
            48.463820999999996,
            286.52
          ],
          [
            13.798693,
            48.463713,
            286.7
          ],
          [
            13.799061,
            48.463577,
            287.42
          ],
          [
            13.799653,
            48.463325999999995,
            286.97
          ],
          [
            13.800108999999999,
            48.463119,
            286.44
          ],
          [
            13.800288,
            48.463051,
            286.22
          ],
          [
            13.800535,
            48.462983,
            285.85
          ],
          [
            13.800744,
            48.462953999999996,
            285.85
          ],
          [
            13.801103,
            48.462823,
            286.78
          ],
          [
            13.801307999999999,
            48.462765,
            287.18
          ],
          [
            13.801679,
            48.462678999999994,
            287.85
          ],
          [
            13.801755,
            48.462644999999995,
            287.85
          ],
          [
            13.801777999999999,
            48.462616999999995,
            287.77
          ],
          [
            13.801857,
            48.462624,
            287.61
          ],
          [
            13.801934,
            48.462619,
            287.54
          ],
          [
            13.802012999999999,
            48.462596,
            287.6
          ],
          [
            13.802185,
            48.462528,
            287.68
          ],
          [
            13.802401999999999,
            48.462415,
            287.7
          ],
          [
            13.802916999999999,
            48.462094,
            287.62
          ],
          [
            13.803078999999999,
            48.462004,
            287.54
          ],
          [
            13.803339,
            48.461883,
            287.42
          ],
          [
            13.803586,
            48.461780999999995,
            287.3
          ],
          [
            13.803901,
            48.461664999999996,
            287.2
          ],
          [
            13.804554999999999,
            48.461439,
            287
          ],
          [
            13.804706999999999,
            48.461376,
            287.01
          ],
          [
            13.805069,
            48.461205,
            287.02
          ],
          [
            13.805150999999999,
            48.461146,
            287
          ],
          [
            13.805264,
            48.461164,
            287
          ],
          [
            13.805823,
            48.461132,
            286.73
          ],
          [
            13.806111,
            48.461101,
            286.49
          ],
          [
            13.806379999999999,
            48.461045999999996,
            285.28
          ],
          [
            13.806638,
            48.460950999999994,
            285.04
          ],
          [
            13.806946,
            48.460820999999996,
            285.3
          ],
          [
            13.807469999999999,
            48.460513999999996,
            285.62
          ],
          [
            13.807746,
            48.460412999999996,
            285.16
          ],
          [
            13.808003999999999,
            48.46033,
            284.69
          ],
          [
            13.808651999999999,
            48.460024,
            283.61
          ],
          [
            13.809078999999999,
            48.459838999999995,
            282.61
          ],
          [
            13.80926,
            48.45974,
            282.92
          ],
          [
            13.809382,
            48.459651,
            283.21
          ],
          [
            13.809455,
            48.459568999999995,
            283.49
          ],
          [
            13.809502,
            48.459396999999996,
            283.83
          ],
          [
            13.809486999999999,
            48.45921,
            284.1
          ],
          [
            13.809436,
            48.459098,
            284.63
          ],
          [
            13.809279,
            48.458891,
            285.99
          ],
          [
            13.809137,
            48.458752,
            286.6
          ],
          [
            13.80907,
            48.458673,
            287.13
          ],
          [
            13.809021999999999,
            48.458611,
            287.52
          ],
          [
            13.808964999999999,
            48.458504999999995,
            288.06
          ],
          [
            13.808919999999999,
            48.458298,
            289.02
          ],
          [
            13.808895999999999,
            48.458062,
            289.95
          ],
          [
            13.80891,
            48.458009,
            290.57
          ],
          [
            13.80894,
            48.457955,
            291.13
          ],
          [
            13.809113,
            48.457735,
            293.12
          ],
          [
            13.809199,
            48.457736,
            292.75
          ],
          [
            13.809301,
            48.457719,
            292.8
          ],
          [
            13.809923,
            48.457426,
            291.7
          ],
          [
            13.810588,
            48.45708,
            291.12
          ],
          [
            13.8109,
            48.456942,
            289.88
          ],
          [
            13.811627,
            48.456596999999995,
            290.51
          ],
          [
            13.81205,
            48.456382,
            290.77
          ],
          [
            13.812574,
            48.456008,
            292.29
          ],
          [
            13.812918,
            48.455678,
            293.64
          ],
          [
            13.813179,
            48.455481999999996,
            294.62
          ],
          [
            13.813378,
            48.455365,
            295.26
          ],
          [
            13.813816,
            48.455143,
            296.59
          ],
          [
            13.813906,
            48.455084,
            296.95
          ],
          [
            13.813991999999999,
            48.455009999999994,
            297.36
          ],
          [
            13.814186,
            48.454814,
            298.39
          ],
          [
            13.814281,
            48.454741999999996,
            298.86
          ],
          [
            13.814976,
            48.454283,
            303.16
          ],
          [
            13.815152,
            48.454156999999995,
            304.41
          ],
          [
            13.815254,
            48.454076,
            305.17
          ],
          [
            13.81543,
            48.453897,
            306.74
          ],
          [
            13.815636,
            48.453626,
            309.01
          ],
          [
            13.81575,
            48.453497999999996,
            309.86
          ],
          [
            13.815823,
            48.453435,
            310.39
          ],
          [
            13.81606,
            48.453266,
            311.87
          ],
          [
            13.816391999999999,
            48.452991999999995,
            313.83
          ],
          [
            13.816438,
            48.452946,
            314.09
          ],
          [
            13.81645,
            48.452915,
            314.36
          ],
          [
            13.819097999999999,
            48.451453,
            315.5
          ],
          [
            13.819486,
            48.451214,
            315.52
          ],
          [
            13.819989,
            48.450863,
            315.29
          ],
          [
            13.820395999999999,
            48.450508,
            314.23
          ],
          [
            13.820822,
            48.450106,
            313.73
          ],
          [
            13.821275,
            48.449711,
            314
          ],
          [
            13.821655999999999,
            48.449417999999994,
            313.97
          ],
          [
            13.822016,
            48.449182,
            313.61
          ],
          [
            13.823258,
            48.448468,
            310.58
          ],
          [
            13.823844999999999,
            48.448111,
            308.73
          ],
          [
            13.824221,
            48.447841999999994,
            308.02
          ],
          [
            13.824593,
            48.447486,
            307.62
          ],
          [
            13.824855,
            48.447174999999994,
            308.15
          ],
          [
            13.825387,
            48.44643,
            310.55
          ],
          [
            13.825619999999999,
            48.446171,
            311.56
          ],
          [
            13.82589,
            48.445921999999996,
            312.61
          ],
          [
            13.826357,
            48.445581,
            314.57
          ],
          [
            13.82663,
            48.445425,
            314.33
          ],
          [
            13.826754999999999,
            48.445377,
            314.24
          ],
          [
            13.82686,
            48.445313999999996,
            315.34
          ],
          [
            13.826951,
            48.445251,
            316.13
          ],
          [
            13.827017,
            48.445177,
            316.59
          ],
          [
            13.827371999999999,
            48.444933,
            317.57
          ],
          [
            13.829868,
            48.443355999999994,
            321.37
          ],
          [
            13.831541,
            48.442218999999994,
            316.29
          ],
          [
            13.832395,
            48.441551999999994,
            312.99
          ],
          [
            13.833229,
            48.440799999999996,
            309.11
          ],
          [
            13.833687999999999,
            48.440363,
            306.54
          ],
          [
            13.834057,
            48.440042999999996,
            304.42
          ],
          [
            13.834513,
            48.439707,
            302.57
          ],
          [
            13.835505999999999,
            48.439138,
            301.21
          ],
          [
            13.835768,
            48.43897,
            300.97
          ],
          [
            13.836388,
            48.438477,
            301.84
          ],
          [
            13.836532,
            48.438308,
            303.44
          ],
          [
            13.836889,
            48.437808999999994,
            305.62
          ],
          [
            13.836981999999999,
            48.437714,
            306.02
          ],
          [
            13.837202,
            48.437553,
            306.64
          ],
          [
            13.838037,
            48.437042999999996,
            307.93
          ],
          [
            13.838355,
            48.436789999999995,
            307.67
          ],
          [
            13.838792999999999,
            48.436389,
            307.14
          ],
          [
            13.838906,
            48.436316,
            306.99
          ],
          [
            13.839032,
            48.436251,
            306.76
          ],
          [
            13.839176,
            48.436191,
            306.54
          ],
          [
            13.839663999999999,
            48.436026999999996,
            306.1
          ],
          [
            13.839872999999999,
            48.435947,
            306.1
          ],
          [
            13.840095999999999,
            48.435845,
            306.17
          ],
          [
            13.842158,
            48.434675999999996,
            309.71
          ],
          [
            13.843057,
            48.434112999999996,
            311.38
          ],
          [
            13.843672999999999,
            48.433766999999996,
            311.88
          ],
          [
            13.844005,
            48.433566,
            312.01
          ],
          [
            13.844158,
            48.433462,
            312.15
          ],
          [
            13.844282,
            48.433354,
            312.33
          ],
          [
            13.844503,
            48.433136,
            312.66
          ],
          [
            13.844669,
            48.432936,
            312.76
          ],
          [
            13.844847,
            48.432767999999996,
            310.99
          ],
          [
            13.845044999999999,
            48.432621,
            311.55
          ],
          [
            13.845378,
            48.432457,
            312.94
          ],
          [
            13.846003999999999,
            48.432203,
            312.47
          ],
          [
            13.848049999999999,
            48.431107999999995,
            312.45
          ],
          [
            13.848239,
            48.430993,
            311.4
          ],
          [
            13.848908999999999,
            48.430519,
            309.85
          ],
          [
            13.849250999999999,
            48.430316999999995,
            309.31
          ],
          [
            13.849872999999999,
            48.429987999999994,
            308.21
          ],
          [
            13.850432999999999,
            48.429733999999996,
            305.73
          ],
          [
            13.850615999999999,
            48.429632,
            305.55
          ],
          [
            13.850688,
            48.429575,
            305.32
          ],
          [
            13.850897,
            48.429359999999996,
            304.96
          ],
          [
            13.850978999999999,
            48.429289,
            305.05
          ],
          [
            13.851135999999999,
            48.429184,
            305.77
          ],
          [
            13.851664999999999,
            48.428912,
            304.55
          ],
          [
            13.852252,
            48.428577999999995,
            302.17
          ],
          [
            13.852535999999999,
            48.428433,
            301.15
          ],
          [
            13.852855,
            48.428289,
            300.06
          ],
          [
            13.855087999999999,
            48.42743,
            291.09
          ],
          [
            13.856698,
            48.426839,
            286.28
          ],
          [
            13.857327,
            48.426589,
            284.87
          ],
          [
            13.857925,
            48.426324,
            284.1
          ],
          [
            13.858495999999999,
            48.426035999999996,
            283.88
          ],
          [
            13.859285999999999,
            48.425612,
            283.54
          ],
          [
            13.860087,
            48.425196,
            283.51
          ],
          [
            13.861170999999999,
            48.424668,
            285.13
          ],
          [
            13.862447999999999,
            48.424029999999995,
            285.75
          ],
          [
            13.862993999999999,
            48.423671,
            286.52
          ],
          [
            13.863209999999999,
            48.423558,
            286.8
          ],
          [
            13.863449999999998,
            48.423477,
            287.35
          ],
          [
            13.86369,
            48.423424,
            288.83
          ],
          [
            13.86566,
            48.423043,
            291.17
          ],
          [
            13.866256,
            48.422956,
            291.1
          ],
          [
            13.866598999999999,
            48.422940999999994,
            291.18
          ],
          [
            13.866983999999999,
            48.422945999999996,
            291.67
          ],
          [
            13.8674,
            48.422982999999995,
            292.69
          ],
          [
            13.868368,
            48.423102,
            291.71
          ],
          [
            13.868561999999999,
            48.423131999999995,
            291.18
          ],
          [
            13.868844999999999,
            48.423227999999995,
            289.75
          ],
          [
            13.869565,
            48.423516,
            284.26
          ],
          [
            13.870172,
            48.423699,
            282.81
          ],
          [
            13.870235,
            48.423711999999995,
            283.16
          ],
          [
            13.870604,
            48.423750999999996,
            283.86
          ],
          [
            13.87078,
            48.423794,
            284.01
          ],
          [
            13.870954,
            48.423857999999996,
            284.05
          ],
          [
            13.871084,
            48.423970999999995,
            284
          ],
          [
            13.871309,
            48.424127999999996,
            284.14
          ],
          [
            13.871379999999998,
            48.424189,
            284.18
          ],
          [
            13.871443999999999,
            48.424264,
            284.28
          ],
          [
            13.871485,
            48.424333999999995,
            284.32
          ],
          [
            13.871513,
            48.424425,
            284.08
          ],
          [
            13.871525,
            48.424509,
            283.78
          ],
          [
            13.87154,
            48.424749999999996,
            282.74
          ],
          [
            13.871594,
            48.424858,
            282.02
          ],
          [
            13.871637,
            48.424892,
            281.81
          ],
          [
            13.871756999999999,
            48.424935,
            281.71
          ],
          [
            13.872527,
            48.425031,
            282.52
          ],
          [
            13.872871,
            48.425103,
            282.68
          ],
          [
            13.873429999999999,
            48.425287,
            282.93
          ],
          [
            13.874554,
            48.425692,
            284.12
          ],
          [
            13.874716999999999,
            48.425760999999994,
            284.03
          ],
          [
            13.874846999999999,
            48.425826,
            284.06
          ],
          [
            13.874955,
            48.425891,
            284.04
          ],
          [
            13.875102,
            48.425999,
            283.98
          ],
          [
            13.875464,
            48.426303999999995,
            284.32
          ],
          [
            13.875776,
            48.426601999999995,
            284.81
          ],
          [
            13.876021,
            48.426899999999996,
            285.38
          ],
          [
            13.876116,
            48.427051,
            285.79
          ],
          [
            13.876233,
            48.42733,
            286.68
          ],
          [
            13.876355,
            48.427488,
            287.09
          ],
          [
            13.876387999999999,
            48.427547999999994,
            287.22
          ],
          [
            13.876413999999999,
            48.427619,
            287.4
          ],
          [
            13.876472999999999,
            48.427915999999996,
            288
          ],
          [
            13.876557,
            48.428186,
            288.33
          ],
          [
            13.876591999999999,
            48.428377,
            288.48
          ],
          [
            13.876596999999999,
            48.428506,
            288.47
          ],
          [
            13.876584999999999,
            48.42865,
            288.52
          ],
          [
            13.876539999999999,
            48.428934999999996,
            288.58
          ],
          [
            13.876603999999999,
            48.42932,
            288.86
          ],
          [
            13.876598999999999,
            48.429424999999995,
            288.97
          ],
          [
            13.876551,
            48.429604,
            289.11
          ],
          [
            13.876482999999999,
            48.429790999999994,
            289.09
          ],
          [
            13.876458999999999,
            48.429975,
            288.99
          ],
          [
            13.876467,
            48.430163,
            288.86
          ],
          [
            13.876453,
            48.430245,
            288.75
          ],
          [
            13.876387999999999,
            48.430408,
            288.68
          ],
          [
            13.87618,
            48.430797,
            288.11
          ],
          [
            13.876066999999999,
            48.430949,
            288.06
          ],
          [
            13.875774,
            48.431180999999995,
            288.5
          ],
          [
            13.87572,
            48.431235,
            288.51
          ],
          [
            13.875696999999999,
            48.431278,
            288.49
          ],
          [
            13.875677999999999,
            48.431436,
            288.48
          ],
          [
            13.875686,
            48.431602,
            288.46
          ],
          [
            13.875672,
            48.431701999999994,
            288.35
          ],
          [
            13.875637,
            48.431812,
            288.3
          ],
          [
            13.875542999999999,
            48.431982,
            288.47
          ],
          [
            13.875494,
            48.432047,
            288.54
          ],
          [
            13.875357,
            48.432189,
            288.37
          ],
          [
            13.875285,
            48.432296,
            288.05
          ],
          [
            13.875211,
            48.432539999999996,
            287.41
          ],
          [
            13.875181999999999,
            48.432604,
            287.33
          ],
          [
            13.87514,
            48.432663,
            287.22
          ],
          [
            13.874751999999999,
            48.433026,
            286.63
          ],
          [
            13.874495,
            48.433285,
            286.12
          ],
          [
            13.874244,
            48.433485,
            286.21
          ],
          [
            13.873781999999999,
            48.433806,
            287.25
          ],
          [
            13.873256999999999,
            48.43412,
            289.07
          ],
          [
            13.872812999999999,
            48.434334,
            290.04
          ],
          [
            13.872031999999999,
            48.434726999999995,
            289.97
          ],
          [
            13.871442,
            48.434988999999995,
            289.1
          ],
          [
            13.870871999999999,
            48.435223,
            289.07
          ],
          [
            13.870432,
            48.435426,
            289.13
          ],
          [
            13.870265,
            48.435489,
            289.12
          ],
          [
            13.869779999999999,
            48.435593999999995,
            288.78
          ],
          [
            13.869427,
            48.435722999999996,
            288.69
          ],
          [
            13.869344,
            48.435742999999995,
            288.68
          ],
          [
            13.869088,
            48.435775,
            288.66
          ],
          [
            13.869021,
            48.435789,
            288.64
          ],
          [
            13.868744999999999,
            48.435888999999996,
            288.53
          ],
          [
            13.868414999999999,
            48.435963,
            288.53
          ],
          [
            13.868312999999999,
            48.435992999999996,
            288.55
          ],
          [
            13.867923,
            48.436146,
            288.19
          ],
          [
            13.867735,
            48.436212,
            289.28
          ],
          [
            13.867578,
            48.436246999999995,
            289.36
          ],
          [
            13.867467999999999,
            48.43626,
            288.39
          ],
          [
            13.86718,
            48.436268999999996,
            286.57
          ],
          [
            13.867089,
            48.436288999999995,
            286.23
          ],
          [
            13.866693999999999,
            48.436446,
            285.88
          ],
          [
            13.866456999999999,
            48.436518,
            285.22
          ],
          [
            13.866292999999999,
            48.436555999999996,
            285.01
          ],
          [
            13.865922,
            48.43662,
            285.02
          ],
          [
            13.865725999999999,
            48.436664,
            285.26
          ],
          [
            13.865665,
            48.436687,
            285.3
          ],
          [
            13.865257999999999,
            48.436969,
            285.09
          ],
          [
            13.86515,
            48.437028999999995,
            285.21
          ],
          [
            13.863717999999999,
            48.437681999999995,
            285.41
          ],
          [
            13.863462,
            48.437813999999996,
            285.5
          ],
          [
            13.863199999999999,
            48.437965,
            285.42
          ],
          [
            13.862689999999999,
            48.438292999999994,
            285.33
          ],
          [
            13.862459999999999,
            48.438455,
            285.29
          ],
          [
            13.862015,
            48.438801999999995,
            285.44
          ],
          [
            13.861364,
            48.439341999999996,
            286.25
          ],
          [
            13.860615999999998,
            48.440033,
            286.13
          ],
          [
            13.859995999999999,
            48.440698999999995,
            286.04
          ],
          [
            13.859544,
            48.441148,
            285.81
          ],
          [
            13.858906,
            48.441761,
            284.8
          ],
          [
            13.858265999999999,
            48.442425,
            283.81
          ],
          [
            13.858106999999999,
            48.442614999999996,
            283.64
          ],
          [
            13.857427999999999,
            48.443552999999994,
            283.12
          ],
          [
            13.857121999999999,
            48.444005,
            283.18
          ],
          [
            13.856987,
            48.444313,
            283.42
          ],
          [
            13.856852,
            48.444784999999996,
            284.05
          ],
          [
            13.856783,
            48.445223,
            284.88
          ],
          [
            13.856771,
            48.445378,
            285.24
          ],
          [
            13.856772,
            48.445516999999995,
            285.59
          ],
          [
            13.856789,
            48.445657999999995,
            285.95
          ],
          [
            13.856834,
            48.445814,
            286.34
          ],
          [
            13.856969999999999,
            48.446112,
            287.13
          ],
          [
            13.857061999999999,
            48.446267999999996,
            287.53
          ],
          [
            13.857406,
            48.44672,
            288.27
          ],
          [
            13.857754,
            48.447078,
            288.4
          ],
          [
            13.858047,
            48.447326,
            288.4
          ],
          [
            13.858388999999999,
            48.447537999999994,
            288.24
          ],
          [
            13.858592,
            48.447632,
            288.27
          ],
          [
            13.858841,
            48.44773,
            288.34
          ],
          [
            13.859065999999999,
            48.447806,
            288.4
          ],
          [
            13.859278,
            48.447863,
            288.38
          ],
          [
            13.859551999999999,
            48.447922999999996,
            288.25
          ],
          [
            13.860028999999999,
            48.447998,
            287.92
          ],
          [
            13.86052,
            48.448048,
            287.63
          ],
          [
            13.86247,
            48.448131,
            286.81
          ],
          [
            13.863138999999999,
            48.448133,
            286.1
          ],
          [
            13.863386,
            48.448116,
            286
          ],
          [
            13.863602,
            48.448076,
            286.03
          ],
          [
            13.864314,
            48.447888,
            286.55
          ],
          [
            13.864377999999999,
            48.447880999999995,
            286.57
          ],
          [
            13.864507,
            48.447893,
            286.36
          ],
          [
            13.864555,
            48.447908999999996,
            286.13
          ],
          [
            13.864633,
            48.447958,
            285.69
          ],
          [
            13.864666,
            48.447998999999996,
            285.44
          ],
          [
            13.864961,
            48.448574,
            282.2
          ],
          [
            13.865065,
            48.448693,
            281.7
          ],
          [
            13.865402999999999,
            48.448550999999995,
            281.95
          ],
          [
            13.865618999999999,
            48.448436,
            281.96
          ],
          [
            13.865969,
            48.448229,
            281.91
          ],
          [
            13.866328999999999,
            48.447998999999996,
            281.62
          ],
          [
            13.866831999999999,
            48.447672,
            281.94
          ],
          [
            13.867230999999999,
            48.447399999999995,
            281.54
          ],
          [
            13.868253,
            48.446646,
            281.34
          ],
          [
            13.868732999999999,
            48.446306,
            281.53
          ],
          [
            13.868922,
            48.446185,
            281.62
          ],
          [
            13.869364,
            48.44594,
            282.08
          ],
          [
            13.869537,
            48.445854999999995,
            282.25
          ],
          [
            13.870465,
            48.445448,
            283.03
          ],
          [
            13.87171,
            48.444928999999995,
            282.9
          ],
          [
            13.872364999999999,
            48.444590999999996,
            283.29
          ],
          [
            13.872492,
            48.444534999999995,
            283.47
          ],
          [
            13.872639999999999,
            48.444479,
            283.6
          ],
          [
            13.872907,
            48.444396999999995,
            283.82
          ],
          [
            13.87407,
            48.444053,
            284.16
          ],
          [
            13.874747,
            48.443894,
            283.97
          ],
          [
            13.875513999999999,
            48.443745,
            283.49
          ],
          [
            13.875726,
            48.443717,
            283.49
          ],
          [
            13.876679,
            48.443619999999996,
            283.33
          ],
          [
            13.877606,
            48.443549,
            284.05
          ],
          [
            13.879921,
            48.443512999999996,
            286.2
          ],
          [
            13.880213999999999,
            48.443515999999995,
            286.11
          ],
          [
            13.880834,
            48.44354,
            285.26
          ],
          [
            13.881476,
            48.44357,
            283.88
          ],
          [
            13.881704,
            48.443588,
            284
          ],
          [
            13.881974,
            48.443628,
            284.21
          ],
          [
            13.882330999999999,
            48.443701999999995,
            284.64
          ],
          [
            13.88252,
            48.443718,
            284.93
          ],
          [
            13.884801999999999,
            48.443756,
            287.05
          ],
          [
            13.885878,
            48.443825999999994,
            285.33
          ],
          [
            13.886,
            48.443827999999996,
            285.37
          ],
          [
            13.886311,
            48.443816999999996,
            285.52
          ],
          [
            13.886716,
            48.443782999999996,
            285.59
          ],
          [
            13.886880999999999,
            48.443777999999995,
            285.64
          ],
          [
            13.887172,
            48.443799,
            285.73
          ],
          [
            13.887398999999998,
            48.443838,
            285.77
          ],
          [
            13.887663,
            48.443895999999995,
            285.63
          ],
          [
            13.888611,
            48.444173,
            284.27
          ],
          [
            13.889381,
            48.444448,
            283.93
          ],
          [
            13.890772,
            48.445023,
            284.88
          ],
          [
            13.891598,
            48.445397,
            285.04
          ],
          [
            13.892253,
            48.445648999999996,
            285.14
          ],
          [
            13.892615999999999,
            48.445757,
            285.36
          ],
          [
            13.892747,
            48.445803,
            285.69
          ],
          [
            13.892864,
            48.445857,
            286.07
          ],
          [
            13.893505,
            48.446199,
            286.51
          ],
          [
            13.893635,
            48.446276999999995,
            286.67
          ],
          [
            13.894063,
            48.446554,
            286.5
          ],
          [
            13.894136,
            48.446608999999995,
            286.31
          ],
          [
            13.89426,
            48.446725,
            285.98
          ],
          [
            13.89434,
            48.44678,
            285.81
          ],
          [
            13.894511,
            48.446864,
            285.8
          ],
          [
            13.894881,
            48.446982999999996,
            285.98
          ],
          [
            13.89505,
            48.447052,
            286.08
          ],
          [
            13.896077,
            48.447587999999996,
            285.31
          ],
          [
            13.896410999999999,
            48.447787999999996,
            284.95
          ],
          [
            13.897552,
            48.448527,
            284.94
          ],
          [
            13.897692999999999,
            48.448609,
            285.04
          ],
          [
            13.898152999999999,
            48.448817999999996,
            285.15
          ],
          [
            13.898289,
            48.448893,
            285.13
          ],
          [
            13.898413,
            48.448978,
            285.13
          ],
          [
            13.899153,
            48.449532999999995,
            284.68
          ],
          [
            13.899343,
            48.449666,
            284.56
          ],
          [
            13.899790999999999,
            48.44994,
            284.51
          ],
          [
            13.901228999999999,
            48.450866,
            284.73
          ],
          [
            13.901496,
            48.451066999999995,
            284.43
          ],
          [
            13.901665,
            48.451204999999995,
            284.24
          ],
          [
            13.902382,
            48.451867,
            283.96
          ],
          [
            13.90251,
            48.451972,
            284.04
          ],
          [
            13.903754,
            48.452892999999996,
            285.07
          ],
          [
            13.903958,
            48.453024,
            285.01
          ],
          [
            13.904053,
            48.453071,
            284.98
          ],
          [
            13.904568999999999,
            48.453269999999996,
            284.97
          ],
          [
            13.904789,
            48.453340999999995,
            284.92
          ],
          [
            13.904997,
            48.453396,
            284.95
          ],
          [
            13.90519,
            48.453435,
            284.9
          ],
          [
            13.905375,
            48.453461,
            284.89
          ],
          [
            13.905942999999999,
            48.453502,
            284.95
          ],
          [
            13.906386,
            48.453505,
            284.58
          ],
          [
            13.906632,
            48.453499,
            284.33
          ],
          [
            13.906844999999999,
            48.453485,
            284.19
          ],
          [
            13.907053999999999,
            48.453461999999995,
            284.13
          ],
          [
            13.907475999999999,
            48.453395,
            283.94
          ],
          [
            13.907891,
            48.4533,
            283.76
          ],
          [
            13.908116999999999,
            48.453236999999994,
            283.7
          ],
          [
            13.908602,
            48.453074,
            283.7
          ],
          [
            13.909073999999999,
            48.452878999999996,
            283.66
          ],
          [
            13.909327999999999,
            48.452749999999995,
            283.62
          ],
          [
            13.913475,
            48.450427,
            283.47
          ],
          [
            13.914005,
            48.450171,
            283.85
          ],
          [
            13.914190999999999,
            48.450071,
            284.04
          ],
          [
            13.916583,
            48.448713,
            284.54
          ],
          [
            13.91713,
            48.448358,
            284.09
          ],
          [
            13.917385,
            48.448147,
            283.72
          ],
          [
            13.91756,
            48.447970999999995,
            283.45
          ],
          [
            13.917824,
            48.447675,
            283.42
          ],
          [
            13.917919,
            48.447544,
            283.44
          ],
          [
            13.918211999999999,
            48.447049,
            282.96
          ],
          [
            13.918355,
            48.446757999999996,
            282.59
          ],
          [
            13.918465,
            48.446458,
            282.05
          ],
          [
            13.918529999999999,
            48.446208,
            282.15
          ],
          [
            13.918600999999999,
            48.445721,
            281.59
          ],
          [
            13.918585,
            48.445639,
            281.77
          ],
          [
            13.91851,
            48.445581,
            282.01
          ],
          [
            13.918457,
            48.445518,
            282
          ],
          [
            13.918374,
            48.445304,
            282.41
          ],
          [
            13.918146,
            48.444911,
            283.73
          ],
          [
            13.917743999999999,
            48.444067,
            286.02
          ],
          [
            13.917617,
            48.443779,
            286.51
          ],
          [
            13.917480999999999,
            48.443377999999996,
            286.4
          ],
          [
            13.917415,
            48.443055,
            286.02
          ],
          [
            13.917337,
            48.441838999999995,
            285.07
          ],
          [
            13.917297,
            48.441451,
            284.79
          ],
          [
            13.917007,
            48.440422999999996,
            285.8
          ],
          [
            13.917245999999999,
            48.44028,
            283.93
          ],
          [
            13.917631,
            48.439836,
            281.83
          ],
          [
            13.917682,
            48.439718,
            281.81
          ],
          [
            13.917705,
            48.439588,
            281.8
          ],
          [
            13.917717999999999,
            48.43928,
            281.69
          ],
          [
            13.917791,
            48.438680999999995,
            281.85
          ],
          [
            13.91799,
            48.437535999999994,
            282.97
          ],
          [
            13.918052,
            48.437348,
            283.36
          ],
          [
            13.918156999999999,
            48.437163999999996,
            283.79
          ],
          [
            13.918702999999999,
            48.436448999999996,
            285.07
          ],
          [
            13.919554,
            48.435573999999995,
            283.85
          ],
          [
            13.919664,
            48.435364,
            283.42
          ],
          [
            13.919849,
            48.434746999999994,
            283.44
          ],
          [
            13.920072,
            48.434487,
            283.6
          ],
          [
            13.920425,
            48.434222,
            284.31
          ],
          [
            13.920582,
            48.434081,
            284.49
          ],
          [
            13.920618,
            48.43394,
            284.48
          ],
          [
            13.920715999999999,
            48.433783,
            284.37
          ],
          [
            13.920988999999999,
            48.433523,
            284.19
          ],
          [
            13.921427,
            48.433063,
            284.07
          ],
          [
            13.921531,
            48.43289,
            283.96
          ],
          [
            13.922098,
            48.432443,
            283.2
          ],
          [
            13.922331999999999,
            48.432218999999996,
            282.36
          ],
          [
            13.922533,
            48.431821,
            283.43
          ],
          [
            13.923478,
            48.430743,
            283.91
          ],
          [
            13.923713999999999,
            48.430336,
            283.94
          ],
          [
            13.923934,
            48.429553999999996,
            282.74
          ],
          [
            13.923998,
            48.429179,
            282.22
          ],
          [
            13.924106,
            48.428816999999995,
            282.07
          ],
          [
            13.924584,
            48.427605,
            282.8
          ],
          [
            13.924634,
            48.427313999999996,
            282.94
          ],
          [
            13.924602,
            48.426935,
            283.61
          ],
          [
            13.924538,
            48.426545,
            283.66
          ],
          [
            13.92396,
            48.423992999999996,
            281.65
          ],
          [
            13.923731,
            48.422793,
            281.54
          ],
          [
            13.923594,
            48.421543,
            281.71
          ],
          [
            13.923528999999998,
            48.420773,
            281.41
          ],
          [
            13.923525999999999,
            48.420462,
            281.42
          ],
          [
            13.923558,
            48.419762999999996,
            281.72
          ],
          [
            13.923634,
            48.419362,
            282.14
          ],
          [
            13.923739999999999,
            48.418969999999995,
            282.3
          ],
          [
            13.923817,
            48.418732999999996,
            282.5
          ],
          [
            13.923895,
            48.418565,
            282.54
          ],
          [
            13.924135999999999,
            48.418212,
            282.76
          ],
          [
            13.924577999999999,
            48.417741,
            283.89
          ],
          [
            13.924857999999999,
            48.417387999999995,
            283.79
          ],
          [
            13.925002,
            48.417123,
            283.83
          ],
          [
            13.925248,
            48.416506999999996,
            283.73
          ],
          [
            13.925754999999999,
            48.415836999999996,
            283.83
          ],
          [
            13.926086999999999,
            48.415428999999996,
            283.95
          ],
          [
            13.926433,
            48.414939,
            284
          ],
          [
            13.926779,
            48.41464,
            284.21
          ],
          [
            13.926979,
            48.414504,
            284.11
          ],
          [
            13.927328999999999,
            48.414316,
            283.71
          ],
          [
            13.927622999999999,
            48.41408,
            283.3
          ],
          [
            13.927837,
            48.41385,
            283.13
          ],
          [
            13.928042,
            48.413416999999995,
            283.18
          ],
          [
            13.928144,
            48.413250999999995,
            283.47
          ],
          [
            13.928363,
            48.413047,
            283.9
          ],
          [
            13.928685,
            48.412805,
            284.28
          ],
          [
            13.929514,
            48.412237,
            283.94
          ],
          [
            13.930062,
            48.411781999999995,
            283.51
          ],
          [
            13.930252,
            48.411459,
            283.3
          ],
          [
            13.930568,
            48.411010999999995,
            283.21
          ],
          [
            13.930992999999999,
            48.410270999999995,
            283.97
          ],
          [
            13.931199,
            48.409879,
            283.95
          ],
          [
            13.93142,
            48.409532,
            283.63
          ],
          [
            13.932013,
            48.408654,
            283.09
          ],
          [
            13.932323,
            48.408139999999996,
            283.2
          ],
          [
            13.932637,
            48.407700999999996,
            282.96
          ],
          [
            13.933088999999999,
            48.407222999999995,
            282.66
          ],
          [
            13.933675,
            48.406698999999996,
            282.78
          ],
          [
            13.934947,
            48.405487,
            283.24
          ],
          [
            13.936015,
            48.404505,
            282.65
          ],
          [
            13.936549,
            48.404118999999994,
            282.11
          ],
          [
            13.937118,
            48.403742,
            281.61
          ],
          [
            13.937911,
            48.403256999999996,
            281.33
          ],
          [
            13.938346,
            48.40305,
            281.27
          ],
          [
            13.938804999999999,
            48.402856,
            281.56
          ],
          [
            13.939744,
            48.402508999999995,
            281.77
          ],
          [
            13.940742,
            48.402211,
            282.45
          ],
          [
            13.941170999999999,
            48.402107,
            283.4
          ],
          [
            13.941571,
            48.40204,
            284.3
          ],
          [
            13.942057,
            48.402049999999996,
            285.11
          ],
          [
            13.942687999999999,
            48.402111,
            285.01
          ],
          [
            13.943221,
            48.402187,
            284.33
          ],
          [
            13.944932999999999,
            48.402533,
            283.69
          ],
          [
            13.946672999999999,
            48.403006999999995,
            284.09
          ],
          [
            13.948286,
            48.403557,
            284.5
          ],
          [
            13.948903999999999,
            48.403831,
            283.97
          ],
          [
            13.949617,
            48.404196,
            283.73
          ],
          [
            13.950242,
            48.404607999999996,
            283.82
          ],
          [
            13.95084,
            48.405103999999994,
            284.14
          ],
          [
            13.951507999999999,
            48.405865999999996,
            284.03
          ],
          [
            13.952154,
            48.406639,
            282.83
          ],
          [
            13.952523999999999,
            48.407194999999994,
            282.66
          ],
          [
            13.953353,
            48.408642,
            284.14
          ],
          [
            13.954018999999999,
            48.411352,
            283.91
          ],
          [
            13.954132,
            48.412416,
            283.92
          ],
          [
            13.954664,
            48.413613,
            285.74
          ],
          [
            13.955452999999999,
            48.414604,
            287.68
          ],
          [
            13.956071999999999,
            48.415399,
            285.23
          ],
          [
            13.956617,
            48.415718999999996,
            283.56
          ],
          [
            13.957234,
            48.416002,
            282.34
          ],
          [
            13.957932999999999,
            48.416128,
            281.84
          ],
          [
            13.958651999999999,
            48.416191,
            281.66
          ],
          [
            13.959213,
            48.416169,
            281.65
          ],
          [
            13.959581,
            48.416137,
            281.65
          ],
          [
            13.959945,
            48.416084999999995,
            281.66
          ],
          [
            13.961350999999999,
            48.41585,
            281.85
          ],
          [
            13.965033,
            48.415282,
            281.87
          ],
          [
            13.967067,
            48.415020999999996,
            282.69
          ],
          [
            13.967713999999999,
            48.415011,
            281.85
          ],
          [
            13.968651,
            48.415056,
            282.31
          ],
          [
            13.969641,
            48.415169999999996,
            283.91
          ],
          [
            13.971523,
            48.415434999999995,
            284.18
          ],
          [
            13.972012999999999,
            48.415555,
            284.04
          ],
          [
            13.972449999999998,
            48.415693,
            283.82
          ],
          [
            13.972933,
            48.415878,
            284.07
          ],
          [
            13.973282,
            48.416064,
            284.48
          ],
          [
            13.973657,
            48.416331,
            284.64
          ],
          [
            13.973968,
            48.416689,
            285
          ],
          [
            13.974366999999999,
            48.416978,
            285.18
          ],
          [
            13.975714,
            48.417835,
            285.26
          ],
          [
            13.976543,
            48.41825,
            285.5
          ],
          [
            13.977342,
            48.418485999999994,
            284.51
          ],
          [
            13.97764,
            48.418620999999995,
            283.96
          ],
          [
            13.97804,
            48.418875,
            283.06
          ],
          [
            13.980169,
            48.419739,
            284.02
          ],
          [
            13.981081999999999,
            48.420071,
            285.6
          ],
          [
            13.981620999999999,
            48.420244,
            284.88
          ],
          [
            13.981983,
            48.420308,
            283.74
          ],
          [
            13.982387,
            48.420336,
            282.5
          ],
          [
            13.982832,
            48.420339999999996,
            281.85
          ],
          [
            13.983512,
            48.420311,
            281.88
          ],
          [
            13.983794999999999,
            48.420291999999996,
            281.95
          ],
          [
            13.984022999999999,
            48.420266,
            281.54
          ],
          [
            13.984233,
            48.420237,
            281.15
          ],
          [
            13.984554999999999,
            48.420176,
            281.38
          ],
          [
            13.98484,
            48.420106,
            281.34
          ],
          [
            13.985571,
            48.419900999999996,
            281.36
          ],
          [
            13.986267,
            48.419674,
            281.54
          ],
          [
            13.986587,
            48.419557,
            281.6
          ],
          [
            13.98692,
            48.419419,
            281.17
          ],
          [
            13.987541,
            48.419137,
            281.87
          ],
          [
            13.98986,
            48.417991,
            283.03
          ],
          [
            13.992078,
            48.41703,
            285
          ],
          [
            13.993651,
            48.416311,
            285.77
          ],
          [
            13.993948999999999,
            48.416188,
            285.59
          ],
          [
            13.994301,
            48.416067,
            285.33
          ],
          [
            13.99476,
            48.415941,
            285.39
          ],
          [
            13.994964999999999,
            48.415873999999995,
            285.35
          ],
          [
            13.995191,
            48.415783999999995,
            285.45
          ],
          [
            13.995930999999999,
            48.415417999999995,
            286.66
          ],
          [
            13.996438999999999,
            48.41515,
            287.19
          ],
          [
            13.996991999999999,
            48.414843,
            287.64
          ],
          [
            13.997136999999999,
            48.414755,
            287.85
          ],
          [
            13.997266999999999,
            48.414653,
            287.99
          ],
          [
            13.997703,
            48.414224999999995,
            287.98
          ],
          [
            13.998088,
            48.413792,
            287.15
          ],
          [
            13.998275,
            48.413506999999996,
            285.84
          ],
          [
            13.99841,
            48.413259,
            284.96
          ],
          [
            13.998489,
            48.413076,
            284.26
          ],
          [
            13.998541,
            48.412921,
            283.6
          ],
          [
            13.998802,
            48.411767,
            282.06
          ],
          [
            13.998904999999999,
            48.411362,
            282.23
          ],
          [
            13.998966999999999,
            48.411167999999996,
            282.2
          ],
          [
            13.999091,
            48.410844,
            281.97
          ],
          [
            13.999148,
            48.410595,
            281.97
          ],
          [
            13.999153999999999,
            48.410357,
            282.04
          ],
          [
            13.999125999999999,
            48.409879,
            282.21
          ],
          [
            13.999143,
            48.409683,
            282.21
          ],
          [
            13.999232,
            48.40915,
            282.72
          ],
          [
            13.999334999999999,
            48.408788,
            282.95
          ],
          [
            13.999405,
            48.408595999999996,
            283.07
          ],
          [
            13.999742,
            48.407866,
            283.15
          ],
          [
            13.999799,
            48.40779,
            283.14
          ],
          [
            13.999882999999999,
            48.407708,
            283.11
          ],
          [
            14.000295999999999,
            48.407371,
            283.1
          ],
          [
            14.000653,
            48.40699,
            282.78
          ],
          [
            14.000819,
            48.406769,
            282.78
          ],
          [
            14.001092,
            48.406487,
            283.09
          ],
          [
            14.001235999999999,
            48.406365,
            283.23
          ],
          [
            14.001652,
            48.406081,
            283.91
          ],
          [
            14.001778,
            48.40596,
            284.19
          ],
          [
            14.001904,
            48.405820999999996,
            284.5
          ],
          [
            14.002229999999999,
            48.4054,
            284.72
          ],
          [
            14.004104,
            48.403318999999996,
            284.16
          ],
          [
            14.004384,
            48.402981999999994,
            284.35
          ],
          [
            14.004987,
            48.402201,
            284.21
          ],
          [
            14.005125999999999,
            48.402001,
            284.34
          ],
          [
            14.005438999999999,
            48.401621,
            284.7
          ],
          [
            14.005609,
            48.401452,
            284.75
          ],
          [
            14.006001,
            48.401095,
            284.49
          ],
          [
            14.006575,
            48.40063,
            283.9
          ],
          [
            14.006739999999999,
            48.400483,
            283.91
          ],
          [
            14.006967999999999,
            48.400223,
            283.92
          ],
          [
            14.007276,
            48.399775999999996,
            283.72
          ],
          [
            14.007406999999999,
            48.399609999999996,
            283.64
          ],
          [
            14.007748999999999,
            48.399228,
            283.11
          ],
          [
            14.008132999999999,
            48.398899,
            282.46
          ],
          [
            14.008683999999999,
            48.398454,
            281.76
          ],
          [
            14.008999,
            48.398212,
            281.69
          ],
          [
            14.009253999999999,
            48.39803,
            281.78
          ],
          [
            14.009526,
            48.397852,
            282.04
          ],
          [
            14.0099,
            48.397633,
            285.36
          ],
          [
            14.010017999999999,
            48.397552,
            285.27
          ],
          [
            14.01015,
            48.397439999999996,
            285.19
          ],
          [
            14.010532999999999,
            48.397079,
            285.05
          ],
          [
            14.011178,
            48.396457999999996,
            284.5
          ],
          [
            14.011356,
            48.396319,
            284.48
          ],
          [
            14.011676,
            48.396093,
            284.35
          ],
          [
            14.011863,
            48.395945999999995,
            284.37
          ],
          [
            14.012324,
            48.395537999999995,
            284.79
          ],
          [
            14.012492,
            48.395371999999995,
            284.83
          ],
          [
            14.012932,
            48.394884,
            284.88
          ],
          [
            14.013126999999999,
            48.394619999999996,
            284.57
          ],
          [
            14.013231,
            48.394453,
            284.45
          ],
          [
            14.013395,
            48.394137,
            284.22
          ],
          [
            14.013532999999999,
            48.393826999999995,
            283.72
          ],
          [
            14.013845,
            48.393065,
            282.31
          ],
          [
            14.014178999999999,
            48.392312,
            281.65
          ],
          [
            14.014318,
            48.391929999999995,
            282.01
          ],
          [
            14.015255999999999,
            48.388922,
            282.49
          ],
          [
            14.015324999999999,
            48.388768999999996,
            282.46
          ],
          [
            14.015509999999999,
            48.388414,
            282.56
          ],
          [
            14.015749,
            48.388051999999995,
            282.74
          ],
          [
            14.015929999999999,
            48.387823999999995,
            282.77
          ],
          [
            14.017339,
            48.386277,
            282.19
          ],
          [
            14.017916,
            48.385692,
            282.7
          ],
          [
            14.018193,
            48.385396,
            282.87
          ],
          [
            14.018519,
            48.385073999999996,
            282.7
          ],
          [
            14.020710999999999,
            48.383036999999995,
            281.22
          ],
          [
            14.021065,
            48.382742,
            280.6
          ],
          [
            14.021243,
            48.382614,
            280.07
          ],
          [
            14.021531,
            48.382428999999995,
            279.06
          ],
          [
            14.023868,
            48.381001999999995,
            276.97
          ],
          [
            14.024149,
            48.380812999999996,
            276.94
          ],
          [
            14.024376,
            48.380646,
            276.94
          ],
          [
            14.024690999999999,
            48.380393,
            276.43
          ],
          [
            14.024885,
            48.380224999999996,
            276.33
          ],
          [
            14.025107,
            48.380016,
            276.14
          ],
          [
            14.025528999999999,
            48.379529999999995,
            275.87
          ],
          [
            14.025704,
            48.37931,
            275.74
          ],
          [
            14.026212,
            48.378631,
            274.13
          ],
          [
            14.026587,
            48.378111,
            273.59
          ],
          [
            14.026800999999999,
            48.377786,
            273.24
          ],
          [
            14.026959,
            48.377528,
            273.03
          ],
          [
            14.027088,
            48.377288,
            272.59
          ],
          [
            14.027303999999999,
            48.376869,
            272.56
          ],
          [
            14.027538,
            48.376341,
            272.16
          ],
          [
            14.027641,
            48.376073999999996,
            271.9
          ],
          [
            14.027759,
            48.375713,
            271.11
          ],
          [
            14.028039999999999,
            48.374721,
            270.33
          ],
          [
            14.028165999999999,
            48.374122,
            269.51
          ],
          [
            14.028229,
            48.373331,
            268.67
          ],
          [
            14.028257,
            48.372575999999995,
            268.22
          ],
          [
            14.028243,
            48.372402,
            268.04
          ],
          [
            14.028198999999999,
            48.372229,
            268
          ],
          [
            14.028388999999999,
            48.372212,
            267.18
          ],
          [
            14.028172,
            48.37142,
            266.53
          ],
          [
            14.027956,
            48.370841999999996,
            266.38
          ],
          [
            14.027735999999999,
            48.370422,
            266.66
          ],
          [
            14.027643999999999,
            48.370290999999995,
            266.52
          ],
          [
            14.027171,
            48.369367999999994,
            266.51
          ],
          [
            14.026693,
            48.368465,
            266.67
          ],
          [
            14.026328999999999,
            48.367743999999995,
            266.19
          ],
          [
            14.025894,
            48.366982,
            266.48
          ],
          [
            14.025734,
            48.366665999999995,
            265.72
          ],
          [
            14.024849,
            48.364745,
            266.05
          ],
          [
            14.02482,
            48.364711,
            266.06
          ],
          [
            14.024719,
            48.364630999999996,
            266.08
          ],
          [
            14.024697,
            48.364596,
            266.08
          ],
          [
            14.024191,
            48.363420999999995,
            266.79
          ],
          [
            14.024092,
            48.363304,
            266.72
          ],
          [
            14.024045,
            48.363229,
            266.37
          ],
          [
            14.023774,
            48.362449,
            266.27
          ],
          [
            14.023653999999999,
            48.362155,
            266.32
          ],
          [
            14.023190999999999,
            48.361306,
            266.38
          ],
          [
            14.023202999999999,
            48.361231,
            266.33
          ],
          [
            14.022685,
            48.360158,
            266.19
          ],
          [
            14.022665,
            48.360043,
            266.14
          ],
          [
            14.022399,
            48.359307,
            265.73
          ],
          [
            14.021949999999999,
            48.358118,
            266.06
          ],
          [
            14.021486,
            48.356849999999994,
            265.72
          ],
          [
            14.021208999999999,
            48.356156,
            265.52
          ],
          [
            14.020911,
            48.355461,
            265.44
          ],
          [
            14.020748999999999,
            48.355028999999995,
            265.47
          ],
          [
            14.020501999999999,
            48.354152,
            265.67
          ],
          [
            14.020199,
            48.352945,
            265.56
          ],
          [
            14.020143,
            48.352607,
            265.5
          ],
          [
            14.020135,
            48.352419,
            265.46
          ],
          [
            14.020066,
            48.351884999999996,
            265.4
          ],
          [
            14.019953,
            48.351240999999995,
            265.47
          ],
          [
            14.019788,
            48.350113,
            265.43
          ],
          [
            14.019668,
            48.349382,
            265.28
          ],
          [
            14.01954,
            48.349022,
            264.74
          ],
          [
            14.019515,
            48.348907,
            264.57
          ],
          [
            14.019521999999998,
            48.348769999999995,
            264.58
          ],
          [
            14.019447999999999,
            48.348085,
            264.81
          ],
          [
            14.019449999999999,
            48.347665,
            264.93
          ],
          [
            14.019492999999999,
            48.346810999999995,
            264.71
          ],
          [
            14.019594999999999,
            48.346394,
            264.46
          ],
          [
            14.019589,
            48.346270999999994,
            264.31
          ],
          [
            14.019608999999999,
            48.346165,
            264.11
          ],
          [
            14.019675999999999,
            48.346056999999995,
            264.25
          ],
          [
            14.019763999999999,
            48.345579,
            264.71
          ],
          [
            14.020088,
            48.344166,
            264.73
          ],
          [
            14.020247,
            48.34359,
            264.55
          ],
          [
            14.020436,
            48.343018,
            264.38
          ],
          [
            14.02069,
            48.342365,
            264.39
          ],
          [
            14.020966999999999,
            48.341716,
            264.48
          ],
          [
            14.02121,
            48.341192,
            264.47
          ],
          [
            14.021503,
            48.340664,
            264.45
          ],
          [
            14.022074,
            48.339687,
            264.5
          ],
          [
            14.022763,
            48.338725,
            264.7
          ],
          [
            14.023190999999999,
            48.338176,
            264.58
          ],
          [
            14.023351,
            48.337939,
            264.63
          ],
          [
            14.023652,
            48.337354999999995,
            264.54
          ],
          [
            14.023759,
            48.337077,
            264.5
          ],
          [
            14.023784,
            48.336946999999995,
            264.57
          ],
          [
            14.023784,
            48.33683,
            264.49
          ],
          [
            14.023753,
            48.336589,
            264.41
          ],
          [
            14.023672999999999,
            48.336424,
            264.93
          ],
          [
            14.023695,
            48.336273,
            265.72
          ],
          [
            14.023862,
            48.336321999999996,
            266
          ],
          [
            14.024272999999999,
            48.336420999999994,
            265.82
          ],
          [
            14.024745,
            48.336517,
            265.81
          ],
          [
            14.025205999999999,
            48.336560999999996,
            265.6
          ],
          [
            14.025366,
            48.336546999999996,
            265.6
          ],
          [
            14.025703,
            48.336358,
            265.5
          ],
          [
            14.025948,
            48.336155999999995,
            265.4
          ],
          [
            14.026145,
            48.335915,
            265.39
          ],
          [
            14.026449999999999,
            48.335443,
            264.87
          ],
          [
            14.026591999999999,
            48.335263999999995,
            264.94
          ],
          [
            14.026734,
            48.335107,
            264.94
          ],
          [
            14.027139,
            48.334714,
            265
          ],
          [
            14.027194,
            48.334649,
            265
          ],
          [
            14.027303,
            48.334618,
            264.85
          ],
          [
            14.027401999999999,
            48.334559,
            264.78
          ],
          [
            14.028079,
            48.333952,
            264.73
          ],
          [
            14.028362,
            48.333633,
            264.83
          ],
          [
            14.029739,
            48.332246999999995,
            264.78
          ],
          [
            14.030362,
            48.331658999999995,
            264.56
          ],
          [
            14.030826,
            48.331281,
            264.33
          ],
          [
            14.032179999999999,
            48.330403999999994,
            264.18
          ],
          [
            14.032674,
            48.330104,
            264.08
          ],
          [
            14.033145999999999,
            48.329823999999995,
            264.02
          ],
          [
            14.034004999999999,
            48.32935,
            264.68
          ],
          [
            14.034357,
            48.329176999999994,
            265.08
          ],
          [
            14.034562999999999,
            48.328972,
            265.48
          ],
          [
            14.035523,
            48.328461999999995,
            265.41
          ],
          [
            14.036202999999999,
            48.328134999999996,
            265.34
          ],
          [
            14.036653999999999,
            48.327942,
            265.29
          ],
          [
            14.037436999999999,
            48.327631,
            265.27
          ],
          [
            14.038335,
            48.327284,
            265.39
          ],
          [
            14.039048,
            48.327031,
            265.44
          ],
          [
            14.040061,
            48.326701,
            265.3
          ],
          [
            14.040685999999999,
            48.326516,
            265.11
          ],
          [
            14.043522999999999,
            48.325717,
            264.82
          ],
          [
            14.044535,
            48.325444,
            264.91
          ],
          [
            14.045499,
            48.325207,
            265.29
          ],
          [
            14.04638,
            48.325002,
            265.56
          ],
          [
            14.04848,
            48.324573,
            264.9
          ],
          [
            14.049196,
            48.324414999999995,
            264.9
          ],
          [
            14.051159,
            48.324009,
            264.95
          ],
          [
            14.051865,
            48.323851999999995,
            265.08
          ],
          [
            14.052557,
            48.323676999999996,
            265.04
          ],
          [
            14.052938,
            48.323567,
            265.01
          ],
          [
            14.053315999999999,
            48.32345,
            265.04
          ],
          [
            14.053975,
            48.323226,
            265.04
          ],
          [
            14.054984999999999,
            48.322821999999995,
            265.16
          ],
          [
            14.055798,
            48.322446,
            265.26
          ],
          [
            14.057182,
            48.321714,
            265.49
          ],
          [
            14.062683999999999,
            48.318844999999996,
            264.5
          ],
          [
            14.063426,
            48.318508,
            264.73
          ],
          [
            14.064271,
            48.318172,
            265.1
          ],
          [
            14.064629,
            48.318047,
            265.88
          ],
          [
            14.065268,
            48.317856,
            264.79
          ],
          [
            14.065930999999999,
            48.317676,
            264.23
          ],
          [
            14.067247,
            48.317344999999996,
            264.19
          ],
          [
            14.068983,
            48.316978999999996,
            264.69
          ],
          [
            14.069961999999999,
            48.316804,
            264.14
          ],
          [
            14.071615999999999,
            48.316537,
            263.87
          ],
          [
            14.073158999999999,
            48.316362,
            264.93
          ],
          [
            14.075121999999999,
            48.316175,
            264.77
          ],
          [
            14.078358999999999,
            48.315912999999995,
            263.93
          ],
          [
            14.080217,
            48.315704,
            263.75
          ],
          [
            14.081553999999999,
            48.315529999999995,
            264.42
          ],
          [
            14.083305,
            48.315261,
            264.62
          ],
          [
            14.085014999999999,
            48.314957,
            264.41
          ],
          [
            14.086466,
            48.314682999999995,
            264.1
          ],
          [
            14.087129,
            48.314581999999994,
            263.99
          ],
          [
            14.087743,
            48.314524999999996,
            264.12
          ],
          [
            14.089179999999999,
            48.314462999999996,
            264.64
          ],
          [
            14.090076,
            48.314389999999996,
            264.21
          ],
          [
            14.090625,
            48.314325,
            264.13
          ],
          [
            14.092881,
            48.314012999999996,
            263.96
          ],
          [
            14.093876999999999,
            48.313866999999995,
            263.92
          ],
          [
            14.094733,
            48.313711,
            263.78
          ],
          [
            14.095517,
            48.313539,
            263.73
          ],
          [
            14.095939,
            48.313432,
            263.8
          ],
          [
            14.096492,
            48.313289,
            264.08
          ],
          [
            14.097201,
            48.313083,
            263.96
          ],
          [
            14.098391,
            48.3127,
            264.05
          ],
          [
            14.09893,
            48.312512999999996,
            264.54
          ],
          [
            14.100427999999999,
            48.311965,
            264.5
          ],
          [
            14.101761999999999,
            48.311419,
            264.44
          ],
          [
            14.103340999999999,
            48.310736999999996,
            263.6
          ],
          [
            14.105502999999999,
            48.309781,
            264.33
          ],
          [
            14.106354999999999,
            48.309428999999994,
            264.37
          ],
          [
            14.106955,
            48.309207,
            264.08
          ],
          [
            14.107569,
            48.30901,
            263.85
          ],
          [
            14.108137999999999,
            48.30884,
            263.83
          ],
          [
            14.109174999999999,
            48.308569999999996,
            264.06
          ],
          [
            14.110057999999999,
            48.308385,
            263.84
          ],
          [
            14.110996,
            48.308236,
            263.47
          ],
          [
            14.111718999999999,
            48.308139,
            263.63
          ],
          [
            14.112765999999999,
            48.308045,
            264.06
          ],
          [
            14.114483,
            48.307955,
            262.73
          ],
          [
            14.1167,
            48.307871,
            263.12
          ],
          [
            14.117659999999999,
            48.307876,
            262.99
          ],
          [
            14.118791,
            48.307928,
            262.73
          ],
          [
            14.121661999999999,
            48.308187,
            263.31
          ],
          [
            14.122544,
            48.308309,
            263.48
          ],
          [
            14.123626,
            48.308509,
            262.82
          ],
          [
            14.125845,
            48.309003,
            262.8
          ],
          [
            14.128449,
            48.309692,
            264.56
          ],
          [
            14.130839,
            48.310370999999996,
            264.67
          ],
          [
            14.131725,
            48.310632,
            264.8
          ],
          [
            14.133514,
            48.311212999999995,
            265.26
          ],
          [
            14.135264999999999,
            48.311811999999996,
            264.7
          ],
          [
            14.138195999999999,
            48.312751999999996,
            265.37
          ],
          [
            14.140638,
            48.313358,
            265.01
          ],
          [
            14.141694,
            48.313568,
            265.08
          ],
          [
            14.142339,
            48.313707,
            265.34
          ],
          [
            14.143519999999999,
            48.313901,
            265.67
          ],
          [
            14.149094,
            48.31485,
            265.07
          ],
          [
            14.14922,
            48.314864,
            265.08
          ],
          [
            14.149351,
            48.314847,
            265.4
          ],
          [
            14.149502,
            48.314791,
            265.75
          ],
          [
            14.149571,
            48.314755999999996,
            265.86
          ],
          [
            14.149885,
            48.31455,
            265.95
          ],
          [
            14.150046,
            48.314468999999995,
            265.78
          ],
          [
            14.150174,
            48.314416,
            265.72
          ],
          [
            14.150324999999999,
            48.314375999999996,
            265.61
          ],
          [
            14.150471,
            48.314350999999995,
            265.55
          ],
          [
            14.150614,
            48.314336,
            265.48
          ],
          [
            14.150787,
            48.314333,
            265.4
          ],
          [
            14.150965999999999,
            48.314346,
            265.31
          ],
          [
            14.151119999999999,
            48.314367999999995,
            265.23
          ],
          [
            14.151282,
            48.314406,
            265.12
          ],
          [
            14.152047,
            48.314671999999995,
            265
          ],
          [
            14.152308,
            48.314713999999995,
            265.06
          ],
          [
            14.152965,
            48.314935999999996,
            265.84
          ],
          [
            14.153212,
            48.315039999999996,
            265.57
          ],
          [
            14.15317,
            48.315104999999996,
            265.74
          ],
          [
            14.153252,
            48.315132999999996,
            265.63
          ],
          [
            14.153919,
            48.315377,
            265
          ],
          [
            14.154174,
            48.315461,
            265
          ],
          [
            14.154516,
            48.315559,
            265
          ],
          [
            14.155042,
            48.315683,
            265.16
          ],
          [
            14.155298,
            48.315732999999994,
            265.36
          ],
          [
            14.15574,
            48.315799,
            266
          ],
          [
            14.156379999999999,
            48.315858999999996,
            266
          ],
          [
            14.156737,
            48.315877,
            266
          ],
          [
            14.157095,
            48.315883,
            266
          ],
          [
            14.157413,
            48.315878,
            266
          ],
          [
            14.158144,
            48.315819999999995,
            265.35
          ],
          [
            14.159196999999999,
            48.315659,
            263.77
          ],
          [
            14.16256,
            48.31512,
            266.42
          ],
          [
            14.162564,
            48.315155,
            266.77
          ],
          [
            14.162555,
            48.31518,
            266.97
          ],
          [
            14.162301999999999,
            48.315386,
            267.31
          ],
          [
            14.161947999999999,
            48.315740999999996,
            264.92
          ],
          [
            14.161842,
            48.315827,
            264.61
          ],
          [
            14.161783,
            48.315836999999995,
            264.41
          ],
          [
            14.161677,
            48.315839999999994,
            263.89
          ],
          [
            14.161449999999999,
            48.315801,
            262.36
          ],
          [
            14.161337999999999,
            48.315794,
            261.69
          ],
          [
            14.161246,
            48.315822999999995,
            261.15
          ],
          [
            14.161188999999998,
            48.315863,
            260.74
          ],
          [
            14.161131999999998,
            48.315923999999995,
            260.25
          ],
          [
            14.1611,
            48.315977,
            259.9
          ],
          [
            14.161074,
            48.316106,
            259.16
          ],
          [
            14.161076,
            48.316251,
            258.33
          ],
          [
            14.161154999999999,
            48.316792,
            256.2
          ],
          [
            14.161311999999999,
            48.317432,
            257.23
          ],
          [
            14.161575,
            48.318112,
            257.48
          ],
          [
            14.16164,
            48.318421,
            257.36
          ],
          [
            14.161683,
            48.318731,
            257.22
          ],
          [
            14.161676,
            48.319282,
            257.03
          ],
          [
            14.16175,
            48.319415,
            257.35
          ],
          [
            14.161942,
            48.31959,
            257.73
          ],
          [
            14.163136999999999,
            48.320477999999994,
            258
          ],
          [
            14.163276999999999,
            48.320549,
            258
          ],
          [
            14.163528,
            48.320595,
            257.75
          ],
          [
            14.164477999999999,
            48.320743,
            257.4
          ],
          [
            14.165301,
            48.320892,
            257.38
          ],
          [
            14.165766,
            48.321005,
            257.32
          ],
          [
            14.166139999999999,
            48.321107999999995,
            257.4
          ],
          [
            14.166291999999999,
            48.321163,
            257.46
          ],
          [
            14.167114999999999,
            48.321583,
            257.44
          ],
          [
            14.167612,
            48.321895,
            257.4
          ],
          [
            14.167938999999999,
            48.32208,
            257.27
          ],
          [
            14.169048,
            48.322626,
            256.91
          ],
          [
            14.169360999999999,
            48.322866999999995,
            256.88
          ],
          [
            14.169609,
            48.323021999999995,
            256.83
          ],
          [
            14.169767,
            48.323077999999995,
            256.81
          ],
          [
            14.169948999999999,
            48.323122999999995,
            256.8
          ],
          [
            14.170567,
            48.323204,
            256.8
          ],
          [
            14.17175,
            48.323336,
            256.83
          ],
          [
            14.172063999999999,
            48.323384,
            257.07
          ],
          [
            14.172224,
            48.323437999999996,
            257.21
          ],
          [
            14.172315,
            48.323536,
            257.35
          ],
          [
            14.172424999999999,
            48.323696999999996,
            257.58
          ],
          [
            14.172507999999999,
            48.323854,
            257.81
          ],
          [
            14.172678,
            48.324462999999994,
            258.49
          ],
          [
            14.172984,
            48.324936,
            258.4
          ],
          [
            14.173041999999999,
            48.325274,
            258.25
          ],
          [
            14.173124,
            48.325503,
            258.14
          ],
          [
            14.173188,
            48.325647,
            258.04
          ],
          [
            14.173471999999999,
            48.326088,
            257.74
          ],
          [
            14.173615999999999,
            48.32627,
            257.49
          ],
          [
            14.174104,
            48.326629999999994,
            257.87
          ],
          [
            14.174204999999999,
            48.326729,
            257.83
          ],
          [
            14.174563,
            48.327151,
            259.12
          ],
          [
            14.174672,
            48.327264,
            259.13
          ],
          [
            14.174940999999999,
            48.327478,
            259.49
          ],
          [
            14.175462,
            48.32779,
            259.03
          ],
          [
            14.175801,
            48.327946999999995,
            259.08
          ],
          [
            14.17624,
            48.328126,
            257.17
          ],
          [
            14.17737,
            48.328590999999996,
            257.97
          ],
          [
            14.177741,
            48.328734999999995,
            258.29
          ],
          [
            14.177963,
            48.328807,
            258.56
          ],
          [
            14.178059999999999,
            48.328824999999995,
            258.46
          ],
          [
            14.178296,
            48.328821999999995,
            258.27
          ],
          [
            14.178445,
            48.328837,
            258.04
          ],
          [
            14.178384,
            48.328883999999995,
            257.1
          ],
          [
            14.178246999999999,
            48.329059,
            253.81
          ],
          [
            14.177202999999999,
            48.330284999999996,
            252.11
          ],
          [
            14.176888,
            48.330642,
            258.56
          ],
          [
            14.177036999999999,
            48.330701,
            258.39
          ],
          [
            14.177696,
            48.330998,
            257.31
          ],
          [
            14.178405,
            48.331325,
            258.15
          ],
          [
            14.178569999999999,
            48.331418,
            258.17
          ],
          [
            14.179542999999999,
            48.332080999999995,
            258
          ],
          [
            14.179934,
            48.332327,
            258
          ],
          [
            14.180278,
            48.33251,
            258.18
          ],
          [
            14.181021999999999,
            48.332856,
            259.77
          ],
          [
            14.181852999999998,
            48.333175,
            260.95
          ],
          [
            14.182267999999999,
            48.333355,
            262.03
          ],
          [
            14.182618999999999,
            48.333493,
            262.06
          ],
          [
            14.182831,
            48.33356,
            262.34
          ],
          [
            14.182875,
            48.333718999999995,
            261.72
          ],
          [
            14.182903,
            48.333934,
            261.14
          ],
          [
            14.18291,
            48.334143,
            260.35
          ],
          [
            14.182881,
            48.334328,
            260.01
          ],
          [
            14.182891,
            48.334354999999995,
            259.96
          ],
          [
            14.182934,
            48.334385,
            259.89
          ],
          [
            14.183959,
            48.33457,
            259.43
          ],
          [
            14.184491999999999,
            48.334635999999996,
            259.12
          ],
          [
            14.184508999999998,
            48.334649999999996,
            258.87
          ],
          [
            14.184507,
            48.334669,
            258.58
          ],
          [
            14.184496,
            48.334781,
            258.28
          ],
          [
            14.184493,
            48.334809,
            258.44
          ],
          [
            14.184804999999999,
            48.334837,
            258.33
          ],
          [
            14.185074,
            48.334834,
            258.37
          ],
          [
            14.185234999999999,
            48.334796,
            258.57
          ],
          [
            14.185528,
            48.334677,
            259.21
          ],
          [
            14.186743,
            48.334139,
            258.78
          ],
          [
            14.187282,
            48.333908,
            258.67
          ],
          [
            14.188562999999998,
            48.333321,
            258.43
          ],
          [
            14.188628999999999,
            48.333307,
            258.57
          ],
          [
            14.188696,
            48.333307999999995,
            258.27
          ],
          [
            14.189077,
            48.333613,
            261.06
          ],
          [
            14.18942,
            48.333416,
            261.66
          ],
          [
            14.189584,
            48.333338999999995,
            262.16
          ],
          [
            14.189896,
            48.333225999999996,
            263.07
          ],
          [
            14.190342,
            48.333093,
            263.97
          ],
          [
            14.190513,
            48.333034,
            264.31
          ],
          [
            14.190660999999999,
            48.332964999999994,
            264.76
          ],
          [
            14.190824,
            48.332865999999996,
            265.46
          ],
          [
            14.190951,
            48.332758999999996,
            266.17
          ],
          [
            14.191103,
            48.332588,
            266.83
          ],
          [
            14.191234,
            48.332301,
            267.38
          ],
          [
            14.191313,
            48.332170999999995,
            267.65
          ],
          [
            14.191452,
            48.332010999999994,
            268.39
          ],
          [
            14.191567,
            48.331905,
            267.96
          ],
          [
            14.191701,
            48.331827999999994,
            266.9
          ],
          [
            14.192552,
            48.331522,
            263.09
          ],
          [
            14.192637,
            48.331692,
            265.93
          ],
          [
            14.192718999999999,
            48.331827,
            265.37
          ],
          [
            14.19273,
            48.331835999999996,
            265.22
          ],
          [
            14.19277,
            48.331834,
            265.32
          ],
          [
            14.193064999999999,
            48.331564,
            271.13
          ],
          [
            14.193178,
            48.331419999999994,
            271.13
          ],
          [
            14.193793,
            48.330824,
            268.52
          ],
          [
            14.194811,
            48.329744999999996,
            264
          ],
          [
            14.194961999999999,
            48.329676,
            264.33
          ],
          [
            14.195013,
            48.329629,
            264.34
          ],
          [
            14.195044,
            48.329583,
            263.8
          ],
          [
            14.195048,
            48.329485,
            263.18
          ],
          [
            14.195060999999999,
            48.329454999999996,
            263.19
          ],
          [
            14.195463,
            48.329041,
            263.34
          ],
          [
            14.195978,
            48.328477,
            262.64
          ],
          [
            14.196833,
            48.327602,
            261.91
          ],
          [
            14.196881,
            48.32756,
            261.87
          ],
          [
            14.197033,
            48.327481,
            261.79
          ],
          [
            14.197324,
            48.327175999999994,
            261.91
          ],
          [
            14.197365999999999,
            48.327121,
            261.94
          ],
          [
            14.197427999999999,
            48.326995,
            262.04
          ],
          [
            14.197536,
            48.326875,
            262.1
          ],
          [
            14.198124,
            48.326332,
            263.22
          ],
          [
            14.198485,
            48.326029,
            263.32
          ],
          [
            14.198699,
            48.325868,
            263.16
          ],
          [
            14.198965,
            48.325688,
            262.95
          ],
          [
            14.19924,
            48.325523999999994,
            262.51
          ],
          [
            14.200994999999999,
            48.324563,
            261.9
          ],
          [
            14.201136,
            48.324504999999995,
            261.81
          ],
          [
            14.201486,
            48.324301999999996,
            261.56
          ],
          [
            14.202202,
            48.323916,
            260.93
          ],
          [
            14.203216999999999,
            48.323344,
            261.1
          ],
          [
            14.203636999999999,
            48.323087,
            261
          ],
          [
            14.204654,
            48.322403,
            260.65
          ],
          [
            14.204799999999999,
            48.322314999999996,
            260.57
          ],
          [
            14.205055,
            48.322129,
            259.47
          ],
          [
            14.205337,
            48.321937,
            259.96
          ],
          [
            14.205582,
            48.321785999999996,
            260.03
          ],
          [
            14.206228,
            48.321421,
            259.95
          ],
          [
            14.20722,
            48.320878,
            260.69
          ],
          [
            14.207624,
            48.320634,
            261.59
          ],
          [
            14.208006999999998,
            48.320364999999995,
            262.06
          ],
          [
            14.208286,
            48.320152,
            262.28
          ],
          [
            14.208549999999999,
            48.319931,
            262.44
          ],
          [
            14.208708,
            48.319778,
            262.32
          ],
          [
            14.209116999999999,
            48.319337,
            262.44
          ],
          [
            14.210503,
            48.317619,
            262.73
          ],
          [
            14.21082,
            48.317256,
            263.24
          ],
          [
            14.211155999999999,
            48.316936,
            262.98
          ],
          [
            14.211392,
            48.316759999999995,
            262.84
          ],
          [
            14.211632999999999,
            48.316599,
            261.83
          ],
          [
            14.212175,
            48.316263,
            261.88
          ],
          [
            14.213320999999999,
            48.315594,
            262.31
          ],
          [
            14.213531,
            48.315531,
            262.13
          ],
          [
            14.213607999999999,
            48.315501,
            262.06
          ],
          [
            14.214537,
            48.314952,
            263.13
          ],
          [
            14.214599999999999,
            48.31485,
            262.78
          ],
          [
            14.214649,
            48.314805,
            262.73
          ],
          [
            14.217046999999999,
            48.313393999999995,
            262.31
          ],
          [
            14.217241,
            48.313292,
            262.21
          ],
          [
            14.217435,
            48.313204999999996,
            262.41
          ],
          [
            14.217808999999999,
            48.313058999999996,
            262.83
          ],
          [
            14.218269,
            48.312920999999996,
            263.06
          ],
          [
            14.218361999999999,
            48.312917,
            263.34
          ],
          [
            14.218497,
            48.312945,
            263.18
          ],
          [
            14.21858,
            48.312937999999995,
            262.43
          ],
          [
            14.218622,
            48.31292,
            262.03
          ],
          [
            14.218684,
            48.312856,
            261.43
          ],
          [
            14.218736,
            48.312826,
            261.19
          ],
          [
            14.219069999999999,
            48.312777999999994,
            261.65
          ],
          [
            14.219873999999999,
            48.312698,
            263.87
          ],
          [
            14.220407999999999,
            48.312674,
            264.74
          ],
          [
            14.220823999999999,
            48.312669,
            265.46
          ],
          [
            14.222574999999999,
            48.312686,
            269.41
          ],
          [
            14.223136,
            48.312664,
            271.71
          ],
          [
            14.2237,
            48.312602,
            270.7
          ],
          [
            14.224217999999999,
            48.312518,
            268.58
          ],
          [
            14.224568999999999,
            48.312453,
            268.2
          ],
          [
            14.224692999999998,
            48.312446,
            268.44
          ],
          [
            14.22496,
            48.312399,
            268.07
          ],
          [
            14.225323999999999,
            48.31232,
            267.13
          ],
          [
            14.225520999999999,
            48.312262999999994,
            266.77
          ],
          [
            14.226999,
            48.311983,
            264.93
          ],
          [
            14.228513,
            48.311679999999996,
            264.08
          ],
          [
            14.229375,
            48.311513,
            264.45
          ],
          [
            14.230025999999999,
            48.311395999999995,
            265.3
          ],
          [
            14.230504,
            48.311324,
            266.98
          ],
          [
            14.231124999999999,
            48.311257999999995,
            268.7
          ],
          [
            14.231601999999999,
            48.311226,
            269.96
          ],
          [
            14.231853,
            48.311232999999994,
            270.31
          ],
          [
            14.232593999999999,
            48.311281,
            270.37
          ],
          [
            14.233213999999998,
            48.31129,
            267.55
          ],
          [
            14.233201999999999,
            48.311397,
            267.36
          ],
          [
            14.233231,
            48.311422,
            267.15
          ],
          [
            14.233281999999999,
            48.311431999999996,
            267.01
          ],
          [
            14.233329999999999,
            48.311426,
            266.74
          ],
          [
            14.233360999999999,
            48.311409999999995,
            266.43
          ],
          [
            14.233383,
            48.311372999999996,
            266.45
          ],
          [
            14.23339,
            48.311326,
            266.77
          ],
          [
            14.23354,
            48.310972,
            267.13
          ],
          [
            14.233588999999998,
            48.310807999999994,
            266.16
          ],
          [
            14.23362,
            48.310764,
            266.35
          ],
          [
            14.233746,
            48.3107,
            266.98
          ],
          [
            14.233865,
            48.310705999999996,
            267.34
          ],
          [
            14.234048999999999,
            48.310762999999994,
            267.29
          ],
          [
            14.23416,
            48.310838,
            267.09
          ],
          [
            14.234176,
            48.310887,
            267.11
          ],
          [
            14.234176,
            48.310938,
            267.3
          ],
          [
            14.234359999999999,
            48.311087,
            267.1
          ],
          [
            14.234427,
            48.311111,
            267.06
          ],
          [
            14.234649999999998,
            48.31116,
            266.56
          ],
          [
            14.235382,
            48.311267,
            266.67
          ],
          [
            14.236514999999999,
            48.311409999999995,
            266.15
          ],
          [
            14.236913999999999,
            48.311453,
            266.46
          ],
          [
            14.237307,
            48.311485999999995,
            266.59
          ],
          [
            14.237973,
            48.311533,
            265.7
          ],
          [
            14.238121,
            48.311524999999996,
            265.62
          ],
          [
            14.238358999999999,
            48.311495,
            265.66
          ],
          [
            14.238574999999999,
            48.311505999999994,
            265.18
          ],
          [
            14.240414,
            48.311743,
            265.14
          ],
          [
            14.240857,
            48.311794,
            264.57
          ],
          [
            14.241062,
            48.311797999999996,
            264.44
          ],
          [
            14.24129,
            48.311772999999995,
            264.15
          ],
          [
            14.241432,
            48.31178,
            264
          ],
          [
            14.241494999999999,
            48.311544999999995,
            264
          ],
          [
            14.242196999999999,
            48.311639,
            263.8
          ],
          [
            14.242344999999998,
            48.311642,
            263.35
          ],
          [
            14.242516,
            48.311609999999995,
            262.87
          ],
          [
            14.242671,
            48.311529,
            262.42
          ],
          [
            14.242851,
            48.311467,
            261.85
          ],
          [
            14.242980999999999,
            48.311451,
            261.63
          ],
          [
            14.243048,
            48.311451999999996,
            261.52
          ],
          [
            14.243224,
            48.311485,
            260.91
          ],
          [
            14.243751,
            48.311616,
            259.36
          ],
          [
            14.243971,
            48.311665,
            258.6
          ],
          [
            14.244104,
            48.311702999999994,
            259.54
          ],
          [
            14.24419,
            48.311738999999996,
            259.98
          ],
          [
            14.244225,
            48.311785,
            260.08
          ],
          [
            14.244302999999999,
            48.311961,
            261.16
          ],
          [
            14.244346,
            48.311999,
            261.69
          ],
          [
            14.244406999999999,
            48.312025,
            262.09
          ],
          [
            14.244451,
            48.312033,
            262.18
          ],
          [
            14.244556999999999,
            48.312031,
            262.23
          ],
          [
            14.24504,
            48.311989999999994,
            262.31
          ],
          [
            14.245296999999999,
            48.311955,
            262.2
          ],
          [
            14.245581,
            48.311903,
            262.08
          ],
          [
            14.24622,
            48.311758999999995,
            261.64
          ],
          [
            14.246744999999999,
            48.311659,
            261.26
          ],
          [
            14.246815,
            48.311678,
            261.57
          ],
          [
            14.246874,
            48.311678,
            261.67
          ],
          [
            14.24752,
            48.311572999999996,
            261.61
          ],
          [
            14.247574,
            48.311554,
            261.57
          ],
          [
            14.247622,
            48.311519999999994,
            261.48
          ],
          [
            14.247658,
            48.311507999999996,
            261.43
          ],
          [
            14.248363999999999,
            48.311383,
            259.68
          ],
          [
            14.250833,
            48.311119,
            256.42
          ],
          [
            14.251446999999999,
            48.311073,
            257.87
          ],
          [
            14.251629,
            48.311051,
            257.81
          ],
          [
            14.251857,
            48.311009,
            256.76
          ],
          [
            14.252687,
            48.310966,
            255.62
          ],
          [
            14.253539,
            48.310961,
            255.03
          ],
          [
            14.254062,
            48.310942,
            255.22
          ],
          [
            14.254508999999999,
            48.310897,
            255.4
          ],
          [
            14.254961,
            48.310837,
            255.32
          ],
          [
            14.255111999999999,
            48.310807999999994,
            255.37
          ],
          [
            14.255374999999999,
            48.310736999999996,
            255.47
          ],
          [
            14.255669999999999,
            48.310646999999996,
            255.36
          ],
          [
            14.256404999999999,
            48.310409,
            254.91
          ],
          [
            14.256630999999999,
            48.310333,
            254.91
          ],
          [
            14.25737,
            48.31006,
            255.03
          ],
          [
            14.258455999999999,
            48.309698999999995,
            255.16
          ],
          [
            14.25906,
            48.309481999999996,
            254.82
          ],
          [
            14.259682,
            48.309278,
            254.55
          ],
          [
            14.260606,
            48.308954,
            254.44
          ],
          [
            14.260981,
            48.308834,
            254.46
          ],
          [
            14.261303999999999,
            48.308741,
            254.46
          ],
          [
            14.261690999999999,
            48.308642,
            254.41
          ],
          [
            14.262015,
            48.308568,
            254.13
          ],
          [
            14.26227,
            48.308516999999995,
            254.11
          ],
          [
            14.262704,
            48.308442,
            254.44
          ],
          [
            14.264486,
            48.308161,
            254.48
          ],
          [
            14.264838,
            48.308094,
            254.21
          ],
          [
            14.265288,
            48.307986,
            254.16
          ],
          [
            14.265509999999999,
            48.307922,
            254.18
          ],
          [
            14.265913999999999,
            48.307790999999995,
            254.09
          ],
          [
            14.266293,
            48.307654,
            253.88
          ],
          [
            14.26807,
            48.306993999999996,
            254.07
          ],
          [
            14.268213999999999,
            48.306917999999996,
            254.21
          ],
          [
            14.26868,
            48.306754,
            254.44
          ],
          [
            14.268861,
            48.306695,
            254.43
          ],
          [
            14.269452,
            48.306529,
            254.77
          ],
          [
            14.269729,
            48.306464999999996,
            254.97
          ],
          [
            14.270124,
            48.306351,
            254.77
          ],
          [
            14.270705999999999,
            48.306245,
            254.31
          ],
          [
            14.271044999999999,
            48.306217,
            254.28
          ],
          [
            14.271317999999999,
            48.306169,
            254.09
          ],
          [
            14.271522,
            48.306146999999996,
            253.9
          ],
          [
            14.271714,
            48.306141,
            253.99
          ],
          [
            14.271844,
            48.306121999999995,
            254.47
          ],
          [
            14.271977,
            48.306114,
            255.1
          ],
          [
            14.272139,
            48.306124,
            255.83
          ],
          [
            14.272216,
            48.306143,
            256.21
          ],
          [
            14.272224,
            48.306166,
            256.4
          ],
          [
            14.272463,
            48.306134,
            256.07
          ],
          [
            14.272725999999999,
            48.306118999999995,
            255.3
          ],
          [
            14.273048,
            48.30612,
            255.1
          ],
          [
            14.273458999999999,
            48.306143999999996,
            254.33
          ],
          [
            14.273738,
            48.306188,
            253.49
          ],
          [
            14.274673,
            48.306357,
            254.31
          ],
          [
            14.274951,
            48.306425999999995,
            254.31
          ],
          [
            14.275596,
            48.306616999999996,
            254.43
          ],
          [
            14.276311999999999,
            48.306839,
            254.49
          ],
          [
            14.27713,
            48.30712,
            254.18
          ],
          [
            14.277744,
            48.30737,
            254.18
          ],
          [
            14.278362,
            48.307595,
            254.14
          ],
          [
            14.27887,
            48.307769,
            254.88
          ],
          [
            14.279214,
            48.307860999999995,
            253.78
          ],
          [
            14.27976,
            48.307967999999995,
            253.74
          ],
          [
            14.280339999999999,
            48.308065,
            254.56
          ],
          [
            14.280683999999999,
            48.308129,
            253.19
          ],
          [
            14.281096999999999,
            48.308226,
            253.48
          ],
          [
            14.281438,
            48.308327,
            254.56
          ],
          [
            14.282573,
            48.308699999999995,
            253.79
          ],
          [
            14.282641,
            48.308737,
            253.67
          ],
          [
            14.282689,
            48.30878,
            253.81
          ],
          [
            14.282779,
            48.308758999999995,
            253.13
          ],
          [
            14.283126,
            48.308873,
            254.2
          ],
          [
            14.2835,
            48.309058,
            254.27
          ],
          [
            14.283736,
            48.309135,
            254.86
          ],
          [
            14.283909,
            48.309176,
            255.19
          ],
          [
            14.284343999999999,
            48.30932,
            256.8
          ],
          [
            14.284555,
            48.309475,
            257.16
          ],
          [
            14.284644,
            48.309517,
            255.28
          ],
          [
            14.284934999999999,
            48.309695999999995,
            253.99
          ],
          [
            14.28502,
            48.309743,
            254.09
          ],
          [
            14.285127999999998,
            48.309787,
            254.13
          ],
          [
            14.285177,
            48.309822999999994,
            254.19
          ],
          [
            14.285397999999999,
            48.309911,
            254.08
          ],
          [
            14.285791,
            48.310106,
            253.95
          ],
          [
            14.285864,
            48.310164,
            254.1
          ],
          [
            14.285902,
            48.310282,
            254.5
          ],
          [
            14.285955,
            48.310333,
            254.57
          ],
          [
            14.28657,
            48.310731999999994,
            254.87
          ],
          [
            14.286693999999999,
            48.310826,
            254.89
          ],
          [
            14.286971999999999,
            48.311067,
            254.98
          ],
          [
            14.287046,
            48.311108999999995,
            254.98
          ],
          [
            14.287317,
            48.311177,
            254.77
          ],
          [
            14.287384,
            48.311212999999995,
            254.68
          ],
          [
            14.288093,
            48.311763,
            254.21
          ],
          [
            14.288348,
            48.311977999999996,
            254.1
          ],
          [
            14.290555,
            48.314167999999995,
            253.94
          ],
          [
            14.290685,
            48.314249,
            253.56
          ],
          [
            14.291547,
            48.315132999999996,
            253.97
          ],
          [
            14.292781999999999,
            48.316359999999996,
            253.78
          ],
          [
            14.292149,
            48.316641,
            254.41
          ],
          [
            14.291984999999999,
            48.316659,
            254.77
          ],
          [
            14.291870999999999,
            48.316685,
            255.11
          ],
          [
            14.291768999999999,
            48.31675,
            255.76
          ],
          [
            14.292591999999999,
            48.317502,
            255.68
          ],
          [
            14.293177,
            48.318017999999995,
            255.43
          ],
          [
            14.293878,
            48.318678,
            254.8
          ],
          [
            14.294158999999999,
            48.318909999999995,
            255.26
          ],
          [
            14.294514,
            48.319162,
            254.89
          ],
          [
            14.294735999999999,
            48.319337,
            254.58
          ],
          [
            14.29502,
            48.319613999999994,
            255.07
          ],
          [
            14.295961,
            48.320329,
            255.09
          ],
          [
            14.296272,
            48.320437,
            254.79
          ],
          [
            14.297479,
            48.321335,
            254.12
          ],
          [
            14.297846,
            48.321571999999996,
            254.07
          ],
          [
            14.298036999999999,
            48.321718999999995,
            254.21
          ],
          [
            14.298497,
            48.322207,
            254.67
          ],
          [
            14.299239,
            48.32268,
            254.95
          ],
          [
            14.299292,
            48.322739999999996,
            254.95
          ],
          [
            14.299828999999999,
            48.323052999999994,
            254.67
          ],
          [
            14.300374999999999,
            48.323355,
            254.05
          ],
          [
            14.300875999999999,
            48.323612,
            254.43
          ],
          [
            14.301236999999999,
            48.323786,
            254.55
          ],
          [
            14.301938,
            48.324107999999995,
            254.72
          ],
          [
            14.302553999999999,
            48.324363,
            254.71
          ],
          [
            14.302983999999999,
            48.324526999999996,
            254.72
          ],
          [
            14.303429999999999,
            48.324656,
            254.84
          ],
          [
            14.304262999999999,
            48.324915,
            254.52
          ],
          [
            14.304523,
            48.325002,
            254.08
          ],
          [
            14.304692,
            48.325075999999996,
            254.21
          ],
          [
            14.305152,
            48.325215,
            254.44
          ],
          [
            14.305641999999999,
            48.325351999999995,
            254.31
          ],
          [
            14.306526,
            48.325556999999996,
            254.3
          ],
          [
            14.308482,
            48.325865,
            254.27
          ],
          [
            14.309465999999999,
            48.325976999999995,
            254.59
          ],
          [
            14.3098,
            48.326007,
            255.27
          ],
          [
            14.310431999999999,
            48.326049,
            254.76
          ],
          [
            14.3111,
            48.32608,
            254
          ],
          [
            14.311316999999999,
            48.326082,
            254
          ],
          [
            14.311561999999999,
            48.326059,
            254
          ],
          [
            14.312588,
            48.326059,
            254.06
          ],
          [
            14.313404,
            48.326035,
            254.32
          ],
          [
            14.313868999999999,
            48.326011,
            254.54
          ],
          [
            14.314465,
            48.325969,
            254.47
          ],
          [
            14.315031999999999,
            48.325950999999996,
            254.22
          ],
          [
            14.315844,
            48.325855,
            253.75
          ],
          [
            14.316567,
            48.325748,
            253.82
          ],
          [
            14.317566999999999,
            48.325565,
            253.93
          ],
          [
            14.318430999999999,
            48.325378,
            253.98
          ],
          [
            14.319332999999999,
            48.325165999999996,
            253.83
          ],
          [
            14.319776,
            48.325047999999995,
            253.77
          ],
          [
            14.320521999999999,
            48.324827,
            253.68
          ],
          [
            14.320824,
            48.324729,
            253.83
          ],
          [
            14.320998,
            48.324614,
            254.12
          ],
          [
            14.321055999999999,
            48.324583999999994,
            254.42
          ],
          [
            14.321111,
            48.324574,
            254.59
          ],
          [
            14.321266999999999,
            48.324574,
            254.37
          ],
          [
            14.321318999999999,
            48.324566999999995,
            254.13
          ],
          [
            14.321492,
            48.324507,
            253.66
          ],
          [
            14.322199,
            48.324239,
            253.89
          ],
          [
            14.322965,
            48.323915,
            253.7
          ],
          [
            14.323077999999999,
            48.323885999999995,
            254.14
          ],
          [
            14.323445,
            48.323768,
            254.87
          ],
          [
            14.323545,
            48.32375,
            254.88
          ],
          [
            14.323739,
            48.323667,
            254.77
          ],
          [
            14.324577,
            48.323218999999995,
            254.36
          ],
          [
            14.325424,
            48.3227,
            254.22
          ],
          [
            14.325977,
            48.322313,
            254.35
          ],
          [
            14.326749,
            48.321701999999995,
            254.25
          ],
          [
            14.327103999999999,
            48.321382,
            253.99
          ],
          [
            14.327620999999999,
            48.320873,
            253.65
          ],
          [
            14.327979,
            48.320482,
            253.62
          ],
          [
            14.329023,
            48.319193999999996,
            254.44
          ],
          [
            14.332623,
            48.314685,
            254.17
          ],
          [
            14.333060999999999,
            48.314150999999995,
            255.79
          ],
          [
            14.33316,
            48.314008,
            254.71
          ],
          [
            14.333473999999999,
            48.313486,
            254.23
          ],
          [
            14.334354999999999,
            48.311744999999995,
            253.98
          ],
          [
            14.334615,
            48.31118,
            253.93
          ],
          [
            14.334762,
            48.310821999999995,
            254.52
          ],
          [
            14.335102,
            48.309981,
            254.19
          ],
          [
            14.335538999999999,
            48.308848999999995,
            255.54
          ],
          [
            14.335600999999999,
            48.308738999999996,
            254.95
          ],
          [
            14.335714999999999,
            48.308577,
            254.83
          ],
          [
            14.33582,
            48.308474999999994,
            254.6
          ],
          [
            14.335994999999999,
            48.308333,
            254.87
          ],
          [
            14.336044,
            48.30827,
            254.93
          ],
          [
            14.336107,
            48.308139999999995,
            254.96
          ],
          [
            14.336298,
            48.307624999999994,
            255.17
          ],
          [
            14.336416999999999,
            48.307376,
            255.14
          ],
          [
            14.336765999999999,
            48.305882999999994,
            254.4
          ],
          [
            14.336877,
            48.305543,
            254.14
          ],
          [
            14.337029,
            48.305236,
            253.99
          ],
          [
            14.337264,
            48.304885999999996,
            254.07
          ],
          [
            14.338598,
            48.303225,
            254.38
          ],
          [
            14.338638,
            48.303155,
            254.42
          ],
          [
            14.338652999999999,
            48.303019,
            253.75
          ],
          [
            14.338671,
            48.302954,
            253.48
          ],
          [
            14.338726999999999,
            48.30287,
            253.25
          ],
          [
            14.339089,
            48.302426,
            252.9
          ],
          [
            14.339324999999999,
            48.302065999999996,
            252.77
          ],
          [
            14.341028,
            48.298601999999995,
            251.7
          ],
          [
            14.341242999999999,
            48.298068,
            250.55
          ],
          [
            14.341374,
            48.297698999999994,
            250.72
          ],
          [
            14.341512999999999,
            48.297173,
            250.79
          ],
          [
            14.341745999999999,
            48.29584,
            250.91
          ],
          [
            14.341804999999999,
            48.295576999999994,
            250.97
          ],
          [
            14.341935,
            48.295133,
            250.94
          ],
          [
            14.342094999999999,
            48.294695999999995,
            251.14
          ],
          [
            14.342388,
            48.294072,
            251.1
          ],
          [
            14.343332,
            48.292441,
            250.87
          ],
          [
            14.343651,
            48.291841999999995,
            250.79
          ],
          [
            14.343904,
            48.291292999999996,
            250.92
          ],
          [
            14.344159,
            48.290644,
            251.27
          ],
          [
            14.345149,
            48.28792,
            251.4
          ],
          [
            14.345555,
            48.286769,
            251.5
          ],
          [
            14.34568,
            48.28646,
            251.44
          ],
          [
            14.345941999999999,
            48.285877,
            251.15
          ],
          [
            14.346167,
            48.28544,
            250.98
          ],
          [
            14.346483,
            48.284889,
            250.86
          ],
          [
            14.34689,
            48.284276,
            250.73
          ],
          [
            14.347296,
            48.283739,
            250.95
          ],
          [
            14.347615999999999,
            48.283353999999996,
            251.02
          ],
          [
            14.348106999999999,
            48.282809,
            251.08
          ],
          [
            14.348529,
            48.282381,
            251.06
          ],
          [
            14.348756,
            48.282171,
            251.02
          ],
          [
            14.349411,
            48.281639999999996,
            252.83
          ],
          [
            14.350463,
            48.280696,
            252.62
          ],
          [
            14.350925,
            48.280318,
            252.53
          ],
          [
            14.351585,
            48.27981,
            252.32
          ],
          [
            14.35192,
            48.279574,
            252.24
          ],
          [
            14.352355,
            48.279284,
            252.27
          ],
          [
            14.353416999999999,
            48.278607,
            252.55
          ],
          [
            14.354152,
            48.278168,
            252.48
          ],
          [
            14.354845,
            48.277775999999996,
            252.44
          ],
          [
            14.355424999999999,
            48.27746,
            252.39
          ],
          [
            14.356366999999999,
            48.276979,
            252.74
          ],
          [
            14.356796,
            48.276767,
            252.13
          ],
          [
            14.357723,
            48.276332,
            252.28
          ],
          [
            14.358753,
            48.275881,
            252.14
          ],
          [
            14.359359,
            48.275631999999995,
            252.1
          ],
          [
            14.359606999999999,
            48.275566999999995,
            252.06
          ],
          [
            14.360088999999999,
            48.275496,
            252.12
          ],
          [
            14.360271,
            48.275448,
            252.17
          ],
          [
            14.360526,
            48.275348,
            252.18
          ],
          [
            14.360935,
            48.275165,
            252.02
          ],
          [
            14.362276999999999,
            48.274634999999996,
            252.28
          ],
          [
            14.363634999999999,
            48.274125999999995,
            252.49
          ],
          [
            14.364550999999999,
            48.273809,
            252.28
          ],
          [
            14.365444,
            48.273523,
            252.22
          ],
          [
            14.366038,
            48.273343,
            252.2
          ],
          [
            14.367187,
            48.273030999999996,
            252.25
          ],
          [
            14.367783999999999,
            48.272892,
            252.38
          ],
          [
            14.368539,
            48.272731,
            252.15
          ],
          [
            14.369237,
            48.272603,
            252.3
          ],
          [
            14.369883999999999,
            48.272501,
            252.1
          ],
          [
            14.370427999999999,
            48.272428,
            252.13
          ],
          [
            14.371459999999999,
            48.272304999999996,
            252.12
          ],
          [
            14.372041999999999,
            48.272242999999996,
            252.16
          ],
          [
            14.372817,
            48.272175,
            251.96
          ],
          [
            14.373377999999999,
            48.27211,
            251.71
          ],
          [
            14.373909,
            48.272037,
            251.74
          ],
          [
            14.374381999999999,
            48.271961999999995,
            251.81
          ],
          [
            14.374806999999999,
            48.271885,
            251.99
          ],
          [
            14.375715,
            48.271704,
            252.31
          ],
          [
            14.375926999999999,
            48.271674,
            252.27
          ],
          [
            14.376348,
            48.271645,
            252.11
          ],
          [
            14.376543,
            48.271619,
            252.02
          ],
          [
            14.376812999999999,
            48.271569,
            251.85
          ],
          [
            14.378295,
            48.271225,
            251.07
          ],
          [
            14.380467,
            48.270703,
            251.62
          ],
          [
            14.381236999999999,
            48.270508,
            252.31
          ],
          [
            14.381324,
            48.270514,
            252.05
          ],
          [
            14.381978,
            48.270779999999995,
            249.97
          ],
          [
            14.382334,
            48.270900999999995,
            250.35
          ],
          [
            14.382553999999999,
            48.270953,
            250.43
          ],
          [
            14.382765,
            48.270979,
            250.41
          ],
          [
            14.382931999999998,
            48.270959,
            250.37
          ],
          [
            14.383068,
            48.270907,
            250.44
          ],
          [
            14.38445,
            48.270455,
            250.43
          ],
          [
            14.384637,
            48.270376,
            250.49
          ],
          [
            14.384803,
            48.270285,
            250.59
          ],
          [
            14.384953,
            48.270179999999996,
            250.68
          ],
          [
            14.385057999999999,
            48.270049,
            250.71
          ],
          [
            14.385126,
            48.269912999999995,
            251.03
          ],
          [
            14.385335,
            48.269419,
            251.04
          ],
          [
            14.385330999999999,
            48.269362,
            251.14
          ],
          [
            14.385283999999999,
            48.269296999999995,
            251.51
          ],
          [
            14.385145,
            48.269166999999996,
            252
          ],
          [
            14.385905999999999,
            48.268755999999996,
            251.21
          ],
          [
            14.386451,
            48.268423,
            251.31
          ],
          [
            14.386999999999999,
            48.268046,
            251.33
          ],
          [
            14.387509999999999,
            48.267652999999996,
            251.3
          ],
          [
            14.388741999999999,
            48.266597,
            251.52
          ],
          [
            14.389709,
            48.265825,
            251.62
          ],
          [
            14.390215,
            48.265445,
            251.6
          ],
          [
            14.390839,
            48.264993999999994,
            251.62
          ],
          [
            14.39158,
            48.264485,
            251.69
          ],
          [
            14.392494,
            48.263892999999996,
            251.77
          ],
          [
            14.39326,
            48.263419999999996,
            251.54
          ],
          [
            14.393723999999999,
            48.263144999999994,
            251.41
          ],
          [
            14.395277,
            48.262301,
            251.53
          ],
          [
            14.396047,
            48.261903,
            251.27
          ],
          [
            14.397452999999999,
            48.261227999999996,
            250.83
          ],
          [
            14.397976,
            48.260959,
            250.92
          ],
          [
            14.39876,
            48.260532,
            251.19
          ],
          [
            14.399598,
            48.260117,
            251.15
          ],
          [
            14.400366,
            48.259772999999996,
            251.26
          ],
          [
            14.401135,
            48.259454999999996,
            251.45
          ],
          [
            14.401824999999999,
            48.259198,
            251.32
          ],
          [
            14.402547,
            48.258958,
            251.02
          ],
          [
            14.403115999999999,
            48.258787999999996,
            250.97
          ],
          [
            14.403830999999998,
            48.258587999999996,
            251.03
          ],
          [
            14.404553,
            48.258410999999995,
            250.96
          ],
          [
            14.405660999999998,
            48.258174999999994,
            250.9
          ],
          [
            14.406115999999999,
            48.258092999999995,
            251.72
          ],
          [
            14.407178,
            48.257929999999995,
            251.22
          ],
          [
            14.408005999999999,
            48.257827999999996,
            251.27
          ],
          [
            14.411387999999999,
            48.257504999999995,
            251.63
          ],
          [
            14.412353,
            48.257425999999995,
            251.69
          ],
          [
            14.412799,
            48.257379,
            251.59
          ],
          [
            14.413449,
            48.257298,
            251.6
          ],
          [
            14.414076999999999,
            48.257208,
            251.64
          ],
          [
            14.415206,
            48.257025,
            251.76
          ],
          [
            14.415991,
            48.256878,
            251.76
          ],
          [
            14.416544,
            48.25676,
            251.77
          ],
          [
            14.417769999999999,
            48.256473,
            251.84
          ],
          [
            14.418968,
            48.256146,
            251.87
          ],
          [
            14.420347999999999,
            48.255711999999995,
            251.91
          ],
          [
            14.420884,
            48.255524,
            251.97
          ],
          [
            14.421472999999999,
            48.255305,
            252
          ],
          [
            14.421619999999999,
            48.255375,
            252
          ],
          [
            14.421681999999999,
            48.255454,
            252
          ],
          [
            14.421593999999999,
            48.255586,
            252
          ],
          [
            14.421453,
            48.255849999999995,
            252
          ],
          [
            14.421415,
            48.255973999999995,
            252
          ],
          [
            14.421387999999999,
            48.256108999999995,
            252
          ],
          [
            14.421382,
            48.256392,
            251.98
          ],
          [
            14.421399,
            48.25654,
            251.85
          ],
          [
            14.421431,
            48.256665,
            251.65
          ],
          [
            14.421562999999999,
            48.25696,
            251.3
          ],
          [
            14.421816999999999,
            48.257315,
            249.24
          ],
          [
            14.422597,
            48.258348,
            251
          ],
          [
            14.422668999999999,
            48.258328,
            250.79
          ],
          [
            14.422711,
            48.258294,
            250.3
          ],
          [
            14.42277,
            48.258218,
            249.54
          ],
          [
            14.422816,
            48.258204,
            249.3
          ],
          [
            14.422853,
            48.258209,
            249.32
          ],
          [
            14.422889,
            48.258227999999995,
            249.55
          ],
          [
            14.422905,
            48.258302,
            250.22
          ],
          [
            14.422920999999999,
            48.258326,
            250.42
          ],
          [
            14.42305,
            48.258421,
            250.33
          ],
          [
            14.423121,
            48.258435,
            250.56
          ],
          [
            14.423378,
            48.258376999999996,
            251.06
          ],
          [
            14.423452,
            48.258387,
            251.09
          ],
          [
            14.423506,
            48.25834,
            250.6
          ],
          [
            14.423591,
            48.258286999999996,
            250.43
          ],
          [
            14.423701999999999,
            48.258247999999995,
            250.1
          ],
          [
            14.423993999999999,
            48.258182,
            249.63
          ],
          [
            14.424138,
            48.258171,
            249.53
          ],
          [
            14.424282,
            48.258173,
            249.37
          ],
          [
            14.42474,
            48.258215,
            248.8
          ],
          [
            14.425194999999999,
            48.258289,
            248.24
          ],
          [
            14.425429999999999,
            48.258314,
            247.93
          ],
          [
            14.425611,
            48.258312,
            247.75
          ],
          [
            14.426200999999999,
            48.258337,
            247.08
          ],
          [
            14.426466,
            48.258356,
            247.16
          ],
          [
            14.426658,
            48.258378,
            247.28
          ],
          [
            14.426905999999999,
            48.258416999999994,
            247.24
          ],
          [
            14.427942999999999,
            48.258662,
            247.07
          ],
          [
            14.428161,
            48.258722,
            247.02
          ],
          [
            14.428395,
            48.258797,
            247.01
          ],
          [
            14.428619,
            48.258888,
            247.01
          ],
          [
            14.429129,
            48.259132,
            247.03
          ],
          [
            14.429405,
            48.259276,
            247.04
          ],
          [
            14.429789,
            48.259516999999995,
            247.18
          ],
          [
            14.43028,
            48.259854999999995,
            247.07
          ],
          [
            14.430389,
            48.259913,
            247.04
          ],
          [
            14.430824,
            48.260099,
            247.01
          ],
          [
            14.430983999999999,
            48.260157,
            247
          ],
          [
            14.431336,
            48.260262999999995,
            247
          ],
          [
            14.431871,
            48.260448,
            247
          ],
          [
            14.43216,
            48.26057,
            246.91
          ],
          [
            14.432853999999999,
            48.260915999999995,
            247
          ],
          [
            14.43351,
            48.261292999999995,
            246.77
          ],
          [
            14.434254,
            48.261646,
            246.93
          ],
          [
            14.434469,
            48.261776,
            246.91
          ],
          [
            14.43506,
            48.262167999999996,
            246.61
          ],
          [
            14.435421999999999,
            48.262381999999995,
            246.57
          ],
          [
            14.435886,
            48.262614,
            246.5
          ],
          [
            14.436219999999999,
            48.262764,
            246.52
          ],
          [
            14.436613999999999,
            48.262918,
            246.57
          ],
          [
            14.436812999999999,
            48.262986,
            246.75
          ],
          [
            14.436966,
            48.263017,
            246.85
          ],
          [
            14.437434999999999,
            48.263071,
            247.06
          ],
          [
            14.437745999999999,
            48.263092,
            247.02
          ],
          [
            14.437887,
            48.263124999999995,
            247
          ],
          [
            14.438037999999999,
            48.263186999999995,
            247
          ],
          [
            14.438244,
            48.263295,
            247
          ],
          [
            14.438396,
            48.263391,
            247
          ],
          [
            14.438507,
            48.263490999999995,
            247
          ],
          [
            14.438599,
            48.263591999999996,
            247
          ],
          [
            14.438941999999999,
            48.264010999999996,
            249.65
          ],
          [
            14.439150999999999,
            48.264351999999995,
            251.42
          ],
          [
            14.439288,
            48.264528999999996,
            252.44
          ],
          [
            14.441488,
            48.264894999999996,
            252.19
          ],
          [
            14.442020999999999,
            48.265003,
            252.17
          ],
          [
            14.442174999999999,
            48.265054,
            252.23
          ],
          [
            14.442355,
            48.265144,
            252.52
          ],
          [
            14.443007999999999,
            48.265257,
            252.08
          ],
          [
            14.443318999999999,
            48.265318,
            252.23
          ],
          [
            14.444123999999999,
            48.265529,
            252.04
          ],
          [
            14.445141999999999,
            48.265768,
            252.9
          ],
          [
            14.445438999999999,
            48.265792999999995,
            252.71
          ],
          [
            14.445917999999999,
            48.265806999999995,
            252.78
          ],
          [
            14.446069,
            48.265819,
            252.81
          ],
          [
            14.446183,
            48.265837999999995,
            252.74
          ],
          [
            14.446254,
            48.265859,
            252.56
          ],
          [
            14.44641,
            48.265941999999995,
            252.52
          ],
          [
            14.446629,
            48.266148,
            253.06
          ],
          [
            14.446731999999999,
            48.266123,
            252.77
          ],
          [
            14.4468,
            48.266117,
            252.54
          ],
          [
            14.448136,
            48.266248999999995,
            249.53
          ],
          [
            14.448599999999999,
            48.266259,
            249.09
          ],
          [
            14.448834999999999,
            48.266248,
            248.9
          ],
          [
            14.449081999999999,
            48.266217,
            248.76
          ],
          [
            14.449314999999999,
            48.266174,
            249.19
          ],
          [
            14.44975,
            48.26605,
            247.5
          ],
          [
            14.450607,
            48.265741,
            247.19
          ],
          [
            14.450624999999999,
            48.265693,
            247.25
          ],
          [
            14.450743999999998,
            48.265708,
            247.68
          ],
          [
            14.451614999999999,
            48.265820999999995,
            248.7
          ],
          [
            14.451937,
            48.26587,
            249.05
          ],
          [
            14.452492999999999,
            48.265989999999995,
            251.39
          ],
          [
            14.452878,
            48.266031,
            251.94
          ],
          [
            14.453031,
            48.266037999999995,
            252
          ],
          [
            14.453306999999999,
            48.26603,
            252
          ],
          [
            14.453422,
            48.265989999999995,
            252.33
          ],
          [
            14.453543,
            48.265921999999996,
            252.73
          ],
          [
            14.453562999999999,
            48.265882999999995,
            252.83
          ],
          [
            14.453494,
            48.265647,
            252.55
          ],
          [
            14.453451999999999,
            48.26546,
            252.39
          ],
          [
            14.453458,
            48.265253,
            252.29
          ],
          [
            14.453477999999999,
            48.265127,
            252.2
          ],
          [
            14.453515,
            48.264998,
            252.2
          ],
          [
            14.45366,
            48.264741,
            252.01
          ],
          [
            14.454293,
            48.263982999999996,
            252
          ],
          [
            14.455354,
            48.262595,
            250.41
          ],
          [
            14.455864,
            48.261872,
            251.35
          ],
          [
            14.455879999999999,
            48.261803,
            250.71
          ],
          [
            14.455922,
            48.261699,
            250.3
          ],
          [
            14.456033999999999,
            48.261486999999995,
            250
          ],
          [
            14.456226,
            48.261171,
            249.06
          ],
          [
            14.456328,
            48.260953,
            248.49
          ],
          [
            14.456330999999999,
            48.260830999999996,
            248.18
          ],
          [
            14.456306999999999,
            48.260732,
            247.95
          ],
          [
            14.456304,
            48.260663,
            247.82
          ],
          [
            14.456308,
            48.260599,
            247.63
          ],
          [
            14.456356,
            48.260441,
            247.05
          ],
          [
            14.456392999999998,
            48.260373,
            246.94
          ],
          [
            14.456501,
            48.260253999999996,
            246.8
          ],
          [
            14.456577999999999,
            48.260193,
            246.82
          ],
          [
            14.456757,
            48.260092,
            247.54
          ],
          [
            14.45693,
            48.260006999999995,
            247.99
          ],
          [
            14.457118,
            48.259941999999995,
            247.6
          ],
          [
            14.457718999999999,
            48.259786999999996,
            248.24
          ],
          [
            14.457999,
            48.259688,
            247.97
          ],
          [
            14.458067999999999,
            48.25965,
            247.96
          ],
          [
            14.458117,
            48.259609,
            247.94
          ],
          [
            14.458159,
            48.259563,
            247.9
          ],
          [
            14.458264,
            48.259392999999996,
            247.72
          ],
          [
            14.458314999999999,
            48.259344,
            247.64
          ],
          [
            14.458371,
            48.259305,
            247.56
          ],
          [
            14.458457,
            48.259266,
            247.47
          ],
          [
            14.458769,
            48.259153999999995,
            246.92
          ],
          [
            14.459228999999999,
            48.259023,
            246.87
          ],
          [
            14.459897,
            48.258851,
            248.14
          ],
          [
            14.461450999999999,
            48.258044999999996,
            247.75
          ],
          [
            14.461438999999999,
            48.257993,
            247.61
          ],
          [
            14.461466,
            48.257956,
            247.56
          ],
          [
            14.462138,
            48.257414999999995,
            247.89
          ],
          [
            14.462283999999999,
            48.257287,
            248.02
          ],
          [
            14.462359,
            48.257208999999996,
            248.14
          ],
          [
            14.462643,
            48.256685,
            247.85
          ],
          [
            14.462776999999999,
            48.256501,
            247.45
          ],
          [
            14.462943999999998,
            48.256305999999995,
            247.04
          ],
          [
            14.463090999999999,
            48.256156,
            246.98
          ],
          [
            14.463275,
            48.256046999999995,
            246.9
          ],
          [
            14.463671999999999,
            48.255907,
            246.79
          ],
          [
            14.463804,
            48.25591,
            246.89
          ],
          [
            14.46421,
            48.25584,
            247
          ],
          [
            14.464746,
            48.255708999999996,
            247
          ],
          [
            14.464846,
            48.255683,
            247
          ],
          [
            14.465081999999999,
            48.25559,
            246.94
          ],
          [
            14.465323,
            48.255514,
            246.89
          ],
          [
            14.467374999999999,
            48.255044,
            247
          ],
          [
            14.467920999999999,
            48.254878,
            247.31
          ],
          [
            14.468351,
            48.254723999999996,
            247.54
          ],
          [
            14.468675999999999,
            48.254591,
            247.78
          ],
          [
            14.469038,
            48.254411999999995,
            248.01
          ],
          [
            14.470006,
            48.253828999999996,
            247.98
          ],
          [
            14.470448999999999,
            48.253603,
            247.88
          ],
          [
            14.470633999999999,
            48.253527999999996,
            247.88
          ],
          [
            14.470721999999999,
            48.253478,
            247.86
          ],
          [
            14.470771,
            48.253432,
            247.84
          ],
          [
            14.470797,
            48.253384999999994,
            247.86
          ],
          [
            14.470801,
            48.253330999999996,
            247.88
          ],
          [
            14.470789,
            48.253265999999996,
            247.84
          ],
          [
            14.470893,
            48.253236,
            247.85
          ],
          [
            14.471039999999999,
            48.253197,
            247.4
          ],
          [
            14.471286,
            48.253242,
            247.56
          ],
          [
            14.471359,
            48.253274999999995,
            247.77
          ],
          [
            14.471803,
            48.253172,
            248.85
          ],
          [
            14.472043,
            48.253130999999996,
            249.2
          ],
          [
            14.472707,
            48.253052,
            249.87
          ],
          [
            14.473018999999999,
            48.253007,
            249.82
          ],
          [
            14.473301,
            48.252949,
            249.96
          ],
          [
            14.473787999999999,
            48.252835999999995,
            250
          ],
          [
            14.47552,
            48.252407999999996,
            249.04
          ],
          [
            14.475864999999999,
            48.252333,
            249.6
          ],
          [
            14.477665,
            48.252001,
            249.02
          ],
          [
            14.477796,
            48.251987,
            249
          ],
          [
            14.47787,
            48.251988,
            249
          ],
          [
            14.478012,
            48.251981,
            249
          ],
          [
            14.478105,
            48.25196,
            249
          ],
          [
            14.478375,
            48.251858,
            249
          ],
          [
            14.478665,
            48.251787,
            249
          ],
          [
            14.479388,
            48.251633,
            248
          ],
          [
            14.479951999999999,
            48.251537,
            247.61
          ],
          [
            14.481081999999999,
            48.251357999999996,
            246.89
          ],
          [
            14.482697,
            48.251118,
            247.06
          ],
          [
            14.483091,
            48.251034999999995,
            247.49
          ],
          [
            14.483798,
            48.250862999999995,
            247.18
          ],
          [
            14.483993,
            48.250844,
            247.42
          ],
          [
            14.484119,
            48.250808,
            247.66
          ],
          [
            14.484326,
            48.250709,
            247.36
          ],
          [
            14.486085,
            48.250161,
            248.74
          ],
          [
            14.486443999999999,
            48.250032999999995,
            249.2
          ],
          [
            14.486687,
            48.2499,
            249.76
          ],
          [
            14.486906,
            48.249750999999996,
            250.05
          ],
          [
            14.487124999999999,
            48.249573,
            250.26
          ],
          [
            14.487713,
            48.248978,
            252.78
          ],
          [
            14.487959,
            48.248804,
            253.42
          ],
          [
            14.488092,
            48.248729,
            253.67
          ],
          [
            14.488211999999999,
            48.248678999999996,
            253.85
          ],
          [
            14.488373999999999,
            48.248635,
            253.96
          ],
          [
            14.488567,
            48.24861,
            254.38
          ],
          [
            14.488773,
            48.248602999999996,
            254.55
          ],
          [
            14.488964,
            48.248622,
            254.29
          ],
          [
            14.489080999999999,
            48.248643,
            254.43
          ],
          [
            14.489243,
            48.248692,
            254.01
          ],
          [
            14.489398,
            48.248760999999995,
            252.84
          ],
          [
            14.489606,
            48.248906999999996,
            250.83
          ],
          [
            14.489716999999999,
            48.248998,
            249.5
          ],
          [
            14.490138,
            48.249382,
            247.86
          ],
          [
            14.490229,
            48.249446,
            247.52
          ],
          [
            14.490342,
            48.249505,
            247.06
          ],
          [
            14.490426999999999,
            48.249533,
            246.43
          ],
          [
            14.490559,
            48.249556,
            245.41
          ],
          [
            14.490654,
            48.249558,
            245.48
          ],
          [
            14.490753,
            48.249548999999995,
            245.55
          ],
          [
            14.490853,
            48.249528999999995,
            245.89
          ],
          [
            14.490953999999999,
            48.249491,
            246.56
          ],
          [
            14.491047,
            48.249441,
            247.29
          ],
          [
            14.491985,
            48.248749,
            248.57
          ],
          [
            14.492279,
            48.24856,
            248.4
          ],
          [
            14.49254,
            48.248414,
            247.93
          ],
          [
            14.493091999999999,
            48.248135,
            249.44
          ],
          [
            14.493234999999999,
            48.248073999999995,
            249.74
          ],
          [
            14.493367999999998,
            48.248028999999995,
            250.02
          ],
          [
            14.493514999999999,
            48.247994,
            250.28
          ],
          [
            14.493656,
            48.247977999999996,
            250.48
          ],
          [
            14.493801,
            48.247971,
            250.64
          ],
          [
            14.494024999999999,
            48.247972999999995,
            250.94
          ],
          [
            14.494257999999999,
            48.247985,
            251.33
          ],
          [
            14.495299999999999,
            48.248082,
            253.73
          ],
          [
            14.495432999999998,
            48.248086,
            254.27
          ],
          [
            14.495728999999999,
            48.248076999999995,
            255.12
          ],
          [
            14.496748,
            48.247958,
            256.34
          ],
          [
            14.496974999999999,
            48.247918,
            256.13
          ],
          [
            14.49725,
            48.247851,
            255.7
          ],
          [
            14.497653999999999,
            48.247716999999994,
            255.05
          ],
          [
            14.497831999999999,
            48.247644,
            255.09
          ],
          [
            14.498059999999999,
            48.247532,
            254.67
          ],
          [
            14.498935,
            48.247015999999995,
            253
          ],
          [
            14.499127,
            48.246916999999996,
            252.54
          ],
          [
            14.499291,
            48.246854,
            251.23
          ],
          [
            14.499459,
            48.246807,
            250.16
          ],
          [
            14.499645999999998,
            48.246776999999994,
            249.43
          ],
          [
            14.500005,
            48.246756999999995,
            248.36
          ],
          [
            14.501035,
            48.246764,
            250.82
          ],
          [
            14.501258,
            48.246784,
            250.65
          ],
          [
            14.501488,
            48.246815999999995,
            250.4
          ],
          [
            14.502303,
            48.247004999999994,
            248.93
          ],
          [
            14.502747,
            48.247096,
            248.5
          ],
          [
            14.503093,
            48.247136,
            248.41
          ],
          [
            14.503495,
            48.247161,
            247.97
          ],
          [
            14.50385,
            48.247166,
            247.68
          ],
          [
            14.504119,
            48.247153999999995,
            247.26
          ],
          [
            14.504563,
            48.24707,
            246.83
          ],
          [
            14.504997999999999,
            48.246956,
            246.95
          ],
          [
            14.505695999999999,
            48.246795,
            246.46
          ],
          [
            14.506234,
            48.246648,
            245.97
          ],
          [
            14.505298,
            48.245228999999995,
            246.13
          ],
          [
            14.505272999999999,
            48.245162,
            246.4
          ],
          [
            14.505484,
            48.245127,
            245.8
          ],
          [
            14.505711999999999,
            48.245070999999996,
            245.89
          ],
          [
            14.506312999999999,
            48.244903,
            245.9
          ],
          [
            14.506533999999998,
            48.244831,
            246
          ],
          [
            14.506825,
            48.244703,
            246.5
          ],
          [
            14.506898999999999,
            48.244622,
            246.45
          ],
          [
            14.507454,
            48.244389999999996,
            245.83
          ],
          [
            14.507529,
            48.244385,
            245.79
          ],
          [
            14.507717999999999,
            48.244291,
            245.88
          ],
          [
            14.507774999999999,
            48.244212999999995,
            245.81
          ],
          [
            14.507838,
            48.244178999999995,
            245.73
          ],
          [
            14.511526,
            48.242374999999996,
            243.89
          ],
          [
            14.511909,
            48.242197999999995,
            243.76
          ],
          [
            14.512041,
            48.242169,
            243.9
          ],
          [
            14.512457999999999,
            48.241986,
            244.52
          ],
          [
            14.513017999999999,
            48.241802,
            244.38
          ],
          [
            14.513860999999999,
            48.241541999999995,
            244
          ],
          [
            14.51403,
            48.241513999999995,
            243.85
          ],
          [
            14.514173,
            48.241457,
            243.5
          ],
          [
            14.514602,
            48.241184999999994,
            243.58
          ],
          [
            14.514963,
            48.240936,
            243.56
          ],
          [
            14.515163,
            48.24082,
            243.57
          ],
          [
            14.515329999999999,
            48.240749,
            243.61
          ],
          [
            14.515514,
            48.240693,
            243.59
          ],
          [
            14.515604999999999,
            48.240656,
            243.56
          ],
          [
            14.515735,
            48.240559,
            243.66
          ],
          [
            14.515846,
            48.240449,
            243.55
          ],
          [
            14.516027999999999,
            48.240333,
            243.21
          ],
          [
            14.516131,
            48.240293,
            243.05
          ],
          [
            14.516770999999999,
            48.240116,
            243.78
          ],
          [
            14.518099999999999,
            48.239764,
            243.52
          ],
          [
            14.518256,
            48.239751999999996,
            243.6
          ],
          [
            14.518391999999999,
            48.239760999999994,
            243.82
          ],
          [
            14.518583999999999,
            48.239754999999995,
            244.27
          ],
          [
            14.518623,
            48.239695,
            243.94
          ],
          [
            14.518612,
            48.239644,
            243.76
          ],
          [
            14.518628,
            48.239608999999994,
            243.66
          ],
          [
            14.518716999999999,
            48.239571,
            243.47
          ],
          [
            14.518806,
            48.239551,
            243.39
          ],
          [
            14.518756,
            48.239416,
            242.7
          ],
          [
            14.519807,
            48.239252,
            242.38
          ],
          [
            14.520285,
            48.239207,
            242.51
          ],
          [
            14.520833,
            48.239179,
            242.73
          ],
          [
            14.521381,
            48.239162,
            242.9
          ],
          [
            14.524614,
            48.239132,
            242.68
          ],
          [
            14.525595,
            48.239145,
            242.77
          ],
          [
            14.526062999999999,
            48.239159,
            242.89
          ],
          [
            14.529831,
            48.239152,
            243.71
          ],
          [
            14.530826,
            48.239121999999995,
            243.39
          ],
          [
            14.531391,
            48.239118,
            243.3
          ],
          [
            14.531894,
            48.239123,
            243.79
          ],
          [
            14.532575,
            48.23909,
            243.8
          ],
          [
            14.533704,
            48.239014999999995,
            244.06
          ],
          [
            14.534125999999999,
            48.238952999999995,
            244.31
          ],
          [
            14.534822,
            48.238876,
            245.4
          ],
          [
            14.536287999999999,
            48.238628,
            244.97
          ],
          [
            14.536919999999999,
            48.238532,
            244.94
          ],
          [
            14.537381,
            48.238479999999996,
            244.9
          ],
          [
            14.537787,
            48.238448999999996,
            246
          ],
          [
            14.537816999999999,
            48.238408,
            246
          ],
          [
            14.537868,
            48.238368,
            245.99
          ],
          [
            14.538086,
            48.238310999999996,
            245.42
          ],
          [
            14.538844999999998,
            48.238138,
            244.68
          ],
          [
            14.539366999999999,
            48.238004,
            244.9
          ],
          [
            14.541708999999999,
            48.237353,
            243.08
          ],
          [
            14.541860999999999,
            48.237317999999995,
            243.55
          ],
          [
            14.543258,
            48.237105,
            242.81
          ],
          [
            14.543984,
            48.237156999999996,
            244.08
          ],
          [
            14.544125999999999,
            48.237155,
            244.21
          ],
          [
            14.544557999999999,
            48.237117,
            243.76
          ],
          [
            14.546448999999999,
            48.23683,
            243.02
          ],
          [
            14.546572999999999,
            48.236824,
            242.98
          ],
          [
            14.546705999999999,
            48.236827999999996,
            242.83
          ],
          [
            14.546814999999999,
            48.236852999999996,
            242.66
          ],
          [
            14.547096999999999,
            48.237002999999994,
            242.16
          ],
          [
            14.547205,
            48.237037,
            242.11
          ],
          [
            14.547329999999999,
            48.237066,
            242.04
          ],
          [
            14.548463,
            48.237185,
            242.73
          ],
          [
            14.548746999999999,
            48.237195,
            242.8
          ],
          [
            14.549021,
            48.237192,
            242.83
          ],
          [
            14.549208,
            48.237179999999995,
            242.85
          ],
          [
            14.551787,
            48.236998,
            242.56
          ],
          [
            14.553598,
            48.237004,
            243.21
          ],
          [
            14.553901,
            48.237013,
            243.07
          ],
          [
            14.554202,
            48.237032,
            242.63
          ],
          [
            14.555057999999999,
            48.237099,
            243.02
          ],
          [
            14.555444999999999,
            48.237142,
            243.13
          ],
          [
            14.55571,
            48.237179999999995,
            243.51
          ],
          [
            14.556026999999998,
            48.237244,
            243.51
          ],
          [
            14.556239,
            48.237317999999995,
            243.25
          ],
          [
            14.556343,
            48.237368,
            243.12
          ],
          [
            14.556443999999999,
            48.237429,
            243.02
          ],
          [
            14.556880999999999,
            48.237832,
            242.4
          ],
          [
            14.557005,
            48.237905,
            242.28
          ],
          [
            14.55715,
            48.237972,
            242.18
          ],
          [
            14.557582,
            48.23813,
            242.03
          ],
          [
            14.557993999999999,
            48.238268999999995,
            242
          ],
          [
            14.558328,
            48.238372,
            242
          ],
          [
            14.558615999999999,
            48.238425,
            242
          ],
          [
            14.558912999999999,
            48.238467,
            242
          ],
          [
            14.560008,
            48.238586999999995,
            241.96
          ],
          [
            14.560478999999999,
            48.238648,
            241.85
          ],
          [
            14.560951999999999,
            48.23872,
            241.75
          ],
          [
            14.561364999999999,
            48.238758,
            241.65
          ],
          [
            14.561739999999999,
            48.238769999999995,
            241.56
          ],
          [
            14.562178999999999,
            48.238766,
            241.52
          ],
          [
            14.562531,
            48.238746,
            241.59
          ],
          [
            14.562878,
            48.238716,
            241.65
          ],
          [
            14.563445999999999,
            48.238626,
            241.9
          ],
          [
            14.563695,
            48.238594,
            241.94
          ],
          [
            14.563778999999998,
            48.238592,
            241.93
          ],
          [
            14.564053,
            48.238585,
            242.26
          ],
          [
            14.564179999999999,
            48.238544999999995,
            242.21
          ],
          [
            14.564798999999999,
            48.238217,
            242.69
          ],
          [
            14.565423,
            48.237839,
            243.43
          ],
          [
            14.565954999999999,
            48.237531,
            244.35
          ],
          [
            14.566006,
            48.237483999999995,
            244.54
          ],
          [
            14.566118,
            48.237356,
            244.92
          ],
          [
            14.566174,
            48.237325999999996,
            244.23
          ],
          [
            14.566787999999999,
            48.237012,
            243.81
          ],
          [
            14.566835999999999,
            48.236987,
            244.24
          ],
          [
            14.566602999999999,
            48.236796999999996,
            243.09
          ],
          [
            14.566218,
            48.23641,
            242.84
          ],
          [
            14.565990999999999,
            48.236132,
            243.04
          ],
          [
            14.565624,
            48.235636,
            242.97
          ],
          [
            14.565425999999999,
            48.235313,
            242.75
          ],
          [
            14.565209999999999,
            48.234874999999995,
            243.03
          ],
          [
            14.565014,
            48.234401999999996,
            243.15
          ],
          [
            14.564858,
            48.233792,
            243.09
          ],
          [
            14.564803999999999,
            48.233337999999996,
            242.73
          ],
          [
            14.564822,
            48.233084,
            242.81
          ],
          [
            14.564846,
            48.232883,
            242.87
          ],
          [
            14.564895,
            48.23267,
            242.74
          ],
          [
            14.564971,
            48.232423999999995,
            242.6
          ],
          [
            14.565126999999999,
            48.232082999999996,
            242.52
          ],
          [
            14.565403,
            48.231673,
            242.23
          ],
          [
            14.565747,
            48.231277999999996,
            242.45
          ],
          [
            14.566053,
            48.231037,
            242.54
          ],
          [
            14.566386,
            48.230844,
            242.77
          ],
          [
            14.566787999999999,
            48.230669999999996,
            242.9
          ],
          [
            14.567198999999999,
            48.230553,
            242.8
          ],
          [
            14.568465999999999,
            48.230256,
            243.04
          ],
          [
            14.569808,
            48.229923,
            243.06
          ],
          [
            14.572044,
            48.22933,
            243.17
          ],
          [
            14.573499,
            48.228905999999995,
            242.88
          ],
          [
            14.574990999999999,
            48.228438999999995,
            241.61
          ],
          [
            14.577012999999999,
            48.227759999999996,
            243.41
          ],
          [
            14.578012,
            48.227411,
            241.72
          ],
          [
            14.578209,
            48.227353,
            241.82
          ],
          [
            14.578304,
            48.227365999999996,
            242.3
          ],
          [
            14.578463999999999,
            48.227435,
            242.87
          ],
          [
            14.579759999999998,
            48.228108999999996,
            243.74
          ],
          [
            14.579828,
            48.228128999999996,
            243.55
          ],
          [
            14.579972999999999,
            48.228133,
            243.56
          ],
          [
            14.580041999999999,
            48.228105,
            243.86
          ],
          [
            14.580212999999999,
            48.227976,
            243.37
          ],
          [
            14.581278999999999,
            48.227064,
            242.63
          ],
          [
            14.581977,
            48.226535,
            242.37
          ],
          [
            14.582284,
            48.226312,
            242.87
          ],
          [
            14.582908999999999,
            48.225894,
            242.8
          ],
          [
            14.584555,
            48.224917,
            242.6
          ],
          [
            14.585567,
            48.224340999999995,
            242.1
          ],
          [
            14.586751999999999,
            48.223697,
            242.33
          ],
          [
            14.587791999999999,
            48.223161,
            241.94
          ],
          [
            14.588709999999999,
            48.222676,
            241.7
          ],
          [
            14.589597,
            48.222142,
            241.84
          ],
          [
            14.589936,
            48.221905,
            242.06
          ],
          [
            14.590264999999999,
            48.221652999999996,
            242.28
          ],
          [
            14.590523999999998,
            48.221439,
            242.44
          ],
          [
            14.590857999999999,
            48.22114,
            242.49
          ],
          [
            14.591374,
            48.220642999999995,
            242.21
          ],
          [
            14.591883,
            48.220068999999995,
            242
          ],
          [
            14.592749999999999,
            48.21893,
            241.37
          ],
          [
            14.592848,
            48.21873,
            240.91
          ],
          [
            14.593039,
            48.218457,
            240.73
          ],
          [
            14.596445999999998,
            48.213961,
            240.58
          ],
          [
            14.596757,
            48.21362,
            240.52
          ],
          [
            14.597064,
            48.213352,
            240.51
          ],
          [
            14.597551,
            48.212964,
            240.41
          ],
          [
            14.597923,
            48.212607,
            240.35
          ],
          [
            14.598289,
            48.21215,
            240.42
          ],
          [
            14.598628,
            48.211655,
            240.39
          ],
          [
            14.598982,
            48.211222,
            240.29
          ],
          [
            14.600095,
            48.210145,
            240.21
          ],
          [
            14.6007,
            48.209447,
            240.3
          ],
          [
            14.602304,
            48.207457,
            240.45
          ],
          [
            14.603138999999999,
            48.206385,
            240.67
          ],
          [
            14.603195,
            48.206376,
            240.49
          ],
          [
            14.603470999999999,
            48.206455999999996,
            239.19
          ],
          [
            14.603563999999999,
            48.206444999999995,
            238.93
          ],
          [
            14.603674999999999,
            48.206374,
            238.99
          ],
          [
            14.603919999999999,
            48.206038,
            239
          ],
          [
            14.604369,
            48.205515999999996,
            238.98
          ],
          [
            14.604944999999999,
            48.204887,
            238.97
          ],
          [
            14.605528999999999,
            48.204316999999996,
            238.82
          ],
          [
            14.605813999999999,
            48.204069,
            238.76
          ],
          [
            14.606117,
            48.203832999999996,
            238.96
          ],
          [
            14.606171,
            48.203779999999995,
            239
          ],
          [
            14.606181999999999,
            48.203686999999995,
            239
          ],
          [
            14.606162,
            48.203244999999995,
            241.18
          ],
          [
            14.606252,
            48.203160999999994,
            240.8
          ],
          [
            14.607641,
            48.202054,
            240.34
          ],
          [
            14.609297999999999,
            48.20071,
            240.3
          ],
          [
            14.609933,
            48.200156,
            240.41
          ],
          [
            14.610140999999999,
            48.199932,
            240.46
          ],
          [
            14.610487,
            48.199518999999995,
            240.42
          ],
          [
            14.610557,
            48.199497,
            240.45
          ],
          [
            14.610693999999999,
            48.199493999999994,
            239.82
          ],
          [
            14.610674,
            48.199253,
            240.73
          ],
          [
            14.611139,
            48.198547999999995,
            240.36
          ],
          [
            14.611502999999999,
            48.198132,
            240.26
          ],
          [
            14.612231,
            48.197486,
            240.44
          ],
          [
            14.612625,
            48.197178,
            240.57
          ],
          [
            14.61305,
            48.196881999999995,
            240.49
          ],
          [
            14.613700999999999,
            48.196464999999996,
            240.41
          ],
          [
            14.614407,
            48.196070999999996,
            240.24
          ],
          [
            14.614939999999999,
            48.195795,
            240.43
          ],
          [
            14.615459,
            48.195558,
            240.62
          ],
          [
            14.618350999999999,
            48.194365999999995,
            240.1
          ],
          [
            14.619518999999999,
            48.193874,
            240.02
          ],
          [
            14.620365999999999,
            48.193501,
            239.43
          ],
          [
            14.621502999999999,
            48.192944,
            239.38
          ],
          [
            14.622866,
            48.192184,
            239.84
          ],
          [
            14.625556,
            48.19065,
            239.74
          ],
          [
            14.627175,
            48.189668999999995,
            240.07
          ],
          [
            14.628423,
            48.188857,
            240.04
          ],
          [
            14.629605999999999,
            48.188026,
            239.89
          ],
          [
            14.631101999999998,
            48.18689,
            239.73
          ],
          [
            14.631573999999999,
            48.186502,
            239.5
          ],
          [
            14.632624,
            48.185607999999995,
            239.6
          ],
          [
            14.633713,
            48.184604,
            240.31
          ],
          [
            14.635188999999999,
            48.183167999999995,
            240.02
          ],
          [
            14.636206999999999,
            48.182308,
            239.81
          ],
          [
            14.637274,
            48.181455,
            240.14
          ],
          [
            14.63908,
            48.180094,
            239.94
          ],
          [
            14.640293,
            48.179057,
            239.82
          ],
          [
            14.641117999999999,
            48.178444999999996,
            239.67
          ],
          [
            14.641988999999999,
            48.177881,
            239.61
          ],
          [
            14.642902999999999,
            48.177305999999994,
            239.61
          ],
          [
            14.643796,
            48.176766,
            239.66
          ],
          [
            14.645285,
            48.175905,
            239.47
          ],
          [
            14.647250999999999,
            48.174834,
            239.41
          ],
          [
            14.648496,
            48.174195,
            240.11
          ],
          [
            14.649713,
            48.173592,
            240.64
          ],
          [
            14.650953999999999,
            48.172999999999995,
            240.3
          ],
          [
            14.652624,
            48.172247999999996,
            240.39
          ],
          [
            14.654323,
            48.171518999999996,
            239.77
          ],
          [
            14.655489999999999,
            48.17104,
            240.13
          ],
          [
            14.65667,
            48.170576999999994,
            240.44
          ],
          [
            14.658059,
            48.170051,
            240.02
          ],
          [
            14.659492,
            48.169543999999995,
            239.55
          ],
          [
            14.660511,
            48.169201,
            239.99
          ],
          [
            14.661563999999998,
            48.168873,
            240.11
          ],
          [
            14.663056999999998,
            48.168459,
            239.64
          ],
          [
            14.664824,
            48.168045,
            240.92
          ],
          [
            14.666172999999999,
            48.167783,
            240.94
          ],
          [
            14.666729,
            48.167687,
            240.76
          ],
          [
            14.667812999999999,
            48.167517,
            240.71
          ],
          [
            14.668906,
            48.16737,
            240.64
          ],
          [
            14.669953,
            48.167252,
            240.69
          ],
          [
            14.671622999999999,
            48.167114999999995,
            240.57
          ],
          [
            14.673838,
            48.167013999999995,
            240.07
          ],
          [
            14.676005,
            48.167023,
            240.02
          ],
          [
            14.676998999999999,
            48.167057,
            240.18
          ],
          [
            14.678215,
            48.167125,
            240.59
          ],
          [
            14.679445,
            48.167235,
            240.72
          ],
          [
            14.680256,
            48.167317999999995,
            240.65
          ],
          [
            14.681299,
            48.167449,
            240.55
          ],
          [
            14.682338,
            48.167598999999996,
            240.45
          ],
          [
            14.683523,
            48.167794,
            240.65
          ],
          [
            14.685279,
            48.168141999999996,
            240.67
          ],
          [
            14.68544,
            48.16815,
            240.68
          ],
          [
            14.685599999999999,
            48.168126,
            240.7
          ],
          [
            14.685744999999999,
            48.168126,
            240.71
          ],
          [
            14.687704,
            48.16852,
            241.44
          ],
          [
            14.688058999999999,
            48.168637,
            241.9
          ],
          [
            14.689145,
            48.169019,
            240.76
          ],
          [
            14.690667999999999,
            48.169402,
            240.16
          ],
          [
            14.691422999999999,
            48.169644999999996,
            239.14
          ],
          [
            14.691879,
            48.169835,
            238.5
          ],
          [
            14.692843,
            48.170457,
            238
          ],
          [
            14.693085,
            48.170626999999996,
            238.1
          ],
          [
            14.693309,
            48.170764999999996,
            238.15
          ],
          [
            14.693560999999999,
            48.170902,
            238.22
          ],
          [
            14.693684999999999,
            48.17095,
            238.23
          ],
          [
            14.694158,
            48.171081,
            238.21
          ],
          [
            14.695262,
            48.171347,
            238.01
          ],
          [
            14.6954,
            48.171388,
            238
          ],
          [
            14.695452,
            48.171392,
            238
          ],
          [
            14.695482,
            48.171383999999996,
            238
          ],
          [
            14.695547,
            48.171349,
            238
          ],
          [
            14.695950999999999,
            48.171644,
            238
          ],
          [
            14.696736,
            48.172263,
            236.18
          ],
          [
            14.696950999999999,
            48.172422,
            235.68
          ],
          [
            14.697173,
            48.172543999999995,
            235.33
          ],
          [
            14.697405,
            48.172641,
            235.01
          ],
          [
            14.697652,
            48.172712,
            234.72
          ],
          [
            14.697894,
            48.172761,
            234.53
          ],
          [
            14.698182,
            48.17279,
            234.33
          ],
          [
            14.700807999999999,
            48.172875999999995,
            233.65
          ],
          [
            14.701447,
            48.172900999999996,
            233.53
          ],
          [
            14.701647999999999,
            48.172919,
            233.58
          ],
          [
            14.701856999999999,
            48.172956,
            233.56
          ],
          [
            14.702038,
            48.173007,
            233.55
          ],
          [
            14.702228999999999,
            48.173080999999996,
            233.56
          ],
          [
            14.702376,
            48.173153,
            233.62
          ],
          [
            14.702523,
            48.173241999999995,
            233.47
          ],
          [
            14.702639,
            48.173328999999995,
            233.51
          ],
          [
            14.702774999999999,
            48.173474,
            233.82
          ],
          [
            14.702862999999999,
            48.173606,
            233.69
          ],
          [
            14.702924,
            48.173728,
            233.32
          ],
          [
            14.702981999999999,
            48.173994,
            233.1
          ],
          [
            14.702993,
            48.174217,
            233.07
          ],
          [
            14.702976999999999,
            48.174471999999994,
            233.09
          ],
          [
            14.702897,
            48.174882,
            233.24
          ],
          [
            14.702883,
            48.175214999999994,
            233.62
          ],
          [
            14.702897,
            48.175287,
            233.56
          ],
          [
            14.702938999999999,
            48.175377,
            233.67
          ],
          [
            14.703009999999999,
            48.175491,
            233.91
          ],
          [
            14.703092,
            48.175588999999995,
            233.63
          ],
          [
            14.703218,
            48.175706999999996,
            233.44
          ],
          [
            14.703411,
            48.175838,
            232.81
          ],
          [
            14.703557,
            48.175922,
            233.06
          ],
          [
            14.703946,
            48.176106,
            233.69
          ],
          [
            14.704424,
            48.176288,
            233.27
          ],
          [
            14.704941,
            48.176471,
            232.97
          ],
          [
            14.705214,
            48.176581,
            232.95
          ],
          [
            14.705485,
            48.176713,
            232.95
          ],
          [
            14.705651999999999,
            48.176808,
            232.98
          ],
          [
            14.708435999999999,
            48.178608999999994,
            233.06
          ],
          [
            14.708787,
            48.178826,
            232.98
          ],
          [
            14.709126999999999,
            48.179005,
            232.94
          ],
          [
            14.709743,
            48.179272999999995,
            232.99
          ],
          [
            14.710754,
            48.17969,
            233.18
          ],
          [
            14.710999,
            48.179812,
            233.21
          ],
          [
            14.711253,
            48.179978,
            233.38
          ],
          [
            14.711326,
            48.180043,
            233.65
          ],
          [
            14.711502999999999,
            48.180237999999996,
            233.34
          ],
          [
            14.711782999999999,
            48.180595,
            233.92
          ],
          [
            14.712342999999999,
            48.181351,
            233.1
          ],
          [
            14.712518999999999,
            48.181625999999994,
            232.93
          ],
          [
            14.712627999999999,
            48.181808,
            233.56
          ],
          [
            14.712895,
            48.182334999999995,
            233.74
          ],
          [
            14.713104999999999,
            48.182821,
            233.34
          ],
          [
            14.713172,
            48.183029,
            232.74
          ],
          [
            14.713206,
            48.18318,
            232.75
          ],
          [
            14.713225999999999,
            48.183386,
            232.72
          ],
          [
            14.713194,
            48.183744,
            232.68
          ],
          [
            14.713115,
            48.184013,
            232.61
          ],
          [
            14.712935,
            48.184461,
            232.56
          ],
          [
            14.713208,
            48.184453999999995,
            232.44
          ],
          [
            14.713424999999999,
            48.184470999999995,
            232.24
          ],
          [
            14.714341999999998,
            48.184601,
            232.66
          ],
          [
            14.714787,
            48.184647999999996,
            234.81
          ],
          [
            14.718734999999999,
            48.184836,
            232.23
          ],
          [
            14.719078999999999,
            48.18487,
            232.43
          ],
          [
            14.720028,
            48.185021,
            232.99
          ],
          [
            14.719952,
            48.18521,
            232.61
          ],
          [
            14.719892,
            48.18541,
            232.42
          ],
          [
            14.719743,
            48.186187,
            232.2
          ],
          [
            14.719645,
            48.186557,
            232.14
          ],
          [
            14.719508999999999,
            48.186934,
            232.23
          ],
          [
            14.719365999999999,
            48.187228999999995,
            232.32
          ],
          [
            14.719092,
            48.187687,
            232.32
          ],
          [
            14.718744,
            48.188159999999996,
            232.1
          ],
          [
            14.718487,
            48.188441,
            231.84
          ],
          [
            14.717896,
            48.189023,
            232.67
          ],
          [
            14.719591,
            48.189813,
            234.15
          ],
          [
            14.71993,
            48.189966,
            234
          ],
          [
            14.720123,
            48.190044,
            233.92
          ],
          [
            14.720564999999999,
            48.190177999999996,
            234.08
          ],
          [
            14.721466999999999,
            48.190388999999996,
            234.8
          ],
          [
            14.721782999999999,
            48.190478999999996,
            234.2
          ],
          [
            14.723588999999999,
            48.191061999999995,
            234.96
          ],
          [
            14.723961,
            48.191190999999996,
            235.07
          ],
          [
            14.724425,
            48.191375,
            235.28
          ],
          [
            14.724703,
            48.191497,
            235.37
          ],
          [
            14.72651,
            48.192356,
            235.31
          ],
          [
            14.726778,
            48.192502999999995,
            236.38
          ],
          [
            14.726871,
            48.192513999999996,
            236.6
          ],
          [
            14.727089999999999,
            48.192564,
            236.52
          ],
          [
            14.728124,
            48.19287,
            233.84
          ],
          [
            14.728522,
            48.192966999999996,
            233.8
          ],
          [
            14.729631999999999,
            48.193203,
            233.68
          ],
          [
            14.730409,
            48.193352,
            233.43
          ],
          [
            14.730979,
            48.193435,
            233.39
          ],
          [
            14.731549,
            48.193501999999995,
            233.21
          ],
          [
            14.732102999999999,
            48.193546,
            233.36
          ],
          [
            14.732636,
            48.193574999999996,
            233.63
          ],
          [
            14.733148,
            48.193588,
            234
          ],
          [
            14.734148,
            48.193582,
            234.36
          ],
          [
            14.735909,
            48.193528,
            232.78
          ],
          [
            14.736651,
            48.193473999999995,
            232.53
          ],
          [
            14.737032,
            48.19343,
            232.56
          ],
          [
            14.738009,
            48.193276,
            232.97
          ],
          [
            14.738456,
            48.193211999999995,
            233.27
          ],
          [
            14.739080999999999,
            48.193138999999995,
            233.72
          ],
          [
            14.741551,
            48.192884,
            234.35
          ],
          [
            14.741999999999999,
            48.192827,
            234.45
          ],
          [
            14.742443999999999,
            48.192764999999994,
            234.62
          ],
          [
            14.745128999999999,
            48.192325,
            234.11
          ],
          [
            14.745693,
            48.192260999999995,
            234
          ],
          [
            14.746084999999999,
            48.192932,
            234
          ],
          [
            14.746148999999999,
            48.193092,
            233.65
          ],
          [
            14.746198,
            48.193169999999995,
            233.44
          ],
          [
            14.746264,
            48.193242999999995,
            233.21
          ],
          [
            14.746353,
            48.193317,
            232.98
          ],
          [
            14.746443999999999,
            48.193355999999994,
            232.73
          ],
          [
            14.746478999999999,
            48.193366,
            232.6
          ],
          [
            14.746815,
            48.1934,
            232.02
          ],
          [
            14.746891999999999,
            48.193431999999994,
            232
          ],
          [
            14.746948,
            48.193498999999996,
            232.01
          ],
          [
            14.746982,
            48.193611,
            232
          ],
          [
            14.747046,
            48.193721,
            232.75
          ],
          [
            14.747150999999999,
            48.193878,
            232.74
          ],
          [
            14.747302999999999,
            48.194066,
            231.89
          ],
          [
            14.747803,
            48.193766,
            232.23
          ],
          [
            14.747983,
            48.193686,
            232.32
          ],
          [
            14.748348,
            48.193585999999996,
            232.34
          ],
          [
            14.749141,
            48.193428,
            232.48
          ],
          [
            14.749284999999999,
            48.193382,
            232.45
          ],
          [
            14.749438999999999,
            48.193309,
            232.39
          ],
          [
            14.749554999999999,
            48.193236,
            232.35
          ],
          [
            14.749657,
            48.193158999999994,
            232.33
          ],
          [
            14.74983,
            48.192983,
            232.32
          ],
          [
            14.75025,
            48.192347,
            231.99
          ],
          [
            14.750382,
            48.192236,
            231.96
          ],
          [
            14.750499999999999,
            48.19217,
            231.96
          ],
          [
            14.750897,
            48.192049999999995,
            232.08
          ],
          [
            14.751875,
            48.191807999999995,
            232.64
          ],
          [
            14.752003,
            48.191783,
            232.64
          ],
          [
            14.752549,
            48.191742999999995,
            232.71
          ],
          [
            14.752923,
            48.191767,
            232.15
          ],
          [
            14.753222,
            48.191826999999996,
            232.41
          ],
          [
            14.753767,
            48.192038,
            232.66
          ],
          [
            14.754005999999999,
            48.192094999999995,
            232.76
          ],
          [
            14.754287,
            48.192113,
            233
          ],
          [
            14.754527999999999,
            48.192093,
            233
          ],
          [
            14.755059,
            48.192001,
            233
          ],
          [
            14.755642,
            48.191879,
            233
          ],
          [
            14.756207,
            48.191739999999996,
            233
          ],
          [
            14.756616999999999,
            48.191627999999994,
            232.99
          ],
          [
            14.756933,
            48.19151,
            232.92
          ],
          [
            14.757297,
            48.191323,
            232.73
          ],
          [
            14.758434999999999,
            48.190629,
            231.27
          ],
          [
            14.758574,
            48.190579,
            231.21
          ],
          [
            14.758726999999999,
            48.190546,
            231.24
          ],
          [
            14.759965999999999,
            48.190414999999994,
            230.94
          ],
          [
            14.760683,
            48.190394,
            230.42
          ],
          [
            14.762056,
            48.190379,
            230.7
          ],
          [
            14.763358,
            48.190354,
            230.49
          ],
          [
            14.764813,
            48.190281,
            230.48
          ],
          [
            14.765070999999999,
            48.190284,
            230.76
          ],
          [
            14.765813999999999,
            48.190315999999996,
            231.02
          ],
          [
            14.766468999999999,
            48.190312,
            230.92
          ],
          [
            14.766729999999999,
            48.19028,
            230.72
          ],
          [
            14.766843999999999,
            48.190252,
            230.46
          ],
          [
            14.767078999999999,
            48.190165,
            230.21
          ],
          [
            14.767316,
            48.190107,
            230
          ],
          [
            14.767487,
            48.190087,
            230
          ],
          [
            14.767712,
            48.190073,
            229.9
          ],
          [
            14.767869,
            48.190089,
            229.82
          ],
          [
            14.768013999999999,
            48.190129,
            229.73
          ],
          [
            14.768137999999999,
            48.190179,
            229.61
          ],
          [
            14.768251999999999,
            48.190241,
            229.75
          ],
          [
            14.768386,
            48.190273,
            229.95
          ],
          [
            14.768531,
            48.190293,
            230.04
          ],
          [
            14.768853,
            48.190225,
            230
          ],
          [
            14.769053999999999,
            48.190172,
            230
          ],
          [
            14.769205999999999,
            48.190070999999996,
            230.04
          ],
          [
            14.769338999999999,
            48.189839,
            230
          ],
          [
            14.76943,
            48.189738,
            230
          ],
          [
            14.76975,
            48.18953,
            229.27
          ],
          [
            14.770232,
            48.189302999999995,
            229.77
          ],
          [
            14.770373999999999,
            48.189220999999996,
            229.84
          ],
          [
            14.770489999999999,
            48.189116,
            229.89
          ],
          [
            14.770629999999999,
            48.188964999999996,
            229.92
          ],
          [
            14.770817999999998,
            48.188624999999995,
            230
          ],
          [
            14.770921999999999,
            48.188389,
            230
          ],
          [
            14.770989,
            48.188167,
            229.34
          ],
          [
            14.771211,
            48.187016,
            228.65
          ],
          [
            14.771289,
            48.186867,
            228.82
          ],
          [
            14.772036,
            48.187087999999996,
            228.14
          ],
          [
            14.772191,
            48.187124999999995,
            228.26
          ],
          [
            14.773194,
            48.187281,
            228.62
          ],
          [
            14.774809999999999,
            48.187514,
            228.77
          ],
          [
            14.775079999999999,
            48.187545,
            228.76
          ],
          [
            14.775998,
            48.187588,
            228.7
          ],
          [
            14.776278999999999,
            48.187619999999995,
            228.73
          ],
          [
            14.776912,
            48.187719,
            228.92
          ],
          [
            14.777002999999999,
            48.187723999999996,
            228.98
          ],
          [
            14.777087,
            48.187718,
            229
          ],
          [
            14.777151,
            48.187678999999996,
            229
          ],
          [
            14.777194,
            48.187616999999996,
            229
          ],
          [
            14.776959,
            48.186051,
            229.41
          ],
          [
            14.776748999999999,
            48.184478999999996,
            231.18
          ],
          [
            14.776568,
            48.183006999999996,
            232.35
          ],
          [
            14.776582,
            48.182773999999995,
            232.31
          ],
          [
            14.776629,
            48.182645,
            230.67
          ],
          [
            14.77816,
            48.182953,
            231.02
          ],
          [
            14.778576,
            48.183028,
            231.16
          ],
          [
            14.779036999999999,
            48.183098,
            231.1
          ],
          [
            14.779656999999998,
            48.183167999999995,
            230.87
          ],
          [
            14.780495,
            48.183215999999994,
            230.5
          ],
          [
            14.780712999999999,
            48.183222,
            230.4
          ],
          [
            14.781141,
            48.183219,
            230.28
          ],
          [
            14.782157999999999,
            48.183181999999995,
            230.19
          ],
          [
            14.78262,
            48.183175999999996,
            230.36
          ],
          [
            14.783138999999998,
            48.183197,
            230.81
          ],
          [
            14.783672,
            48.183248999999996,
            231.12
          ],
          [
            14.78427,
            48.183341999999996,
            231.53
          ],
          [
            14.784699,
            48.183433,
            231.55
          ],
          [
            14.785121,
            48.183544999999995,
            231.56
          ],
          [
            14.786278,
            48.183907,
            232
          ],
          [
            14.786598999999999,
            48.184000999999995,
            232
          ],
          [
            14.787175999999999,
            48.184151,
            231.76
          ],
          [
            14.787579,
            48.184239,
            231.65
          ],
          [
            14.788573999999999,
            48.184439,
            231.55
          ],
          [
            14.789188,
            48.184577,
            231.96
          ],
          [
            14.789575,
            48.184667999999995,
            231.69
          ],
          [
            14.790761,
            48.184974,
            231.24
          ],
          [
            14.796596999999998,
            48.186628999999996,
            230.23
          ],
          [
            14.799306999999999,
            48.187481999999996,
            230.67
          ],
          [
            14.800616999999999,
            48.187824,
            230.16
          ],
          [
            14.801262,
            48.188024999999996,
            230.12
          ],
          [
            14.804943,
            48.189409999999995,
            230.47
          ],
          [
            14.805361,
            48.18956,
            230.47
          ],
          [
            14.80562,
            48.189645999999996,
            230.46
          ],
          [
            14.806471,
            48.189886,
            230.42
          ],
          [
            14.807514,
            48.190235,
            230.56
          ],
          [
            14.807898999999999,
            48.190338,
            230.72
          ],
          [
            14.808107999999999,
            48.19038,
            230.63
          ],
          [
            14.808501999999999,
            48.190441,
            230.43
          ],
          [
            14.809407,
            48.190548,
            230.13
          ],
          [
            14.811067,
            48.190801,
            230
          ],
          [
            14.81204,
            48.190897,
            229.88
          ],
          [
            14.813402,
            48.190976,
            228.98
          ],
          [
            14.814188999999999,
            48.191052,
            229.28
          ],
          [
            14.814834999999999,
            48.191137999999995,
            229.32
          ],
          [
            14.815664,
            48.191282,
            229.26
          ],
          [
            14.816241,
            48.191404,
            230.16
          ],
          [
            14.817772999999999,
            48.191744,
            230.18
          ],
          [
            14.818076,
            48.191817,
            230.23
          ],
          [
            14.818349,
            48.191916,
            231.34
          ],
          [
            14.818563,
            48.192021,
            228.87
          ],
          [
            14.819068,
            48.192315,
            230.39
          ],
          [
            14.819265,
            48.19218,
            230.47
          ],
          [
            14.819543999999999,
            48.192011,
            230.13
          ],
          [
            14.819823,
            48.191856,
            230.01
          ],
          [
            14.820106,
            48.191721,
            229.78
          ],
          [
            14.820252,
            48.191663999999996,
            229.73
          ],
          [
            14.820632999999999,
            48.191542,
            229.87
          ],
          [
            14.820926,
            48.191472,
            230.01
          ],
          [
            14.821684,
            48.191323,
            230.42
          ],
          [
            14.822655,
            48.191092,
            230.5
          ],
          [
            14.823573999999999,
            48.190906,
            230.45
          ],
          [
            14.824396,
            48.190802999999995,
            230.5
          ],
          [
            14.825467999999999,
            48.1907,
            230.01
          ],
          [
            14.826742,
            48.190614,
            229.51
          ],
          [
            14.827345999999999,
            48.190593,
            229.4
          ],
          [
            14.827878,
            48.190597999999994,
            229.35
          ],
          [
            14.828221,
            48.190622999999995,
            229.43
          ],
          [
            14.828961999999999,
            48.190715,
            229.92
          ],
          [
            14.829206,
            48.190753,
            230.14
          ],
          [
            14.829464,
            48.190821,
            230.33
          ],
          [
            14.829965,
            48.190991,
            230.74
          ],
          [
            14.830209,
            48.191092999999995,
            230.8
          ],
          [
            14.830471999999999,
            48.191218,
            230.82
          ],
          [
            14.830734,
            48.191359999999996,
            230.78
          ],
          [
            14.830893999999999,
            48.191458999999995,
            230.45
          ],
          [
            14.831386,
            48.191803,
            230.89
          ],
          [
            14.831783,
            48.192104,
            231.06
          ],
          [
            14.831888,
            48.192163,
            231.07
          ],
          [
            14.832042999999999,
            48.192231,
            231.06
          ],
          [
            14.83217,
            48.192316,
            231.06
          ],
          [
            14.83253,
            48.192648,
            230.73
          ],
          [
            14.832885,
            48.192876999999996,
            230.33
          ],
          [
            14.833685,
            48.193352999999995,
            230.26
          ],
          [
            14.834221999999999,
            48.193642999999994,
            230.08
          ],
          [
            14.834750999999999,
            48.193912,
            229.97
          ],
          [
            14.836046999999999,
            48.194497,
            230.15
          ],
          [
            14.836291999999998,
            48.194596,
            230.16
          ],
          [
            14.836537,
            48.194669,
            230.12
          ],
          [
            14.836815,
            48.194736,
            230.1
          ],
          [
            14.837083999999999,
            48.194782,
            230.12
          ],
          [
            14.837546999999999,
            48.194843999999996,
            230.2
          ],
          [
            14.837641999999999,
            48.194865,
            230.21
          ],
          [
            14.83774,
            48.194894,
            230.22
          ],
          [
            14.838073999999999,
            48.195060999999995,
            230.49
          ],
          [
            14.838168999999999,
            48.195077999999995,
            230.52
          ],
          [
            14.83828,
            48.195069,
            230.51
          ],
          [
            14.838362,
            48.195026999999996,
            230.45
          ],
          [
            14.838462999999999,
            48.194945999999995,
            230.39
          ],
          [
            14.838522999999999,
            48.194914,
            230.47
          ],
          [
            14.838661,
            48.194933,
            230.48
          ],
          [
            14.839229,
            48.195065,
            229.3
          ],
          [
            14.839436,
            48.195119999999996,
            228.34
          ],
          [
            14.839803,
            48.195178999999996,
            229.18
          ],
          [
            14.840938999999999,
            48.195293,
            229.53
          ],
          [
            14.841218,
            48.195347,
            229.48
          ],
          [
            14.841512,
            48.195415,
            229.34
          ],
          [
            14.841838,
            48.195510999999996,
            229.22
          ],
          [
            14.84216,
            48.195626,
            229.21
          ],
          [
            14.842435,
            48.19574,
            229.27
          ],
          [
            14.842979,
            48.195986999999995,
            229.43
          ],
          [
            14.843193999999999,
            48.196104,
            229.73
          ],
          [
            14.843458,
            48.196267999999996,
            230
          ],
          [
            14.843625999999999,
            48.196394,
            230.2
          ],
          [
            14.843936,
            48.196681999999996,
            230.38
          ],
          [
            14.844140999999999,
            48.196908,
            230.41
          ],
          [
            14.844408999999999,
            48.197241,
            230.22
          ],
          [
            14.844619,
            48.197542999999996,
            230.01
          ],
          [
            14.844909999999999,
            48.197998,
            230.01
          ],
          [
            14.845011999999999,
            48.198228,
            229.99
          ],
          [
            14.845079,
            48.198453,
            229.97
          ],
          [
            14.845213999999999,
            48.199197,
            229.93
          ],
          [
            14.845319,
            48.199878999999996,
            229.77
          ],
          [
            14.845402,
            48.200167,
            229.84
          ],
          [
            14.845505999999999,
            48.200402,
            229.88
          ],
          [
            14.845941,
            48.201026999999996,
            229.94
          ],
          [
            14.846020999999999,
            48.201167,
            229.9
          ],
          [
            14.846129,
            48.201375999999996,
            229.79
          ],
          [
            14.846508,
            48.202262,
            229.69
          ],
          [
            14.846616,
            48.202476,
            230.14
          ],
          [
            14.846967,
            48.202968999999996,
            230
          ],
          [
            14.84757,
            48.203657,
            230.17
          ],
          [
            14.848224,
            48.204263999999995,
            230.05
          ],
          [
            14.848953999999999,
            48.204878,
            229.7
          ],
          [
            14.849393,
            48.205327999999994,
            229.47
          ],
          [
            14.849834,
            48.205847999999996,
            229.69
          ],
          [
            14.850131,
            48.206163,
            229.94
          ],
          [
            14.850314,
            48.206323,
            230
          ],
          [
            14.85088,
            48.206728999999996,
            229.93
          ],
          [
            14.85109,
            48.206919,
            229.89
          ],
          [
            14.85136,
            48.207224,
            229.85
          ],
          [
            14.851555999999999,
            48.207398,
            229.8
          ],
          [
            14.852504,
            48.208192999999994,
            229.13
          ],
          [
            14.852641,
            48.208321999999995,
            229.09
          ],
          [
            14.852758999999999,
            48.208451,
            229.08
          ],
          [
            14.852924999999999,
            48.208667999999996,
            229.12
          ],
          [
            14.853066,
            48.208828999999994,
            229.2
          ],
          [
            14.853584999999999,
            48.209371,
            229.46
          ],
          [
            14.853774,
            48.209587,
            229.48
          ],
          [
            14.854153,
            48.210144,
            229.58
          ],
          [
            14.854536999999999,
            48.210639,
            229.63
          ],
          [
            14.854633,
            48.210775999999996,
            229.7
          ],
          [
            14.854719999999999,
            48.210910999999996,
            229.74
          ],
          [
            14.855034999999999,
            48.211472,
            229.88
          ],
          [
            14.855087,
            48.211593,
            229.56
          ],
          [
            14.855233,
            48.212117,
            229.53
          ],
          [
            14.855500999999999,
            48.212748,
            230.56
          ],
          [
            14.855552,
            48.212917,
            231.52
          ],
          [
            14.855668999999999,
            48.21301,
            230.45
          ],
          [
            14.855709,
            48.213063999999996,
            230.3
          ],
          [
            14.855818999999999,
            48.213314,
            230.07
          ],
          [
            14.855849999999998,
            48.213412999999996,
            230.16
          ],
          [
            14.855865999999999,
            48.213525,
            230.24
          ],
          [
            14.855853999999999,
            48.213896,
            230.31
          ],
          [
            14.855891,
            48.214617999999994,
            230.45
          ],
          [
            14.855875999999999,
            48.2149,
            230.35
          ],
          [
            14.855732999999999,
            48.215751999999995,
            230.08
          ],
          [
            14.855656999999999,
            48.216122,
            229.75
          ],
          [
            14.855421999999999,
            48.217707999999995,
            228.44
          ],
          [
            14.855158999999999,
            48.218565,
            228.74
          ],
          [
            14.854966,
            48.219091999999996,
            228.9
          ],
          [
            14.854505999999999,
            48.220437999999994,
            230.02
          ],
          [
            14.854420999999999,
            48.220614,
            230.73
          ],
          [
            14.854299999999999,
            48.220771,
            231.3
          ],
          [
            14.85421,
            48.221135,
            232.76
          ],
          [
            14.854184,
            48.221194999999994,
            233
          ],
          [
            14.854139,
            48.221256,
            232.91
          ],
          [
            14.854057,
            48.221288,
            232.51
          ],
          [
            14.853888,
            48.221298999999995,
            232.26
          ],
          [
            14.853807999999999,
            48.221314,
            231.97
          ],
          [
            14.85374,
            48.221345,
            231.69
          ],
          [
            14.853396,
            48.221666,
            230.56
          ],
          [
            14.853361999999999,
            48.221706999999995,
            230.37
          ],
          [
            14.853344,
            48.221759999999996,
            230.24
          ],
          [
            14.853308,
            48.222178,
            229.33
          ],
          [
            14.853325,
            48.222257,
            229.13
          ],
          [
            14.853318,
            48.22255,
            229.05
          ],
          [
            14.853333,
            48.223192,
            229
          ],
          [
            14.853328,
            48.223512,
            228.88
          ],
          [
            14.853285999999999,
            48.223682,
            228.54
          ],
          [
            14.85324,
            48.223952,
            227.79
          ],
          [
            14.85325,
            48.223969,
            227.86
          ],
          [
            14.85338,
            48.224041,
            227.93
          ],
          [
            14.853429,
            48.224092999999996,
            227.99
          ],
          [
            14.853458999999999,
            48.224163999999995,
            228.04
          ],
          [
            14.853517,
            48.224376,
            228.13
          ],
          [
            14.85375,
            48.224900999999996,
            228.32
          ],
          [
            14.853753999999999,
            48.224987999999996,
            228.46
          ],
          [
            14.853864999999999,
            48.225218999999996,
            228.88
          ],
          [
            14.853992,
            48.225384,
            229.19
          ],
          [
            14.854109999999999,
            48.225480999999995,
            229.46
          ],
          [
            14.854241,
            48.225654999999996,
            229.74
          ],
          [
            14.854408999999999,
            48.225789999999996,
            229.56
          ],
          [
            14.854643,
            48.225946,
            229.26
          ],
          [
            14.855732999999999,
            48.226782,
            228.94
          ],
          [
            14.856136999999999,
            48.227036,
            229.46
          ],
          [
            14.856456999999999,
            48.227109999999996,
            228.79
          ],
          [
            14.85703,
            48.227359,
            228.53
          ],
          [
            14.857560999999999,
            48.227545,
            228.63
          ],
          [
            14.858251,
            48.227734,
            228.81
          ],
          [
            14.858535,
            48.227796,
            229.02
          ],
          [
            14.859188,
            48.227916,
            229.42
          ],
          [
            14.859157999999999,
            48.228049999999996,
            230.92
          ],
          [
            14.859734,
            48.228105,
            229.25
          ],
          [
            14.860263,
            48.228136,
            230.31
          ],
          [
            14.860698,
            48.228148,
            233.88
          ],
          [
            14.861224,
            48.228181,
            234.31
          ],
          [
            14.863119,
            48.228317,
            230.33
          ],
          [
            14.865131,
            48.228429,
            229.81
          ],
          [
            14.866978,
            48.228514999999994,
            230.72
          ],
          [
            14.868017,
            48.228576,
            230.31
          ],
          [
            14.869318999999999,
            48.228671,
            230.72
          ],
          [
            14.870299999999999,
            48.228753,
            231.51
          ],
          [
            14.870664999999999,
            48.228791,
            231.66
          ],
          [
            14.870968999999999,
            48.228837999999996,
            231.64
          ],
          [
            14.871212,
            48.228891999999995,
            231.59
          ],
          [
            14.871426,
            48.228961999999996,
            231.6
          ],
          [
            14.871627,
            48.229046,
            231.6
          ],
          [
            14.871894,
            48.229197,
            231.83
          ],
          [
            14.872076,
            48.229324,
            232.15
          ],
          [
            14.873593999999999,
            48.230467,
            233.47
          ],
          [
            14.873837,
            48.230609,
            232.95
          ],
          [
            14.874125999999999,
            48.230739,
            230.89
          ],
          [
            14.874469999999999,
            48.23084,
            231.88
          ],
          [
            14.875290999999999,
            48.231004,
            235.9
          ],
          [
            14.875534,
            48.231075999999995,
            234.74
          ],
          [
            14.875753999999999,
            48.231165999999995,
            233.4
          ],
          [
            14.875966,
            48.231271,
            232.7
          ],
          [
            14.876183,
            48.231395,
            232.26
          ],
          [
            14.876876,
            48.231877,
            233.7
          ],
          [
            14.877388,
            48.232191,
            234.51
          ],
          [
            14.878347,
            48.232631999999995,
            233.72
          ],
          [
            14.879157,
            48.232974,
            232.01
          ],
          [
            14.879736,
            48.233194999999995,
            231.44
          ],
          [
            14.880111999999999,
            48.233309999999996,
            231.52
          ],
          [
            14.880455,
            48.233385999999996,
            231.57
          ],
          [
            14.880906,
            48.233461,
            231.6
          ],
          [
            14.881158,
            48.233492999999996,
            231.83
          ],
          [
            14.88162,
            48.233519,
            232.23
          ],
          [
            14.881950999999999,
            48.233520999999996,
            232.56
          ],
          [
            14.882857999999999,
            48.233473,
            233.51
          ],
          [
            14.883277999999999,
            48.233458,
            233.89
          ],
          [
            14.883647,
            48.233463,
            233.66
          ],
          [
            14.884036,
            48.233494,
            233.21
          ],
          [
            14.884774,
            48.233565999999996,
            230.04
          ],
          [
            14.885541,
            48.233657,
            230.88
          ],
          [
            14.886261999999999,
            48.233754999999995,
            230.52
          ],
          [
            14.886624,
            48.233793999999996,
            228.89
          ],
          [
            14.886958,
            48.233798,
            228.58
          ],
          [
            14.887198,
            48.233782999999995,
            228.8
          ],
          [
            14.88759,
            48.233722,
            231.04
          ],
          [
            14.887792999999999,
            48.233675,
            231.63
          ],
          [
            14.888416,
            48.233489999999996,
            233.24
          ],
          [
            14.888663999999999,
            48.233407,
            233.21
          ],
          [
            14.888891,
            48.233315,
            231.82
          ],
          [
            14.889177,
            48.233174999999996,
            232.01
          ],
          [
            14.889410999999999,
            48.233031,
            232.19
          ],
          [
            14.889545,
            48.232934,
            232.22
          ],
          [
            14.889750999999999,
            48.232766999999996,
            232.34
          ],
          [
            14.889913,
            48.232599,
            232.25
          ],
          [
            14.890068999999999,
            48.232409,
            231.86
          ],
          [
            14.890232999999998,
            48.232150999999995,
            231.58
          ],
          [
            14.89045,
            48.231742999999994,
            231.75
          ],
          [
            14.890711999999999,
            48.231324,
            232.8
          ],
          [
            14.891337,
            48.23054,
            231
          ],
          [
            14.891703999999999,
            48.229977999999996,
            230.97
          ],
          [
            14.891843,
            48.229796,
            231.83
          ],
          [
            14.892,
            48.229638,
            234.31
          ],
          [
            14.892187,
            48.229493999999995,
            233.84
          ],
          [
            14.892455,
            48.229338999999996,
            230.59
          ],
          [
            14.892709,
            48.229237999999995,
            230.37
          ],
          [
            14.893016,
            48.229154,
            229.93
          ],
          [
            14.893455,
            48.229077,
            229.03
          ],
          [
            14.894131,
            48.228992999999996,
            228.18
          ],
          [
            14.894421999999999,
            48.228964,
            227.81
          ],
          [
            14.894985,
            48.228933999999995,
            228.24
          ],
          [
            14.895277,
            48.228939999999994,
            228.35
          ],
          [
            14.895601999999998,
            48.228967,
            228.43
          ],
          [
            14.895989,
            48.229022,
            228.51
          ],
          [
            14.896479999999999,
            48.229118,
            228.59
          ],
          [
            14.896764999999998,
            48.229188,
            228.62
          ],
          [
            14.897115999999999,
            48.229293999999996,
            228.47
          ],
          [
            14.897386,
            48.2294,
            228.38
          ],
          [
            14.897489,
            48.229451999999995,
            228.36
          ],
          [
            14.897699,
            48.229588,
            228.32
          ],
          [
            14.897971,
            48.229814999999995,
            228.17
          ],
          [
            14.898558999999999,
            48.230356,
            228.05
          ],
          [
            14.898748999999999,
            48.230501,
            228.21
          ],
          [
            14.899066999999999,
            48.230689999999996,
            227.91
          ],
          [
            14.899263,
            48.230792,
            227.8
          ],
          [
            14.899771,
            48.231007,
            228.7
          ],
          [
            14.900144,
            48.231137,
            229.96
          ],
          [
            14.902075,
            48.231756999999995,
            230.64
          ],
          [
            14.902343,
            48.231828,
            231.45
          ],
          [
            14.902623,
            48.231868999999996,
            231.29
          ],
          [
            14.902861999999999,
            48.231881,
            230.1
          ],
          [
            14.903575,
            48.231881,
            230.82
          ],
          [
            14.903773999999999,
            48.23189,
            230.51
          ],
          [
            14.904141999999998,
            48.231925,
            230.45
          ],
          [
            14.904473,
            48.231978999999995,
            230.07
          ],
          [
            14.904802,
            48.232084,
            230.3
          ],
          [
            14.905361,
            48.232288999999994,
            228.58
          ],
          [
            14.905567,
            48.232347,
            227.9
          ],
          [
            14.905697,
            48.232372999999995,
            228.09
          ],
          [
            14.905975999999999,
            48.232399,
            229.79
          ],
          [
            14.906179,
            48.232399,
            231.35
          ],
          [
            14.906975999999998,
            48.232369999999996,
            230.12
          ],
          [
            14.907228,
            48.232377,
            229.72
          ],
          [
            14.907522,
            48.23242,
            229.11
          ],
          [
            14.907782999999998,
            48.232489,
            229.75
          ],
          [
            14.908114999999999,
            48.232608,
            229.13
          ],
          [
            14.908431,
            48.232734,
            229.69
          ],
          [
            14.908733999999999,
            48.232839,
            230.98
          ],
          [
            14.909144,
            48.232938999999995,
            232.9
          ],
          [
            14.909614,
            48.233038,
            229.57
          ],
          [
            14.910696,
            48.233239,
            228.58
          ],
          [
            14.911171999999999,
            48.233292,
            228.41
          ],
          [
            14.911978999999999,
            48.233346,
            228.85
          ],
          [
            14.912609,
            48.233379,
            230.06
          ],
          [
            14.91292,
            48.233415,
            230.78
          ],
          [
            14.913869,
            48.233599,
            230.31
          ],
          [
            14.914226,
            48.233649,
            230.21
          ],
          [
            14.915004,
            48.233697,
            230.21
          ],
          [
            14.9155,
            48.233692,
            230.33
          ],
          [
            14.915909,
            48.233630999999995,
            230.54
          ],
          [
            14.916782999999999,
            48.233444,
            230.49
          ],
          [
            14.917102,
            48.233413,
            230.39
          ],
          [
            14.918031,
            48.233373,
            229.65
          ],
          [
            14.918253,
            48.233352,
            229.63
          ],
          [
            14.919070999999999,
            48.233227,
            229.99
          ],
          [
            14.919571999999999,
            48.233165,
            230.5
          ],
          [
            14.921562,
            48.233008999999996,
            231.23
          ],
          [
            14.922039999999999,
            48.232949,
            231.18
          ],
          [
            14.922882,
            48.232819,
            230.74
          ],
          [
            14.923976999999999,
            48.232735,
            230.4
          ],
          [
            14.924596,
            48.232676999999995,
            230.42
          ],
          [
            14.925227999999999,
            48.232597999999996,
            230.29
          ],
          [
            14.925602,
            48.232566999999996,
            230.14
          ],
          [
            14.925953999999999,
            48.232555999999995,
            230.01
          ],
          [
            14.927565,
            48.232600999999995,
            230.45
          ],
          [
            14.928014,
            48.232586,
            230.78
          ],
          [
            14.928474,
            48.232544,
            231.88
          ],
          [
            14.929798,
            48.23233,
            232.11
          ],
          [
            14.930190999999999,
            48.232301,
            230.86
          ],
          [
            14.930686,
            48.232310999999996,
            230.06
          ],
          [
            14.93137,
            48.232355999999996,
            229.43
          ],
          [
            14.931652999999999,
            48.232358999999995,
            229.88
          ],
          [
            14.93395,
            48.232274,
            229.75
          ],
          [
            14.93422,
            48.232243999999994,
            229.41
          ],
          [
            14.934533,
            48.232186999999996,
            228.99
          ],
          [
            14.934958,
            48.232091,
            228.43
          ],
          [
            14.935365,
            48.232026,
            228.71
          ],
          [
            14.935647,
            48.232012999999995,
            228.3
          ],
          [
            14.935862,
            48.232015999999994,
            228.07
          ],
          [
            14.936993999999999,
            48.232046999999994,
            227.34
          ],
          [
            14.937437999999998,
            48.232043999999995,
            227.4
          ],
          [
            14.937897,
            48.232015999999994,
            227.57
          ],
          [
            14.938379,
            48.23196,
            227.95
          ],
          [
            14.939027999999999,
            48.231863,
            228.67
          ],
          [
            14.939632999999999,
            48.231759,
            231.37
          ],
          [
            14.939869,
            48.231707,
            229.89
          ],
          [
            14.940213,
            48.231606,
            229.07
          ],
          [
            14.940491,
            48.231486,
            229.32
          ],
          [
            14.940871999999999,
            48.231255,
            227.87
          ],
          [
            14.941403999999999,
            48.230841,
            229.06
          ],
          [
            14.941949,
            48.230463,
            228.59
          ],
          [
            14.942231,
            48.230281,
            229.02
          ],
          [
            14.942769,
            48.229954,
            228.62
          ],
          [
            14.943216,
            48.229704,
            229.02
          ],
          [
            14.943767,
            48.229423,
            231.08
          ],
          [
            14.944225999999999,
            48.229203999999996,
            231.27
          ],
          [
            14.945013999999999,
            48.228867,
            229.92
          ],
          [
            14.945153,
            48.228677,
            229.18
          ],
          [
            14.945577,
            48.228314999999995,
            228.86
          ],
          [
            14.946738999999999,
            48.22737,
            228.34
          ],
          [
            14.946943999999998,
            48.227162,
            228.41
          ],
          [
            14.947097,
            48.227025,
            228.46
          ],
          [
            14.947227,
            48.226959,
            228.55
          ],
          [
            14.947389,
            48.226895999999996,
            230.02
          ],
          [
            14.947728999999999,
            48.225618,
            229.06
          ],
          [
            14.947816,
            48.225401,
            229.23
          ],
          [
            14.947935,
            48.225182,
            229.57
          ],
          [
            14.948091999999999,
            48.224965999999995,
            230.09
          ],
          [
            14.948419,
            48.224576,
            230.51
          ],
          [
            14.948749,
            48.224143999999995,
            230.16
          ],
          [
            14.949062,
            48.223637,
            228.74
          ],
          [
            14.949415,
            48.223195,
            229.23
          ],
          [
            14.949788,
            48.222752,
            229.05
          ],
          [
            14.950823999999999,
            48.221638,
            228.29
          ],
          [
            14.951169,
            48.221236,
            228.49
          ],
          [
            14.951429,
            48.220884999999996,
            228.72
          ],
          [
            14.95159,
            48.220619,
            228.73
          ],
          [
            14.951727,
            48.220321999999996,
            228.78
          ],
          [
            14.95182,
            48.220051999999995,
            228.89
          ],
          [
            14.951896999999999,
            48.219646999999995,
            229.14
          ],
          [
            14.952005999999999,
            48.219260999999996,
            229.34
          ],
          [
            14.952074999999999,
            48.219108999999996,
            229.06
          ],
          [
            14.952233999999999,
            48.218835,
            229
          ],
          [
            14.952988,
            48.218025999999995,
            227.94
          ],
          [
            14.953280999999999,
            48.217681,
            227.78
          ],
          [
            14.953583,
            48.217262,
            227.84
          ],
          [
            14.953908,
            48.216705999999995,
            227.74
          ],
          [
            14.954236,
            48.216179,
            227.62
          ],
          [
            14.954545999999999,
            48.215759999999996,
            227.69
          ],
          [
            14.955084999999999,
            48.215143,
            227.74
          ],
          [
            14.955198999999999,
            48.214968,
            227.73
          ],
          [
            14.955340999999999,
            48.214707,
            227.69
          ],
          [
            14.955563,
            48.214047,
            227.87
          ],
          [
            14.955658,
            48.21386,
            228.63
          ],
          [
            14.955770999999999,
            48.213673,
            228.35
          ],
          [
            14.955948,
            48.213431,
            228.35
          ],
          [
            14.956078999999999,
            48.213209,
            228.44
          ],
          [
            14.956163,
            48.212996,
            228.46
          ],
          [
            14.956259,
            48.212598,
            228.6
          ],
          [
            14.956363,
            48.212286999999996,
            228.72
          ],
          [
            14.956520999999999,
            48.211982,
            228.82
          ],
          [
            14.956776999999999,
            48.211628999999995,
            229.12
          ],
          [
            14.956980999999999,
            48.211372,
            229.23
          ],
          [
            14.95712,
            48.211135,
            229.17
          ],
          [
            14.957315999999999,
            48.210617,
            228.64
          ],
          [
            14.957369,
            48.21037,
            227.9
          ],
          [
            14.957524999999999,
            48.209838,
            228.15
          ],
          [
            14.957702999999999,
            48.209455999999996,
            227.99
          ],
          [
            14.957856999999999,
            48.209176,
            227.83
          ],
          [
            14.958238,
            48.208664999999996,
            227.62
          ],
          [
            14.958471999999999,
            48.208422999999996,
            227.67
          ],
          [
            14.959105,
            48.207798999999994,
            227.63
          ],
          [
            14.960255,
            48.206527,
            228.38
          ],
          [
            14.960217,
            48.206509999999994,
            228.2
          ],
          [
            14.960199,
            48.206491,
            228.14
          ],
          [
            14.960191,
            48.206424999999996,
            228.11
          ],
          [
            14.96023,
            48.206319,
            228.02
          ],
          [
            14.960522,
            48.205946,
            227.54
          ],
          [
            14.960697,
            48.205749999999995,
            227.39
          ],
          [
            14.961355,
            48.205090999999996,
            227.13
          ],
          [
            14.96149,
            48.204969,
            227.12
          ],
          [
            14.961651,
            48.20484,
            227.1
          ],
          [
            14.962301,
            48.204363,
            227.05
          ],
          [
            14.962962999999998,
            48.203927,
            227.21
          ],
          [
            14.963332,
            48.203723,
            227.23
          ],
          [
            14.963918999999999,
            48.203423,
            226.8
          ],
          [
            14.964341,
            48.203219,
            227.11
          ],
          [
            14.964877999999999,
            48.20301,
            227.1
          ],
          [
            14.965275,
            48.202844,
            227.04
          ],
          [
            14.965523999999998,
            48.202768,
            226.92
          ],
          [
            14.965755,
            48.202711,
            226.76
          ],
          [
            14.967101999999999,
            48.202411,
            226.97
          ],
          [
            14.967891999999999,
            48.202265999999995,
            226.93
          ],
          [
            14.968055,
            48.202225,
            226.93
          ],
          [
            14.968904,
            48.201958999999995,
            226.95
          ],
          [
            14.969422999999999,
            48.201803999999996,
            226.95
          ],
          [
            14.970072,
            48.201634,
            226.89
          ],
          [
            14.970381,
            48.201564999999995,
            226.88
          ],
          [
            14.971556999999999,
            48.201341,
            226.92
          ],
          [
            14.972258,
            48.201169,
            226.87
          ],
          [
            14.9728,
            48.201018999999995,
            226.9
          ],
          [
            14.973462999999999,
            48.200814,
            226.89
          ],
          [
            14.973849999999999,
            48.200683999999995,
            226.89
          ],
          [
            14.974426999999999,
            48.200458999999995,
            226.89
          ],
          [
            14.974699,
            48.200373,
            226.91
          ],
          [
            14.974891,
            48.200322,
            227
          ],
          [
            14.975705999999999,
            48.200162999999996,
            226.99
          ],
          [
            14.975978,
            48.200044999999996,
            227.08
          ],
          [
            14.976365999999999,
            48.199915,
            227.59
          ],
          [
            14.976462,
            48.199873,
            228.46
          ],
          [
            14.976581,
            48.199773,
            228.48
          ],
          [
            14.976773999999999,
            48.199659,
            228.44
          ],
          [
            14.977357,
            48.199338,
            228.12
          ],
          [
            14.977696,
            48.199172999999995,
            227.88
          ],
          [
            14.978404999999999,
            48.198882,
            227.52
          ],
          [
            14.97875,
            48.198752,
            227.45
          ],
          [
            14.979161999999999,
            48.198628,
            227.48
          ],
          [
            14.979652999999999,
            48.198507,
            227.58
          ],
          [
            14.980395,
            48.198375,
            227.81
          ],
          [
            14.980497,
            48.198364,
            227.85
          ],
          [
            14.980644999999999,
            48.198378999999996,
            228.02
          ],
          [
            14.980818,
            48.198363,
            228.35
          ],
          [
            14.981065999999998,
            48.198288,
            227.82
          ],
          [
            14.982284,
            48.198015999999996,
            227.17
          ],
          [
            14.982539,
            48.197975,
            227.12
          ],
          [
            14.983239999999999,
            48.197945,
            226.98
          ],
          [
            14.983664999999998,
            48.197897999999995,
            227
          ],
          [
            14.983915999999999,
            48.197858,
            226.99
          ],
          [
            14.985577999999999,
            48.197717999999995,
            226.77
          ],
          [
            14.986085,
            48.197662,
            226.59
          ],
          [
            14.990718999999999,
            48.197249,
            226.77
          ],
          [
            14.991273999999999,
            48.197171999999995,
            226.79
          ],
          [
            14.992500999999999,
            48.197061999999995,
            226.91
          ],
          [
            14.994392,
            48.19688,
            226.77
          ],
          [
            14.995078999999999,
            48.196808999999995,
            226.72
          ],
          [
            14.995937999999999,
            48.196704,
            226.88
          ],
          [
            14.996576,
            48.196658,
            227.22
          ],
          [
            14.997159,
            48.196632,
            227.42
          ],
          [
            14.997523999999999,
            48.196608,
            227.6
          ],
          [
            14.998006,
            48.196594999999995,
            227.48
          ],
          [
            14.998303,
            48.196579,
            227.8
          ],
          [
            14.99856,
            48.196546999999995,
            227.7
          ],
          [
            14.999092999999998,
            48.196462,
            227.58
          ],
          [
            15.001456,
            48.196177,
            228.78
          ],
          [
            15.001776999999999,
            48.196124999999995,
            228.98
          ],
          [
            15.001977,
            48.196082999999994,
            229.23
          ],
          [
            15.002184,
            48.196055,
            229.02
          ],
          [
            15.002338,
            48.196056999999996,
            228.21
          ],
          [
            15.00246,
            48.196037,
            227.05
          ],
          [
            15.003093999999999,
            48.195907,
            227.73
          ],
          [
            15.005493,
            48.195342,
            228.37
          ],
          [
            15.006051999999999,
            48.195225,
            228.03
          ],
          [
            15.006789999999999,
            48.195084,
            227.66
          ],
          [
            15.007728,
            48.194955,
            227.77
          ],
          [
            15.008458,
            48.194883999999995,
            228.1
          ],
          [
            15.009412,
            48.194815,
            228.66
          ],
          [
            15.010848,
            48.194663999999996,
            227.88
          ],
          [
            15.011438,
            48.194623,
            227.46
          ],
          [
            15.012825999999999,
            48.194624999999995,
            227.37
          ],
          [
            15.013297999999999,
            48.194601999999996,
            227.26
          ],
          [
            15.014534,
            48.19451,
            227.08
          ],
          [
            15.01516,
            48.194493,
            227.18
          ],
          [
            15.015372,
            48.194465,
            227.17
          ],
          [
            15.015409,
            48.194479,
            227.18
          ],
          [
            15.015417,
            48.194493,
            227.2
          ],
          [
            15.015422,
            48.194561,
            227.42
          ],
          [
            15.015445999999999,
            48.194829999999996,
            228.31
          ],
          [
            15.015471999999999,
            48.194874999999996,
            228.3
          ],
          [
            15.015531,
            48.194919999999996,
            228.13
          ],
          [
            15.015597999999999,
            48.194950999999996,
            227.97
          ],
          [
            15.015756999999999,
            48.195001,
            228.27
          ],
          [
            15.015901,
            48.195029999999996,
            228.48
          ],
          [
            15.016719,
            48.195125999999995,
            228.87
          ],
          [
            15.017116999999999,
            48.195189,
            228.85
          ],
          [
            15.019490999999999,
            48.195648999999996,
            228.56
          ],
          [
            15.02005,
            48.195806,
            228.14
          ],
          [
            15.020235999999999,
            48.195845999999996,
            228.38
          ],
          [
            15.020817999999998,
            48.195933,
            228.78
          ],
          [
            15.021085999999999,
            48.195980999999996,
            229.07
          ],
          [
            15.021370999999998,
            48.196061,
            229.38
          ],
          [
            15.021512,
            48.196110999999995,
            229.51
          ],
          [
            15.021889,
            48.196281,
            230.09
          ],
          [
            15.022003,
            48.196324,
            230.29
          ],
          [
            15.022091999999999,
            48.196348,
            230.37
          ],
          [
            15.022336999999998,
            48.196383,
            230.11
          ],
          [
            15.023175,
            48.196469,
            234.61
          ],
          [
            15.023387,
            48.196506,
            234.15
          ],
          [
            15.023487,
            48.196535,
            232.71
          ],
          [
            15.023582,
            48.196574999999996,
            231.58
          ],
          [
            15.02399,
            48.196791,
            231.18
          ],
          [
            15.024427,
            48.196991,
            231.83
          ],
          [
            15.024716999999999,
            48.197157999999995,
            232.74
          ],
          [
            15.024797999999999,
            48.197188,
            232.93
          ],
          [
            15.025006,
            48.197233999999995,
            233.26
          ],
          [
            15.025146,
            48.197249,
            233.49
          ],
          [
            15.025367,
            48.197300999999996,
            233.95
          ],
          [
            15.02643,
            48.197717999999995,
            236.54
          ],
          [
            15.027023,
            48.197911,
            236.39
          ],
          [
            15.027764999999999,
            48.198133,
            235.21
          ],
          [
            15.028435,
            48.19835,
            233.9
          ],
          [
            15.029136,
            48.198558,
            233.79
          ],
          [
            15.029976999999999,
            48.198786,
            236.78
          ],
          [
            15.030151,
            48.198823999999995,
            237.3
          ],
          [
            15.030403999999999,
            48.198867,
            238.18
          ],
          [
            15.030672,
            48.198873999999996,
            237.78
          ],
          [
            15.03094,
            48.198868,
            236.58
          ],
          [
            15.031129,
            48.198876999999996,
            235.9
          ],
          [
            15.031270999999998,
            48.198901,
            235.43
          ],
          [
            15.031949,
            48.199081,
            233.95
          ],
          [
            15.032935,
            48.199295,
            234.41
          ],
          [
            15.03314,
            48.199313,
            234.58
          ],
          [
            15.033237,
            48.199306,
            234.66
          ],
          [
            15.033422999999999,
            48.199267,
            234.8
          ],
          [
            15.033546,
            48.199225,
            235
          ],
          [
            15.033985,
            48.199025999999996,
            235.44
          ],
          [
            15.034308999999999,
            48.198861,
            234.7
          ],
          [
            15.0344,
            48.198834,
            234.31
          ],
          [
            15.034609999999999,
            48.198798,
            233.62
          ],
          [
            15.034797,
            48.198794,
            233.03
          ],
          [
            15.034906999999999,
            48.198802,
            232.66
          ],
          [
            15.035269,
            48.198862999999996,
            231.84
          ],
          [
            15.035995,
            48.198958,
            231.33
          ],
          [
            15.036430999999999,
            48.199002,
            231.2
          ],
          [
            15.03713,
            48.199028,
            230.82
          ],
          [
            15.037709,
            48.199086,
            230.43
          ],
          [
            15.037884,
            48.199087,
            230.13
          ],
          [
            15.037972,
            48.199079999999995,
            230.06
          ],
          [
            15.038373,
            48.199014,
            230.02
          ],
          [
            15.038469999999998,
            48.199005,
            230.12
          ],
          [
            15.038742,
            48.199008,
            230.34
          ],
          [
            15.038926,
            48.199039,
            230.18
          ],
          [
            15.039263,
            48.199129,
            229.99
          ],
          [
            15.039461999999999,
            48.199165,
            229.88
          ],
          [
            15.039591999999999,
            48.199176,
            229.81
          ],
          [
            15.039897,
            48.199172,
            229.7
          ],
          [
            15.040054999999999,
            48.199161,
            229.65
          ],
          [
            15.040410999999999,
            48.199112,
            229.53
          ],
          [
            15.041087999999998,
            48.198983999999996,
            229.79
          ],
          [
            15.041229999999999,
            48.198964,
            229.99
          ],
          [
            15.042294,
            48.198888,
            229.12
          ],
          [
            15.042504,
            48.198854,
            229.03
          ],
          [
            15.042681,
            48.198778,
            230.17
          ],
          [
            15.042797,
            48.198696999999996,
            229.81
          ],
          [
            15.042822999999999,
            48.198665999999996,
            229.61
          ],
          [
            15.042843,
            48.198606999999996,
            228.99
          ],
          [
            15.042850999999999,
            48.198561999999995,
            228.82
          ],
          [
            15.043531999999999,
            48.198544,
            228.74
          ],
          [
            15.044213,
            48.198488,
            228.86
          ],
          [
            15.044685999999999,
            48.198434,
            229.22
          ],
          [
            15.044728999999998,
            48.198423999999996,
            229.22
          ],
          [
            15.044827999999999,
            48.198364,
            228.61
          ],
          [
            15.044862,
            48.198358,
            228.59
          ],
          [
            15.045019,
            48.198372,
            229.09
          ],
          [
            15.045195999999999,
            48.198377,
            229.31
          ],
          [
            15.045591,
            48.198338,
            229.42
          ],
          [
            15.045910999999998,
            48.198316999999996,
            229.76
          ],
          [
            15.046273,
            48.198302,
            229.18
          ],
          [
            15.04664,
            48.198302,
            228.79
          ],
          [
            15.047804,
            48.198349,
            228.05
          ],
          [
            15.049111,
            48.198377,
            228.85
          ],
          [
            15.050984,
            48.198378999999996,
            228.4
          ],
          [
            15.051827999999999,
            48.198339,
            227.89
          ],
          [
            15.052477999999999,
            48.198297,
            227.86
          ],
          [
            15.052928999999999,
            48.198257,
            228.11
          ],
          [
            15.053389,
            48.198212,
            228.41
          ],
          [
            15.054098999999999,
            48.198125999999995,
            228.35
          ],
          [
            15.056144,
            48.197868,
            228.11
          ],
          [
            15.056776,
            48.197786,
            227.05
          ],
          [
            15.056906,
            48.197767999999996,
            226.97
          ],
          [
            15.057424999999999,
            48.197697,
            227.25
          ],
          [
            15.057775,
            48.197637,
            227.39
          ],
          [
            15.058195999999999,
            48.197551,
            227.51
          ],
          [
            15.058745,
            48.197413999999995,
            227.7
          ],
          [
            15.060440999999999,
            48.196940999999995,
            227.9
          ],
          [
            15.061062999999999,
            48.196788999999995,
            227.67
          ],
          [
            15.061871,
            48.196611,
            227.35
          ],
          [
            15.062228999999999,
            48.196546,
            227.21
          ],
          [
            15.062622,
            48.196501,
            227.2
          ],
          [
            15.062755,
            48.196478,
            227.19
          ],
          [
            15.063047999999998,
            48.196402,
            227.15
          ],
          [
            15.063754999999999,
            48.196251,
            227.32
          ],
          [
            15.064166,
            48.196152999999995,
            227.31
          ],
          [
            15.064482,
            48.196068,
            227.35
          ],
          [
            15.064691999999999,
            48.196033,
            227.38
          ],
          [
            15.064947,
            48.195952,
            227.42
          ],
          [
            15.065365,
            48.195797999999996,
            227.44
          ],
          [
            15.066042,
            48.195502999999995,
            227.64
          ],
          [
            15.068474,
            48.194368999999995,
            227.71
          ],
          [
            15.069011999999999,
            48.194083,
            227.57
          ],
          [
            15.069367,
            48.193878999999995,
            227.46
          ],
          [
            15.070661,
            48.193093999999995,
            228.2
          ],
          [
            15.071038999999999,
            48.192885,
            228.79
          ],
          [
            15.071848,
            48.192471,
            229.79
          ],
          [
            15.072372999999999,
            48.192220999999996,
            230.56
          ],
          [
            15.072588,
            48.192102,
            232.59
          ],
          [
            15.072911,
            48.191894999999995,
            234.27
          ],
          [
            15.073108999999999,
            48.191756,
            232.05
          ],
          [
            15.073388,
            48.191593,
            231.6
          ],
          [
            15.07363,
            48.191462,
            232.27
          ],
          [
            15.073981999999999,
            48.191282,
            233.48
          ],
          [
            15.074383,
            48.191092,
            234.62
          ],
          [
            15.075223,
            48.190712,
            236.68
          ],
          [
            15.075323,
            48.190635,
            236.78
          ],
          [
            15.075429,
            48.190585999999996,
            237.46
          ],
          [
            15.075519,
            48.190580999999995,
            238.79
          ],
          [
            15.075705,
            48.190529,
            240.42
          ],
          [
            15.075913,
            48.190447,
            241.82
          ],
          [
            15.076215999999999,
            48.190289,
            242.39
          ],
          [
            15.076283,
            48.190213,
            242.07
          ],
          [
            15.076328,
            48.190117,
            241.17
          ],
          [
            15.076329999999999,
            48.19005,
            240.94
          ],
          [
            15.076372999999998,
            48.190034999999995,
            239.6
          ],
          [
            15.076376,
            48.190008999999996,
            239.42
          ],
          [
            15.076338,
            48.189806999999995,
            237.43
          ],
          [
            15.076334999999998,
            48.189668999999995,
            235.4
          ],
          [
            15.076388,
            48.189527,
            233.19
          ],
          [
            15.076602999999999,
            48.189223999999996,
            229.79
          ],
          [
            15.076908999999999,
            48.188860999999996,
            225.99
          ],
          [
            15.076986999999999,
            48.188795999999996,
            225.55
          ],
          [
            15.077093,
            48.188731999999995,
            225.2
          ],
          [
            15.077259999999999,
            48.188659,
            224.83
          ],
          [
            15.077375,
            48.188609,
            224.6
          ],
          [
            15.07812,
            48.188227999999995,
            222.36
          ],
          [
            15.078298,
            48.188159999999996,
            221.59
          ],
          [
            15.078717,
            48.188094,
            222.34
          ],
          [
            15.079096,
            48.188016999999995,
            222.64
          ],
          [
            15.07946,
            48.187906,
            224.01
          ],
          [
            15.079894,
            48.18775,
            224.52
          ],
          [
            15.080338999999999,
            48.187574999999995,
            224.4
          ],
          [
            15.080741,
            48.187439,
            224.3
          ],
          [
            15.081074,
            48.187309,
            224.66
          ],
          [
            15.081201,
            48.187267,
            224.92
          ],
          [
            15.081404,
            48.187227,
            226.02
          ],
          [
            15.081582,
            48.187205,
            226.06
          ],
          [
            15.081835,
            48.187217,
            226.61
          ],
          [
            15.082033,
            48.187261,
            227.23
          ],
          [
            15.082298,
            48.187025999999996,
            226.24
          ],
          [
            15.082483,
            48.186795,
            225.43
          ],
          [
            15.082628,
            48.18654,
            224.75
          ],
          [
            15.082758,
            48.186381,
            224.87
          ],
          [
            15.083072999999999,
            48.186107,
            225.01
          ],
          [
            15.083399,
            48.185860999999996,
            225.06
          ],
          [
            15.084029999999998,
            48.185551,
            224.95
          ],
          [
            15.084175,
            48.185500999999995,
            224.6
          ],
          [
            15.084653,
            48.185313,
            224.71
          ],
          [
            15.085106999999999,
            48.185159,
            224.63
          ],
          [
            15.085348999999999,
            48.185117,
            224.45
          ],
          [
            15.085583999999999,
            48.185103,
            224.47
          ],
          [
            15.085545999999999,
            48.185016,
            224.03
          ],
          [
            15.084980999999999,
            48.184346,
            221.05
          ],
          [
            15.084945,
            48.184203,
            220.83
          ],
          [
            15.085092999999999,
            48.183938,
            220.5
          ],
          [
            15.085445,
            48.183606999999995,
            219.98
          ],
          [
            15.085721,
            48.183367,
            219.82
          ],
          [
            15.0862,
            48.18306,
            219.66
          ],
          [
            15.086901999999998,
            48.182519,
            219.98
          ],
          [
            15.087496999999999,
            48.182002999999995,
            220.42
          ],
          [
            15.087819999999999,
            48.181791999999994,
            220.45
          ],
          [
            15.08849,
            48.181315999999995,
            220.19
          ],
          [
            15.089205999999999,
            48.18076,
            220
          ],
          [
            15.089922999999999,
            48.180175999999996,
            219.41
          ],
          [
            15.090330999999999,
            48.17986,
            219.06
          ],
          [
            15.091033,
            48.179418999999996,
            219.03
          ],
          [
            15.092061,
            48.178678,
            219.15
          ],
          [
            15.092347,
            48.178419,
            219.13
          ],
          [
            15.092746,
            48.177952,
            219.08
          ],
          [
            15.093361,
            48.177357,
            219.29
          ],
          [
            15.093670999999999,
            48.176992999999996,
            219.29
          ],
          [
            15.093957999999999,
            48.176764999999996,
            219.23
          ],
          [
            15.09418,
            48.176632,
            219.08
          ],
          [
            15.094743,
            48.176362,
            219.01
          ],
          [
            15.094831999999998,
            48.176313,
            219.11
          ],
          [
            15.095013,
            48.176175,
            219.78
          ],
          [
            15.095350999999999,
            48.175844999999995,
            219.99
          ],
          [
            15.095481999999999,
            48.175698999999994,
            219.87
          ],
          [
            15.0961,
            48.175101,
            219.65
          ],
          [
            15.096945999999999,
            48.174383,
            219.31
          ],
          [
            15.097102,
            48.174261,
            219.48
          ],
          [
            15.097232,
            48.174195999999995,
            219.14
          ],
          [
            15.097294999999999,
            48.174178,
            219.04
          ],
          [
            15.097398,
            48.174181,
            219.07
          ],
          [
            15.09747,
            48.1742,
            219.21
          ],
          [
            15.097555,
            48.174234999999996,
            219.43
          ],
          [
            15.097622,
            48.174273,
            219.57
          ],
          [
            15.097703999999998,
            48.174338,
            219.82
          ],
          [
            15.097764999999999,
            48.174406,
            220.12
          ],
          [
            15.097805999999999,
            48.174468,
            220.33
          ],
          [
            15.097871,
            48.174639,
            220.94
          ],
          [
            15.097957999999998,
            48.174780999999996,
            221.65
          ],
          [
            15.098023999999999,
            48.174859,
            221.85
          ],
          [
            15.098142999999999,
            48.175033,
            221.96
          ],
          [
            15.098253999999999,
            48.175294,
            222
          ],
          [
            15.098282999999999,
            48.175335999999994,
            222
          ],
          [
            15.098329999999999,
            48.175377,
            222
          ],
          [
            15.098455999999999,
            48.175466,
            222
          ],
          [
            15.098510999999998,
            48.175415,
            222
          ],
          [
            15.098550999999999,
            48.175394,
            222.04
          ],
          [
            15.098899999999999,
            48.175311,
            222.53
          ],
          [
            15.099101999999998,
            48.175247999999996,
            222.21
          ],
          [
            15.099711999999998,
            48.175031999999995,
            222.04
          ],
          [
            15.099881,
            48.174941,
            222.02
          ],
          [
            15.09995,
            48.174887,
            222.01
          ],
          [
            15.09999,
            48.174842,
            222.01
          ],
          [
            15.100035,
            48.174744999999994,
            222
          ],
          [
            15.100041,
            48.174690999999996,
            222
          ],
          [
            15.100024,
            48.174564,
            222
          ],
          [
            15.100047,
            48.174493,
            222
          ],
          [
            15.100105,
            48.17445,
            221.99
          ],
          [
            15.100156,
            48.174436,
            221.96
          ],
          [
            15.100655,
            48.174361,
            221.7
          ],
          [
            15.101659999999999,
            48.174226999999995,
            222
          ],
          [
            15.101939,
            48.174209,
            222
          ],
          [
            15.102844,
            48.174209,
            221.96
          ],
          [
            15.103352999999998,
            48.1742,
            221.88
          ],
          [
            15.104033,
            48.17417,
            221.95
          ],
          [
            15.104197999999998,
            48.174167,
            221.95
          ],
          [
            15.104346,
            48.174175,
            221.94
          ],
          [
            15.106586,
            48.174392999999995,
            221.75
          ],
          [
            15.106727999999999,
            48.174419,
            221.71
          ],
          [
            15.109943999999999,
            48.175368999999996,
            220.43
          ],
          [
            15.110102999999999,
            48.175442,
            220.44
          ],
          [
            15.111851999999999,
            48.176459,
            221
          ],
          [
            15.111968,
            48.176545999999995,
            221
          ],
          [
            15.112127,
            48.176697999999995,
            220.99
          ],
          [
            15.112245,
            48.176868,
            220.94
          ],
          [
            15.112717,
            48.177715,
            220.17
          ],
          [
            15.11282,
            48.177938,
            220.03
          ],
          [
            15.112948,
            48.178273999999995,
            220.1
          ],
          [
            15.112974999999999,
            48.178411999999994,
            220.16
          ],
          [
            15.113012,
            48.178733,
            220.25
          ],
          [
            15.113014,
            48.178858999999996,
            220.27
          ],
          [
            15.113002,
            48.178996999999995,
            220.28
          ],
          [
            15.112872999999999,
            48.179994,
            220.02
          ],
          [
            15.112834,
            48.180153,
            220
          ],
          [
            15.112729999999999,
            48.180448999999996,
            220
          ],
          [
            15.112824999999999,
            48.180462999999996,
            219.99
          ],
          [
            15.115499999999999,
            48.181179,
            218.77
          ],
          [
            15.115552,
            48.181214,
            218.63
          ],
          [
            15.115559,
            48.181239999999995,
            218.54
          ],
          [
            15.115018,
            48.182407999999995,
            218.1
          ],
          [
            15.11483,
            48.182704,
            218.08
          ],
          [
            15.114455,
            48.183246,
            218.07
          ],
          [
            15.114054999999999,
            48.183889,
            218.21
          ],
          [
            15.113944,
            48.184098,
            218.34
          ],
          [
            15.113702,
            48.184624,
            218.75
          ],
          [
            15.113531,
            48.184846,
            219
          ],
          [
            15.113477999999999,
            48.184923,
            219.07
          ],
          [
            15.113396,
            48.185075999999995,
            219.24
          ],
          [
            15.113344999999999,
            48.185145,
            219.3
          ],
          [
            15.113208,
            48.185286999999995,
            219.36
          ],
          [
            15.113057,
            48.185407999999995,
            219.52
          ],
          [
            15.113007999999999,
            48.185454,
            219.42
          ],
          [
            15.112535999999999,
            48.186048,
            218.8
          ],
          [
            15.112074999999999,
            48.186591,
            217.63
          ],
          [
            15.111609999999999,
            48.187065,
            217.08
          ],
          [
            15.111222,
            48.187362,
            217.73
          ],
          [
            15.111137999999999,
            48.187439,
            217.77
          ],
          [
            15.111075999999999,
            48.187518999999995,
            217.81
          ],
          [
            15.110750999999999,
            48.188002999999995,
            217.82
          ],
          [
            15.109592,
            48.189481,
            219.8
          ],
          [
            15.109193,
            48.189886,
            219.89
          ],
          [
            15.109052,
            48.190149999999996,
            218.24
          ],
          [
            15.108910999999999,
            48.19039,
            218.6
          ],
          [
            15.108832,
            48.190490999999994,
            218.72
          ],
          [
            15.108469,
            48.190839,
            218.99
          ],
          [
            15.108307,
            48.190988999999995,
            219.02
          ],
          [
            15.108229999999999,
            48.191074,
            219.05
          ],
          [
            15.107733999999999,
            48.191767,
            218.97
          ],
          [
            15.107629,
            48.191972,
            218.93
          ],
          [
            15.107576,
            48.192128,
            218.82
          ],
          [
            15.107382999999999,
            48.192871,
            218.31
          ],
          [
            15.107337999999999,
            48.19301,
            218.22
          ],
          [
            15.107282999999999,
            48.193146,
            218.08
          ],
          [
            15.107014999999999,
            48.193683,
            218.55
          ],
          [
            15.106988999999999,
            48.193757,
            218.38
          ],
          [
            15.106955,
            48.19392,
            217.89
          ],
          [
            15.106893,
            48.194528,
            217.57
          ],
          [
            15.106848,
            48.194736,
            217.64
          ],
          [
            15.106805999999999,
            48.194862,
            217.74
          ],
          [
            15.106541,
            48.195477,
            218.45
          ],
          [
            15.106425999999999,
            48.195696,
            218.87
          ],
          [
            15.106356,
            48.195783999999996,
            218.97
          ],
          [
            15.106192,
            48.195913,
            218.92
          ],
          [
            15.106819,
            48.195932,
            217.81
          ],
          [
            15.106874,
            48.196265,
            218.11
          ],
          [
            15.106952,
            48.196469,
            217.97
          ],
          [
            15.107099,
            48.196749999999994,
            217.74
          ],
          [
            15.107216,
            48.197027999999996,
            218
          ],
          [
            15.107287,
            48.197126999999995,
            217.93
          ],
          [
            15.10747,
            48.197309,
            217.84
          ],
          [
            15.107612,
            48.197483,
            217.79
          ],
          [
            15.107726,
            48.197686,
            217.75
          ],
          [
            15.107809,
            48.197956,
            218.09
          ],
          [
            15.107807,
            48.197990999999995,
            218.09
          ],
          [
            15.107790999999999,
            48.198018999999995,
            218.11
          ],
          [
            15.107705999999999,
            48.198082,
            218.15
          ],
          [
            15.107522999999999,
            48.198169,
            218.37
          ],
          [
            15.107831,
            48.198533999999995,
            218.56
          ],
          [
            15.107878,
            48.198561999999995,
            218.47
          ],
          [
            15.108089,
            48.198617999999996,
            217.91
          ],
          [
            15.108146,
            48.198642,
            217.79
          ],
          [
            15.108189999999999,
            48.198671999999995,
            217.69
          ],
          [
            15.10822,
            48.198707999999996,
            217.6
          ],
          [
            15.108806999999999,
            48.199835,
            216.03
          ],
          [
            15.109017,
            48.200198,
            216.03
          ],
          [
            15.109031,
            48.200292,
            216.15
          ],
          [
            15.108974,
            48.200506999999995,
            216.96
          ],
          [
            15.108986999999999,
            48.200582999999995,
            216.96
          ],
          [
            15.109183999999999,
            48.200858,
            216.99
          ],
          [
            15.109449999999999,
            48.201189,
            216.55
          ],
          [
            15.109784,
            48.201544,
            216.4
          ],
          [
            15.110057999999999,
            48.201797,
            216.4
          ],
          [
            15.110365999999999,
            48.202045,
            216.61
          ],
          [
            15.110766,
            48.202332,
            216.6
          ],
          [
            15.111127999999999,
            48.202555,
            216.56
          ],
          [
            15.111854,
            48.202951999999996,
            216.31
          ],
          [
            15.11206,
            48.203053,
            216.14
          ],
          [
            15.112174999999999,
            48.203140999999995,
            215.91
          ],
          [
            15.112587999999999,
            48.203385999999995,
            216.46
          ],
          [
            15.112734999999999,
            48.203489,
            216.35
          ],
          [
            15.113918,
            48.204471,
            216.68
          ],
          [
            15.114669,
            48.205064,
            216.4
          ],
          [
            15.115489,
            48.205670999999995,
            216.17
          ],
          [
            15.116313,
            48.206227,
            216.13
          ],
          [
            15.116695,
            48.206475,
            216.24
          ],
          [
            15.117946,
            48.207218999999995,
            216.41
          ],
          [
            15.118566,
            48.207539999999995,
            216.16
          ],
          [
            15.120146,
            48.20827,
            215.91
          ],
          [
            15.120235,
            48.208346,
            216.25
          ],
          [
            15.120451999999998,
            48.208459,
            216.39
          ],
          [
            15.120716999999999,
            48.208579,
            216.45
          ],
          [
            15.121929999999999,
            48.209298999999994,
            215.92
          ],
          [
            15.122993999999998,
            48.209813999999994,
            215.88
          ],
          [
            15.124137999999999,
            48.210319999999996,
            215.55
          ],
          [
            15.125919999999999,
            48.210906,
            215.67
          ],
          [
            15.126652,
            48.211104,
            215.82
          ],
          [
            15.127018999999999,
            48.211192,
            215.86
          ],
          [
            15.127476999999999,
            48.211282999999995,
            215.8
          ],
          [
            15.129112,
            48.211413,
            215.6
          ],
          [
            15.129645,
            48.211489,
            215.58
          ],
          [
            15.130383,
            48.211633,
            215.8
          ],
          [
            15.130479,
            48.211669,
            216.02
          ],
          [
            15.130533,
            48.211701999999995,
            216.23
          ],
          [
            15.130588999999999,
            48.211718,
            216.27
          ],
          [
            15.130754999999999,
            48.211743,
            216.03
          ],
          [
            15.130872,
            48.211746,
            215.8
          ],
          [
            15.130963,
            48.211757999999996,
            215.76
          ],
          [
            15.131933,
            48.211937999999996,
            215.93
          ],
          [
            15.133132,
            48.212137,
            216.26
          ],
          [
            15.133683999999999,
            48.212207,
            216.84
          ],
          [
            15.133963999999999,
            48.212229,
            217.07
          ],
          [
            15.134331,
            48.212239,
            216.84
          ],
          [
            15.134860999999999,
            48.212295999999995,
            216.34
          ],
          [
            15.13546,
            48.212379,
            215.81
          ],
          [
            15.136002999999999,
            48.212489,
            216.88
          ],
          [
            15.136394,
            48.212548,
            216.2
          ],
          [
            15.136533,
            48.212587,
            215.99
          ],
          [
            15.136598999999999,
            48.212618,
            215.99
          ],
          [
            15.136662,
            48.212691,
            216.37
          ],
          [
            15.136769,
            48.212737999999995,
            216.57
          ],
          [
            15.137448,
            48.212939999999996,
            216.9
          ],
          [
            15.137792999999999,
            48.213029999999996,
            217.02
          ],
          [
            15.140492,
            48.213586,
            217
          ],
          [
            15.140578,
            48.213589,
            217
          ],
          [
            15.140661999999999,
            48.213549,
            217
          ],
          [
            15.140844,
            48.213555,
            216.98
          ],
          [
            15.141328999999999,
            48.213649,
            216.35
          ],
          [
            15.141674,
            48.213708,
            215.68
          ],
          [
            15.143730999999999,
            48.214002,
            215.15
          ],
          [
            15.144083,
            48.214043,
            215.11
          ],
          [
            15.144283999999999,
            48.214045,
            215.1
          ],
          [
            15.144371999999999,
            48.214037,
            215.1
          ],
          [
            15.14457,
            48.214006999999995,
            215.17
          ],
          [
            15.144777999999999,
            48.213955,
            215.54
          ],
          [
            15.14501,
            48.21387,
            216.24
          ],
          [
            15.145221,
            48.213777,
            215.82
          ],
          [
            15.14536,
            48.213746,
            215.74
          ],
          [
            15.145541999999999,
            48.213729,
            215.73
          ],
          [
            15.145688999999999,
            48.213729,
            215.78
          ],
          [
            15.146312,
            48.213775999999996,
            215.89
          ],
          [
            15.146588,
            48.213839,
            216.46
          ],
          [
            15.14692,
            48.21387,
            216.09
          ],
          [
            15.147034999999999,
            48.213874,
            215.99
          ],
          [
            15.147639,
            48.213817,
            215.48
          ],
          [
            15.147753999999999,
            48.213803999999996,
            215.36
          ],
          [
            15.147834999999999,
            48.213784999999994,
            215.3
          ],
          [
            15.148902,
            48.21373,
            215.08
          ],
          [
            15.149483,
            48.213722,
            215.04
          ],
          [
            15.150205999999999,
            48.213736,
            215.14
          ],
          [
            15.150514999999999,
            48.21375,
            215.19
          ],
          [
            15.151758,
            48.213854999999995,
            215.77
          ],
          [
            15.152597,
            48.213953,
            215.44
          ],
          [
            15.153393999999999,
            48.214078,
            215.4
          ],
          [
            15.153944,
            48.21415,
            215.89
          ],
          [
            15.154031999999999,
            48.214174,
            216.01
          ],
          [
            15.154231,
            48.214247,
            216.02
          ],
          [
            15.154302,
            48.214262999999995,
            216.01
          ],
          [
            15.154442999999999,
            48.214281,
            215.97
          ],
          [
            15.154632999999999,
            48.214289,
            215.85
          ],
          [
            15.154945,
            48.214290999999996,
            215.17
          ],
          [
            15.155261999999999,
            48.21436,
            215.41
          ],
          [
            15.157210999999998,
            48.214669,
            216.41
          ],
          [
            15.159312,
            48.214932999999995,
            216.66
          ],
          [
            15.160886999999999,
            48.215084,
            215.86
          ],
          [
            15.161202,
            48.215097,
            215.64
          ],
          [
            15.162619,
            48.21509,
            215.34
          ],
          [
            15.163326,
            48.215111,
            215.4
          ],
          [
            15.164124999999999,
            48.215181,
            214.85
          ],
          [
            15.166583999999999,
            48.215519,
            215.48
          ],
          [
            15.167124999999999,
            48.215612,
            215.35
          ],
          [
            15.168871,
            48.215937,
            214.77
          ],
          [
            15.170554,
            48.216324,
            215.14
          ],
          [
            15.171063,
            48.216418,
            215.13
          ],
          [
            15.171880999999999,
            48.216511999999994,
            215.14
          ],
          [
            15.172557999999999,
            48.216634,
            214.98
          ],
          [
            15.173008,
            48.216733999999995,
            215.19
          ],
          [
            15.173119999999999,
            48.216774,
            214.9
          ],
          [
            15.173281999999999,
            48.21687,
            214.8
          ],
          [
            15.173345,
            48.216899,
            214.99
          ],
          [
            15.173435999999999,
            48.216924999999996,
            215.32
          ],
          [
            15.17405,
            48.217062999999996,
            215.01
          ],
          [
            15.174387,
            48.217123,
            214.64
          ],
          [
            15.175313,
            48.217257,
            215.09
          ],
          [
            15.175491999999998,
            48.217273,
            215.17
          ],
          [
            15.176103,
            48.217303,
            215.31
          ],
          [
            15.176179,
            48.217313,
            215.34
          ],
          [
            15.176266,
            48.217349,
            215.45
          ],
          [
            15.176309999999999,
            48.217392,
            215.59
          ],
          [
            15.176347,
            48.217411,
            215.63
          ],
          [
            15.176447,
            48.217425,
            215.62
          ],
          [
            15.176597999999998,
            48.217438,
            215.58
          ],
          [
            15.176717,
            48.217428999999996,
            215.61
          ],
          [
            15.176838,
            48.217428999999996,
            215.63
          ],
          [
            15.176959,
            48.217441,
            215.59
          ],
          [
            15.177766,
            48.217554,
            215.36
          ],
          [
            15.178097,
            48.217574,
            215.2
          ],
          [
            15.178334999999999,
            48.217600999999995,
            215.14
          ],
          [
            15.178816999999999,
            48.217681999999996,
            215.29
          ],
          [
            15.178922,
            48.217678,
            215.47
          ],
          [
            15.179079999999999,
            48.217687,
            215.69
          ],
          [
            15.179511,
            48.217683,
            215.9
          ],
          [
            15.179936,
            48.217665,
            216.01
          ],
          [
            15.180551999999999,
            48.217625,
            216.1
          ],
          [
            15.181401,
            48.217580999999996,
            216.06
          ],
          [
            15.183133999999999,
            48.217532999999996,
            215.53
          ],
          [
            15.183983,
            48.217487,
            215.44
          ],
          [
            15.18461,
            48.217434,
            215.58
          ],
          [
            15.184911999999999,
            48.217400999999995,
            215.65
          ],
          [
            15.186081,
            48.217245999999996,
            215.84
          ],
          [
            15.187104999999999,
            48.21713,
            216.26
          ],
          [
            15.188004,
            48.217054,
            216.5
          ],
          [
            15.189034999999999,
            48.217003,
            215.8
          ],
          [
            15.190017999999998,
            48.216986999999996,
            215.13
          ],
          [
            15.190406999999999,
            48.216991,
            215.07
          ],
          [
            15.190916,
            48.217012,
            215.08
          ],
          [
            15.191749,
            48.217028,
            215.08
          ],
          [
            15.194536999999999,
            48.217036,
            215.19
          ],
          [
            15.196124,
            48.21702,
            215.28
          ],
          [
            15.196273,
            48.217025,
            215.29
          ],
          [
            15.196406,
            48.217099,
            215.56
          ],
          [
            15.196482999999999,
            48.217158999999995,
            215.77
          ],
          [
            15.196532,
            48.217197,
            215.89
          ],
          [
            15.196608,
            48.217213,
            216.02
          ],
          [
            15.196831,
            48.217206999999995,
            216.53
          ],
          [
            15.197166999999999,
            48.21718,
            216.93
          ],
          [
            15.197595999999999,
            48.217105,
            216.88
          ],
          [
            15.20115,
            48.216497999999994,
            216.37
          ],
          [
            15.201886,
            48.21638,
            217.88
          ],
          [
            15.202427,
            48.216325,
            216.18
          ],
          [
            15.203024,
            48.216293,
            215.47
          ],
          [
            15.204372999999999,
            48.216266999999995,
            215
          ],
          [
            15.206002,
            48.216274999999996,
            215.06
          ],
          [
            15.207268,
            48.216317,
            215.97
          ],
          [
            15.208357,
            48.216372,
            217.05
          ],
          [
            15.209729,
            48.216473,
            215.89
          ],
          [
            15.210749999999999,
            48.216573,
            215.61
          ],
          [
            15.211768999999999,
            48.216685,
            217.24
          ],
          [
            15.212288,
            48.216947,
            217.74
          ],
          [
            15.212385,
            48.216985,
            217.1
          ],
          [
            15.212606999999998,
            48.217039,
            216.56
          ],
          [
            15.212809,
            48.217062,
            216.54
          ],
          [
            15.21322,
            48.217071999999995,
            216.55
          ],
          [
            15.213294999999999,
            48.217061,
            216.6
          ],
          [
            15.213388,
            48.217023999999995,
            216.71
          ],
          [
            15.213560999999999,
            48.21704,
            216.74
          ],
          [
            15.213728,
            48.217068999999995,
            217.09
          ],
          [
            15.214086,
            48.217155999999996,
            217.76
          ],
          [
            15.214193999999999,
            48.217061,
            217.45
          ],
          [
            15.214241999999999,
            48.217034,
            217.39
          ],
          [
            15.2143,
            48.217022,
            217.3
          ],
          [
            15.214924,
            48.217054,
            216.5
          ],
          [
            15.215556,
            48.217064,
            215.99
          ],
          [
            15.215945999999999,
            48.21706,
            215.88
          ],
          [
            15.216571,
            48.217017999999996,
            216.25
          ],
          [
            15.216866,
            48.216972999999996,
            216.93
          ],
          [
            15.217329999999999,
            48.216879999999996,
            217.04
          ],
          [
            15.21745,
            48.216862,
            216.8
          ],
          [
            15.217609999999999,
            48.216851,
            216.4
          ],
          [
            15.221008,
            48.21682,
            215.55
          ],
          [
            15.221922999999999,
            48.216826999999995,
            215.57
          ],
          [
            15.222709,
            48.216843,
            215.79
          ],
          [
            15.224082999999998,
            48.216895,
            217
          ],
          [
            15.224888,
            48.216941,
            217.94
          ],
          [
            15.226097999999999,
            48.217028,
            215.12
          ],
          [
            15.2273,
            48.217141,
            215.57
          ],
          [
            15.227915999999999,
            48.217206999999995,
            216.32
          ],
          [
            15.229194999999999,
            48.217368,
            216.05
          ],
          [
            15.229975999999999,
            48.217476,
            216.67
          ],
          [
            15.231117999999999,
            48.217653,
            216.12
          ],
          [
            15.231572,
            48.217745,
            216.01
          ],
          [
            15.232495,
            48.217954,
            215.89
          ],
          [
            15.233089999999999,
            48.218145,
            215.9
          ],
          [
            15.233436999999999,
            48.21821,
            215.76
          ],
          [
            15.233747999999999,
            48.218292999999996,
            215.95
          ],
          [
            15.234312,
            48.21846,
            215.6
          ],
          [
            15.234971999999999,
            48.218666999999996,
            215.44
          ],
          [
            15.235474,
            48.218834,
            215.5
          ],
          [
            15.237618999999999,
            48.219584,
            214.96
          ],
          [
            15.238202,
            48.219781,
            215
          ],
          [
            15.239198,
            48.220104,
            215.19
          ],
          [
            15.240134,
            48.220388,
            215.02
          ],
          [
            15.241332,
            48.220729,
            215.13
          ],
          [
            15.242555,
            48.221044,
            215.83
          ],
          [
            15.242711,
            48.221111,
            216.54
          ],
          [
            15.242778,
            48.221156,
            216.52
          ],
          [
            15.243186,
            48.221509999999995,
            216.22
          ],
          [
            15.243265,
            48.221568999999995,
            216.04
          ],
          [
            15.243426,
            48.221674,
            215.74
          ],
          [
            15.243602,
            48.22175,
            215.52
          ],
          [
            15.245362,
            48.222203,
            215.24
          ],
          [
            15.245635,
            48.222265,
            215.73
          ],
          [
            15.246281999999999,
            48.222376,
            215.51
          ],
          [
            15.246905,
            48.222474,
            215.78
          ],
          [
            15.247382,
            48.222522999999995,
            215.73
          ],
          [
            15.247707,
            48.222533999999996,
            215.73
          ],
          [
            15.248794,
            48.222528,
            215.48
          ],
          [
            15.249189,
            48.222536999999996,
            215.31
          ],
          [
            15.249398,
            48.222547999999996,
            215.18
          ],
          [
            15.249702,
            48.222576,
            214.74
          ],
          [
            15.249991,
            48.222628,
            214.52
          ],
          [
            15.25034,
            48.222702,
            214.69
          ],
          [
            15.253794,
            48.223496999999995,
            214.53
          ],
          [
            15.255835999999999,
            48.223934,
            214.94
          ],
          [
            15.257382,
            48.224236,
            214.53
          ],
          [
            15.258087999999999,
            48.224363,
            214.79
          ],
          [
            15.258223999999998,
            48.224433,
            215.25
          ],
          [
            15.258695999999999,
            48.224627999999996,
            212.51
          ],
          [
            15.258887,
            48.2247,
            211.32
          ],
          [
            15.258887,
            48.224726999999994,
            210.99
          ],
          [
            15.258844999999999,
            48.224827,
            210.9
          ],
          [
            15.258821999999999,
            48.224914999999996,
            210.91
          ],
          [
            15.258559,
            48.22546,
            211.72
          ],
          [
            15.258571,
            48.225485,
            211.78
          ],
          [
            15.258628,
            48.225528,
            211.76
          ],
          [
            15.258806,
            48.225595999999996,
            211.48
          ],
          [
            15.259129,
            48.225699,
            211.34
          ],
          [
            15.259988,
            48.225944999999996,
            211.23
          ],
          [
            15.260786,
            48.226133,
            211.09
          ],
          [
            15.261432999999998,
            48.226261,
            211.11
          ],
          [
            15.261887999999999,
            48.226335999999996,
            211.64
          ],
          [
            15.262106999999999,
            48.226385,
            211.97
          ],
          [
            15.262414999999999,
            48.226425,
            212.22
          ],
          [
            15.262462999999999,
            48.226417999999995,
            212.17
          ],
          [
            15.262550999999998,
            48.226366,
            211.56
          ],
          [
            15.262618999999999,
            48.226337,
            211.17
          ],
          [
            15.262804,
            48.226279,
            210.67
          ],
          [
            15.262910999999999,
            48.226256,
            210.65
          ],
          [
            15.263062999999999,
            48.226248,
            210.74
          ],
          [
            15.26318,
            48.226268999999995,
            210.84
          ],
          [
            15.263568,
            48.226414,
            210.86
          ],
          [
            15.263701,
            48.22644,
            210.89
          ],
          [
            15.26391,
            48.226462,
            211
          ],
          [
            15.266777999999999,
            48.226599,
            211.02
          ],
          [
            15.268595999999999,
            48.2267,
            211.17
          ],
          [
            15.275115,
            48.227171,
            210.88
          ],
          [
            15.276150999999999,
            48.227256,
            211.2
          ],
          [
            15.276848,
            48.22734,
            211.22
          ],
          [
            15.279017,
            48.227626,
            210.79
          ],
          [
            15.280241,
            48.227751,
            210.82
          ],
          [
            15.28088,
            48.227793999999996,
            210.3
          ],
          [
            15.282086,
            48.227891,
            210.61
          ],
          [
            15.283531,
            48.227981,
            210.47
          ],
          [
            15.284975999999999,
            48.228125999999996,
            210.12
          ],
          [
            15.286548,
            48.228333,
            210.4
          ],
          [
            15.287046,
            48.22841,
            210.47
          ],
          [
            15.288428999999999,
            48.228662,
            210.36
          ],
          [
            15.289136,
            48.22878,
            210.18
          ],
          [
            15.291139999999999,
            48.229085,
            210.74
          ],
          [
            15.292676,
            48.229226,
            211.12
          ],
          [
            15.29314,
            48.229240999999995,
            210.78
          ],
          [
            15.293655999999999,
            48.229285,
            209.94
          ],
          [
            15.29444,
            48.229319,
            210.18
          ],
          [
            15.294718999999999,
            48.229343,
            209.91
          ],
          [
            15.295181,
            48.229467,
            211.03
          ],
          [
            15.295235,
            48.229468,
            211.07
          ],
          [
            15.295319,
            48.229454,
            211.03
          ],
          [
            15.295715,
            48.229506,
            210.55
          ],
          [
            15.296035999999999,
            48.229537,
            210.62
          ],
          [
            15.2961,
            48.229551,
            210.75
          ],
          [
            15.296090999999999,
            48.229592,
            211.02
          ],
          [
            15.296612,
            48.229645999999995,
            211.45
          ],
          [
            15.296678,
            48.229678,
            211.53
          ],
          [
            15.297054,
            48.229712,
            210
          ],
          [
            15.29781,
            48.229803999999994,
            213.1
          ],
          [
            15.297875999999999,
            48.229796,
            212.64
          ],
          [
            15.298051999999998,
            48.229757,
            211.42
          ],
          [
            15.298193999999999,
            48.229715999999996,
            210.75
          ],
          [
            15.298319999999999,
            48.22967,
            210.19
          ],
          [
            15.298646999999999,
            48.229496,
            209.19
          ],
          [
            15.298782,
            48.229485,
            209.15
          ],
          [
            15.300338,
            48.229549999999996,
            208.95
          ],
          [
            15.301924999999999,
            48.229704,
            208.91
          ],
          [
            15.302190999999999,
            48.229744,
            208.86
          ],
          [
            15.302408999999999,
            48.229805,
            208.81
          ],
          [
            15.302603,
            48.229879,
            208.79
          ],
          [
            15.303357,
            48.230261999999996,
            208.64
          ],
          [
            15.303514999999999,
            48.230331,
            208.61
          ],
          [
            15.303676999999999,
            48.230382999999996,
            208.57
          ],
          [
            15.303875999999999,
            48.230413999999996,
            208.54
          ],
          [
            15.304205,
            48.230441,
            208.5
          ],
          [
            15.304979,
            48.230453,
            208.64
          ],
          [
            15.305121,
            48.230466,
            208.71
          ],
          [
            15.305237,
            48.230488,
            208.76
          ],
          [
            15.305437999999999,
            48.230551,
            208.91
          ],
          [
            15.306293,
            48.230874,
            209.82
          ],
          [
            15.306514,
            48.230948999999995,
            210.05
          ],
          [
            15.306659,
            48.23099,
            210.18
          ],
          [
            15.306835,
            48.231029,
            210.19
          ],
          [
            15.308992,
            48.231305,
            210.74
          ],
          [
            15.310459,
            48.231427,
            210.8
          ],
          [
            15.312259,
            48.231587,
            210.64
          ],
          [
            15.312387999999999,
            48.2316,
            210.47
          ],
          [
            15.312880999999999,
            48.23168,
            209.85
          ],
          [
            15.312985,
            48.231707,
            209.73
          ],
          [
            15.313538999999999,
            48.232036,
            210.33
          ],
          [
            15.313716,
            48.232118,
            210.28
          ],
          [
            15.314238999999999,
            48.232265,
            209.77
          ],
          [
            15.315641999999999,
            48.232623,
            208.59
          ],
          [
            15.316664,
            48.232856999999996,
            208.87
          ],
          [
            15.317089999999999,
            48.232938,
            209.33
          ],
          [
            15.317397999999999,
            48.232966999999995,
            209.43
          ],
          [
            15.31749,
            48.232968,
            209.38
          ],
          [
            15.317737,
            48.232948,
            209.28
          ],
          [
            15.318458999999999,
            48.232946,
            208.72
          ],
          [
            15.318689,
            48.232969,
            208.67
          ],
          [
            15.318838999999999,
            48.232997,
            208.98
          ],
          [
            15.319149999999999,
            48.23308,
            209.28
          ],
          [
            15.319467999999999,
            48.233137,
            209.06
          ],
          [
            15.319685999999999,
            48.233185999999996,
            209.08
          ],
          [
            15.320027,
            48.233275,
            209.07
          ],
          [
            15.320331,
            48.233371,
            208.9
          ],
          [
            15.32049,
            48.233425999999994,
            208.86
          ],
          [
            15.320618999999999,
            48.23348,
            208.84
          ],
          [
            15.324269,
            48.235099999999996,
            208.11
          ],
          [
            15.325325999999999,
            48.235579,
            208.54
          ],
          [
            15.326576,
            48.236121999999995,
            208.35
          ],
          [
            15.326251999999998,
            48.236455,
            209.24
          ],
          [
            15.326452999999999,
            48.236788999999995,
            209.94
          ],
          [
            15.326495999999999,
            48.236821,
            209.97
          ],
          [
            15.327589999999999,
            48.237114,
            210.28
          ],
          [
            15.328527999999999,
            48.237356999999996,
            210.14
          ],
          [
            15.329106,
            48.237517,
            209.98
          ],
          [
            15.329792999999999,
            48.237722,
            209.58
          ],
          [
            15.330449,
            48.23793,
            209.33
          ],
          [
            15.330967999999999,
            48.23811,
            209.18
          ],
          [
            15.331577999999999,
            48.238338999999996,
            209.11
          ],
          [
            15.332479,
            48.23871,
            208.79
          ],
          [
            15.333905,
            48.239343999999996,
            208.81
          ],
          [
            15.334271,
            48.239491,
            208.63
          ],
          [
            15.335016,
            48.23975,
            208.04
          ],
          [
            15.335496,
            48.239954999999995,
            208.4
          ],
          [
            15.336402,
            48.240384999999996,
            207.69
          ],
          [
            15.336504,
            48.240414,
            207.48
          ],
          [
            15.33699,
            48.240589,
            207.62
          ],
          [
            15.337225,
            48.240707,
            206.79
          ],
          [
            15.337356,
            48.240733999999996,
            206.99
          ],
          [
            15.337446,
            48.240781999999996,
            207.42
          ],
          [
            15.337562,
            48.240936,
            208.15
          ],
          [
            15.338064999999999,
            48.241248999999996,
            206.44
          ],
          [
            15.338496999999998,
            48.241555,
            207.6
          ],
          [
            15.338638999999999,
            48.241678,
            208.77
          ],
          [
            15.338699,
            48.241747,
            208.35
          ],
          [
            15.338655,
            48.241771,
            208.49
          ],
          [
            15.338842999999999,
            48.241910999999995,
            208.68
          ],
          [
            15.339124,
            48.242152999999995,
            209
          ],
          [
            15.339519999999998,
            48.24252,
            209.23
          ],
          [
            15.340069999999999,
            48.243052999999996,
            209.26
          ],
          [
            15.340193,
            48.243157,
            209.46
          ],
          [
            15.34079,
            48.243733,
            209.14
          ],
          [
            15.341161999999999,
            48.244057,
            209.15
          ],
          [
            15.341258,
            48.244097,
            209.24
          ],
          [
            15.341460999999999,
            48.244157,
            209.38
          ],
          [
            15.341501,
            48.244181,
            209.41
          ],
          [
            15.341626,
            48.244299999999996,
            209.51
          ],
          [
            15.341362,
            48.244437,
            210.16
          ],
          [
            15.341292999999999,
            48.244485,
            210.74
          ],
          [
            15.341336,
            48.244552,
            210.55
          ],
          [
            15.341342,
            48.244583,
            210.53
          ],
          [
            15.341308999999999,
            48.244647,
            210.78
          ],
          [
            15.341066,
            48.244827,
            212.79
          ],
          [
            15.340966,
            48.24492,
            213.13
          ],
          [
            15.340914999999999,
            48.244982,
            213.28
          ],
          [
            15.340850999999999,
            48.24511,
            213.97
          ],
          [
            15.340831,
            48.245186,
            214.28
          ],
          [
            15.340833,
            48.245324,
            214.58
          ],
          [
            15.340888999999999,
            48.245464999999996,
            215.7
          ],
          [
            15.340955999999998,
            48.245554999999996,
            216.23
          ],
          [
            15.341061,
            48.245658999999996,
            217.3
          ],
          [
            15.341132,
            48.245708,
            217.21
          ],
          [
            15.341222,
            48.245751999999996,
            216.98
          ],
          [
            15.341401,
            48.24581,
            217.47
          ],
          [
            15.341512999999999,
            48.245829,
            218
          ],
          [
            15.341733,
            48.245846,
            218.41
          ],
          [
            15.341949999999999,
            48.245839,
            219.02
          ],
          [
            15.342151999999999,
            48.245807,
            220.07
          ],
          [
            15.342251999999998,
            48.245782999999996,
            220.26
          ],
          [
            15.342403,
            48.245733,
            217.8
          ],
          [
            15.342569999999998,
            48.245666,
            213.57
          ],
          [
            15.342794999999999,
            48.245551,
            213.76
          ],
          [
            15.343041999999999,
            48.245391999999995,
            213.98
          ],
          [
            15.343174,
            48.245294,
            214.1
          ],
          [
            15.343433,
            48.245075,
            214.35
          ],
          [
            15.343546,
            48.244966,
            214.47
          ],
          [
            15.343802,
            48.244689,
            214.75
          ],
          [
            15.348170999999999,
            48.239325,
            219.96
          ],
          [
            15.348410999999999,
            48.239011999999995,
            229.76
          ],
          [
            15.348529999999998,
            48.238834999999995,
            231.96
          ],
          [
            15.348821,
            48.238869,
            231.81
          ],
          [
            15.348918999999999,
            48.238873,
            231.41
          ],
          [
            15.349006,
            48.23887,
            230.7
          ],
          [
            15.349079,
            48.238853999999996,
            229.95
          ],
          [
            15.349476,
            48.238681,
            226.42
          ],
          [
            15.349815999999999,
            48.238492,
            222.88
          ],
          [
            15.349867,
            48.238474,
            222.38
          ],
          [
            15.349927,
            48.238476999999996,
            221.82
          ],
          [
            15.349943,
            48.238506,
            221.39
          ],
          [
            15.349915,
            48.238541,
            220.89
          ],
          [
            15.349535,
            48.238893999999995,
            215.08
          ],
          [
            15.34952,
            48.238941999999994,
            214.33
          ],
          [
            15.34954,
            48.238993,
            213.03
          ],
          [
            15.349105,
            48.239231,
            211.82
          ],
          [
            15.348547,
            48.239567,
            210.95
          ],
          [
            15.348251999999999,
            48.239729999999994,
            209.97
          ],
          [
            15.348503,
            48.239923,
            209.9
          ],
          [
            15.348538999999999,
            48.239957,
            209.71
          ],
          [
            15.34859,
            48.240029,
            209.37
          ],
          [
            15.348654999999999,
            48.240083,
            208.28
          ],
          [
            15.349269999999999,
            48.240550999999996,
            209.66
          ],
          [
            15.349305999999999,
            48.240556,
            209.93
          ],
          [
            15.349340999999999,
            48.240548999999994,
            210.18
          ],
          [
            15.349364999999999,
            48.240531999999995,
            210.27
          ],
          [
            15.349421999999999,
            48.240468,
            210.44
          ],
          [
            15.349447999999999,
            48.240423,
            210.29
          ],
          [
            15.349449,
            48.240356,
            209.44
          ],
          [
            15.349419999999999,
            48.240334,
            209.13
          ],
          [
            15.349374,
            48.240324,
            208.84
          ],
          [
            15.349326,
            48.240325,
            208.62
          ],
          [
            15.349226999999999,
            48.240368,
            208.22
          ],
          [
            15.349024,
            48.240528,
            206.94
          ],
          [
            15.349006999999999,
            48.240561,
            206.91
          ],
          [
            15.349020999999999,
            48.240611,
            206.93
          ],
          [
            15.349307999999999,
            48.240846,
            208.88
          ],
          [
            15.349641,
            48.241147999999995,
            208.72
          ],
          [
            15.349824,
            48.241344999999995,
            208.61
          ],
          [
            15.349931,
            48.241498,
            208.52
          ],
          [
            15.350214,
            48.241996,
            208.15
          ],
          [
            15.35028,
            48.242065,
            208.19
          ],
          [
            15.350356,
            48.242114,
            208.78
          ],
          [
            15.350455,
            48.242239,
            208.94
          ],
          [
            15.350506999999999,
            48.242421,
            208.17
          ],
          [
            15.350627,
            48.242554999999996,
            208.1
          ],
          [
            15.350916999999999,
            48.242776,
            208.03
          ],
          [
            15.351173999999999,
            48.242947,
            208.08
          ],
          [
            15.351650999999999,
            48.243232,
            208.27
          ],
          [
            15.351882,
            48.243389,
            208.45
          ],
          [
            15.352229999999999,
            48.243682,
            208.92
          ],
          [
            15.352651999999999,
            48.244015,
            209.09
          ],
          [
            15.353403,
            48.244668,
            208.87
          ],
          [
            15.353987,
            48.245114,
            208.97
          ],
          [
            15.354369,
            48.245383,
            209.2
          ],
          [
            15.354878,
            48.245706,
            209.29
          ],
          [
            15.355011999999999,
            48.245776,
            209.45
          ],
          [
            15.35511,
            48.24581,
            209.86
          ],
          [
            15.355352,
            48.245923999999995,
            209.47
          ],
          [
            15.355537,
            48.246030999999995,
            209.34
          ],
          [
            15.355872999999999,
            48.246204,
            209.38
          ],
          [
            15.356931999999999,
            48.246725,
            209.44
          ],
          [
            15.358813999999999,
            48.247533,
            208.59
          ],
          [
            15.361799999999999,
            48.248683,
            208.52
          ],
          [
            15.362152,
            48.24884,
            208.65
          ],
          [
            15.362527,
            48.248987,
            208.87
          ],
          [
            15.362713999999999,
            48.249074,
            208.91
          ],
          [
            15.363271999999998,
            48.249382999999995,
            208.83
          ],
          [
            15.364322,
            48.250073,
            208.72
          ],
          [
            15.364961,
            48.250445,
            209.23
          ],
          [
            15.365423,
            48.25081,
            207.85
          ],
          [
            15.365758999999999,
            48.25105,
            207.67
          ],
          [
            15.366304,
            48.251374,
            207.27
          ],
          [
            15.366693,
            48.25159,
            206.99
          ],
          [
            15.367669,
            48.252162999999996,
            206.95
          ],
          [
            15.367706,
            48.252174,
            207.17
          ],
          [
            15.367759999999999,
            48.252176,
            207.9
          ],
          [
            15.367808,
            48.252165999999995,
            208.24
          ],
          [
            15.368214,
            48.251929,
            210.24
          ],
          [
            15.368407,
            48.252081999999994,
            210.17
          ],
          [
            15.368779,
            48.252404999999996,
            209.81
          ],
          [
            15.369447,
            48.253007,
            209.25
          ],
          [
            15.369676,
            48.253183,
            209.38
          ],
          [
            15.369845999999999,
            48.253299999999996,
            209.35
          ],
          [
            15.370097999999999,
            48.253457999999995,
            209
          ],
          [
            15.370394,
            48.253623999999995,
            209.04
          ],
          [
            15.371056999999999,
            48.253952,
            209.62
          ],
          [
            15.371433999999999,
            48.254155999999995,
            209.04
          ],
          [
            15.371645,
            48.254292,
            209
          ],
          [
            15.371825,
            48.254421,
            209
          ],
          [
            15.371945,
            48.254518999999995,
            209
          ],
          [
            15.372050999999999,
            48.254622999999995,
            209
          ],
          [
            15.372195,
            48.254787,
            209.09
          ],
          [
            15.372459999999998,
            48.255164,
            209.77
          ],
          [
            15.372611,
            48.255429,
            209.9
          ],
          [
            15.372653,
            48.255544,
            209.68
          ],
          [
            15.372689999999999,
            48.255593,
            209.53
          ],
          [
            15.373099,
            48.255966,
            208.19
          ],
          [
            15.373107999999998,
            48.255995999999996,
            208.03
          ],
          [
            15.373057,
            48.256119999999996,
            207.17
          ],
          [
            15.373071,
            48.256153,
            207.26
          ],
          [
            15.373118,
            48.256172,
            207.61
          ],
          [
            15.373417,
            48.256201,
            209.1
          ],
          [
            15.373458999999999,
            48.25619,
            209.11
          ],
          [
            15.373584,
            48.256094999999995,
            209
          ],
          [
            15.373956,
            48.256293,
            211.01
          ],
          [
            15.374167,
            48.256384999999995,
            212.27
          ],
          [
            15.374369,
            48.25647,
            213.46
          ],
          [
            15.374873,
            48.25665,
            216.15
          ],
          [
            15.375798999999999,
            48.256938,
            221.22
          ],
          [
            15.376890999999999,
            48.257241,
            227.29
          ],
          [
            15.377332,
            48.25738,
            229.56
          ],
          [
            15.377651,
            48.257515,
            231.47
          ],
          [
            15.377808,
            48.257594999999995,
            232.39
          ],
          [
            15.378084999999999,
            48.257762,
            234.12
          ],
          [
            15.378238999999999,
            48.257872,
            235.17
          ],
          [
            15.378497,
            48.258098999999994,
            236.82
          ],
          [
            15.378592,
            48.258202,
            237.41
          ],
          [
            15.378687999999999,
            48.258314,
            238.08
          ],
          [
            15.378836,
            48.258545999999996,
            239.16
          ],
          [
            15.378933,
            48.258773999999995,
            239.92
          ],
          [
            15.378991999999998,
            48.258983,
            240.38
          ],
          [
            15.379024,
            48.259201999999995,
            240.69
          ],
          [
            15.379021999999999,
            48.259403999999996,
            241.12
          ],
          [
            15.379009,
            48.25951,
            241.04
          ],
          [
            15.378955,
            48.259747,
            240.21
          ],
          [
            15.378862,
            48.25998,
            239.62
          ],
          [
            15.378682999999999,
            48.260276999999995,
            239.51
          ],
          [
            15.378416,
            48.260664999999996,
            240.13
          ],
          [
            15.378343999999998,
            48.260791,
            240.38
          ],
          [
            15.378193,
            48.261119,
            240.84
          ],
          [
            15.378141999999999,
            48.261255999999996,
            241
          ],
          [
            15.378124999999999,
            48.261333,
            240.66
          ],
          [
            15.378126,
            48.261367,
            240.54
          ],
          [
            15.378162,
            48.261430999999995,
            240.67
          ],
          [
            15.378174999999999,
            48.261486,
            240.75
          ],
          [
            15.37821,
            48.261525999999996,
            240.81
          ],
          [
            15.378228,
            48.261582999999995,
            240.78
          ],
          [
            15.378172,
            48.262111999999995,
            241.82
          ],
          [
            15.378172,
            48.262442,
            242.08
          ],
          [
            15.37816,
            48.262527999999996,
            242.06
          ],
          [
            15.378143,
            48.262563,
            241.77
          ],
          [
            15.378072999999999,
            48.262606999999996,
            240.8
          ],
          [
            15.378048,
            48.262654999999995,
            240.66
          ],
          [
            15.378098999999999,
            48.262926,
            241.38
          ],
          [
            15.37814,
            48.263065,
            241.52
          ],
          [
            15.378257999999999,
            48.263307999999995,
            242.13
          ],
          [
            15.378430999999999,
            48.263555,
            242.62
          ],
          [
            15.378542999999999,
            48.263678999999996,
            243.12
          ],
          [
            15.378715,
            48.263807,
            243.59
          ],
          [
            15.379116,
            48.264252,
            241.45
          ],
          [
            15.379441,
            48.264666,
            240.35
          ],
          [
            15.379624999999999,
            48.26488,
            240.02
          ],
          [
            15.379717999999999,
            48.264979,
            239.89
          ],
          [
            15.38003,
            48.265271999999996,
            239.51
          ],
          [
            15.380170999999999,
            48.26544,
            239.48
          ],
          [
            15.380253999999999,
            48.265587,
            239.49
          ],
          [
            15.380398,
            48.266002,
            239.24
          ],
          [
            15.380471,
            48.266149999999996,
            239
          ],
          [
            15.380547,
            48.266273999999996,
            238.79
          ],
          [
            15.3806,
            48.266338999999995,
            238.68
          ],
          [
            15.380716999999999,
            48.266452,
            238.44
          ],
          [
            15.380898,
            48.26659,
            238.12
          ],
          [
            15.381167999999999,
            48.266777,
            237.64
          ],
          [
            15.381309,
            48.266895,
            237.37
          ],
          [
            15.381442999999999,
            48.267074,
            236.9
          ],
          [
            15.381901,
            48.267770999999996,
            235.45
          ],
          [
            15.382031,
            48.267936999999996,
            235.03
          ],
          [
            15.382211,
            48.268097,
            234.7
          ],
          [
            15.382308,
            48.268167,
            234.6
          ],
          [
            15.382824999999999,
            48.268463999999994,
            234.07
          ],
          [
            15.38434,
            48.269385,
            232.99
          ],
          [
            15.384832999999999,
            48.2697,
            233.06
          ],
          [
            15.384736,
            48.269763,
            229.31
          ],
          [
            15.384896,
            48.269856,
            229.33
          ],
          [
            15.385062,
            48.269936,
            229.45
          ],
          [
            15.385491,
            48.270103,
            225.45
          ],
          [
            15.385634999999999,
            48.270168,
            224.7
          ],
          [
            15.385764,
            48.270238,
            223.88
          ],
          [
            15.386185999999999,
            48.270508,
            221
          ],
          [
            15.38694,
            48.271027,
            215.93
          ],
          [
            15.389071,
            48.272586,
            208.84
          ],
          [
            15.389413,
            48.272818,
            208.91
          ],
          [
            15.389626999999999,
            48.272946999999995,
            209.15
          ],
          [
            15.390049999999999,
            48.273177999999994,
            209.37
          ],
          [
            15.390267,
            48.273285,
            209.6
          ],
          [
            15.391039,
            48.273616999999994,
            209.85
          ],
          [
            15.391309,
            48.273751,
            209.95
          ],
          [
            15.391532999999999,
            48.273883999999995,
            209.81
          ],
          [
            15.391589999999999,
            48.273928999999995,
            209.45
          ],
          [
            15.39161,
            48.273955,
            209.34
          ],
          [
            15.391601999999999,
            48.273996999999994,
            209.08
          ],
          [
            15.391509,
            48.274057,
            208.58
          ],
          [
            15.391485999999999,
            48.274097,
            208.38
          ],
          [
            15.391484,
            48.274139,
            208.26
          ],
          [
            15.391504999999999,
            48.274175,
            208.18
          ],
          [
            15.391772999999999,
            48.274367,
            208
          ],
          [
            15.392223,
            48.274724,
            207.31
          ],
          [
            15.392752,
            48.275045999999996,
            206.92
          ],
          [
            15.393360999999999,
            48.275552999999995,
            206.35
          ],
          [
            15.393562,
            48.275749999999995,
            206.35
          ],
          [
            15.393626,
            48.275802,
            206.35
          ],
          [
            15.393839999999999,
            48.275953,
            206.36
          ],
          [
            15.394371999999999,
            48.276362,
            206.3
          ],
          [
            15.394948999999999,
            48.276889,
            206.25
          ],
          [
            15.395859,
            48.277564,
            206.86
          ],
          [
            15.39603,
            48.277743,
            206.92
          ],
          [
            15.396244,
            48.277924999999996,
            206.89
          ],
          [
            15.396500999999999,
            48.278107999999996,
            206.76
          ],
          [
            15.397086999999999,
            48.278495,
            206.61
          ],
          [
            15.397438999999999,
            48.278741,
            206.69
          ],
          [
            15.398123,
            48.279154999999996,
            206.85
          ],
          [
            15.39866,
            48.279526999999995,
            206.91
          ],
          [
            15.398985999999999,
            48.279785,
            206.69
          ],
          [
            15.399458999999998,
            48.280122999999996,
            206.63
          ],
          [
            15.399839,
            48.28042,
            206.54
          ],
          [
            15.400286999999999,
            48.280746,
            206.65
          ],
          [
            15.400661,
            48.281036,
            206.91
          ],
          [
            15.400896999999999,
            48.281196,
            207.03
          ],
          [
            15.401024,
            48.281293,
            207.09
          ],
          [
            15.401439,
            48.281645,
            207.27
          ],
          [
            15.401677,
            48.281861,
            207.24
          ],
          [
            15.401879999999998,
            48.282081,
            207.06
          ],
          [
            15.402118,
            48.282388999999995,
            206.85
          ],
          [
            15.402239,
            48.282578,
            206.72
          ],
          [
            15.402382,
            48.282838999999996,
            206.57
          ],
          [
            15.403585,
            48.284451,
            206.15
          ],
          [
            15.403915999999999,
            48.284942,
            205.73
          ],
          [
            15.404278999999999,
            48.285455,
            205.38
          ],
          [
            15.404413,
            48.285683,
            205.15
          ],
          [
            15.404449999999999,
            48.285726,
            205.1
          ],
          [
            15.404684,
            48.285923999999994,
            204.79
          ],
          [
            15.404981,
            48.286260999999996,
            204.24
          ],
          [
            15.405225999999999,
            48.286516,
            203.55
          ],
          [
            15.405311,
            48.286589,
            203.35
          ],
          [
            15.405469,
            48.286702,
            202.83
          ],
          [
            15.405757,
            48.286891,
            204.54
          ],
          [
            15.405854999999999,
            48.286961,
            205.86
          ],
          [
            15.405878999999999,
            48.286998999999994,
            205.97
          ],
          [
            15.40589,
            48.287116,
            205.39
          ],
          [
            15.405908,
            48.287175,
            205.3
          ],
          [
            15.406155,
            48.287687999999996,
            205.53
          ],
          [
            15.406222,
            48.287849,
            205.64
          ],
          [
            15.406267999999999,
            48.288005999999996,
            205.83
          ],
          [
            15.406301,
            48.288303,
            206.01
          ],
          [
            15.406321,
            48.288346,
            206.13
          ],
          [
            15.406365,
            48.28838,
            206.64
          ],
          [
            15.406421,
            48.288458999999996,
            207.41
          ],
          [
            15.406469999999999,
            48.288965999999995,
            207.15
          ],
          [
            15.40649,
            48.289379,
            206.49
          ],
          [
            15.4066,
            48.290143,
            206.05
          ],
          [
            15.406642999999999,
            48.290749999999996,
            205.52
          ],
          [
            15.40667,
            48.290862999999995,
            205.49
          ],
          [
            15.406958,
            48.291368999999996,
            207.05
          ],
          [
            15.407369999999998,
            48.292007,
            206.78
          ],
          [
            15.40747,
            48.292263999999996,
            203.96
          ],
          [
            15.407499,
            48.292504,
            205.59
          ],
          [
            15.407499,
            48.292652,
            205.72
          ],
          [
            15.407425,
            48.29297,
            204.85
          ],
          [
            15.407399,
            48.293174,
            204.67
          ],
          [
            15.407397,
            48.293271999999995,
            204.6
          ],
          [
            15.407426,
            48.293459,
            204.81
          ],
          [
            15.407518999999999,
            48.293766999999995,
            205.54
          ],
          [
            15.407580999999999,
            48.293862,
            205.61
          ],
          [
            15.407819,
            48.294382,
            205.33
          ],
          [
            15.407843999999999,
            48.294457,
            205.31
          ],
          [
            15.407879999999999,
            48.294627,
            205.29
          ],
          [
            15.407898,
            48.294975,
            205.42
          ],
          [
            15.407964999999999,
            48.295459,
            205.52
          ],
          [
            15.408031999999999,
            48.295747,
            205.48
          ],
          [
            15.408113,
            48.296008,
            205.46
          ],
          [
            15.408529999999999,
            48.296808,
            205.52
          ],
          [
            15.408698999999999,
            48.297094,
            205.63
          ],
          [
            15.408828999999999,
            48.297291,
            205.59
          ],
          [
            15.409097,
            48.297658,
            205.38
          ],
          [
            15.409244,
            48.297897,
            205.23
          ],
          [
            15.409314,
            48.298032,
            205.17
          ],
          [
            15.409422,
            48.298268,
            205.18
          ],
          [
            15.409564999999999,
            48.298631,
            205.25
          ],
          [
            15.409625,
            48.298817,
            205.21
          ],
          [
            15.40969,
            48.299178,
            205.14
          ],
          [
            15.409804,
            48.29944,
            205.19
          ],
          [
            15.409951999999999,
            48.299923,
            204.98
          ],
          [
            15.410421,
            48.300838,
            204.99
          ],
          [
            15.41047,
            48.300968999999995,
            205.04
          ],
          [
            15.410544,
            48.301111,
            205.13
          ],
          [
            15.410727,
            48.301635999999995,
            205.85
          ],
          [
            15.41086,
            48.30202,
            205.72
          ],
          [
            15.411081999999999,
            48.30303,
            205.28
          ],
          [
            15.411328999999999,
            48.303843,
            205.15
          ],
          [
            15.411482,
            48.304427,
            204.94
          ],
          [
            15.411557,
            48.304770999999995,
            205.17
          ],
          [
            15.411923,
            48.308423,
            204.84
          ],
          [
            15.411966,
            48.308757,
            205.01
          ],
          [
            15.412011999999999,
            48.308952999999995,
            205.1
          ],
          [
            15.412049,
            48.309058,
            204.87
          ],
          [
            15.412097999999999,
            48.309155,
            204.84
          ],
          [
            15.412306,
            48.309441,
            207.26
          ],
          [
            15.412402,
            48.309548,
            207.89
          ],
          [
            15.412854999999999,
            48.309951999999996,
            209
          ],
          [
            15.412965999999999,
            48.310061,
            208.96
          ],
          [
            15.413051999999999,
            48.310204999999996,
            208.94
          ],
          [
            15.413323,
            48.310551,
            208.58
          ],
          [
            15.413387,
            48.310734,
            208.44
          ],
          [
            15.413414,
            48.310927,
            208.3
          ],
          [
            15.413414999999999,
            48.311035,
            208.23
          ],
          [
            15.413387,
            48.31125,
            208.09
          ],
          [
            15.413295999999999,
            48.311509,
            207.99
          ],
          [
            15.413082,
            48.311946999999996,
            207.97
          ],
          [
            15.413022999999999,
            48.311997,
            207.94
          ],
          [
            15.412949,
            48.312019,
            207.89
          ],
          [
            15.412866999999999,
            48.312107,
            207.57
          ],
          [
            15.412707999999999,
            48.312132999999996,
            206.53
          ],
          [
            15.412688,
            48.312152999999995,
            206.49
          ],
          [
            15.412685,
            48.312174999999996,
            206.36
          ],
          [
            15.412728999999999,
            48.312346,
            206.41
          ],
          [
            15.412732,
            48.312549,
            206.42
          ],
          [
            15.413146999999999,
            48.314189,
            205.44
          ],
          [
            15.413234,
            48.314454,
            205.55
          ],
          [
            15.413329,
            48.314675,
            205.41
          ],
          [
            15.413338999999999,
            48.314744999999995,
            205.36
          ],
          [
            15.413329999999998,
            48.314826,
            205.34
          ],
          [
            15.413340999999999,
            48.314909,
            205.4
          ],
          [
            15.41343,
            48.315279,
            204.71
          ],
          [
            15.413556,
            48.315669,
            205.28
          ],
          [
            15.413578,
            48.315788999999995,
            205.08
          ],
          [
            15.413606999999999,
            48.316341,
            204.85
          ],
          [
            15.413594,
            48.316533,
            204.77
          ],
          [
            15.413611,
            48.316773,
            204.91
          ],
          [
            15.413587,
            48.317026,
            204.79
          ],
          [
            15.413606999999999,
            48.317319,
            204.83
          ],
          [
            15.413606,
            48.317512,
            204.87
          ],
          [
            15.413632,
            48.317678,
            204.87
          ],
          [
            15.413639,
            48.317809999999994,
            205.01
          ],
          [
            15.413571999999998,
            48.318827999999996,
            205.53
          ],
          [
            15.413459999999999,
            48.319294,
            205.42
          ],
          [
            15.413262999999999,
            48.319922999999996,
            205.29
          ],
          [
            15.413208,
            48.320132,
            205.32
          ],
          [
            15.413077999999999,
            48.320522999999994,
            205.51
          ],
          [
            15.412811,
            48.321552,
            205.28
          ],
          [
            15.412759,
            48.321802999999996,
            205.26
          ],
          [
            15.412683999999999,
            48.322483999999996,
            205.26
          ],
          [
            15.412562,
            48.322835,
            205.48
          ],
          [
            15.412522,
            48.322992,
            205.48
          ],
          [
            15.412472,
            48.323338,
            205.3
          ],
          [
            15.412427999999998,
            48.32356,
            205.31
          ],
          [
            15.412360999999999,
            48.323817,
            205.4
          ],
          [
            15.412108,
            48.324452,
            205.19
          ],
          [
            15.412042,
            48.324664,
            204.92
          ],
          [
            15.412035,
            48.324799999999996,
            204.76
          ],
          [
            15.412063999999999,
            48.324925,
            204.55
          ],
          [
            15.412125999999999,
            48.325075,
            205.62
          ],
          [
            15.41213,
            48.325126,
            206.12
          ],
          [
            15.412094,
            48.325272,
            206.07
          ],
          [
            15.411956,
            48.325617,
            205.43
          ],
          [
            15.411785,
            48.326147999999996,
            205.08
          ],
          [
            15.411753,
            48.326226,
            205.1
          ],
          [
            15.411591999999999,
            48.326525,
            205.18
          ],
          [
            15.411537,
            48.32685,
            205.14
          ],
          [
            15.411199,
            48.327771,
            205.06
          ],
          [
            15.41109,
            48.328268,
            205.07
          ],
          [
            15.410955,
            48.328644,
            205.07
          ],
          [
            15.410779,
            48.329083999999995,
            205.15
          ],
          [
            15.410687999999999,
            48.329543,
            205.14
          ],
          [
            15.410606,
            48.329812999999994,
            205.22
          ],
          [
            15.410566,
            48.329995,
            205.2
          ],
          [
            15.410421999999999,
            48.330956,
            204.59
          ],
          [
            15.410276999999999,
            48.331362,
            204.48
          ],
          [
            15.410276999999999,
            48.331578,
            204.46
          ],
          [
            15.410212,
            48.331956999999996,
            204.56
          ],
          [
            15.410055,
            48.332497,
            204.93
          ],
          [
            15.40992,
            48.332913,
            204.83
          ],
          [
            15.409863,
            48.333059999999996,
            204.86
          ],
          [
            15.409714999999998,
            48.333365,
            205.01
          ],
          [
            15.409661999999999,
            48.333912999999995,
            205.41
          ],
          [
            15.409649,
            48.334213999999996,
            205.96
          ],
          [
            15.409654,
            48.335283,
            205.37
          ],
          [
            15.409531999999999,
            48.335839,
            204.04
          ],
          [
            15.409492,
            48.336239,
            203.44
          ],
          [
            15.409035999999999,
            48.337388,
            202.9
          ],
          [
            15.409018999999999,
            48.337478999999995,
            202.84
          ],
          [
            15.409075,
            48.337866999999996,
            203.59
          ],
          [
            15.409144999999999,
            48.338175,
            203.94
          ],
          [
            15.409206,
            48.338843,
            204.06
          ],
          [
            15.409308,
            48.339281,
            203.85
          ],
          [
            15.409351,
            48.339638,
            203.99
          ],
          [
            15.409441999999999,
            48.340114,
            204.13
          ],
          [
            15.409564,
            48.341003,
            203.91
          ],
          [
            15.409588999999999,
            48.341308,
            203.74
          ],
          [
            15.409593,
            48.341837,
            203.8
          ],
          [
            15.40963,
            48.342377,
            204.19
          ],
          [
            15.409688999999998,
            48.34269,
            204.49
          ],
          [
            15.409716,
            48.342951,
            204.54
          ],
          [
            15.409702999999999,
            48.343157,
            204.57
          ],
          [
            15.409623999999999,
            48.343809,
            203.96
          ],
          [
            15.40963,
            48.343925999999996,
            204.08
          ],
          [
            15.409657999999999,
            48.344052,
            204.2
          ],
          [
            15.409707,
            48.344204999999995,
            204.09
          ],
          [
            15.409732,
            48.344372,
            203.97
          ],
          [
            15.40969,
            48.344884,
            203.8
          ],
          [
            15.409711999999999,
            48.345138999999996,
            203.56
          ],
          [
            15.409758,
            48.345405,
            203.37
          ],
          [
            15.409830999999999,
            48.346381,
            202.7
          ],
          [
            15.409911,
            48.347251,
            203.14
          ],
          [
            15.409918999999999,
            48.347521,
            203.3
          ],
          [
            15.410029,
            48.348338,
            203.18
          ],
          [
            15.410138,
            48.348931,
            203.06
          ],
          [
            15.41024,
            48.349394,
            203.48
          ],
          [
            15.410262999999999,
            48.349548,
            203.39
          ],
          [
            15.410406,
            48.350065,
            203.02
          ],
          [
            15.41053,
            48.350575,
            203.47
          ],
          [
            15.410591,
            48.350888999999995,
            203.08
          ],
          [
            15.410635,
            48.351208,
            203
          ],
          [
            15.410969,
            48.35235,
            202.54
          ],
          [
            15.411,
            48.352584,
            202.4
          ],
          [
            15.411028,
            48.353074,
            202.51
          ],
          [
            15.411059999999999,
            48.353308999999996,
            203.03
          ],
          [
            15.411093,
            48.353432999999995,
            203.25
          ],
          [
            15.411154,
            48.353572,
            203.27
          ],
          [
            15.41124,
            48.353742999999994,
            203.13
          ],
          [
            15.411508,
            48.354065999999996,
            202.93
          ],
          [
            15.411605999999999,
            48.354163,
            203.09
          ],
          [
            15.411764,
            48.354268,
            202.69
          ],
          [
            15.411781999999999,
            48.354309,
            202.33
          ],
          [
            15.411804,
            48.354332,
            202.2
          ],
          [
            15.412215,
            48.354727,
            203.81
          ],
          [
            15.412984,
            48.355509,
            203.81
          ],
          [
            15.413037999999998,
            48.355556,
            203.87
          ],
          [
            15.41321,
            48.355658,
            203.97
          ],
          [
            15.413293999999999,
            48.355726999999995,
            203.88
          ],
          [
            15.413846,
            48.356258999999994,
            203.5
          ],
          [
            15.414007999999999,
            48.356398999999996,
            203.34
          ],
          [
            15.414449,
            48.356722,
            202.96
          ],
          [
            15.415052,
            48.35718,
            202.53
          ],
          [
            15.415548,
            48.357476999999996,
            202.45
          ],
          [
            15.416352,
            48.358008,
            202.62
          ],
          [
            15.416913999999998,
            48.358354999999996,
            202.82
          ],
          [
            15.417244,
            48.358588,
            202.91
          ],
          [
            15.417696999999999,
            48.358875,
            202.78
          ],
          [
            15.417969999999999,
            48.35908,
            202.68
          ],
          [
            15.419851,
            48.360268,
            202.7
          ],
          [
            15.420337,
            48.360554,
            203.09
          ],
          [
            15.420463,
            48.360658,
            202.62
          ],
          [
            15.420603999999999,
            48.360696999999995,
            202.87
          ],
          [
            15.421453999999999,
            48.361121999999995,
            203.26
          ],
          [
            15.421752,
            48.361284999999995,
            203.36
          ],
          [
            15.422263,
            48.361588999999995,
            203.47
          ],
          [
            15.422656,
            48.361810999999996,
            203.16
          ],
          [
            15.423255999999999,
            48.362109,
            203.17
          ],
          [
            15.42368,
            48.362342999999996,
            203.13
          ],
          [
            15.425241,
            48.363146,
            203.38
          ],
          [
            15.425994,
            48.363507,
            203
          ],
          [
            15.426146999999998,
            48.363611,
            202.92
          ],
          [
            15.426215,
            48.363676,
            202.88
          ],
          [
            15.426444,
            48.36394,
            202.64
          ],
          [
            15.426566999999999,
            48.364052,
            202.47
          ],
          [
            15.426929,
            48.364273999999995,
            202.29
          ],
          [
            15.427176,
            48.364407,
            202
          ],
          [
            15.427976999999998,
            48.364801,
            202.12
          ],
          [
            15.428052999999998,
            48.364835,
            202.16
          ],
          [
            15.428123,
            48.364855999999996,
            202.21
          ],
          [
            15.428336,
            48.364888,
            202.17
          ],
          [
            15.428567,
            48.364909,
            201.95
          ],
          [
            15.428875999999999,
            48.364892,
            203.48
          ],
          [
            15.428946,
            48.364909,
            203.44
          ],
          [
            15.429414999999999,
            48.365063,
            202.64
          ],
          [
            15.430342,
            48.365305,
            202.39
          ],
          [
            15.430971999999999,
            48.365514,
            202.37
          ],
          [
            15.431521,
            48.365674,
            202.32
          ],
          [
            15.431840999999999,
            48.365756,
            202.42
          ],
          [
            15.43249,
            48.365896,
            202.51
          ],
          [
            15.432709,
            48.365956,
            202.46
          ],
          [
            15.432993,
            48.366054999999996,
            202.48
          ],
          [
            15.433408,
            48.366228,
            202.02
          ],
          [
            15.433750999999999,
            48.366361,
            201.86
          ],
          [
            15.433826999999999,
            48.366374,
            202.48
          ],
          [
            15.434012,
            48.366475,
            201.67
          ],
          [
            15.434144,
            48.366527,
            201.42
          ],
          [
            15.434484999999999,
            48.366628999999996,
            201.21
          ],
          [
            15.434778999999999,
            48.366682,
            202.92
          ],
          [
            15.434949,
            48.366726,
            202.65
          ],
          [
            15.436079999999999,
            48.366910999999995,
            203.03
          ],
          [
            15.436437,
            48.366991,
            203.14
          ],
          [
            15.437268,
            48.367245999999994,
            203.2
          ],
          [
            15.438383,
            48.36761,
            202.99
          ],
          [
            15.439708,
            48.368058,
            202.2
          ],
          [
            15.440878999999999,
            48.368441,
            202.09
          ],
          [
            15.441187999999999,
            48.36857,
            202.07
          ],
          [
            15.442177,
            48.369046999999995,
            201.83
          ],
          [
            15.442682,
            48.369333999999995,
            201.43
          ],
          [
            15.443016,
            48.369493,
            201.32
          ],
          [
            15.443496,
            48.369637,
            201.16
          ],
          [
            15.443722,
            48.369716,
            201.22
          ],
          [
            15.443855999999998,
            48.369782,
            201.18
          ],
          [
            15.444035,
            48.36989,
            201.36
          ],
          [
            15.444123,
            48.369927,
            201.37
          ],
          [
            15.44421,
            48.369955999999995,
            201.21
          ],
          [
            15.444431999999999,
            48.37001,
            201.72
          ],
          [
            15.444554,
            48.37001,
            202.2
          ],
          [
            15.445189999999998,
            48.370118999999995,
            201.62
          ],
          [
            15.446344999999999,
            48.370363,
            201.93
          ],
          [
            15.446802,
            48.370466,
            202.19
          ],
          [
            15.447201999999999,
            48.370579,
            202.36
          ],
          [
            15.447776999999999,
            48.370788999999995,
            202.6
          ],
          [
            15.448252,
            48.371009,
            202.63
          ],
          [
            15.448863,
            48.371317999999995,
            202.76
          ],
          [
            15.449178999999999,
            48.371511,
            202.9
          ],
          [
            15.449489999999999,
            48.371750999999996,
            203.01
          ],
          [
            15.449567,
            48.371801,
            203.01
          ],
          [
            15.449831,
            48.371932,
            202.99
          ],
          [
            15.450441,
            48.372295,
            202.29
          ],
          [
            15.450733999999999,
            48.372492,
            201.88
          ],
          [
            15.451412,
            48.372887,
            202.53
          ],
          [
            15.451659999999999,
            48.373051,
            202.92
          ],
          [
            15.451868,
            48.373208999999996,
            203.42
          ],
          [
            15.452233,
            48.373411999999995,
            204.43
          ],
          [
            15.453075,
            48.374050999999994,
            207.36
          ],
          [
            15.453685,
            48.374538,
            206.36
          ],
          [
            15.45388,
            48.374705999999996,
            206.27
          ],
          [
            15.454212,
            48.375035999999994,
            205.66
          ],
          [
            15.455708999999999,
            48.376782,
            205.13
          ],
          [
            15.455962999999999,
            48.377033,
            204.45
          ],
          [
            15.456254999999999,
            48.377258,
            203.78
          ],
          [
            15.458274,
            48.378665,
            202.06
          ],
          [
            15.458789999999999,
            48.379042999999996,
            202.35
          ],
          [
            15.458884,
            48.379124,
            202.47
          ],
          [
            15.458929,
            48.379179,
            202.54
          ],
          [
            15.459057999999999,
            48.379283,
            202.64
          ],
          [
            15.459183,
            48.379354,
            202.6
          ],
          [
            15.461684,
            48.381325,
            206.19
          ],
          [
            15.461907,
            48.381491999999994,
            206.51
          ],
          [
            15.462247,
            48.381719,
            206.9
          ],
          [
            15.465057999999999,
            48.383471,
            208.82
          ],
          [
            15.465627,
            48.383835999999995,
            209.32
          ],
          [
            15.466080999999999,
            48.384156,
            209.93
          ],
          [
            15.466396,
            48.384401,
            210.4
          ],
          [
            15.466552,
            48.384536999999995,
            210.73
          ],
          [
            15.466897,
            48.384868,
            211.62
          ],
          [
            15.467457,
            48.385369999999995,
            209.9
          ],
          [
            15.467725,
            48.385628999999994,
            209.3
          ],
          [
            15.468779999999999,
            48.386834,
            208.45
          ],
          [
            15.469532999999998,
            48.387766,
            207.48
          ],
          [
            15.469973999999999,
            48.388283,
            207.17
          ],
          [
            15.469928999999999,
            48.388307,
            206.13
          ],
          [
            15.469873,
            48.38838,
            204.3
          ],
          [
            15.469873999999999,
            48.38841,
            203.89
          ],
          [
            15.469892999999999,
            48.388445999999995,
            203.34
          ],
          [
            15.46993,
            48.388476999999995,
            202.68
          ],
          [
            15.470229,
            48.388664999999996,
            201.95
          ],
          [
            15.470429,
            48.388807,
            201.67
          ],
          [
            15.470756999999999,
            48.389083,
            201.57
          ],
          [
            15.471622,
            48.38989,
            201.48
          ],
          [
            15.472760999999998,
            48.390933,
            201.12
          ],
          [
            15.473021,
            48.391182,
            201.07
          ],
          [
            15.473391,
            48.391492,
            201.03
          ],
          [
            15.473614999999999,
            48.391673,
            201.03
          ],
          [
            15.473932999999999,
            48.391883,
            201.16
          ],
          [
            15.474518,
            48.392292,
            201.42
          ],
          [
            15.474705,
            48.392444,
            201.41
          ],
          [
            15.474893999999999,
            48.392616,
            201.45
          ],
          [
            15.475273,
            48.392979,
            201.33
          ],
          [
            15.475318999999999,
            48.393001,
            201.4
          ],
          [
            15.475385999999999,
            48.393012,
            201.61
          ],
          [
            15.475449,
            48.393007,
            201.88
          ],
          [
            15.475498,
            48.393014,
            201.98
          ],
          [
            15.475555,
            48.39304,
            202.05
          ],
          [
            15.476405999999999,
            48.393611,
            202.19
          ],
          [
            15.476547,
            48.393693999999996,
            202.18
          ],
          [
            15.476624999999999,
            48.393727,
            202.17
          ],
          [
            15.476934,
            48.393803,
            202.16
          ],
          [
            15.477018999999999,
            48.393831999999996,
            202.16
          ],
          [
            15.477825999999999,
            48.394239,
            202.36
          ],
          [
            15.478114,
            48.39441,
            202.53
          ],
          [
            15.478308,
            48.39451,
            202.59
          ],
          [
            15.478359,
            48.394523,
            202.61
          ],
          [
            15.478563,
            48.39452,
            202.66
          ],
          [
            15.478622,
            48.394526,
            202.68
          ],
          [
            15.478831999999999,
            48.394574999999996,
            202.71
          ],
          [
            15.479279,
            48.394656,
            202.86
          ],
          [
            15.479536999999999,
            48.394735999999995,
            202.85
          ],
          [
            15.480125,
            48.394973,
            202.71
          ],
          [
            15.480227,
            48.395025999999994,
            202.7
          ],
          [
            15.48067,
            48.395319,
            202.55
          ],
          [
            15.480801,
            48.395437,
            202.51
          ],
          [
            15.481577999999999,
            48.396032,
            202.19
          ],
          [
            15.481864,
            48.396271,
            202.01
          ],
          [
            15.481961,
            48.396381,
            201.94
          ],
          [
            15.482052999999999,
            48.396518,
            201.84
          ],
          [
            15.482164,
            48.396750999999995,
            201.63
          ],
          [
            15.482258,
            48.396992999999995,
            201.31
          ],
          [
            15.482322,
            48.397071999999994,
            200.85
          ],
          [
            15.482574,
            48.397278,
            201.03
          ],
          [
            15.482878999999999,
            48.397580999999995,
            201.38
          ],
          [
            15.483213,
            48.397872,
            201.75
          ],
          [
            15.483312,
            48.397973,
            202.01
          ],
          [
            15.483398,
            48.398084,
            202.12
          ],
          [
            15.483554,
            48.398294,
            202.05
          ],
          [
            15.483763999999999,
            48.398523,
            201.63
          ],
          [
            15.483887,
            48.398616,
            201.81
          ],
          [
            15.483925999999999,
            48.398634,
            201.76
          ],
          [
            15.483989999999999,
            48.398643,
            201.96
          ],
          [
            15.484164,
            48.39863,
            202.85
          ],
          [
            15.484179,
            48.398685,
            202.5
          ],
          [
            15.484338999999999,
            48.398886,
            201.66
          ],
          [
            15.484466,
            48.399012,
            201.67
          ],
          [
            15.484826,
            48.399336,
            202.01
          ],
          [
            15.485617,
            48.399865999999996,
            202.21
          ],
          [
            15.485845,
            48.399997,
            202.18
          ],
          [
            15.485954999999999,
            48.400089,
            202.15
          ],
          [
            15.486312,
            48.400481,
            202.01
          ],
          [
            15.486355,
            48.400501,
            202.08
          ],
          [
            15.486416,
            48.400504,
            202.17
          ],
          [
            15.486472,
            48.400490999999995,
            202.25
          ],
          [
            15.486599,
            48.400417,
            202.34
          ],
          [
            15.48692,
            48.400115,
            202.32
          ],
          [
            15.486958,
            48.400102999999994,
            202.34
          ],
          [
            15.486998,
            48.400107,
            202.36
          ],
          [
            15.487684,
            48.400375999999994,
            202.68
          ],
          [
            15.487884,
            48.400475,
            202.86
          ],
          [
            15.488377999999999,
            48.400679,
            203.09
          ],
          [
            15.488439,
            48.40074,
            202.83
          ],
          [
            15.488482999999999,
            48.40076,
            202.81
          ],
          [
            15.488766,
            48.400844,
            202.89
          ],
          [
            15.488957,
            48.400887,
            202.84
          ],
          [
            15.489052,
            48.400895,
            202.85
          ],
          [
            15.489393,
            48.400887,
            202.84
          ],
          [
            15.489462999999999,
            48.400873,
            202.88
          ],
          [
            15.489555,
            48.400822999999995,
            203
          ],
          [
            15.490784,
            48.400858,
            202.92
          ],
          [
            15.491242,
            48.400862,
            202.89
          ],
          [
            15.491337,
            48.40087,
            202.87
          ],
          [
            15.491681,
            48.400945,
            202.24
          ],
          [
            15.492391999999999,
            48.401137,
            202.22
          ],
          [
            15.492778999999999,
            48.401258,
            202.24
          ],
          [
            15.493041999999999,
            48.401357,
            202.24
          ],
          [
            15.49348,
            48.401499,
            202.24
          ],
          [
            15.493768999999999,
            48.401571999999994,
            202.24
          ],
          [
            15.494634,
            48.401759999999996,
            201.99
          ],
          [
            15.49481,
            48.401804,
            201.99
          ],
          [
            15.495923999999999,
            48.402131,
            201.9
          ],
          [
            15.496639,
            48.402307,
            201.76
          ],
          [
            15.496763,
            48.402331,
            201.75
          ],
          [
            15.496925,
            48.402349,
            201.74
          ],
          [
            15.497119999999999,
            48.402345,
            201.74
          ],
          [
            15.497361999999999,
            48.402319999999996,
            201.73
          ],
          [
            15.497843,
            48.402254,
            201.73
          ],
          [
            15.498175999999999,
            48.402245,
            201.69
          ],
          [
            15.498781,
            48.402280999999995,
            201.48
          ],
          [
            15.49954,
            48.402359999999994,
            201
          ],
          [
            15.499652,
            48.402363,
            201
          ],
          [
            15.499749,
            48.402356,
            201
          ],
          [
            15.499785999999999,
            48.402318,
            201
          ],
          [
            15.499830999999999,
            48.402241,
            201.01
          ],
          [
            15.499941999999999,
            48.40193,
            201.41
          ],
          [
            15.500012,
            48.401841,
            201.78
          ],
          [
            15.500119999999999,
            48.401776999999996,
            202.47
          ],
          [
            15.500197,
            48.401764,
            202.68
          ],
          [
            15.501031,
            48.401682,
            202.29
          ],
          [
            15.501206999999999,
            48.401657,
            202.23
          ],
          [
            15.501289,
            48.401637,
            202.23
          ],
          [
            15.501434,
            48.401581,
            202.15
          ],
          [
            15.501614,
            48.401568,
            201.63
          ],
          [
            15.502004999999999,
            48.401513,
            201.21
          ],
          [
            15.502196,
            48.401466,
            201.16
          ],
          [
            15.50339,
            48.401122,
            201.1
          ],
          [
            15.503692,
            48.401008,
            201.05
          ],
          [
            15.50447,
            48.400639999999996,
            200.53
          ],
          [
            15.504693999999999,
            48.400554,
            200.36
          ],
          [
            15.504968,
            48.400465,
            199.73
          ],
          [
            15.505125999999999,
            48.400397,
            199.57
          ],
          [
            15.505196,
            48.400362,
            199.67
          ],
          [
            15.505479,
            48.400175,
            199.68
          ],
          [
            15.506186,
            48.399789999999996,
            200.04
          ],
          [
            15.507587,
            48.399136,
            199.65
          ],
          [
            15.507653999999999,
            48.399089,
            199.71
          ],
          [
            15.507733,
            48.398987999999996,
            199.81
          ],
          [
            15.507765,
            48.398908999999996,
            199.87
          ],
          [
            15.507859,
            48.398568999999995,
            200.26
          ],
          [
            15.507942,
            48.39837,
            200.49
          ],
          [
            15.508097999999999,
            48.398069,
            200.99
          ],
          [
            15.508104,
            48.397984,
            201.19
          ],
          [
            15.508137999999999,
            48.397898,
            201.4
          ],
          [
            15.508203,
            48.397819999999996,
            201.37
          ],
          [
            15.508512,
            48.397545,
            200.82
          ],
          [
            15.508681999999999,
            48.397376,
            200.78
          ],
          [
            15.508873999999999,
            48.397225999999996,
            200.9
          ],
          [
            15.510786999999999,
            48.396051,
            200.75
          ],
          [
            15.511097999999999,
            48.395824,
            200.89
          ],
          [
            15.511515,
            48.395554999999995,
            201.34
          ],
          [
            15.511854,
            48.395295999999995,
            201.16
          ],
          [
            15.512156999999998,
            48.395089999999996,
            201.15
          ],
          [
            15.51235,
            48.394946999999995,
            201.05
          ],
          [
            15.512633999999998,
            48.394712,
            200.88
          ],
          [
            15.512967,
            48.394385,
            200.77
          ],
          [
            15.513387999999999,
            48.393875,
            200.37
          ],
          [
            15.513777999999999,
            48.393335,
            200.19
          ],
          [
            15.514467999999999,
            48.392447999999995,
            200.31
          ],
          [
            15.514522999999999,
            48.392395,
            200.37
          ],
          [
            15.514624999999999,
            48.39232,
            200.23
          ],
          [
            15.514849,
            48.392128,
            199.98
          ],
          [
            15.514954,
            48.392025,
            199.82
          ],
          [
            15.515129,
            48.391842,
            199.6
          ],
          [
            15.515282,
            48.391656,
            199.06
          ],
          [
            15.515611999999999,
            48.391762,
            198
          ],
          [
            15.515929999999999,
            48.391369999999995,
            198.09
          ],
          [
            15.516183999999999,
            48.390947,
            198.35
          ],
          [
            15.516497999999999,
            48.390556,
            198.65
          ],
          [
            15.516905999999999,
            48.390018,
            199.07
          ],
          [
            15.517019999999999,
            48.389832,
            198.73
          ],
          [
            15.517107999999999,
            48.389680999999996,
            198.63
          ],
          [
            15.517123,
            48.389531999999996,
            198.98
          ],
          [
            15.517648999999999,
            48.388673,
            198.59
          ],
          [
            15.518053,
            48.388031999999995,
            199.01
          ],
          [
            15.518210999999999,
            48.387608,
            199.27
          ],
          [
            15.518438,
            48.38724,
            198.63
          ],
          [
            15.518647,
            48.386962999999994,
            198.32
          ],
          [
            15.519024,
            48.386427,
            197.99
          ],
          [
            15.519314999999999,
            48.385959,
            198.27
          ],
          [
            15.519326,
            48.385909999999996,
            198.32
          ],
          [
            15.519302999999999,
            48.385853,
            198.4
          ],
          [
            15.519025,
            48.385687999999995,
            199.81
          ],
          [
            15.51893,
            48.385618,
            200.61
          ],
          [
            15.518858,
            48.385551,
            201.81
          ],
          [
            15.518839,
            48.385507,
            202.19
          ],
          [
            15.518851999999999,
            48.385470999999995,
            202.38
          ],
          [
            15.518877999999999,
            48.385439,
            202.52
          ],
          [
            15.519200999999999,
            48.385182,
            203.01
          ],
          [
            15.519858999999999,
            48.384713999999995,
            203.57
          ],
          [
            15.520048999999998,
            48.384550999999995,
            203.65
          ],
          [
            15.520226999999998,
            48.384377,
            203.8
          ],
          [
            15.520496,
            48.38408,
            204.25
          ],
          [
            15.5207,
            48.383931,
            204.33
          ],
          [
            15.520980999999999,
            48.38375,
            204.07
          ],
          [
            15.521348999999999,
            48.383562999999995,
            203.44
          ],
          [
            15.521700999999998,
            48.383421,
            203.12
          ],
          [
            15.521937,
            48.383344,
            202.75
          ],
          [
            15.522286,
            48.38326,
            202.53
          ],
          [
            15.522592,
            48.383202999999995,
            202.34
          ],
          [
            15.525065,
            48.382808999999995,
            201.43
          ],
          [
            15.526292,
            48.382639999999995,
            201.39
          ],
          [
            15.526883,
            48.382571999999996,
            201.66
          ],
          [
            15.528604999999999,
            48.382403,
            201.25
          ],
          [
            15.528995,
            48.382382,
            201.22
          ],
          [
            15.529798999999999,
            48.382374999999996,
            202.04
          ],
          [
            15.532846,
            48.382405999999996,
            201.08
          ],
          [
            15.53384,
            48.382425999999995,
            202.1
          ],
          [
            15.534201999999999,
            48.382445,
            202.34
          ],
          [
            15.534716999999999,
            48.382487,
            202.52
          ],
          [
            15.535181999999999,
            48.382538,
            202.67
          ],
          [
            15.536289,
            48.382691,
            202.36
          ],
          [
            15.537163,
            48.382821,
            201.12
          ],
          [
            15.537993,
            48.382968,
            199.86
          ],
          [
            15.538844999999998,
            48.383136,
            200.96
          ],
          [
            15.539318999999999,
            48.383212,
            201.28
          ],
          [
            15.540237,
            48.383309,
            201.28
          ],
          [
            15.541912,
            48.383468,
            201.04
          ],
          [
            15.542517,
            48.383548999999995,
            201.43
          ],
          [
            15.542788,
            48.383592,
            201.67
          ],
          [
            15.543904,
            48.383797,
            201.75
          ],
          [
            15.54623,
            48.384240999999996,
            199.23
          ],
          [
            15.546764999999999,
            48.384358,
            199.2
          ],
          [
            15.547132999999999,
            48.384451,
            199.3
          ],
          [
            15.54758,
            48.384589,
            199.57
          ],
          [
            15.547974,
            48.384738999999996,
            199.73
          ],
          [
            15.548344,
            48.384896999999995,
            199.85
          ],
          [
            15.549278,
            48.385323,
            198.48
          ],
          [
            15.549633,
            48.385467999999996,
            198.34
          ],
          [
            15.549996,
            48.385594,
            197.45
          ],
          [
            15.553726,
            48.386731,
            197.69
          ],
          [
            15.553795,
            48.386632999999996,
            198.67
          ],
          [
            15.554011,
            48.386702,
            198.6
          ],
          [
            15.554193999999999,
            48.386738,
            198.57
          ],
          [
            15.55457,
            48.386775,
            198.61
          ],
          [
            15.554722,
            48.386773,
            198.62
          ],
          [
            15.554839,
            48.386734999999994,
            199.16
          ],
          [
            15.554962999999999,
            48.386725,
            199.43
          ],
          [
            15.555128,
            48.386736,
            199.7
          ],
          [
            15.555332,
            48.386765999999994,
            199.71
          ],
          [
            15.556692,
            48.387080999999995,
            199.25
          ],
          [
            15.557754,
            48.387297,
            199.05
          ],
          [
            15.55824,
            48.387423999999996,
            199.14
          ],
          [
            15.558504999999998,
            48.387513999999996,
            199.02
          ],
          [
            15.558629999999999,
            48.387567,
            199
          ],
          [
            15.559529999999999,
            48.388014999999996,
            199
          ],
          [
            15.560032999999999,
            48.388255,
            198.98
          ],
          [
            15.560312999999999,
            48.388351,
            198.98
          ],
          [
            15.56129,
            48.388559,
            199
          ],
          [
            15.561423999999999,
            48.388607,
            199.01
          ],
          [
            15.561967,
            48.388884999999995,
            199.99
          ],
          [
            15.562242999999999,
            48.389036999999995,
            199.93
          ],
          [
            15.562406,
            48.389116,
            199.4
          ],
          [
            15.562574,
            48.389178,
            199.3
          ],
          [
            15.562909,
            48.389266,
            199.12
          ],
          [
            15.563279,
            48.389331999999996,
            198.64
          ],
          [
            15.563753,
            48.389433999999994,
            198.52
          ],
          [
            15.564034,
            48.389514999999996,
            198.61
          ],
          [
            15.56428,
            48.389599,
            198.67
          ],
          [
            15.564324999999998,
            48.38964,
            198.7
          ],
          [
            15.564304,
            48.389714999999995,
            198.49
          ],
          [
            15.564316999999999,
            48.389758,
            198.4
          ],
          [
            15.564359,
            48.389795,
            198.33
          ],
          [
            15.56491,
            48.390077999999995,
            197.97
          ],
          [
            15.564950999999999,
            48.390145999999994,
            197.72
          ],
          [
            15.564933,
            48.390215999999995,
            197.52
          ],
          [
            15.564523,
            48.390632,
            197.2
          ],
          [
            15.564357999999999,
            48.390823999999995,
            197.85
          ],
          [
            15.564361,
            48.390871,
            197.95
          ],
          [
            15.564394,
            48.39091,
            197.99
          ],
          [
            15.567117,
            48.39199,
            197.13
          ],
          [
            15.568501,
            48.392558,
            197.36
          ],
          [
            15.568788,
            48.392362999999996,
            197.4
          ],
          [
            15.568855999999998,
            48.392339,
            197.46
          ],
          [
            15.568938999999999,
            48.392353,
            197.53
          ],
          [
            15.569650999999999,
            48.392894999999996,
            197.66
          ],
          [
            15.570174999999999,
            48.393206,
            197.96
          ],
          [
            15.570706,
            48.393481,
            198.29
          ],
          [
            15.571546,
            48.393839,
            198.87
          ],
          [
            15.571917,
            48.393974,
            199.18
          ],
          [
            15.572104,
            48.394003999999995,
            199.5
          ],
          [
            15.572173,
            48.394037999999995,
            199.88
          ],
          [
            15.572242,
            48.394011,
            199.76
          ],
          [
            15.572337999999998,
            48.393997999999996,
            199.48
          ],
          [
            15.572593999999999,
            48.394009,
            199.05
          ],
          [
            15.572752,
            48.393992,
            199.02
          ],
          [
            15.572923999999999,
            48.393944,
            199
          ],
          [
            15.573239999999998,
            48.393819,
            199
          ],
          [
            15.573338999999999,
            48.393809,
            199
          ],
          [
            15.573806,
            48.39386,
            199
          ],
          [
            15.574043,
            48.393893,
            199.03
          ],
          [
            15.574204,
            48.393933,
            199.11
          ],
          [
            15.574319,
            48.393932,
            199.46
          ],
          [
            15.574914,
            48.39318,
            201.76
          ],
          [
            15.575199999999999,
            48.392846999999996,
            202.93
          ],
          [
            15.575541,
            48.393066,
            202.96
          ],
          [
            15.575804,
            48.393212999999996,
            202.94
          ],
          [
            15.576182,
            48.393485999999996,
            203
          ],
          [
            15.576512999999998,
            48.393612,
            202.97
          ],
          [
            15.576564999999999,
            48.393646,
            202.87
          ],
          [
            15.576609,
            48.393634,
            202.91
          ],
          [
            15.576671999999999,
            48.393634999999996,
            202.92
          ],
          [
            15.577439,
            48.393791,
            203
          ],
          [
            15.577670999999999,
            48.393795,
            202.98
          ],
          [
            15.577827,
            48.393774,
            202.82
          ],
          [
            15.577903999999998,
            48.393747,
            202.57
          ],
          [
            15.577979,
            48.393688,
            202.4
          ],
          [
            15.578102999999999,
            48.393516999999996,
            202.31
          ],
          [
            15.578214,
            48.393339999999995,
            202.42
          ],
          [
            15.578486999999999,
            48.393021999999995,
            202.51
          ],
          [
            15.578577,
            48.392947,
            202.51
          ],
          [
            15.578650999999999,
            48.392899,
            202.52
          ],
          [
            15.578726999999999,
            48.392869999999995,
            202.53
          ],
          [
            15.578816999999999,
            48.392852999999995,
            202.39
          ],
          [
            15.578914999999999,
            48.392845,
            202.24
          ],
          [
            15.579232,
            48.392862,
            202.3
          ],
          [
            15.579398999999999,
            48.392832,
            202.19
          ],
          [
            15.579559999999999,
            48.393072,
            203
          ],
          [
            15.579583999999999,
            48.393094999999995,
            203
          ],
          [
            15.58123,
            48.393121,
            202
          ],
          [
            15.581437,
            48.393136,
            202
          ],
          [
            15.581667999999999,
            48.393178,
            202
          ],
          [
            15.581802999999999,
            48.393215,
            202
          ],
          [
            15.581945,
            48.393280999999995,
            202
          ],
          [
            15.582606,
            48.393665999999996,
            202
          ],
          [
            15.582936,
            48.393848999999996,
            201.8
          ],
          [
            15.583387,
            48.394045,
            201
          ],
          [
            15.583720999999999,
            48.394175,
            201
          ],
          [
            15.584273999999999,
            48.394354,
            200.97
          ],
          [
            15.585006,
            48.394512999999996,
            200.75
          ],
          [
            15.585087,
            48.394537,
            200.65
          ],
          [
            15.585149999999999,
            48.394580999999995,
            200.51
          ],
          [
            15.585166,
            48.39461,
            200.41
          ],
          [
            15.58522,
            48.394867999999995,
            199.22
          ],
          [
            15.585239,
            48.394898,
            199.19
          ],
          [
            15.585293,
            48.394932,
            199.17
          ],
          [
            15.585372999999999,
            48.394942,
            199.18
          ],
          [
            15.586951,
            48.394785999999996,
            200.46
          ],
          [
            15.587257999999999,
            48.394768,
            200.52
          ],
          [
            15.58883,
            48.394762,
            200.24
          ],
          [
            15.589362999999999,
            48.394712999999996,
            200.16
          ],
          [
            15.589965999999999,
            48.394647,
            200.18
          ],
          [
            15.590694,
            48.394593,
            200.2
          ],
          [
            15.591296,
            48.394524999999994,
            200.23
          ],
          [
            15.591740999999999,
            48.394466,
            200.67
          ],
          [
            15.592236,
            48.394434999999994,
            200.95
          ],
          [
            15.59316,
            48.394334,
            199.98
          ],
          [
            15.594289,
            48.394174,
            199.82
          ],
          [
            15.594774999999998,
            48.394093999999996,
            199.83
          ],
          [
            15.595277,
            48.394000999999996,
            199.77
          ],
          [
            15.595412,
            48.393958999999995,
            199.77
          ],
          [
            15.595562,
            48.393876999999996,
            199.92
          ],
          [
            15.595680999999999,
            48.393789999999996,
            200
          ],
          [
            15.595822,
            48.393645,
            200.02
          ],
          [
            15.596044,
            48.393456,
            199.92
          ],
          [
            15.596269999999999,
            48.393367,
            199.76
          ],
          [
            15.596478,
            48.393339999999995,
            199.53
          ],
          [
            15.596646,
            48.393346,
            199.17
          ],
          [
            15.596769,
            48.393383,
            199
          ],
          [
            15.596934999999998,
            48.39344,
            199
          ],
          [
            15.597391,
            48.393656,
            197.99
          ],
          [
            15.59752,
            48.393667,
            197.83
          ],
          [
            15.597975,
            48.393617,
            197.31
          ],
          [
            15.598123,
            48.393594,
            197.16
          ],
          [
            15.598215,
            48.393547,
            197.07
          ],
          [
            15.598308,
            48.393476,
            197.04
          ],
          [
            15.598460999999999,
            48.393521,
            197.43
          ],
          [
            15.598609,
            48.393539999999994,
            197.65
          ],
          [
            15.599188,
            48.393488999999995,
            197.55
          ],
          [
            15.599321,
            48.393485999999996,
            197.41
          ],
          [
            15.599461,
            48.393494,
            197.32
          ],
          [
            15.59966,
            48.393529,
            197.16
          ],
          [
            15.599962,
            48.393615999999994,
            196.92
          ],
          [
            15.600278999999999,
            48.393724,
            196.68
          ],
          [
            15.600570999999999,
            48.393812,
            196.43
          ],
          [
            15.600893,
            48.39387,
            196.59
          ],
          [
            15.601232,
            48.393898,
            196.87
          ],
          [
            15.601524,
            48.393933999999994,
            197.43
          ],
          [
            15.601678999999999,
            48.393961999999995,
            197.04
          ],
          [
            15.601963,
            48.394037,
            196.86
          ],
          [
            15.60212,
            48.394062999999996,
            196.9
          ],
          [
            15.602364999999999,
            48.394068,
            196.88
          ],
          [
            15.602877,
            48.394064,
            196.66
          ],
          [
            15.603321999999999,
            48.394051,
            196.57
          ],
          [
            15.603866,
            48.394017,
            196.43
          ],
          [
            15.604268,
            48.393946,
            196.37
          ],
          [
            15.605557,
            48.393651999999996,
            196.92
          ],
          [
            15.605912,
            48.393584999999995,
            196.85
          ],
          [
            15.609509999999998,
            48.393121,
            195.65
          ],
          [
            15.609401,
            48.39255,
            195.53
          ],
          [
            15.609376999999999,
            48.392281,
            195.77
          ],
          [
            15.609418,
            48.391419,
            196.48
          ],
          [
            15.609423,
            48.390893999999996,
            196.82
          ],
          [
            15.609399999999999,
            48.390383,
            197.47
          ],
          [
            15.609418999999999,
            48.390245,
            197.93
          ],
          [
            15.609485999999999,
            48.390035999999995,
            198.59
          ],
          [
            15.610014,
            48.390035999999995,
            198.78
          ],
          [
            15.610365,
            48.390043999999996,
            197
          ],
          [
            15.610322,
            48.390085,
            197.04
          ],
          [
            15.61023,
            48.390142999999995,
            197.25
          ],
          [
            15.610168999999999,
            48.390212,
            197.43
          ],
          [
            15.610154,
            48.390273,
            197.45
          ],
          [
            15.610202,
            48.391270999999996,
            196.24
          ],
          [
            15.610256,
            48.391644,
            195.37
          ],
          [
            15.610418999999998,
            48.392117999999996,
            195.67
          ],
          [
            15.610572,
            48.393195,
            195.21
          ],
          [
            15.610643999999999,
            48.393595,
            195.24
          ],
          [
            15.610755,
            48.394059999999996,
            195.38
          ],
          [
            15.610928,
            48.394639,
            195.92
          ],
          [
            15.611053,
            48.394999999999996,
            195.76
          ],
          [
            15.611288,
            48.395596,
            195.76
          ],
          [
            15.611647,
            48.396435,
            195.45
          ],
          [
            15.611818999999999,
            48.396873,
            196.08
          ],
          [
            15.611905,
            48.397034999999995,
            196.38
          ],
          [
            15.611911,
            48.397155,
            196.69
          ],
          [
            15.611970999999999,
            48.397524999999995,
            197.57
          ],
          [
            15.612096999999999,
            48.398019,
            195.77
          ],
          [
            15.612193999999999,
            48.398320999999996,
            194.98
          ],
          [
            15.612271999999999,
            48.398436,
            195.03
          ],
          [
            15.612596,
            48.398767,
            195.3
          ],
          [
            15.613729,
            48.400217999999995,
            195.28
          ],
          [
            15.614407,
            48.401019,
            194.84
          ],
          [
            15.614557,
            48.401185999999996,
            194.68
          ],
          [
            15.614612999999999,
            48.401227999999996,
            194.6
          ],
          [
            15.614669999999998,
            48.401250999999995,
            194.51
          ],
          [
            15.614754999999999,
            48.401266,
            194.44
          ],
          [
            15.622036999999999,
            48.401452,
            195.63
          ],
          [
            15.623168999999999,
            48.401472,
            195.96
          ],
          [
            15.625107999999999,
            48.401455999999996,
            195.98
          ],
          [
            15.625898999999999,
            48.401441999999996,
            195.82
          ],
          [
            15.626118,
            48.401419,
            195.8
          ],
          [
            15.626588,
            48.401340999999995,
            195.96
          ],
          [
            15.62671,
            48.401306999999996,
            196.05
          ],
          [
            15.627116,
            48.401081,
            196.74
          ],
          [
            15.627377999999998,
            48.400966,
            196.89
          ],
          [
            15.627644,
            48.400886,
            196.88
          ],
          [
            15.628102,
            48.400822999999995,
            196.53
          ],
          [
            15.629881,
            48.400602,
            195.71
          ],
          [
            15.630042999999999,
            48.4006,
            195.84
          ],
          [
            15.630170999999999,
            48.400621,
            195.94
          ],
          [
            15.63064,
            48.400805999999996,
            196.31
          ],
          [
            15.630764,
            48.400845999999994,
            196.39
          ],
          [
            15.630885999999999,
            48.400861,
            196.49
          ],
          [
            15.631025999999999,
            48.400856,
            196.65
          ],
          [
            15.631727999999999,
            48.400752999999995,
            196.56
          ],
          [
            15.632385999999999,
            48.400745,
            195.62
          ],
          [
            15.632757999999999,
            48.400709,
            195.7
          ],
          [
            15.63422,
            48.400407,
            195.74
          ],
          [
            15.635223,
            48.400178999999994,
            195.35
          ],
          [
            15.636973,
            48.399733999999995,
            195.51
          ],
          [
            15.638608,
            48.399257,
            195.54
          ],
          [
            15.639885,
            48.398849999999996,
            195.06
          ],
          [
            15.641331,
            48.398339,
            195.34
          ],
          [
            15.642595,
            48.397849,
            195.59
          ],
          [
            15.643699999999999,
            48.397358,
            195.45
          ],
          [
            15.643830999999999,
            48.39729,
            195.67
          ],
          [
            15.643970999999999,
            48.397175999999995,
            195.66
          ],
          [
            15.644089,
            48.397054999999995,
            195.88
          ],
          [
            15.644216,
            48.396898,
            196.28
          ],
          [
            15.644694,
            48.396651,
            196.56
          ],
          [
            15.645164,
            48.396383,
            196.45
          ],
          [
            15.645683,
            48.396059,
            196.35
          ],
          [
            15.646120999999999,
            48.395767,
            196.13
          ],
          [
            15.646652999999999,
            48.395381,
            195.83
          ],
          [
            15.647431,
            48.394754,
            196.2
          ],
          [
            15.649028,
            48.39331,
            195.87
          ],
          [
            15.654307999999999,
            48.388445999999995,
            195.04
          ],
          [
            15.658563,
            48.384553,
            195.25
          ],
          [
            15.658904999999999,
            48.384263999999995,
            195.27
          ],
          [
            15.659612999999998,
            48.383708999999996,
            195.3
          ],
          [
            15.660248999999999,
            48.383247999999995,
            195.29
          ],
          [
            15.660618,
            48.382996999999996,
            195.2
          ],
          [
            15.661019,
            48.382737,
            195.27
          ],
          [
            15.661475,
            48.382452,
            195.3
          ],
          [
            15.66193,
            48.382182,
            195.28
          ],
          [
            15.662626999999999,
            48.381795,
            195.01
          ],
          [
            15.663089,
            48.381555,
            194.83
          ],
          [
            15.663746,
            48.381246999999995,
            195.03
          ],
          [
            15.664164,
            48.381060999999995,
            195.28
          ],
          [
            15.664726,
            48.380832,
            195.38
          ],
          [
            15.665595,
            48.38052,
            195.14
          ],
          [
            15.666867,
            48.380147,
            194.52
          ],
          [
            15.667713,
            48.379929,
            194.26
          ],
          [
            15.668184,
            48.379821,
            194.41
          ],
          [
            15.668752999999999,
            48.379705,
            194.38
          ],
          [
            15.669611,
            48.379554,
            194.63
          ],
          [
            15.670632999999999,
            48.379417,
            194.67
          ],
          [
            15.671370999999999,
            48.379341,
            194.71
          ],
          [
            15.671949999999999,
            48.379301999999996,
            194.66
          ],
          [
            15.672868999999999,
            48.379255,
            195.11
          ],
          [
            15.673212999999999,
            48.379251,
            195.21
          ],
          [
            15.673483999999998,
            48.379259,
            195.25
          ],
          [
            15.673719,
            48.379275,
            195.28
          ],
          [
            15.674788999999999,
            48.379386,
            195.47
          ],
          [
            15.675929,
            48.379535,
            195.7
          ],
          [
            15.676938999999999,
            48.379698,
            195.47
          ],
          [
            15.679877999999999,
            48.38021,
            195.56
          ],
          [
            15.681019,
            48.380387999999996,
            195.59
          ],
          [
            15.682701,
            48.380629,
            195.25
          ],
          [
            15.683674,
            48.380755,
            195.14
          ],
          [
            15.684899999999999,
            48.380893,
            195.14
          ],
          [
            15.685016999999998,
            48.380917,
            195.12
          ],
          [
            15.685137999999998,
            48.380956999999995,
            195.1
          ],
          [
            15.685989,
            48.381277999999995,
            194.81
          ],
          [
            15.686596,
            48.38155,
            194.88
          ],
          [
            15.687386,
            48.381937,
            195.57
          ],
          [
            15.689070999999998,
            48.382785,
            194.47
          ],
          [
            15.689578,
            48.383022,
            194.41
          ],
          [
            15.689960999999998,
            48.383216,
            194.34
          ],
          [
            15.690323,
            48.383387,
            194.39
          ],
          [
            15.690593999999999,
            48.383492999999994,
            194.38
          ],
          [
            15.690937,
            48.383607,
            194.38
          ],
          [
            15.691815,
            48.383832999999996,
            194.39
          ],
          [
            15.692110999999999,
            48.383927,
            194.31
          ],
          [
            15.692359999999999,
            48.38402,
            194.31
          ],
          [
            15.692611,
            48.384128999999994,
            194.36
          ],
          [
            15.693589999999999,
            48.384586999999996,
            194.49
          ],
          [
            15.694403,
            48.38492,
            194.65
          ],
          [
            15.695630999999999,
            48.385352999999995,
            194.71
          ],
          [
            15.697927,
            48.386027999999996,
            194.59
          ],
          [
            15.698317,
            48.386126999999995,
            194.46
          ],
          [
            15.698919,
            48.386261,
            194.49
          ],
          [
            15.699586,
            48.386378,
            194.28
          ],
          [
            15.700078999999999,
            48.386449999999996,
            194.24
          ],
          [
            15.700949999999999,
            48.386542999999996,
            193.95
          ],
          [
            15.701640999999999,
            48.386593999999995,
            194.09
          ],
          [
            15.702592999999998,
            48.386644999999994,
            194.51
          ],
          [
            15.704104999999998,
            48.386679,
            194.92
          ],
          [
            15.704830999999999,
            48.386672999999995,
            194.92
          ],
          [
            15.707751,
            48.386609,
            193.89
          ],
          [
            15.708713999999999,
            48.386562,
            193.89
          ],
          [
            15.709950999999998,
            48.386466,
            194.3
          ],
          [
            15.710548999999999,
            48.386398,
            194.35
          ],
          [
            15.711573,
            48.386257,
            194.22
          ],
          [
            15.712437,
            48.386123,
            193.96
          ],
          [
            15.713123,
            48.385994,
            193.97
          ],
          [
            15.713657,
            48.385884999999995,
            193.9
          ],
          [
            15.714169,
            48.385760999999995,
            193.94
          ],
          [
            15.714758,
            48.385604,
            193.94
          ],
          [
            15.715613999999999,
            48.385346,
            193.92
          ],
          [
            15.716258,
            48.38512,
            193.93
          ],
          [
            15.716766,
            48.384924,
            194.08
          ],
          [
            15.7172,
            48.384744999999995,
            194.11
          ],
          [
            15.717934999999999,
            48.384414,
            194.14
          ],
          [
            15.718618,
            48.384066,
            193.96
          ],
          [
            15.721853,
            48.38223,
            194
          ],
          [
            15.722584,
            48.381721999999996,
            194.06
          ],
          [
            15.723189999999999,
            48.381367999999995,
            193.96
          ],
          [
            15.725980999999999,
            48.379877,
            193.61
          ],
          [
            15.728064,
            48.378751,
            193.69
          ],
          [
            15.728639999999999,
            48.378402,
            194
          ],
          [
            15.729099999999999,
            48.378097,
            194.23
          ],
          [
            15.735849,
            48.373304999999995,
            194.16
          ],
          [
            15.736443,
            48.372913,
            193.7
          ],
          [
            15.736918,
            48.372634,
            193.41
          ],
          [
            15.737755,
            48.372170999999994,
            193.29
          ],
          [
            15.738942999999999,
            48.371534,
            193
          ],
          [
            15.739455,
            48.371288,
            193.17
          ],
          [
            15.739956,
            48.371075,
            193.42
          ],
          [
            15.740395999999999,
            48.370898999999994,
            193.56
          ],
          [
            15.740727999999999,
            48.370781,
            193.7
          ],
          [
            15.741515,
            48.370531,
            193.67
          ],
          [
            15.741878999999999,
            48.370432,
            193.65
          ],
          [
            15.742308999999999,
            48.370326999999996,
            193.59
          ],
          [
            15.742802999999999,
            48.370219,
            193.59
          ],
          [
            15.743666999999999,
            48.370059,
            193.71
          ],
          [
            15.744532999999999,
            48.369938,
            193.58
          ],
          [
            15.744976999999999,
            48.369889,
            193.37
          ],
          [
            15.745439999999999,
            48.369845999999995,
            193.18
          ],
          [
            15.745875,
            48.369817,
            193.31
          ],
          [
            15.746331999999999,
            48.369796,
            193.51
          ],
          [
            15.747221999999999,
            48.369777,
            193.78
          ],
          [
            15.747694,
            48.369783,
            193.7
          ],
          [
            15.748223999999999,
            48.3698,
            193.44
          ],
          [
            15.748802999999999,
            48.369834,
            193.16
          ],
          [
            15.749744999999999,
            48.36992,
            193.04
          ],
          [
            15.755521,
            48.370585,
            194.93
          ],
          [
            15.755654999999999,
            48.370584,
            194.92
          ],
          [
            15.755832999999999,
            48.370554999999996,
            194.98
          ],
          [
            15.756647,
            48.370335999999995,
            194.3
          ],
          [
            15.75687,
            48.370286,
            194.72
          ],
          [
            15.757095,
            48.37027,
            194.9
          ],
          [
            15.757351,
            48.370286,
            194.97
          ],
          [
            15.759412,
            48.370523999999996,
            193.54
          ],
          [
            15.759746999999999,
            48.370568999999996,
            194.87
          ],
          [
            15.759853,
            48.370602,
            194.47
          ],
          [
            15.759946,
            48.370643,
            194.22
          ],
          [
            15.760083,
            48.370737999999996,
            193.99
          ],
          [
            15.760252999999999,
            48.370984,
            194.45
          ],
          [
            15.760321,
            48.371046,
            194.4
          ],
          [
            15.760406,
            48.371095999999994,
            194.49
          ],
          [
            15.760506999999999,
            48.371136,
            194.7
          ],
          [
            15.760608999999999,
            48.371162,
            194.73
          ],
          [
            15.760724999999999,
            48.371179999999995,
            194.71
          ],
          [
            15.761108,
            48.371218999999996,
            194.62
          ],
          [
            15.761548,
            48.371249,
            194.55
          ],
          [
            15.762469999999999,
            48.371277,
            194.39
          ],
          [
            15.762901,
            48.371297,
            194.18
          ],
          [
            15.763506,
            48.371364,
            194.35
          ],
          [
            15.764349999999999,
            48.371511999999996,
            193.63
          ],
          [
            15.765597999999999,
            48.371812999999996,
            193.43
          ],
          [
            15.765742,
            48.37184,
            193.45
          ],
          [
            15.766205999999999,
            48.371863999999995,
            193.41
          ],
          [
            15.76629,
            48.371882,
            193.41
          ],
          [
            15.766523999999999,
            48.372001999999995,
            193.46
          ],
          [
            15.766649,
            48.372049999999994,
            193.49
          ],
          [
            15.766860999999999,
            48.372104,
            193.54
          ],
          [
            15.767691999999998,
            48.372279999999996,
            193.48
          ],
          [
            15.772886,
            48.373494,
            193.29
          ],
          [
            15.773207,
            48.373580999999994,
            193.38
          ],
          [
            15.775079,
            48.374044,
            193.37
          ],
          [
            15.775808,
            48.374234,
            193.56
          ],
          [
            15.77644,
            48.374407999999995,
            193.76
          ],
          [
            15.777799,
            48.374798999999996,
            193.83
          ],
          [
            15.779003999999999,
            48.375173,
            193.29
          ],
          [
            15.781151,
            48.375899999999994,
            193.48
          ],
          [
            15.782238,
            48.3763,
            193.22
          ],
          [
            15.783479,
            48.376782,
            193.29
          ],
          [
            15.786899,
            48.378201999999995,
            193.02
          ],
          [
            15.787433,
            48.378398999999995,
            193.16
          ],
          [
            15.787811,
            48.378524,
            193.17
          ],
          [
            15.788625999999999,
            48.378761999999995,
            193.49
          ],
          [
            15.789451999999999,
            48.378966,
            193.44
          ],
          [
            15.790168,
            48.379109,
            193.57
          ],
          [
            15.790991,
            48.379236,
            193.42
          ],
          [
            15.791514999999999,
            48.379301,
            193.25
          ],
          [
            15.792046,
            48.379348,
            193.04
          ],
          [
            15.794022,
            48.379481,
            193.63
          ],
          [
            15.795423999999999,
            48.379556,
            193
          ],
          [
            15.796567,
            48.379573,
            192.65
          ],
          [
            15.797645,
            48.379566,
            192.52
          ],
          [
            15.798649999999999,
            48.379535999999995,
            192.9
          ],
          [
            15.799871999999999,
            48.379456,
            193.45
          ],
          [
            15.801079999999999,
            48.379348,
            193.15
          ],
          [
            15.802074,
            48.379231,
            193.15
          ],
          [
            15.80321,
            48.379061,
            192.9
          ],
          [
            15.809937999999999,
            48.377849999999995,
            192.95
          ],
          [
            15.810834999999999,
            48.377702,
            192.78
          ],
          [
            15.811819999999999,
            48.377598,
            192.83
          ],
          [
            15.812688999999999,
            48.377556999999996,
            193.05
          ],
          [
            15.813409,
            48.377559,
            193.03
          ],
          [
            15.814117,
            48.377587999999996,
            192.74
          ],
          [
            15.817044,
            48.377817,
            194
          ],
          [
            15.818532,
            48.377953,
            192.96
          ],
          [
            15.820288,
            48.37815,
            192.83
          ],
          [
            15.823488999999999,
            48.378614,
            194.69
          ],
          [
            15.824209,
            48.378710999999996,
            194.66
          ],
          [
            15.824853999999998,
            48.37878,
            194.51
          ],
          [
            15.827414999999998,
            48.379017999999995,
            194.57
          ],
          [
            15.829220999999999,
            48.379151,
            194.85
          ],
          [
            15.831268999999999,
            48.379242,
            194.74
          ],
          [
            15.833530999999999,
            48.37927,
            194.65
          ],
          [
            15.835479,
            48.379244,
            194.72
          ],
          [
            15.838562,
            48.3791,
            194.36
          ],
          [
            15.840389,
            48.378938,
            194.72
          ],
          [
            15.842215999999999,
            48.378704,
            194.72
          ],
          [
            15.844073,
            48.378352,
            194.86
          ],
          [
            15.845759,
            48.377865,
            194.61
          ],
          [
            15.846979,
            48.377382999999995,
            194.4
          ],
          [
            15.847586999999999,
            48.377109999999995,
            194.47
          ],
          [
            15.847838,
            48.376984,
            194.47
          ],
          [
            15.849065,
            48.376332,
            194.47
          ],
          [
            15.850499999999998,
            48.37549,
            194.39
          ],
          [
            15.849673999999998,
            48.374375,
            193.16
          ],
          [
            15.849554999999999,
            48.374294,
            192.7
          ],
          [
            15.8487,
            48.373872999999996,
            188.47
          ],
          [
            15.848564,
            48.373777999999994,
            188
          ],
          [
            15.846243,
            48.371711999999995,
            188
          ],
          [
            15.846214999999999,
            48.371607,
            187.99
          ],
          [
            15.846235,
            48.371567999999996,
            187.98
          ],
          [
            15.846665999999999,
            48.371002,
            187.17
          ],
          [
            15.846793,
            48.370895,
            186.95
          ],
          [
            15.846978,
            48.370805,
            186.55
          ],
          [
            15.847365,
            48.370675,
            185.29
          ],
          [
            15.848173,
            48.370822,
            186.97
          ],
          [
            15.848548999999998,
            48.370829,
            187.19
          ],
          [
            15.849297,
            48.370756,
            187.42
          ],
          [
            15.851408,
            48.370523,
            187.3
          ],
          [
            15.852573999999999,
            48.370428,
            186.87
          ],
          [
            15.853606,
            48.370394,
            186.8
          ],
          [
            15.854446,
            48.370388999999996,
            186.81
          ],
          [
            15.854759,
            48.3704,
            188.37
          ],
          [
            15.854864,
            48.369066,
            184.92
          ],
          [
            15.854921999999998,
            48.368575,
            187.47
          ],
          [
            15.855049999999999,
            48.368579,
            187.6
          ],
          [
            15.855163,
            48.368617,
            186.8
          ],
          [
            15.855193,
            48.368714,
            186.15
          ],
          [
            15.855231999999999,
            48.369036,
            184.34
          ],
          [
            15.855279,
            48.369124,
            184
          ],
          [
            15.857106,
            48.369316999999995,
            182.81
          ],
          [
            15.858407,
            48.369527999999995,
            183.18
          ],
          [
            15.859029999999999,
            48.369651999999995,
            182.89
          ],
          [
            15.859696999999999,
            48.369814999999996,
            182.9
          ],
          [
            15.860313,
            48.369974,
            183.08
          ],
          [
            15.860838,
            48.370124,
            183.49
          ],
          [
            15.861137999999999,
            48.370218,
            183.56
          ],
          [
            15.862765999999999,
            48.370826,
            182.88
          ],
          [
            15.864576999999999,
            48.371477,
            181.52
          ],
          [
            15.864996999999999,
            48.371576999999995,
            181.22
          ],
          [
            15.865487,
            48.371628,
            180.98
          ],
          [
            15.866083999999999,
            48.371573,
            181.16
          ],
          [
            15.866824999999999,
            48.371434,
            181.34
          ],
          [
            15.867218999999999,
            48.371342,
            181.65
          ],
          [
            15.867533,
            48.371258,
            181.73
          ],
          [
            15.867961999999999,
            48.371117999999996,
            181.66
          ],
          [
            15.868431,
            48.370931999999996,
            181.81
          ],
          [
            15.869254,
            48.37057,
            181.88
          ],
          [
            15.870576999999999,
            48.369853,
            181.57
          ],
          [
            15.871977999999999,
            48.369003,
            181.26
          ],
          [
            15.873266999999998,
            48.368114,
            181.46
          ],
          [
            15.874022,
            48.367546999999995,
            181.55
          ],
          [
            15.874505,
            48.367152999999995,
            181.61
          ],
          [
            15.875371999999999,
            48.366403999999996,
            181.8
          ],
          [
            15.875625999999999,
            48.366147,
            181.87
          ],
          [
            15.875686,
            48.366062,
            181.84
          ],
          [
            15.875677999999999,
            48.365966,
            182.37
          ],
          [
            15.875642,
            48.365897999999994,
            182.78
          ],
          [
            15.874822,
            48.365542999999995,
            180.06
          ],
          [
            15.874692999999999,
            48.365468,
            180.9
          ],
          [
            15.874568,
            48.365362999999995,
            181.71
          ],
          [
            15.874566,
            48.365311,
            181.84
          ],
          [
            15.874606,
            48.365237,
            181.98
          ],
          [
            15.874830999999999,
            48.365080999999996,
            182.23
          ],
          [
            15.875532999999999,
            48.36446,
            182.71
          ],
          [
            15.875561999999999,
            48.364391,
            182.69
          ],
          [
            15.875542,
            48.364312,
            182.66
          ],
          [
            15.875463,
            48.364269,
            182.63
          ],
          [
            15.875281999999999,
            48.364241,
            182.57
          ],
          [
            15.874426,
            48.364239999999995,
            182.21
          ],
          [
            15.874181,
            48.364224,
            182.09
          ],
          [
            15.873857,
            48.364165,
            182.02
          ],
          [
            15.873533,
            48.364084999999996,
            182.03
          ],
          [
            15.873213,
            48.363988,
            182.1
          ],
          [
            15.872950999999999,
            48.363875,
            182.18
          ],
          [
            15.872053,
            48.363394,
            182.95
          ],
          [
            15.871829,
            48.363318,
            182.69
          ],
          [
            15.871723,
            48.363246,
            182.54
          ],
          [
            15.871692,
            48.363166,
            182.45
          ],
          [
            15.871713999999999,
            48.363073,
            182.28
          ],
          [
            15.871779,
            48.363008,
            182.1
          ],
          [
            15.871825999999999,
            48.362983,
            182.03
          ],
          [
            15.87191,
            48.362959,
            182
          ],
          [
            15.872065999999998,
            48.362925,
            182
          ],
          [
            15.872558999999999,
            48.362818999999995,
            182.03
          ],
          [
            15.872713999999998,
            48.362783,
            182.01
          ],
          [
            15.872828,
            48.362764999999996,
            182
          ],
          [
            15.872910999999998,
            48.362763,
            182
          ],
          [
            15.873005999999998,
            48.36278,
            182
          ],
          [
            15.873230999999999,
            48.362879,
            182.18
          ],
          [
            15.873299,
            48.362894,
            182.2
          ],
          [
            15.873443,
            48.362897,
            182.2
          ],
          [
            15.873588999999999,
            48.362863999999995,
            182.15
          ],
          [
            15.873759,
            48.362776,
            182.07
          ],
          [
            15.874376999999999,
            48.362381,
            181.6
          ],
          [
            15.874621999999999,
            48.362269,
            181.33
          ],
          [
            15.875036,
            48.362109,
            181.8
          ],
          [
            15.875141,
            48.362052,
            181.69
          ],
          [
            15.875428999999999,
            48.36183,
            181.35
          ],
          [
            15.875594999999999,
            48.361725,
            181.4
          ],
          [
            15.875834999999999,
            48.361601,
            181.9
          ],
          [
            15.876142,
            48.361505,
            181.93
          ],
          [
            15.876657,
            48.361380999999994,
            181.85
          ],
          [
            15.87825,
            48.361118999999995,
            182.04
          ],
          [
            15.879036,
            48.360977,
            181.85
          ],
          [
            15.879382999999999,
            48.360906,
            181.8
          ],
          [
            15.879586,
            48.360841,
            181.74
          ],
          [
            15.879643,
            48.360744999999994,
            181.69
          ],
          [
            15.879672,
            48.360043999999995,
            181.64
          ],
          [
            15.879773,
            48.35951,
            181.39
          ],
          [
            15.879733,
            48.359392,
            181.35
          ],
          [
            15.879669,
            48.359282,
            181.28
          ],
          [
            15.879676,
            48.35915,
            181.14
          ],
          [
            15.879731,
            48.358987,
            181.12
          ],
          [
            15.879811,
            48.358847,
            181.16
          ],
          [
            15.879921,
            48.358762,
            181.26
          ],
          [
            15.880282999999999,
            48.358542,
            181.2
          ],
          [
            15.880396,
            48.358385999999996,
            181.09
          ],
          [
            15.880486999999999,
            48.358142,
            181.72
          ],
          [
            15.880555999999999,
            48.358075,
            181.86
          ],
          [
            15.880764999999998,
            48.357986,
            181.23
          ],
          [
            15.88084,
            48.35794,
            181.24
          ],
          [
            15.881329,
            48.357817999999995,
            182.28
          ],
          [
            15.881874,
            48.357606999999994,
            182.96
          ],
          [
            15.882112,
            48.357551,
            183.34
          ],
          [
            15.882425,
            48.357509,
            183.59
          ],
          [
            15.883071999999999,
            48.357332,
            183.32
          ],
          [
            15.883241,
            48.35727,
            183.27
          ],
          [
            15.883398,
            48.357198999999994,
            183.18
          ],
          [
            15.886569,
            48.355246,
            182.67
          ],
          [
            15.886719,
            48.355107,
            183.01
          ],
          [
            15.886871999999999,
            48.354881999999996,
            184.43
          ],
          [
            15.887094999999999,
            48.354369,
            185.13
          ],
          [
            15.888105999999999,
            48.353778999999996,
            183.75
          ],
          [
            15.888359999999999,
            48.353907,
            183.36
          ],
          [
            15.888603999999999,
            48.353997,
            182.64
          ],
          [
            15.888698999999999,
            48.354023999999995,
            182.66
          ],
          [
            15.888793,
            48.354039,
            182.67
          ],
          [
            15.888886,
            48.354031,
            182.69
          ],
          [
            15.889019,
            48.353977,
            182.68
          ],
          [
            15.889698,
            48.353564999999996,
            182.44
          ],
          [
            15.890393999999999,
            48.353178,
            182.1
          ],
          [
            15.891407,
            48.352652,
            181.87
          ],
          [
            15.891805999999999,
            48.352481,
            182.01
          ],
          [
            15.892156,
            48.35236,
            182.08
          ],
          [
            15.892695999999999,
            48.352216,
            181.97
          ],
          [
            15.893343999999999,
            48.352058,
            182.27
          ],
          [
            15.894070999999999,
            48.351921999999995,
            182.49
          ],
          [
            15.898812,
            48.350956,
            181.18
          ],
          [
            15.899866,
            48.350691,
            181.45
          ],
          [
            15.901966,
            48.350055999999995,
            182.32
          ],
          [
            15.903791,
            48.349726999999994,
            182.92
          ],
          [
            15.904067999999999,
            48.349666,
            181.77
          ],
          [
            15.90449,
            48.349551999999996,
            180.56
          ],
          [
            15.904693,
            48.349526999999995,
            181.26
          ],
          [
            15.905488,
            48.349295,
            181.08
          ],
          [
            15.90719,
            48.348814,
            180.98
          ],
          [
            15.908275999999999,
            48.348416,
            181.19
          ],
          [
            15.909018999999999,
            48.348133999999995,
            181.05
          ],
          [
            15.909702,
            48.347848,
            181.09
          ],
          [
            15.910537,
            48.347476,
            181.06
          ],
          [
            15.910639999999999,
            48.347437,
            180.88
          ],
          [
            15.911289,
            48.347232999999996,
            181.15
          ],
          [
            15.911572,
            48.347124,
            181.09
          ],
          [
            15.911665,
            48.347061,
            180.83
          ],
          [
            15.911845999999999,
            48.346917999999995,
            181
          ],
          [
            15.912308,
            48.346951,
            181.12
          ],
          [
            15.912699,
            48.34701,
            181.15
          ],
          [
            15.913717,
            48.34695,
            180.9
          ],
          [
            15.917788,
            48.346526,
            180.03
          ],
          [
            15.918484,
            48.346433,
            180.37
          ],
          [
            15.920264999999999,
            48.346117,
            180
          ],
          [
            15.921066,
            48.345915,
            180.12
          ],
          [
            15.924116,
            48.345174,
            179.24
          ],
          [
            15.923772999999999,
            48.344623,
            181
          ],
          [
            15.923387,
            48.343972,
            181.7
          ],
          [
            15.925633,
            48.343399,
            180.98
          ],
          [
            15.925872,
            48.343323999999996,
            180.96
          ],
          [
            15.926051,
            48.343225,
            180.95
          ],
          [
            15.926611999999999,
            48.342735,
            181
          ],
          [
            15.927413999999999,
            48.342003999999996,
            182.31
          ],
          [
            15.927551,
            48.341938,
            182.38
          ],
          [
            15.9287,
            48.341688999999995,
            182.19
          ],
          [
            15.929065999999999,
            48.34159,
            182.14
          ],
          [
            15.930546,
            48.341114,
            182.98
          ],
          [
            15.931356,
            48.340841999999995,
            182.85
          ],
          [
            15.933224999999998,
            48.340378,
            182.16
          ],
          [
            15.934545,
            48.339993,
            182.36
          ],
          [
            15.934871,
            48.339915999999995,
            181.86
          ],
          [
            15.935927,
            48.339768,
            182.72
          ],
          [
            15.936791999999999,
            48.339552999999995,
            182.27
          ],
          [
            15.937465,
            48.339365,
            182.36
          ],
          [
            15.938251999999999,
            48.339092,
            182.24
          ],
          [
            15.940315,
            48.338435,
            181.93
          ],
          [
            15.940392999999998,
            48.338384,
            181.95
          ],
          [
            15.940425,
            48.338316999999996,
            181.98
          ],
          [
            15.940399,
            48.338248,
            182.01
          ],
          [
            15.940316999999999,
            48.338125,
            182.07
          ],
          [
            15.940216,
            48.337916,
            182.28
          ],
          [
            15.940078,
            48.337492999999995,
            182.86
          ],
          [
            15.939926999999999,
            48.337272,
            183.22
          ],
          [
            15.939362999999998,
            48.336743,
            184.51
          ],
          [
            15.939668999999999,
            48.336445999999995,
            184.22
          ],
          [
            15.939744,
            48.336318,
            183.59
          ],
          [
            15.940225,
            48.335805,
            183.06
          ],
          [
            15.940299,
            48.335747999999995,
            184
          ],
          [
            15.940728,
            48.335307,
            183.83
          ],
          [
            15.941058,
            48.334948999999995,
            183.6
          ],
          [
            15.941332,
            48.334682,
            183.52
          ],
          [
            15.941474999999999,
            48.334564,
            183.5
          ],
          [
            15.941892,
            48.33425,
            183.57
          ],
          [
            15.942927999999998,
            48.333537,
            183.54
          ],
          [
            15.943537,
            48.333166999999996,
            183.46
          ],
          [
            15.944258,
            48.332622,
            183.32
          ],
          [
            15.944659999999999,
            48.332338,
            183.21
          ],
          [
            15.944923,
            48.332186,
            183.13
          ],
          [
            15.945053,
            48.332125999999995,
            183.12
          ],
          [
            15.945205,
            48.332088,
            183.12
          ],
          [
            15.945426999999999,
            48.332068,
            183
          ],
          [
            15.945561999999999,
            48.332012,
            183
          ],
          [
            15.945779,
            48.331966,
            183
          ],
          [
            15.945817,
            48.331945,
            183
          ],
          [
            15.945822999999999,
            48.331865,
            183
          ],
          [
            15.945810999999999,
            48.331665,
            183
          ],
          [
            15.945841999999999,
            48.33161,
            182.99
          ],
          [
            15.945984999999999,
            48.331489999999995,
            182.96
          ],
          [
            15.946288,
            48.33128,
            182.96
          ],
          [
            15.946572999999999,
            48.331109,
            182.94
          ],
          [
            15.94675,
            48.330987,
            182.95
          ],
          [
            15.947068999999999,
            48.330735,
            182.84
          ],
          [
            15.947845,
            48.330791999999995,
            182.86
          ],
          [
            15.947985,
            48.330791999999995,
            182.85
          ],
          [
            15.948129,
            48.330782,
            182.83
          ],
          [
            15.948509999999999,
            48.330724,
            182.78
          ],
          [
            15.949660999999999,
            48.33042,
            182.69
          ],
          [
            15.949802,
            48.330397999999995,
            182.64
          ],
          [
            15.949926,
            48.330391,
            182.6
          ],
          [
            15.949997999999999,
            48.330391999999996,
            182.57
          ],
          [
            15.95028,
            48.330425999999996,
            182.49
          ],
          [
            15.950363999999999,
            48.33043,
            182.47
          ],
          [
            15.950476,
            48.330417999999995,
            182.46
          ],
          [
            15.950574999999999,
            48.330391999999996,
            182.39
          ],
          [
            15.950683999999999,
            48.330313,
            182.22
          ],
          [
            15.951016,
            48.329989999999995,
            182
          ],
          [
            15.951149,
            48.329932,
            182
          ],
          [
            15.952736999999999,
            48.329665999999996,
            181.83
          ],
          [
            15.952909,
            48.329947999999995,
            181.7
          ],
          [
            15.952995,
            48.330003,
            181.59
          ],
          [
            15.953092999999999,
            48.330042999999996,
            181.52
          ],
          [
            15.953204,
            48.330059,
            181.47
          ],
          [
            15.953738,
            48.330045999999996,
            181.3
          ],
          [
            15.953876999999999,
            48.330065999999995,
            181.25
          ],
          [
            15.95397,
            48.330134,
            181.2
          ],
          [
            15.954025,
            48.330208999999996,
            181.16
          ],
          [
            15.954585,
            48.331163,
            181.18
          ],
          [
            15.954967,
            48.331154,
            180.65
          ],
          [
            15.955015,
            48.331302,
            180.04
          ],
          [
            15.955053999999999,
            48.331357,
            180.11
          ],
          [
            15.955093,
            48.331393,
            180.2
          ],
          [
            15.955278,
            48.331528999999996,
            180.67
          ],
          [
            15.955444,
            48.331593999999996,
            180.91
          ],
          [
            15.955587,
            48.331618999999996,
            181.17
          ],
          [
            15.95571,
            48.331604999999996,
            181.41
          ],
          [
            15.955817,
            48.331536,
            181.65
          ],
          [
            15.955843999999999,
            48.331444,
            181.82
          ],
          [
            15.955822,
            48.331334,
            182.26
          ],
          [
            15.955893,
            48.331244,
            182.1
          ],
          [
            15.956071999999999,
            48.331087,
            181.54
          ],
          [
            15.956221999999999,
            48.330895999999996,
            181.43
          ],
          [
            15.956304,
            48.330749,
            181.29
          ],
          [
            15.956330999999999,
            48.330611999999995,
            181.18
          ],
          [
            15.956574999999999,
            48.330537,
            181.15
          ],
          [
            15.956767,
            48.330490999999995,
            181.17
          ],
          [
            15.956938,
            48.330484999999996,
            181.2
          ],
          [
            15.957374,
            48.330543999999996,
            181.33
          ],
          [
            15.957718999999999,
            48.330650999999996,
            181.37
          ],
          [
            15.958217,
            48.330856999999995,
            181.6
          ],
          [
            15.958307999999999,
            48.330937999999996,
            181.61
          ],
          [
            15.958383,
            48.331027,
            181.6
          ],
          [
            15.958487,
            48.331205,
            181.58
          ],
          [
            15.958549,
            48.331405,
            181.64
          ],
          [
            15.958582,
            48.331466999999996,
            181.65
          ],
          [
            15.958639,
            48.33152,
            181.66
          ],
          [
            15.958791999999999,
            48.331554999999994,
            181.7
          ],
          [
            15.958872,
            48.331559999999996,
            181.74
          ],
          [
            15.958998,
            48.331545,
            181.79
          ],
          [
            15.959052999999999,
            48.331512,
            181.82
          ],
          [
            15.959123,
            48.331454,
            181.85
          ],
          [
            15.959244,
            48.331322,
            181.84
          ],
          [
            15.959411999999999,
            48.331072,
            181.91
          ],
          [
            15.959499,
            48.330906,
            181.92
          ],
          [
            15.959591,
            48.330788999999996,
            181.82
          ],
          [
            15.959738999999999,
            48.330656,
            181.75
          ],
          [
            15.95998,
            48.330554,
            181.75
          ],
          [
            15.960201,
            48.330503,
            181.79
          ],
          [
            15.960427999999999,
            48.330476999999995,
            181.88
          ],
          [
            15.960674999999998,
            48.330509,
            182.03
          ],
          [
            15.961018,
            48.330585,
            182.18
          ],
          [
            15.961701999999999,
            48.330807,
            182.29
          ],
          [
            15.961787999999999,
            48.330872,
            182.21
          ],
          [
            15.962038,
            48.331199,
            181.86
          ],
          [
            15.962085,
            48.331359,
            181.73
          ],
          [
            15.962428999999998,
            48.331939999999996,
            181.43
          ],
          [
            15.962470999999999,
            48.331961,
            181.46
          ],
          [
            15.962542,
            48.331972,
            181.49
          ],
          [
            15.963515999999998,
            48.331682,
            181.25
          ],
          [
            15.963854999999999,
            48.33155,
            181.21
          ],
          [
            15.964521,
            48.331244999999996,
            181.09
          ],
          [
            15.965138999999999,
            48.33106,
            181.14
          ],
          [
            15.965855,
            48.330881999999995,
            180.92
          ],
          [
            15.966501,
            48.33076,
            180.76
          ],
          [
            15.967721999999998,
            48.330607,
            180.9
          ],
          [
            15.968345,
            48.330551,
            181.06
          ],
          [
            15.968662,
            48.330532,
            181.1
          ],
          [
            15.968971,
            48.330532,
            181.06
          ],
          [
            15.969206999999999,
            48.330549999999995,
            181
          ],
          [
            15.970464999999999,
            48.330751,
            180.26
          ],
          [
            15.971606,
            48.330996,
            180.03
          ],
          [
            15.971767999999999,
            48.331043,
            180.11
          ],
          [
            15.972078,
            48.331151999999996,
            180.3
          ],
          [
            15.972456999999999,
            48.33133,
            180.71
          ],
          [
            15.972686999999999,
            48.331409,
            181.34
          ],
          [
            15.972748999999999,
            48.331421999999996,
            181.3
          ],
          [
            15.972919999999998,
            48.331419,
            181.06
          ],
          [
            15.973903,
            48.331303,
            179.61
          ],
          [
            15.974215999999998,
            48.331139,
            179.9
          ],
          [
            15.975187,
            48.330759,
            180.43
          ],
          [
            15.975563,
            48.330642999999995,
            180.68
          ],
          [
            15.975988999999998,
            48.330548,
            180.4
          ],
          [
            15.976121,
            48.330506,
            180.18
          ],
          [
            15.97621,
            48.330514,
            180.17
          ],
          [
            15.977153999999999,
            48.33036,
            180.64
          ],
          [
            15.979191,
            48.330172999999995,
            180.63
          ],
          [
            15.980027,
            48.330152,
            180.44
          ],
          [
            15.980234,
            48.330121,
            180.37
          ],
          [
            15.98054,
            48.33003,
            180.28
          ],
          [
            15.981378999999999,
            48.32974,
            180
          ],
          [
            15.981643,
            48.329588,
            180
          ],
          [
            15.981897,
            48.329493,
            180.01
          ],
          [
            15.982289999999999,
            48.329391,
            180.3
          ],
          [
            15.982489999999999,
            48.329315,
            180.43
          ],
          [
            15.982745999999999,
            48.329184,
            180.55
          ],
          [
            15.983096999999999,
            48.328905,
            180.69
          ],
          [
            15.983495,
            48.328694,
            180.6
          ],
          [
            15.984288,
            48.328095,
            179.93
          ],
          [
            15.984561999999999,
            48.327836,
            179.61
          ],
          [
            15.984727,
            48.327647,
            179.47
          ],
          [
            15.984855999999999,
            48.327483,
            180
          ],
          [
            15.98621,
            48.327935,
            178.77
          ],
          [
            15.986538,
            48.328053999999995,
            179.69
          ],
          [
            15.986758,
            48.328109,
            179.85
          ],
          [
            15.986877,
            48.328123,
            179.99
          ],
          [
            15.988152,
            48.328095,
            179.28
          ],
          [
            15.988404999999998,
            48.328112,
            179.18
          ],
          [
            15.988679,
            48.328198,
            179.12
          ],
          [
            15.989142,
            48.328419,
            179.01
          ],
          [
            15.989298,
            48.328475999999995,
            179
          ],
          [
            15.989457999999999,
            48.328516,
            179
          ],
          [
            15.989597999999999,
            48.328537,
            179
          ],
          [
            15.990504999999999,
            48.328644999999995,
            179
          ],
          [
            15.990670999999999,
            48.328685,
            179
          ],
          [
            15.990812,
            48.328739,
            179
          ],
          [
            15.990979999999999,
            48.328837,
            178.98
          ],
          [
            15.991164,
            48.329015,
            178.81
          ],
          [
            15.991325999999999,
            48.329274,
            178.63
          ],
          [
            15.991484999999999,
            48.32989,
            178.53
          ],
          [
            15.991674999999999,
            48.330275,
            178.57
          ],
          [
            15.991869,
            48.330521999999995,
            178.6
          ],
          [
            15.992077,
            48.330738,
            178.54
          ],
          [
            15.992225,
            48.33087,
            178.5
          ],
          [
            15.992317,
            48.330934,
            178.45
          ],
          [
            15.992488,
            48.33101,
            178.02
          ],
          [
            15.992583,
            48.331030999999996,
            177.78
          ],
          [
            15.992718,
            48.331043,
            177.48
          ],
          [
            15.992821,
            48.331036999999995,
            177.42
          ],
          [
            15.994731999999999,
            48.330853999999995,
            178.71
          ],
          [
            15.995372999999999,
            48.330774,
            178.06
          ],
          [
            15.995657999999999,
            48.330709,
            177.8
          ],
          [
            15.995781999999998,
            48.330658,
            177.73
          ],
          [
            15.995885999999999,
            48.330580999999995,
            177.69
          ],
          [
            15.9965,
            48.329938,
            177.78
          ],
          [
            15.996661,
            48.329792999999995,
            177.75
          ],
          [
            15.996777999999999,
            48.329707,
            177.68
          ],
          [
            15.997122,
            48.32949,
            177.66
          ],
          [
            15.997423,
            48.329361,
            177.77
          ],
          [
            15.99766,
            48.329285999999996,
            177.87
          ],
          [
            15.997879,
            48.329245,
            177.94
          ],
          [
            15.998161999999999,
            48.329214,
            177.98
          ],
          [
            15.998491999999999,
            48.3292,
            178.23
          ],
          [
            15.999284999999999,
            48.329204,
            178.56
          ],
          [
            15.999524999999998,
            48.329190999999994,
            178.46
          ],
          [
            15.999725999999999,
            48.329161,
            178.36
          ],
          [
            15.999908,
            48.329119999999996,
            178.27
          ],
          [
            16.000144,
            48.329042,
            178.16
          ],
          [
            16.000594,
            48.328837,
            177.93
          ],
          [
            16.001138,
            48.32855,
            177.89
          ],
          [
            16.001797,
            48.328165,
            178.02
          ],
          [
            16.00223,
            48.327928,
            177.94
          ],
          [
            16.002747,
            48.32767,
            177.91
          ],
          [
            16.003209,
            48.327476999999995,
            178.49
          ],
          [
            16.003678999999998,
            48.32731,
            178.18
          ],
          [
            16.004241999999998,
            48.327155999999995,
            177.68
          ],
          [
            16.005048,
            48.327000999999996,
            178.26
          ],
          [
            16.008074999999998,
            48.326581,
            177.36
          ],
          [
            16.008564,
            48.326505999999995,
            177.86
          ],
          [
            16.009192,
            48.326462,
            177.89
          ],
          [
            16.010161999999998,
            48.326446999999995,
            177.81
          ],
          [
            16.011133,
            48.326477,
            177.68
          ],
          [
            16.01165,
            48.326453,
            177.76
          ],
          [
            16.01363,
            48.326211,
            177.96
          ],
          [
            16.014012,
            48.326147999999996,
            177.98
          ],
          [
            16.014172,
            48.326102,
            177.99
          ],
          [
            16.014653,
            48.325823,
            177.99
          ],
          [
            16.014823,
            48.325764,
            178
          ],
          [
            16.014993,
            48.325725999999996,
            178
          ],
          [
            16.015346,
            48.325683999999995,
            178
          ],
          [
            16.015708,
            48.325669,
            178
          ],
          [
            16.01614,
            48.325694,
            178
          ],
          [
            16.018092,
            48.325955,
            178
          ],
          [
            16.018293,
            48.325993999999994,
            178
          ],
          [
            16.02178,
            48.326904,
            177.73
          ],
          [
            16.022071,
            48.326969,
            177.55
          ],
          [
            16.023042999999998,
            48.327132,
            177.31
          ],
          [
            16.023449,
            48.327223,
            177.37
          ],
          [
            16.024183999999998,
            48.327439,
            177.72
          ],
          [
            16.024331999999998,
            48.327466,
            177.86
          ],
          [
            16.024459,
            48.327479,
            178
          ],
          [
            16.024617,
            48.327484,
            178
          ],
          [
            16.024763,
            48.327479,
            177.99
          ],
          [
            16.024967,
            48.327458,
            177.88
          ],
          [
            16.026031,
            48.327307999999995,
            177.62
          ],
          [
            16.026118999999998,
            48.327307999999995,
            177.6
          ],
          [
            16.026204,
            48.327324999999995,
            177.59
          ],
          [
            16.026374999999998,
            48.32738,
            177.57
          ],
          [
            16.026446,
            48.327394999999996,
            177.58
          ],
          [
            16.026522,
            48.327399,
            177.58
          ],
          [
            16.026599,
            48.327389,
            177.57
          ],
          [
            16.026659,
            48.327368,
            177.58
          ],
          [
            16.026716,
            48.327337,
            177.63
          ],
          [
            16.026754999999998,
            48.3273,
            177.72
          ],
          [
            16.026799999999998,
            48.327222,
            177.95
          ],
          [
            16.026805,
            48.32701,
            177.64
          ],
          [
            16.02683,
            48.326961999999995,
            177.69
          ],
          [
            16.026867,
            48.326921,
            177.84
          ],
          [
            16.027122,
            48.326792,
            178.33
          ],
          [
            16.027158,
            48.326758,
            178.34
          ],
          [
            16.027179999999998,
            48.326707,
            178.34
          ],
          [
            16.027231999999998,
            48.326122999999995,
            178.15
          ],
          [
            16.027306,
            48.325866999999995,
            178.45
          ],
          [
            16.02731,
            48.325795,
            178.52
          ],
          [
            16.0273,
            48.325759999999995,
            178.52
          ],
          [
            16.027236,
            48.325658999999995,
            178.34
          ],
          [
            16.027197,
            48.325572,
            178.63
          ],
          [
            16.027082,
            48.325167,
            178.72
          ],
          [
            16.027089999999998,
            48.325106,
            178.81
          ],
          [
            16.027141999999998,
            48.325142,
            178.84
          ],
          [
            16.027533,
            48.325585,
            178.85
          ],
          [
            16.028026999999998,
            48.326268999999996,
            178.72
          ],
          [
            16.028335,
            48.326639,
            179.02
          ],
          [
            16.028381,
            48.326791,
            179.5
          ],
          [
            16.028397,
            48.326907,
            180.08
          ],
          [
            16.028318,
            48.326933999999994,
            180.77
          ],
          [
            16.028152,
            48.326724,
            180.04
          ],
          [
            16.028287,
            48.326634,
            179.1
          ],
          [
            16.028816,
            48.326319,
            179.84
          ],
          [
            16.028888,
            48.326437,
            180.48
          ],
          [
            16.028989,
            48.326508999999994,
            180.33
          ],
          [
            16.029192,
            48.326687,
            180.86
          ],
          [
            16.029317,
            48.326809,
            180.64
          ],
          [
            16.029426,
            48.32695,
            180.48
          ],
          [
            16.029541,
            48.327183,
            180.32
          ],
          [
            16.029676,
            48.327498999999996,
            180.51
          ],
          [
            16.029973,
            48.328219999999995,
            179.61
          ],
          [
            16.030155,
            48.329062,
            179.14
          ],
          [
            16.030182,
            48.329831,
            179.09
          ],
          [
            16.030145,
            48.330421,
            179.08
          ],
          [
            16.030146,
            48.330721999999994,
            179.16
          ],
          [
            16.030169,
            48.331005,
            179.28
          ],
          [
            16.030264,
            48.331472999999995,
            179.9
          ],
          [
            16.030434,
            48.331970999999996,
            179.52
          ],
          [
            16.030701,
            48.33248,
            179.37
          ],
          [
            16.031063,
            48.332975999999995,
            179.16
          ],
          [
            16.031171999999998,
            48.333096999999995,
            179.16
          ],
          [
            16.031252,
            48.33316,
            179.17
          ],
          [
            16.031354999999998,
            48.333217,
            179.17
          ],
          [
            16.031475999999998,
            48.333251999999995,
            179.16
          ],
          [
            16.031603,
            48.333273999999996,
            179.16
          ],
          [
            16.036065999999998,
            48.333368,
            179.63
          ],
          [
            16.036822,
            48.333393,
            179.22
          ],
          [
            16.037122999999998,
            48.333455,
            178.69
          ],
          [
            16.037471,
            48.3334,
            178.6
          ],
          [
            16.044733,
            48.333538999999995,
            178.65
          ],
          [
            16.04488,
            48.333532999999996,
            178.71
          ],
          [
            16.044984,
            48.333518,
            178.77
          ],
          [
            16.045082999999998,
            48.33349,
            178.86
          ],
          [
            16.045208,
            48.333425999999996,
            179.01
          ],
          [
            16.045327999999998,
            48.333352999999995,
            179.15
          ],
          [
            16.04556,
            48.33318,
            179.39
          ],
          [
            16.045645,
            48.33314,
            179.52
          ],
          [
            16.045742999999998,
            48.333109,
            179.63
          ],
          [
            16.045837,
            48.333092,
            179.59
          ],
          [
            16.045942,
            48.333084,
            179.62
          ],
          [
            16.046236,
            48.333102,
            179.79
          ],
          [
            16.046421,
            48.333132,
            179.38
          ],
          [
            16.046802,
            48.333211999999996,
            179.68
          ],
          [
            16.046941,
            48.333234,
            179.81
          ],
          [
            16.047293,
            48.333268999999994,
            180.16
          ],
          [
            16.047874999999998,
            48.333265,
            179.82
          ],
          [
            16.048296999999998,
            48.33325,
            178.11
          ],
          [
            16.048443,
            48.333233,
            177.99
          ],
          [
            16.0487,
            48.333233,
            178.75
          ],
          [
            16.049098,
            48.333248999999995,
            178.97
          ],
          [
            16.049317,
            48.333268,
            179
          ],
          [
            16.049601,
            48.333318999999996,
            179.53
          ],
          [
            16.050244,
            48.333478,
            179.06
          ],
          [
            16.05049,
            48.333527,
            179.38
          ],
          [
            16.050653999999998,
            48.333551,
            179.4
          ],
          [
            16.051130999999998,
            48.33359,
            179.85
          ],
          [
            16.051637,
            48.333600999999994,
            179.96
          ],
          [
            16.052839,
            48.333649,
            179.59
          ],
          [
            16.053414,
            48.333683,
            179.27
          ],
          [
            16.054132,
            48.333757999999996,
            179
          ],
          [
            16.054847,
            48.333873,
            179.39
          ],
          [
            16.055296,
            48.333968,
            178.43
          ],
          [
            16.055422,
            48.334008999999995,
            178.13
          ],
          [
            16.056499,
            48.334114,
            178
          ],
          [
            16.056668,
            48.334118,
            178
          ],
          [
            16.057624,
            48.334081999999995,
            177.86
          ],
          [
            16.057648999999998,
            48.334055,
            177.78
          ],
          [
            16.057966999999998,
            48.333884,
            177.04
          ],
          [
            16.058122,
            48.333811,
            177.66
          ],
          [
            16.058427,
            48.33368,
            178.05
          ],
          [
            16.058483,
            48.333664999999996,
            178.1
          ],
          [
            16.058606,
            48.333650999999996,
            178.14
          ],
          [
            16.059212,
            48.333574,
            178.27
          ],
          [
            16.05925,
            48.33349,
            178.88
          ],
          [
            16.059134999999998,
            48.332856,
            180.3
          ],
          [
            16.0591,
            48.332429,
            179.71
          ],
          [
            16.059062,
            48.332356999999995,
            179.88
          ],
          [
            16.059029,
            48.333295,
            182.25
          ],
          [
            16.059039,
            48.333377,
            181.62
          ],
          [
            16.059076,
            48.333441,
            180.27
          ],
          [
            16.059077,
            48.333467,
            179.87
          ],
          [
            16.059209,
            48.337446,
            181.99
          ],
          [
            16.05922,
            48.337889999999994,
            182.47
          ],
          [
            16.059282,
            48.337917,
            181.64
          ],
          [
            16.059342,
            48.337961,
            181.61
          ],
          [
            16.059459999999998,
            48.338077,
            181.21
          ],
          [
            16.059649999999998,
            48.338325999999995,
            179.7
          ],
          [
            16.059897,
            48.338623999999996,
            178.26
          ],
          [
            16.060029,
            48.338660999999995,
            177.83
          ],
          [
            16.060323999999998,
            48.337942999999996,
            177.24
          ],
          [
            16.060402,
            48.337683,
            176.81
          ],
          [
            16.060499999999998,
            48.337289999999996,
            176.95
          ],
          [
            16.060574,
            48.337252,
            176.99
          ],
          [
            16.060665,
            48.337221,
            176.99
          ],
          [
            16.061199,
            48.337106,
            177
          ],
          [
            16.061463,
            48.337115,
            177.04
          ],
          [
            16.061992,
            48.337148,
            177.65
          ],
          [
            16.064377999999998,
            48.337379,
            177.69
          ],
          [
            16.065386999999998,
            48.337452,
            178.17
          ],
          [
            16.066396,
            48.337506999999995,
            178.72
          ],
          [
            16.067308,
            48.337542,
            178.6
          ],
          [
            16.068785,
            48.337556,
            177.87
          ],
          [
            16.070342,
            48.337540999999995,
            177.63
          ],
          [
            16.073386,
            48.3375,
            177.94
          ],
          [
            16.075499,
            48.337450999999994,
            178.11
          ],
          [
            16.075784,
            48.337485,
            178.16
          ],
          [
            16.076052999999998,
            48.337561,
            178.21
          ],
          [
            16.077102,
            48.338035,
            178.02
          ],
          [
            16.077331,
            48.338114999999995,
            177.98
          ],
          [
            16.077583999999998,
            48.338159999999995,
            177.94
          ],
          [
            16.077795,
            48.338159999999995,
            177.91
          ],
          [
            16.078177999999998,
            48.338125,
            177.84
          ],
          [
            16.080391,
            48.337829,
            177.23
          ],
          [
            16.081449,
            48.337616,
            176.5
          ],
          [
            16.083699,
            48.337087,
            176.78
          ],
          [
            16.084653,
            48.336918,
            177.24
          ],
          [
            16.088162999999998,
            48.336552,
            176.24
          ],
          [
            16.092066,
            48.336188,
            177.11
          ],
          [
            16.096867,
            48.335896999999996,
            177.42
          ],
          [
            16.097441,
            48.335854999999995,
            177.76
          ],
          [
            16.098744,
            48.335789,
            177.58
          ],
          [
            16.100264,
            48.335729,
            176.38
          ],
          [
            16.103607999999998,
            48.335668,
            176.16
          ],
          [
            16.104989,
            48.335699,
            176.11
          ],
          [
            16.105793,
            48.335730999999996,
            176.45
          ],
          [
            16.108394,
            48.335913,
            176.14
          ],
          [
            16.121889,
            48.336985999999996,
            176.65
          ],
          [
            16.124882,
            48.337244999999996,
            177.45
          ],
          [
            16.128301,
            48.337505,
            177.9
          ],
          [
            16.130122,
            48.337654,
            175.93
          ],
          [
            16.134113,
            48.337958,
            176.95
          ],
          [
            16.134460999999998,
            48.337990999999995,
            177.81
          ],
          [
            16.134697,
            48.338024999999995,
            178.7
          ],
          [
            16.134802,
            48.338059,
            178.52
          ],
          [
            16.135029,
            48.338175,
            177.23
          ],
          [
            16.135651,
            48.338614,
            176.98
          ],
          [
            16.135921,
            48.338775999999996,
            176.91
          ],
          [
            16.136042,
            48.33882,
            176.88
          ],
          [
            16.136217,
            48.338843,
            176.84
          ],
          [
            16.136412,
            48.338836,
            176.8
          ],
          [
            16.138063,
            48.338438,
            176.65
          ],
          [
            16.138495,
            48.338362,
            177.44
          ],
          [
            16.138572,
            48.338356999999995,
            177.57
          ],
          [
            16.138704,
            48.338356999999995,
            177.53
          ],
          [
            16.138974,
            48.338377,
            177.37
          ],
          [
            16.142374999999998,
            48.338733999999995,
            176.48
          ],
          [
            16.142695,
            48.338784999999994,
            176.32
          ],
          [
            16.142985,
            48.338847,
            176.27
          ],
          [
            16.143669,
            48.339047,
            176.89
          ],
          [
            16.144012,
            48.339121999999996,
            176.91
          ],
          [
            16.144486,
            48.339183,
            176.92
          ],
          [
            16.144903,
            48.339227,
            177.13
          ],
          [
            16.145329999999998,
            48.339248,
            177.17
          ],
          [
            16.146075,
            48.339186,
            177.26
          ],
          [
            16.146459,
            48.339192999999995,
            177.42
          ],
          [
            16.151211,
            48.339681999999996,
            177.26
          ],
          [
            16.153516,
            48.339926999999996,
            176.89
          ],
          [
            16.156094,
            48.340298999999995,
            177.27
          ],
          [
            16.156283,
            48.340339,
            177.25
          ],
          [
            16.15646,
            48.340416,
            177.22
          ],
          [
            16.156624,
            48.340505,
            177.18
          ],
          [
            16.157526999999998,
            48.341170999999996,
            176.46
          ],
          [
            16.157628,
            48.341224999999994,
            176.36
          ],
          [
            16.157729,
            48.341256,
            176.28
          ],
          [
            16.157919,
            48.341286,
            176.15
          ],
          [
            16.163806,
            48.341243999999996,
            175.57
          ],
          [
            16.16431,
            48.341252,
            175.57
          ],
          [
            16.165073,
            48.341287,
            176.17
          ],
          [
            16.166342999999998,
            48.341392,
            177.15
          ],
          [
            16.167616,
            48.341561999999996,
            176.45
          ],
          [
            16.170019,
            48.341977,
            176.99
          ],
          [
            16.170955,
            48.342164999999994,
            176.65
          ],
          [
            16.171703,
            48.342324,
            175.64
          ],
          [
            16.172904,
            48.342617999999995,
            175.65
          ],
          [
            16.1813,
            48.344836,
            176.11
          ],
          [
            16.182420999999998,
            48.345124,
            175.9
          ],
          [
            16.183377,
            48.345347,
            176.06
          ],
          [
            16.184881999999998,
            48.345673,
            175.56
          ],
          [
            16.193925,
            48.347536999999996,
            177.27
          ],
          [
            16.194202999999998,
            48.347604999999994,
            177.45
          ],
          [
            16.194318,
            48.347657,
            177.53
          ],
          [
            16.194375,
            48.347707,
            177.57
          ],
          [
            16.194456,
            48.347826,
            177.65
          ],
          [
            16.194727,
            48.348774999999996,
            177.01
          ],
          [
            16.194806,
            48.348904999999995,
            176.82
          ],
          [
            16.194906,
            48.348993,
            176.68
          ],
          [
            16.195055,
            48.349053,
            176.55
          ],
          [
            16.195256999999998,
            48.34908,
            176.4
          ],
          [
            16.199015,
            48.349047,
            176
          ],
          [
            16.200053999999998,
            48.349118999999995,
            176.37
          ],
          [
            16.200817999999998,
            48.349256999999994,
            176.8
          ],
          [
            16.201399,
            48.349413,
            176.75
          ],
          [
            16.202030999999998,
            48.349609,
            177.28
          ],
          [
            16.202986,
            48.349967,
            177.99
          ],
          [
            16.203801,
            48.350189,
            178.27
          ],
          [
            16.204601,
            48.350336,
            178.03
          ],
          [
            16.20503,
            48.350387999999995,
            177.97
          ],
          [
            16.206333,
            48.350451,
            178.26
          ],
          [
            16.207265,
            48.350511,
            178.52
          ],
          [
            16.208112,
            48.350640999999996,
            177.8
          ],
          [
            16.210839,
            48.351172,
            178
          ],
          [
            16.213255,
            48.351616,
            178.56
          ],
          [
            16.217918,
            48.352416999999996,
            178.44
          ],
          [
            16.219784999999998,
            48.352717,
            178.55
          ],
          [
            16.225362,
            48.353578,
            178.76
          ],
          [
            16.226131,
            48.353702,
            178.28
          ],
          [
            16.227491,
            48.353947999999995,
            178.2
          ],
          [
            16.228634,
            48.354174,
            178.46
          ],
          [
            16.230075,
            48.354485999999994,
            178.29
          ],
          [
            16.232899,
            48.355121,
            178.19
          ],
          [
            16.233721,
            48.355297,
            178.27
          ],
          [
            16.234424999999998,
            48.355436,
            178.29
          ],
          [
            16.235664,
            48.355658999999996,
            178.31
          ],
          [
            16.236687,
            48.355826,
            178.5
          ],
          [
            16.237751,
            48.355975,
            178.06
          ],
          [
            16.237666,
            48.356494,
            178.51
          ],
          [
            16.237685,
            48.356612999999996,
            178.18
          ],
          [
            16.237726,
            48.356677,
            178.13
          ],
          [
            16.237821999999998,
            48.356753999999995,
            178.04
          ],
          [
            16.238667,
            48.357349,
            175.54
          ],
          [
            16.238720999999998,
            48.357409,
            175.43
          ],
          [
            16.238743,
            48.357472,
            175.35
          ],
          [
            16.238747999999998,
            48.357530999999994,
            175.28
          ],
          [
            16.238737,
            48.357600999999995,
            175.22
          ],
          [
            16.23847,
            48.35826,
            174.64
          ],
          [
            16.237966999999998,
            48.359414,
            174.63
          ],
          [
            16.237946,
            48.359483999999995,
            174.53
          ],
          [
            16.237949,
            48.35957,
            174.34
          ],
          [
            16.240619,
            48.35915,
            175
          ],
          [
            16.241355,
            48.359047,
            174.95
          ],
          [
            16.241877,
            48.358959999999996,
            174.81
          ],
          [
            16.242196,
            48.358867,
            174.64
          ],
          [
            16.242848,
            48.358624999999996,
            174.25
          ],
          [
            16.243077,
            48.358509999999995,
            174.02
          ],
          [
            16.243336,
            48.358337999999996,
            173.77
          ],
          [
            16.243617,
            48.35812,
            173.6
          ],
          [
            16.243814999999998,
            48.357931,
            173.57
          ],
          [
            16.243913,
            48.357783,
            173.52
          ],
          [
            16.244017,
            48.357659,
            173.49
          ],
          [
            16.244153,
            48.357592,
            173.52
          ],
          [
            16.244467,
            48.357513999999995,
            173.65
          ],
          [
            16.245016,
            48.357394,
            174
          ],
          [
            16.245117,
            48.357332,
            174
          ],
          [
            16.245158,
            48.357245999999996,
            173.95
          ],
          [
            16.245181,
            48.357032,
            173.77
          ],
          [
            16.245241999999998,
            48.356918,
            173.65
          ],
          [
            16.245354,
            48.356829999999995,
            173.56
          ],
          [
            16.245495,
            48.35677,
            173.47
          ],
          [
            16.245842,
            48.356716999999996,
            173.25
          ],
          [
            16.246261999999998,
            48.356637,
            173.02
          ],
          [
            16.247373,
            48.356364,
            170.6
          ],
          [
            16.248252,
            48.356297999999995,
            170.14
          ],
          [
            16.254936,
            48.355532,
            169.58
          ],
          [
            16.255772,
            48.355439999999994,
            169.67
          ],
          [
            16.257638999999998,
            48.355253,
            169.05
          ],
          [
            16.27011,
            48.354391,
            168.23
          ],
          [
            16.27148,
            48.354319,
            167.27
          ],
          [
            16.272501,
            48.354290999999996,
            166.99
          ],
          [
            16.273651,
            48.354282,
            167.25
          ],
          [
            16.274541,
            48.354332,
            167.34
          ],
          [
            16.275055,
            48.354324,
            167.27
          ],
          [
            16.276108999999998,
            48.354268999999995,
            167.1
          ],
          [
            16.277514999999998,
            48.35416,
            168.41
          ],
          [
            16.278679999999998,
            48.354105,
            168.15
          ],
          [
            16.280096,
            48.354051,
            167.31
          ],
          [
            16.280634,
            48.354014,
            166.95
          ],
          [
            16.28183,
            48.353873,
            167.95
          ],
          [
            16.283264,
            48.353639,
            167.69
          ],
          [
            16.283929999999998,
            48.353494,
            167.82
          ],
          [
            16.28473,
            48.353308999999996,
            168.07
          ],
          [
            16.286006,
            48.352951999999995,
            167.78
          ],
          [
            16.286759,
            48.352689999999996,
            167.57
          ],
          [
            16.287579,
            48.352377999999995,
            167.41
          ],
          [
            16.288484999999998,
            48.352005,
            167.26
          ],
          [
            16.29279,
            48.350190999999995,
            166.85
          ],
          [
            16.295118,
            48.34918,
            166.88
          ],
          [
            16.297997,
            48.348009999999995,
            167.13
          ],
          [
            16.298130999999998,
            48.347944999999996,
            167.18
          ],
          [
            16.298313999999998,
            48.34787,
            167.27
          ],
          [
            16.298607999999998,
            48.347777,
            167.39
          ],
          [
            16.298861,
            48.34768,
            167.41
          ],
          [
            16.299677,
            48.347305999999996,
            167.34
          ],
          [
            16.302889,
            48.345940999999996,
            167.07
          ],
          [
            16.303701,
            48.34562,
            167.28
          ],
          [
            16.305955,
            48.344648,
            167.04
          ],
          [
            16.306113,
            48.344668999999996,
            167.45
          ],
          [
            16.306285,
            48.344716,
            167.56
          ],
          [
            16.30642,
            48.344739,
            167.39
          ],
          [
            16.306575,
            48.344742,
            167.21
          ],
          [
            16.307102999999998,
            48.344722999999995,
            167.03
          ],
          [
            16.307275,
            48.344693,
            166.97
          ],
          [
            16.307733,
            48.344547,
            166.85
          ],
          [
            16.307952,
            48.344466,
            166.86
          ],
          [
            16.308142,
            48.344438,
            166.85
          ],
          [
            16.308379,
            48.344435,
            166.8
          ],
          [
            16.308505999999998,
            48.344442,
            166.81
          ],
          [
            16.30882,
            48.344488,
            166.88
          ],
          [
            16.309697,
            48.344687,
            167.79
          ],
          [
            16.310164,
            48.344803,
            165.82
          ],
          [
            16.310762999999998,
            48.344936999999994,
            166.47
          ],
          [
            16.310921999999998,
            48.344961999999995,
            167.72
          ],
          [
            16.311336999999998,
            48.344390999999995,
            167.28
          ],
          [
            16.311428,
            48.344283999999995,
            167.24
          ],
          [
            16.311524,
            48.344229999999996,
            167.2
          ],
          [
            16.31182,
            48.344111999999996,
            167.17
          ],
          [
            16.312032,
            48.344001999999996,
            167.25
          ],
          [
            16.312634,
            48.343475,
            167.69
          ],
          [
            16.312893,
            48.343227,
            168.05
          ],
          [
            16.312942,
            48.34319,
            168.14
          ],
          [
            16.313283,
            48.343117,
            168.14
          ],
          [
            16.313444,
            48.343151999999996,
            168.26
          ],
          [
            16.313617999999998,
            48.343219,
            168.26
          ],
          [
            16.31381,
            48.34328,
            168.15
          ],
          [
            16.314605,
            48.343661999999995,
            167.65
          ],
          [
            16.314826999999998,
            48.343543,
            167.63
          ],
          [
            16.315796,
            48.343924,
            167.61
          ],
          [
            16.316481,
            48.344156999999996,
            168
          ],
          [
            16.317016,
            48.344366,
            168
          ],
          [
            16.318331,
            48.344905,
            168
          ],
          [
            16.318587,
            48.344521,
            168
          ],
          [
            16.318817,
            48.344243999999996,
            168
          ],
          [
            16.321557,
            48.342358999999995,
            167.9
          ],
          [
            16.322831,
            48.341518,
            167.37
          ],
          [
            16.321845,
            48.340885,
            167.19
          ],
          [
            16.322816,
            48.340232,
            167.95
          ],
          [
            16.322401,
            48.340039,
            167
          ],
          [
            16.322145,
            48.3399,
            167.11
          ],
          [
            16.322032999999998,
            48.339822,
            167.16
          ],
          [
            16.321911,
            48.339695999999996,
            167
          ],
          [
            16.321792,
            48.339538,
            167
          ],
          [
            16.321706,
            48.339357,
            167.04
          ],
          [
            16.321683999999998,
            48.339223,
            167.22
          ],
          [
            16.321693,
            48.339106,
            167.28
          ],
          [
            16.321728,
            48.339011,
            167.27
          ],
          [
            16.322269,
            48.338238,
            166.98
          ],
          [
            16.322381999999998,
            48.338142,
            166.99
          ],
          [
            16.323059999999998,
            48.337756999999996,
            166.94
          ],
          [
            16.324794999999998,
            48.337013999999996,
            166.45
          ],
          [
            16.326899,
            48.335859,
            165.78
          ],
          [
            16.327481,
            48.335625,
            167
          ],
          [
            16.327683,
            48.335552,
            167
          ],
          [
            16.32798,
            48.335432,
            167
          ],
          [
            16.328613999999998,
            48.335148,
            166.91
          ],
          [
            16.329166999999998,
            48.334823,
            166.79
          ],
          [
            16.329411,
            48.334632,
            167
          ],
          [
            16.330038,
            48.334092999999996,
            166.89
          ],
          [
            16.330337999999998,
            48.333808999999995,
            166.8
          ],
          [
            16.330593,
            48.333555,
            166.68
          ],
          [
            16.330693999999998,
            48.333411999999996,
            166.5
          ],
          [
            16.330807999999998,
            48.333349,
            166.73
          ],
          [
            16.330983,
            48.333133,
            166.55
          ],
          [
            16.331339,
            48.332733,
            166.49
          ],
          [
            16.331443,
            48.332654,
            166.78
          ],
          [
            16.33156,
            48.332539999999995,
            166.86
          ],
          [
            16.331606999999998,
            48.332459,
            166.88
          ],
          [
            16.331629,
            48.33237,
            166.9
          ],
          [
            16.331622,
            48.3323,
            166.92
          ],
          [
            16.33157,
            48.332212999999996,
            166.96
          ],
          [
            16.331466,
            48.332088,
            167.04
          ],
          [
            16.331433,
            48.332015,
            167.07
          ],
          [
            16.331416,
            48.331858999999994,
            167.05
          ],
          [
            16.331418,
            48.331716,
            166.99
          ],
          [
            16.331468,
            48.331461,
            166.94
          ],
          [
            16.331512999999998,
            48.33134,
            166.93
          ],
          [
            16.331587,
            48.331219999999995,
            166.91
          ],
          [
            16.331697,
            48.331119,
            166.88
          ],
          [
            16.331784,
            48.331075,
            166.87
          ],
          [
            16.331848,
            48.330985,
            166.83
          ],
          [
            16.331858,
            48.330918999999994,
            166.77
          ],
          [
            16.331841999999998,
            48.330864,
            166.67
          ],
          [
            16.331749,
            48.33078,
            166.29
          ],
          [
            16.331701,
            48.3307,
            166.17
          ],
          [
            16.331698,
            48.330656,
            166.13
          ],
          [
            16.331747,
            48.33056,
            166.16
          ],
          [
            16.331798,
            48.330503,
            166.22
          ],
          [
            16.331874,
            48.33045,
            166.29
          ],
          [
            16.332494,
            48.329772,
            166.62
          ],
          [
            16.332611,
            48.329625,
            166.58
          ],
          [
            16.33271,
            48.329529,
            166.62
          ],
          [
            16.333154999999998,
            48.329043999999996,
            166.49
          ],
          [
            16.333188,
            48.328970999999996,
            166.31
          ],
          [
            16.333233,
            48.328911999999995,
            166.34
          ],
          [
            16.333558999999997,
            48.328551,
            165.98
          ],
          [
            16.333775,
            48.328340999999995,
            165.97
          ],
          [
            16.33388,
            48.328255999999996,
            165.93
          ],
          [
            16.333882,
            48.328238999999996,
            165.92
          ],
          [
            16.333804,
            48.328188,
            165.58
          ],
          [
            16.33381,
            48.32817,
            165.63
          ],
          [
            16.333984,
            48.328033,
            166.08
          ],
          [
            16.334113,
            48.327945,
            166.05
          ],
          [
            16.334172,
            48.327874,
            165.99
          ],
          [
            16.334201999999998,
            48.327777999999995,
            165.96
          ],
          [
            16.334229,
            48.32758,
            165.93
          ],
          [
            16.334311,
            48.327422999999996,
            165.8
          ],
          [
            16.334374,
            48.327234,
            166
          ],
          [
            16.334409,
            48.327028999999996,
            166.38
          ],
          [
            16.334443,
            48.326927999999995,
            166.22
          ],
          [
            16.334553,
            48.326713999999996,
            166.16
          ],
          [
            16.334979,
            48.326161,
            165.84
          ],
          [
            16.335392,
            48.325527,
            165.66
          ],
          [
            16.335781,
            48.324884999999995,
            165.76
          ],
          [
            16.33598,
            48.324628999999995,
            165.89
          ],
          [
            16.336374,
            48.324251,
            166.14
          ],
          [
            16.336554,
            48.323935,
            165.64
          ],
          [
            16.336864,
            48.323473,
            165.28
          ],
          [
            16.337142999999998,
            48.323085,
            165.18
          ],
          [
            16.340094,
            48.31881,
            165.17
          ],
          [
            16.34192,
            48.316204,
            164.55
          ],
          [
            16.342176,
            48.315799999999996,
            165.02
          ],
          [
            16.342247,
            48.315661,
            164.86
          ],
          [
            16.342575999999998,
            48.315121999999995,
            164.77
          ],
          [
            16.342766,
            48.314775999999995,
            164.84
          ],
          [
            16.342989,
            48.314364,
            165.04
          ],
          [
            16.343291,
            48.313739999999996,
            165.02
          ],
          [
            16.343619,
            48.312998,
            164.89
          ],
          [
            16.344162,
            48.311654,
            164.88
          ],
          [
            16.34451,
            48.310542,
            164.32
          ],
          [
            16.344635999999998,
            48.310046,
            164.36
          ],
          [
            16.344668,
            48.309833999999995,
            164.49
          ],
          [
            16.344675,
            48.309625999999994,
            164.64
          ],
          [
            16.344662,
            48.308384,
            165.37
          ],
          [
            16.344666999999998,
            48.307911999999995,
            165.2
          ],
          [
            16.344722,
            48.307175,
            164.85
          ],
          [
            16.344784999999998,
            48.306739,
            165.13
          ],
          [
            16.344859,
            48.306321999999994,
            165.13
          ],
          [
            16.344958,
            48.305904,
            164.9
          ],
          [
            16.345209,
            48.305062,
            164.7
          ],
          [
            16.345556,
            48.304193999999995,
            165.35
          ],
          [
            16.346028,
            48.303259999999995,
            166.13
          ],
          [
            16.346356999999998,
            48.302687,
            165.81
          ],
          [
            16.346591,
            48.302307,
            165.93
          ],
          [
            16.346932,
            48.301766,
            165.91
          ],
          [
            16.347144999999998,
            48.301559999999995,
            166.99
          ],
          [
            16.347292,
            48.301395,
            167.54
          ],
          [
            16.347369,
            48.301272999999995,
            167.32
          ],
          [
            16.347383999999998,
            48.301055999999996,
            166.93
          ],
          [
            16.347399,
            48.301016,
            166.86
          ],
          [
            16.34744,
            48.300982999999995,
            166.88
          ],
          [
            16.347623,
            48.300947,
            168.01
          ],
          [
            16.347723,
            48.300869,
            168.34
          ],
          [
            16.348435,
            48.299976,
            167.9
          ],
          [
            16.348872999999998,
            48.299402,
            168.49
          ],
          [
            16.349151,
            48.299347,
            168.65
          ],
          [
            16.349629,
            48.298907,
            170.23
          ],
          [
            16.347222,
            48.298024999999996,
            165.56
          ],
          [
            16.347096999999998,
            48.297948999999996,
            168.48
          ],
          [
            16.347067,
            48.297864,
            169.49
          ],
          [
            16.347061,
            48.297792,
            169.8
          ],
          [
            16.347165999999998,
            48.297509,
            169.5
          ],
          [
            16.347703,
            48.295936999999995,
            168.5
          ],
          [
            16.347794,
            48.295758,
            168.7
          ],
          [
            16.348496,
            48.294902,
            168.78
          ],
          [
            16.348986,
            48.294328,
            169.53
          ],
          [
            16.349391,
            48.293892,
            169.97
          ],
          [
            16.349864999999998,
            48.293436,
            170.13
          ],
          [
            16.350134999999998,
            48.293144,
            170.14
          ],
          [
            16.3509,
            48.292181,
            170.32
          ],
          [
            16.351785,
            48.291039,
            170.26
          ],
          [
            16.352111999999998,
            48.290569,
            170.37
          ],
          [
            16.352141,
            48.290441,
            170.6
          ],
          [
            16.352231,
            48.290155999999996,
            170.82
          ],
          [
            16.352335,
            48.289491999999996,
            170.89
          ],
          [
            16.352373999999998,
            48.289321,
            170.89
          ],
          [
            16.352443,
            48.289117999999995,
            170.82
          ],
          [
            16.352536999999998,
            48.288923999999994,
            170.98
          ],
          [
            16.35271,
            48.288669,
            170.81
          ],
          [
            16.353967,
            48.286922,
            169.66
          ],
          [
            16.355591999999998,
            48.284749999999995,
            169.7
          ],
          [
            16.355893,
            48.284327,
            169.16
          ],
          [
            16.356151999999998,
            48.284000999999996,
            168.97
          ],
          [
            16.356465999999998,
            48.283645,
            168.89
          ],
          [
            16.357021,
            48.283057,
            168.67
          ],
          [
            16.357124,
            48.282931999999995,
            168.61
          ],
          [
            16.357374,
            48.282612,
            168.4
          ],
          [
            16.358255,
            48.2814,
            167.96
          ],
          [
            16.358598999999998,
            48.28095,
            167.88
          ],
          [
            16.360076,
            48.279153,
            167.81
          ],
          [
            16.360143,
            48.279081999999995,
            167.84
          ],
          [
            16.360259,
            48.278987,
            167.88
          ],
          [
            16.360374999999998,
            48.278915,
            167.97
          ],
          [
            16.361793,
            48.278144,
            169.85
          ],
          [
            16.361931,
            48.277995999999995,
            169.94
          ],
          [
            16.362023999999998,
            48.277853,
            169.96
          ],
          [
            16.362317,
            48.277176,
            169.55
          ],
          [
            16.362437,
            48.276917999999995,
            169.1
          ],
          [
            16.362519,
            48.276775,
            168.95
          ],
          [
            16.362709,
            48.276517999999996,
            168.69
          ],
          [
            16.36338,
            48.275697,
            167.91
          ],
          [
            16.364243,
            48.274667,
            168.64
          ],
          [
            16.364587999999998,
            48.274377,
            168.56
          ],
          [
            16.364815999999998,
            48.274221,
            168.67
          ],
          [
            16.365183,
            48.274017,
            168.21
          ],
          [
            16.36644,
            48.273351999999996,
            168.51
          ],
          [
            16.366571999999998,
            48.273263,
            168.42
          ],
          [
            16.366712,
            48.273151,
            168.31
          ],
          [
            16.366925,
            48.272952,
            168.17
          ],
          [
            16.367476,
            48.272312,
            168
          ],
          [
            16.368506,
            48.270880999999996,
            168.38
          ],
          [
            16.370558,
            48.26838,
            169
          ],
          [
            16.37113,
            48.267629,
            168.96
          ],
          [
            16.371305,
            48.267351,
            168.84
          ],
          [
            16.371322,
            48.267247999999995,
            169.11
          ],
          [
            16.370979,
            48.266189999999995,
            169.11
          ],
          [
            16.370952,
            48.266047,
            169
          ],
          [
            16.371195999999998,
            48.265443,
            168.67
          ],
          [
            16.371412,
            48.26504,
            168.21
          ],
          [
            16.372208,
            48.264109999999995,
            168.71
          ],
          [
            16.37362,
            48.262277999999995,
            168.94
          ],
          [
            16.375377999999998,
            48.260297,
            168.79
          ],
          [
            16.37641,
            48.259066999999995,
            168.67
          ],
          [
            16.377453,
            48.257788,
            167.35
          ],
          [
            16.377831999999998,
            48.257345,
            167.32
          ],
          [
            16.378092,
            48.257079999999995,
            167.43
          ],
          [
            16.378382,
            48.256822,
            167.58
          ],
          [
            16.379118,
            48.256229999999995,
            167.51
          ],
          [
            16.379296,
            48.256074999999996,
            167.33
          ],
          [
            16.379464,
            48.255905999999996,
            167.07
          ],
          [
            16.379987,
            48.255317,
            166.12
          ],
          [
            16.380717999999998,
            48.254545,
            166.39
          ],
          [
            16.381013,
            48.254266,
            166
          ],
          [
            16.381439,
            48.253816,
            166.18
          ],
          [
            16.381612,
            48.253899,
            166.69
          ],
          [
            16.381688999999998,
            48.253955,
            166.78
          ],
          [
            16.381746,
            48.254027,
            166.9
          ],
          [
            16.381768,
            48.25407,
            166.9
          ],
          [
            16.381771999999998,
            48.254151,
            166.98
          ],
          [
            16.381757999999998,
            48.254208999999996,
            167.34
          ],
          [
            16.381534,
            48.25474,
            170.68
          ],
          [
            16.382089999999998,
            48.254858,
            165.72
          ],
          [
            16.382742999999998,
            48.255033999999995,
            165.31
          ],
          [
            16.383305,
            48.255212,
            164.95
          ],
          [
            16.383834,
            48.255407,
            164.61
          ],
          [
            16.384349999999998,
            48.255635,
            164.26
          ],
          [
            16.384975999999998,
            48.255939999999995,
            163.84
          ],
          [
            16.385759,
            48.255131,
            165.02
          ],
          [
            16.385789,
            48.255117,
            165.03
          ],
          [
            16.385835999999998,
            48.255117999999996,
            165.07
          ],
          [
            16.385965,
            48.255151,
            164.99
          ],
          [
            16.38627,
            48.254864,
            164.29
          ],
          [
            16.38705,
            48.254025,
            164.55
          ],
          [
            16.389467,
            48.251539,
            164.52
          ],
          [
            16.389891,
            48.251086,
            165.32
          ],
          [
            16.390218,
            48.250426999999995,
            163.39
          ],
          [
            16.390451,
            48.25013,
            162.68
          ],
          [
            16.390923,
            48.249646,
            162.38
          ],
          [
            16.391106,
            48.249466,
            162.49
          ],
          [
            16.391388,
            48.249207999999996,
            163.43
          ],
          [
            16.391813,
            48.248940999999995,
            165.23
          ],
          [
            16.391942,
            48.248875,
            165.88
          ],
          [
            16.393597,
            48.247246,
            164.82
          ],
          [
            16.393779,
            48.246992,
            164.63
          ],
          [
            16.393936999999998,
            48.246562,
            162.85
          ],
          [
            16.394046,
            48.246382,
            162.1
          ],
          [
            16.394455,
            48.245948,
            162.33
          ],
          [
            16.394508,
            48.245948999999996,
            162.75
          ],
          [
            16.394564,
            48.245934999999996,
            162.96
          ],
          [
            16.3948,
            48.245804,
            163.68
          ],
          [
            16.394913,
            48.245757999999995,
            164.26
          ],
          [
            16.395038,
            48.245720999999996,
            164.9
          ],
          [
            16.395152,
            48.245703,
            165.36
          ],
          [
            16.395265,
            48.245585,
            165.8
          ],
          [
            16.39534,
            48.245526,
            165.83
          ],
          [
            16.395417,
            48.245536,
            165.93
          ],
          [
            16.395499,
            48.245577999999995,
            166.06
          ],
          [
            16.396086,
            48.245059,
            166.19
          ],
          [
            16.396224,
            48.245034999999994,
            166.48
          ],
          [
            16.396361,
            48.244977999999996,
            166.68
          ],
          [
            16.396476,
            48.244885,
            166.63
          ],
          [
            16.396539,
            48.244777,
            166.66
          ],
          [
            16.396541,
            48.244676999999996,
            166.47
          ],
          [
            16.396516,
            48.244581,
            166.22
          ],
          [
            16.396577999999998,
            48.244493,
            166.09
          ],
          [
            16.396815999999998,
            48.244257,
            165.83
          ],
          [
            16.396912,
            48.244189,
            165.81
          ],
          [
            16.397015,
            48.244139,
            165.44
          ],
          [
            16.397333,
            48.243905999999996,
            164.86
          ],
          [
            16.397824,
            48.243449,
            164.72
          ],
          [
            16.398645,
            48.242708,
            164.84
          ],
          [
            16.399528999999998,
            48.241882,
            164.93
          ],
          [
            16.399713,
            48.241732,
            164.06
          ],
          [
            16.402642,
            48.239187,
            165.21
          ],
          [
            16.403359,
            48.238568,
            164.84
          ],
          [
            16.403622,
            48.238324999999996,
            164.86
          ],
          [
            16.404474,
            48.237593999999994,
            164.48
          ],
          [
            16.405845,
            48.23632,
            164.93
          ],
          [
            16.405929,
            48.236148,
            165.11
          ],
          [
            16.405988999999998,
            48.236050999999996,
            165.24
          ],
          [
            16.406071999999998,
            48.235980999999995,
            165.25
          ],
          [
            16.406254,
            48.235895,
            164.82
          ],
          [
            16.406339,
            48.235839999999996,
            164.83
          ],
          [
            16.406793999999998,
            48.235378999999995,
            164.33
          ],
          [
            16.406986,
            48.235163,
            164.98
          ],
          [
            16.40723,
            48.234922,
            165.22
          ],
          [
            16.407826999999997,
            48.234275,
            164.98
          ],
          [
            16.407871,
            48.234168,
            164.79
          ],
          [
            16.407878,
            48.234038999999996,
            164.48
          ],
          [
            16.407922,
            48.233937,
            164.2
          ],
          [
            16.407947,
            48.233906999999995,
            164.27
          ],
          [
            16.408611,
            48.233323,
            164.96
          ],
          [
            16.408677,
            48.233286,
            164.87
          ],
          [
            16.408803,
            48.233247999999996,
            164.89
          ],
          [
            16.409256,
            48.232802,
            164.99
          ],
          [
            16.409503,
            48.232617999999995,
            165.09
          ],
          [
            16.40951,
            48.232583,
            165.07
          ],
          [
            16.409748,
            48.232299,
            164.34
          ],
          [
            16.409914,
            48.232119,
            164.15
          ],
          [
            16.41076,
            48.231649,
            164.93
          ],
          [
            16.411043,
            48.231606,
            165.59
          ],
          [
            16.411423,
            48.231358,
            165.33
          ],
          [
            16.412267,
            48.230669,
            164.89
          ],
          [
            16.412603999999998,
            48.23059,
            164.73
          ],
          [
            16.412222,
            48.230449,
            164.23
          ],
          [
            16.412063,
            48.230427,
            164.07
          ],
          [
            16.412938999999998,
            48.229731,
            163.02
          ],
          [
            16.413258,
            48.229489,
            163.69
          ],
          [
            16.413442,
            48.229372999999995,
            164.09
          ],
          [
            16.413802999999998,
            48.229099999999995,
            164.85
          ],
          [
            16.414217999999998,
            48.228769,
            164.75
          ],
          [
            16.414559999999998,
            48.228519,
            164.81
          ],
          [
            16.415913,
            48.227579999999996,
            164.67
          ],
          [
            16.417147,
            48.22676,
            165.24
          ],
          [
            16.417979,
            48.226229,
            165
          ],
          [
            16.419031,
            48.225539,
            165
          ],
          [
            16.420282,
            48.224678,
            165.01
          ],
          [
            16.421651999999998,
            48.223681,
            165.24
          ],
          [
            16.425801,
            48.220611999999996,
            164.36
          ],
          [
            16.426578,
            48.220045999999996,
            163.67
          ],
          [
            16.42842,
            48.218868,
            163.71
          ],
          [
            16.428942,
            48.218573,
            163.7
          ],
          [
            16.429174,
            48.218454,
            163.14
          ],
          [
            16.429883999999998,
            48.218142,
            162.6
          ],
          [
            16.430301,
            48.217914,
            162.47
          ],
          [
            16.430758,
            48.217605999999996,
            162.36
          ],
          [
            16.433395,
            48.215714999999996,
            161.59
          ],
          [
            16.433998,
            48.215305,
            162.32
          ],
          [
            16.436032,
            48.213873,
            162.58
          ],
          [
            16.43619,
            48.213789,
            161.86
          ],
          [
            16.436386,
            48.213727999999996,
            162.13
          ],
          [
            16.436547,
            48.213653,
            162.37
          ],
          [
            16.436864,
            48.213442,
            162.18
          ],
          [
            16.43715,
            48.213221999999995,
            162.21
          ],
          [
            16.437344,
            48.213024999999995,
            162.06
          ],
          [
            16.438316999999998,
            48.212447999999995,
            162.17
          ],
          [
            16.438468999999998,
            48.212322,
            162.28
          ],
          [
            16.438737,
            48.212008,
            163.14
          ],
          [
            16.438834,
            48.211929999999995,
            163.07
          ],
          [
            16.439215,
            48.211697,
            162.43
          ],
          [
            16.439360999999998,
            48.211574,
            162.15
          ],
          [
            16.439425,
            48.211414999999995,
            162.4
          ],
          [
            16.439474999999998,
            48.211361,
            162.34
          ],
          [
            16.439733,
            48.211209,
            161.42
          ],
          [
            16.439933,
            48.211057,
            161.53
          ],
          [
            16.440731,
            48.210505,
            161.17
          ],
          [
            16.44138,
            48.210080999999995,
            161.81
          ],
          [
            16.441789,
            48.209768999999994,
            161.19
          ],
          [
            16.441966999999998,
            48.209578,
            160.61
          ],
          [
            16.442372,
            48.209373,
            161.23
          ],
          [
            16.442947999999998,
            48.208987,
            161.56
          ],
          [
            16.443096999999998,
            48.208911,
            161.58
          ],
          [
            16.443281,
            48.208842,
            161.6
          ],
          [
            16.443409,
            48.208774999999996,
            161.62
          ],
          [
            16.447081999999998,
            48.206337999999995,
            162.36
          ],
          [
            16.447945,
            48.205751,
            162.35
          ],
          [
            16.448178,
            48.205611999999995,
            162.46
          ],
          [
            16.448280999999998,
            48.205587,
            162.56
          ],
          [
            16.44838,
            48.205594,
            162.56
          ],
          [
            16.448574,
            48.205493999999995,
            162.24
          ],
          [
            16.448785,
            48.205265,
            161.99
          ],
          [
            16.449012,
            48.205117,
            162.02
          ],
          [
            16.449437,
            48.204893,
            162.33
          ],
          [
            16.449544,
            48.204795999999995,
            162.55
          ],
          [
            16.449659999999998,
            48.204612999999995,
            162.74
          ],
          [
            16.453015,
            48.202372,
            162.81
          ],
          [
            16.454186,
            48.201552,
            162.62
          ],
          [
            16.456376,
            48.200097,
            162.88
          ],
          [
            16.459350999999998,
            48.19809,
            162.62
          ],
          [
            16.462267999999998,
            48.196081,
            161.69
          ],
          [
            16.464097,
            48.194845,
            161.41
          ],
          [
            16.464178999999998,
            48.194793,
            161.81
          ],
          [
            16.464371,
            48.194694,
            161.67
          ],
          [
            16.465218,
            48.194185999999995,
            164.41
          ],
          [
            16.466407,
            48.193408,
            161.98
          ],
          [
            16.466604,
            48.193253,
            161.51
          ],
          [
            16.466784999999998,
            48.193225999999996,
            161.78
          ],
          [
            16.467195999999998,
            48.193073,
            161.94
          ],
          [
            16.467912,
            48.192586,
            161.84
          ],
          [
            16.468563,
            48.192178,
            161.51
          ],
          [
            16.468688999999998,
            48.191900999999994,
            161.54
          ],
          [
            16.468747,
            48.19181,
            161.44
          ],
          [
            16.468929,
            48.191689,
            161.72
          ],
          [
            16.469274,
            48.191573999999996,
            161.77
          ],
          [
            16.473056,
            48.189107,
            161.68
          ],
          [
            16.473159,
            48.189011,
            161.56
          ],
          [
            16.473235,
            48.188824,
            161.08
          ],
          [
            16.473332,
            48.188739,
            161.07
          ],
          [
            16.473948,
            48.188347,
            161.99
          ],
          [
            16.474342999999998,
            48.188109,
            161.73
          ],
          [
            16.474784,
            48.187933,
            161.68
          ],
          [
            16.475227999999998,
            48.187622999999995,
            160.96
          ],
          [
            16.476053999999998,
            48.187109,
            160.78
          ],
          [
            16.477392,
            48.186220999999996,
            160.58
          ],
          [
            16.477869,
            48.185959999999994,
            160.54
          ],
          [
            16.478289,
            48.185628,
            160.6
          ],
          [
            16.479367,
            48.184971,
            160.63
          ],
          [
            16.480677,
            48.184084999999996,
            160.55
          ],
          [
            16.481333,
            48.183519999999994,
            160.83
          ],
          [
            16.482084999999998,
            48.183065,
            161.51
          ],
          [
            16.48259,
            48.182882,
            161.49
          ],
          [
            16.485191999999998,
            48.181207,
            160.83
          ],
          [
            16.487026,
            48.180011,
            160.31
          ],
          [
            16.488184,
            48.179288,
            160.47
          ],
          [
            16.488585999999998,
            48.179023,
            160.98
          ],
          [
            16.488654,
            48.178959,
            161.16
          ],
          [
            16.488715,
            48.178827999999996,
            161.02
          ],
          [
            16.488804,
            48.178751999999996,
            160.65
          ],
          [
            16.488887,
            48.178725,
            161.22
          ],
          [
            16.48915,
            48.178703999999996,
            161.33
          ],
          [
            16.489335999999998,
            48.178677,
            161.56
          ],
          [
            16.489466999999998,
            48.178615,
            161.59
          ],
          [
            16.490914,
            48.177682,
            160.95
          ],
          [
            16.490968,
            48.17763,
            160.94
          ],
          [
            16.490993,
            48.177574,
            160.93
          ],
          [
            16.490999,
            48.177329,
            160.16
          ],
          [
            16.491258,
            48.17717,
            160.18
          ],
          [
            16.491615,
            48.177107,
            160.37
          ],
          [
            16.491865999999998,
            48.177233,
            159.94
          ],
          [
            16.49215,
            48.177304,
            159.94
          ],
          [
            16.492268,
            48.177353,
            160.26
          ],
          [
            16.492454,
            48.17745,
            160.41
          ],
          [
            16.493883,
            48.178466,
            159.26
          ],
          [
            16.494191999999998,
            48.178675,
            158.62
          ],
          [
            16.494581,
            48.178987,
            157.15
          ],
          [
            16.494725,
            48.179123999999995,
            156.84
          ],
          [
            16.494989,
            48.17931,
            156.51
          ],
          [
            16.495072999999998,
            48.179359,
            156.36
          ],
          [
            16.495191,
            48.179413,
            156.24
          ],
          [
            16.495375,
            48.179471,
            156.09
          ],
          [
            16.495554,
            48.179486999999995,
            155.95
          ],
          [
            16.495665,
            48.17948,
            155.65
          ],
          [
            16.495863,
            48.179449999999996,
            155.94
          ],
          [
            16.49595,
            48.17942,
            155.95
          ],
          [
            16.496268999999998,
            48.179227,
            155.65
          ],
          [
            16.49822,
            48.177988,
            155.62
          ],
          [
            16.500726999999998,
            48.176418,
            155.08
          ],
          [
            16.505929,
            48.173086999999995,
            155.05
          ],
          [
            16.505933,
            48.173075,
            155.05
          ],
          [
            16.505861,
            48.173021,
            155
          ],
          [
            16.505861,
            48.173007999999996,
            155
          ],
          [
            16.507977,
            48.171667,
            155
          ],
          [
            16.508131,
            48.171558999999995,
            154.83
          ],
          [
            16.508633,
            48.171264,
            155.1
          ],
          [
            16.508732,
            48.171172,
            155.53
          ],
          [
            16.5089,
            48.170943,
            157.57
          ],
          [
            16.509541,
            48.170727,
            156.2
          ],
          [
            16.511167,
            48.169939,
            155.93
          ],
          [
            16.511546,
            48.169764,
            156.46
          ],
          [
            16.511687,
            48.169733,
            156.57
          ],
          [
            16.511765999999998,
            48.169748,
            156.58
          ],
          [
            16.511847,
            48.169846,
            156.53
          ],
          [
            16.511995,
            48.170476,
            156.11
          ],
          [
            16.512071,
            48.170567,
            155.96
          ],
          [
            16.512159,
            48.1706,
            155.88
          ],
          [
            16.512277,
            48.170590999999995,
            155.83
          ],
          [
            16.517269,
            48.168153,
            156.38
          ],
          [
            16.522478,
            48.165589,
            155.93
          ],
          [
            16.522783,
            48.16547,
            157.18
          ],
          [
            16.523203,
            48.165239,
            156.21
          ],
          [
            16.523277,
            48.165093999999996,
            156.3
          ],
          [
            16.523388999999998,
            48.164685,
            156.24
          ],
          [
            16.523592999999998,
            48.164148,
            156.13
          ],
          [
            16.523841,
            48.163607,
            155.87
          ],
          [
            16.524206,
            48.162942,
            155.98
          ],
          [
            16.524636,
            48.162231999999996,
            156.1
          ],
          [
            16.525052,
            48.161711999999994,
            156.01
          ],
          [
            16.526018999999998,
            48.160498999999994,
            156.38
          ],
          [
            16.529529999999998,
            48.156276,
            155.51
          ],
          [
            16.529633,
            48.156166,
            155.46
          ],
          [
            16.529766,
            48.156088,
            155.42
          ],
          [
            16.530379,
            48.155812,
            155.24
          ],
          [
            16.532443999999998,
            48.154771,
            155.32
          ],
          [
            16.532752,
            48.154609,
            155.78
          ],
          [
            16.535428,
            48.153276999999996,
            155.14
          ],
          [
            16.535866,
            48.153106,
            155.27
          ],
          [
            16.536192,
            48.152946,
            155.41
          ],
          [
            16.536475,
            48.152774,
            155.5
          ],
          [
            16.537338,
            48.152338,
            155.41
          ],
          [
            16.53773,
            48.152175,
            155.39
          ],
          [
            16.538058,
            48.151979,
            155.4
          ],
          [
            16.540903999999998,
            48.150568,
            155.38
          ],
          [
            16.541042,
            48.150473999999996,
            155.23
          ],
          [
            16.545353,
            48.148500999999996,
            155.12
          ],
          [
            16.5485,
            48.147200999999995,
            154.13
          ],
          [
            16.550850999999998,
            48.146339999999995,
            154.47
          ],
          [
            16.551498,
            48.146131999999994,
            154.9
          ],
          [
            16.552388,
            48.145781,
            154.55
          ],
          [
            16.553793,
            48.145295,
            154.47
          ],
          [
            16.555747999999998,
            48.144678,
            154.06
          ],
          [
            16.558885,
            48.143721,
            154.36
          ],
          [
            16.563378,
            48.142472999999995,
            154.11
          ],
          [
            16.571306,
            48.140578999999995,
            153.91
          ],
          [
            16.575542,
            48.139672999999995,
            154.16
          ],
          [
            16.581407,
            48.138593,
            153.94
          ],
          [
            16.584937,
            48.138090999999996,
            153.68
          ],
          [
            16.586408,
            48.137893,
            153.38
          ],
          [
            16.588224,
            48.137671999999995,
            153.22
          ],
          [
            16.592359,
            48.137268,
            153.82
          ],
          [
            16.594863,
            48.137094,
            153.31
          ],
          [
            16.598143,
            48.136927,
            153
          ],
          [
            16.603697999999998,
            48.136759,
            153.47
          ],
          [
            16.613478999999998,
            48.136444,
            152.21
          ],
          [
            16.613792999999998,
            48.136435,
            152.34
          ],
          [
            16.613908,
            48.137802,
            149.09
          ],
          [
            16.613946,
            48.138155999999995,
            150.07
          ],
          [
            16.614010999999998,
            48.138239999999996,
            150.35
          ],
          [
            16.614162,
            48.138337,
            150.71
          ],
          [
            16.614774999999998,
            48.138498999999996,
            150.75
          ],
          [
            16.615284,
            48.138666,
            150.72
          ],
          [
            16.615485,
            48.138833999999996,
            150.61
          ],
          [
            16.615558,
            48.139071,
            150.56
          ],
          [
            16.615569999999998,
            48.139281999999994,
            150.5
          ],
          [
            16.615641999999998,
            48.139517999999995,
            150.53
          ],
          [
            16.615648999999998,
            48.13961,
            150.64
          ],
          [
            16.615631,
            48.139683999999995,
            150.98
          ],
          [
            16.615572,
            48.139741,
            151.12
          ],
          [
            16.615538,
            48.139764,
            151.17
          ],
          [
            16.614953,
            48.1399,
            153.22
          ],
          [
            16.614726,
            48.139969,
            154.39
          ],
          [
            16.614705999999998,
            48.140024999999994,
            154.44
          ],
          [
            16.615638999999998,
            48.139863,
            151.5
          ],
          [
            16.617373999999998,
            48.139548,
            151.93
          ],
          [
            16.619215,
            48.139232,
            152.4
          ],
          [
            16.620546,
            48.138988999999995,
            151.81
          ],
          [
            16.625857,
            48.138292,
            153.14
          ],
          [
            16.629096999999998,
            48.137809,
            152.77
          ],
          [
            16.631726,
            48.137398,
            151.98
          ],
          [
            16.632071,
            48.137305999999995,
            152.11
          ],
          [
            16.632379999999998,
            48.137146,
            152.32
          ],
          [
            16.634242999999998,
            48.135815,
            153.74
          ],
          [
            16.634487999999997,
            48.135718,
            152.64
          ],
          [
            16.634574,
            48.135698,
            152.34
          ],
          [
            16.634888,
            48.135661,
            151.78
          ],
          [
            16.639066,
            48.135542,
            154.8
          ],
          [
            16.641823,
            48.135447,
            151.87
          ],
          [
            16.645402,
            48.135337,
            153.14
          ],
          [
            16.649276,
            48.135208,
            152.24
          ],
          [
            16.652941,
            48.135099,
            151.94
          ],
          [
            16.674857,
            48.134406,
            151.67
          ],
          [
            16.679745999999998,
            48.134266,
            152.22
          ],
          [
            16.684043,
            48.134149,
            152.57
          ],
          [
            16.689909999999998,
            48.134032999999995,
            149.81
          ],
          [
            16.697694,
            48.133933,
            151.1
          ],
          [
            16.70547,
            48.133899,
            151.99
          ],
          [
            16.705645,
            48.13388,
            152.04
          ],
          [
            16.706291999999998,
            48.133879,
            152.5
          ],
          [
            16.706887,
            48.133894,
            152.12
          ],
          [
            16.718327,
            48.133885,
            151.93
          ],
          [
            16.732889,
            48.133857,
            151.01
          ],
          [
            16.736036,
            48.133843,
            149.76
          ],
          [
            16.758212999999998,
            48.133803,
            148.51
          ],
          [
            16.770353,
            48.133770999999996,
            147.05
          ],
          [
            16.780753,
            48.133759,
            147.51
          ],
          [
            16.791114,
            48.133725999999996,
            146.68
          ],
          [
            16.800155,
            48.133711999999996,
            147.29
          ],
          [
            16.804937,
            48.133724,
            147.1
          ],
          [
            16.812279,
            48.133869999999995,
            148.84
          ],
          [
            16.819768,
            48.134139999999995,
            147.64
          ],
          [
            16.823762,
            48.134339999999995,
            145.97
          ],
          [
            16.828689999999998,
            48.134643,
            145.62
          ],
          [
            16.831856,
            48.134868999999995,
            145.36
          ],
          [
            16.837701,
            48.135332,
            146.73
          ],
          [
            16.842017,
            48.135735999999994,
            146.11
          ],
          [
            16.843906999999998,
            48.135922,
            145.5
          ],
          [
            16.847086,
            48.136264999999995,
            144.69
          ],
          [
            16.850783,
            48.136677999999996,
            147.02
          ],
          [
            16.855245999999998,
            48.137234,
            146.86
          ],
          [
            16.857094,
            48.137501,
            146.99
          ],
          [
            16.858145999999998,
            48.137671999999995,
            145.92
          ],
          [
            16.859970999999998,
            48.138,
            145.91
          ],
          [
            16.861615,
            48.138335,
            145.83
          ],
          [
            16.864001,
            48.138873,
            146.26
          ],
          [
            16.86574,
            48.139316,
            144.87
          ],
          [
            16.867022,
            48.139665,
            145.28
          ],
          [
            16.868299,
            48.140043,
            145.26
          ],
          [
            16.86959,
            48.140446,
            144.85
          ],
          [
            16.870656999999998,
            48.140809999999995,
            144.82
          ],
          [
            16.871161,
            48.140964,
            144.74
          ],
          [
            16.872032,
            48.141269,
            145.01
          ],
          [
            16.872276,
            48.141383999999995,
            146.92
          ],
          [
            16.872476,
            48.141434,
            146.51
          ],
          [
            16.873051999999998,
            48.141644,
            146.41
          ],
          [
            16.875348,
            48.142534,
            145.97
          ],
          [
            16.877064,
            48.143232999999995,
            144.8
          ],
          [
            16.878622999999997,
            48.143885999999995,
            145.47
          ],
          [
            16.879665,
            48.144354,
            145.12
          ],
          [
            16.879849,
            48.144475,
            145.67
          ],
          [
            16.881166999999998,
            48.145067,
            145.45
          ],
          [
            16.882797999999998,
            48.14577,
            145.09
          ],
          [
            16.883264999999998,
            48.146001999999996,
            144.96
          ],
          [
            16.883172,
            48.146004999999995,
            144.6
          ],
          [
            16.882013999999998,
            48.146038,
            145.03
          ],
          [
            16.882144999999998,
            48.146149,
            145.06
          ],
          [
            16.882997,
            48.146636,
            144.73
          ],
          [
            16.884660999999998,
            48.147486,
            144.69
          ],
          [
            16.888061999999998,
            48.149291999999996,
            143.69
          ],
          [
            16.890311999999998,
            48.15052,
            144.46
          ],
          [
            16.892423,
            48.151689999999995,
            144.83
          ],
          [
            16.900675,
            48.156296999999995,
            143.62
          ],
          [
            16.900799,
            48.156493999999995,
            144.08
          ],
          [
            16.900724,
            48.156621,
            143.6
          ],
          [
            16.900588,
            48.156797999999995,
            145.08
          ],
          [
            16.900263,
            48.157328,
            146.63
          ],
          [
            16.900239,
            48.157382,
            146.74
          ],
          [
            16.900243,
            48.157402,
            146.82
          ],
          [
            16.90027,
            48.157412,
            147.04
          ],
          [
            16.900311,
            48.157395,
            147.16
          ],
          [
            16.911891999999998,
            48.140668,
            157.53
          ],
          [
            16.912036,
            48.140361999999996,
            158.52
          ],
          [
            16.912029,
            48.140198,
            158.27
          ],
          [
            16.911988,
            48.140155,
            158.08
          ],
          [
            16.911908,
            48.140121,
            157.72
          ],
          [
            16.911793,
            48.140102999999996,
            157.85
          ],
          [
            16.911747,
            48.14045,
            157.06
          ],
          [
            16.911704999999998,
            48.140594,
            156.68
          ],
          [
            16.91163,
            48.14076,
            155.72
          ],
          [
            16.911442,
            48.141019,
            154.34
          ],
          [
            16.911224,
            48.14122,
            153.02
          ],
          [
            16.911063,
            48.141338,
            151.79
          ],
          [
            16.910818,
            48.141453,
            150.76
          ],
          [
            16.910799,
            48.141504,
            150.53
          ],
          [
            16.910777,
            48.141659999999995,
            149.92
          ],
          [
            16.910707,
            48.141701999999995,
            149.81
          ],
          [
            16.910341,
            48.141662,
            150
          ],
          [
            16.910249,
            48.141777,
            148.81
          ],
          [
            16.910154,
            48.141923999999996,
            147.44
          ],
          [
            16.910104999999998,
            48.142064,
            146.91
          ],
          [
            16.909928,
            48.142784999999996,
            145.26
          ],
          [
            16.909817,
            48.143057999999996,
            145.64
          ],
          [
            16.90965,
            48.143325999999995,
            145.8
          ],
          [
            16.909575,
            48.143488,
            145.75
          ],
          [
            16.909556,
            48.143578999999995,
            145.63
          ],
          [
            16.90957,
            48.143625,
            145.52
          ],
          [
            16.909762,
            48.143702999999995,
            144.9
          ],
          [
            16.910057,
            48.143799,
            144.68
          ],
          [
            16.912655,
            48.144842999999995,
            143.1
          ],
          [
            16.913005,
            48.144959,
            142.96
          ],
          [
            16.913724,
            48.145088,
            142.77
          ],
          [
            16.914253,
            48.145146,
            142.65
          ],
          [
            16.918585,
            48.145156,
            142.01
          ],
          [
            16.921695,
            48.145269,
            142.97
          ],
          [
            16.923286,
            48.145199999999996,
            143.23
          ],
          [
            16.923907,
            48.145188999999995,
            142.41
          ],
          [
            16.924157,
            48.145193,
            142.31
          ],
          [
            16.925114999999998,
            48.145368,
            143.07
          ],
          [
            16.926873,
            48.145337,
            143.12
          ],
          [
            16.927449,
            48.145295,
            142.82
          ],
          [
            16.928784999999998,
            48.145221,
            142.36
          ],
          [
            16.929249,
            48.145216,
            142.34
          ],
          [
            16.929788,
            48.145230999999995,
            142.46
          ],
          [
            16.931568,
            48.145254,
            143.06
          ],
          [
            16.931891999999998,
            48.145298999999994,
            142.86
          ],
          [
            16.93218,
            48.145362,
            143.18
          ],
          [
            16.932451,
            48.145452999999996,
            143.26
          ],
          [
            16.934659,
            48.146448,
            142.58
          ],
          [
            16.934866,
            48.146505,
            142.34
          ],
          [
            16.937504,
            48.148075999999996,
            142.72
          ],
          [
            16.937661,
            48.148134,
            142.67
          ],
          [
            16.938193,
            48.148374,
            142.77
          ],
          [
            16.939254,
            48.148785,
            142.37
          ],
          [
            16.940244,
            48.149145999999995,
            142.07
          ],
          [
            16.942080999999998,
            48.149829999999994,
            141.72
          ],
          [
            16.942667999999998,
            48.149981,
            141.45
          ],
          [
            16.943009,
            48.150031,
            142.41
          ],
          [
            16.943663,
            48.150344,
            142.32
          ],
          [
            16.943713,
            48.15036,
            142.27
          ],
          [
            16.943872,
            48.150386999999995,
            142.36
          ],
          [
            16.943963,
            48.150383,
            142.71
          ],
          [
            16.94402,
            48.150369,
            143
          ],
          [
            16.944224,
            48.150121999999996,
            145.54
          ],
          [
            16.944318,
            48.149975,
            146.26
          ],
          [
            16.944367,
            48.149935,
            146.36
          ],
          [
            16.944639,
            48.149887,
            146.47
          ],
          [
            16.944906,
            48.149862,
            146.83
          ],
          [
            16.944979,
            48.150155999999996,
            147.45
          ],
          [
            16.945004,
            48.150217999999995,
            147.76
          ],
          [
            16.945065,
            48.150267,
            147.95
          ],
          [
            16.945169,
            48.150307,
            148.09
          ],
          [
            16.945314,
            48.150315,
            148.31
          ],
          [
            16.945455,
            48.150276,
            148.64
          ],
          [
            16.945833999999998,
            48.150141999999995,
            150.51
          ],
          [
            16.948339,
            48.149156999999995,
            158.93
          ],
          [
            16.949734,
            48.148592,
            160.97
          ],
          [
            16.951643999999998,
            48.148139,
            165.94
          ],
          [
            16.952555999999998,
            48.147907,
            168.24
          ],
          [
            16.953283,
            48.147701999999995,
            170.5
          ],
          [
            16.953055,
            48.147093,
            166.07
          ],
          [
            16.956481,
            48.146656,
            171.69
          ],
          [
            16.956878,
            48.146620999999996,
            171.84
          ],
          [
            16.956963,
            48.146601999999994,
            171.82
          ],
          [
            16.957024999999998,
            48.146578999999996,
            171.87
          ],
          [
            16.957099,
            48.146619,
            172
          ],
          [
            16.957190999999998,
            48.146639,
            172.03
          ],
          [
            16.957338999999997,
            48.146651,
            172.13
          ],
          [
            16.957559,
            48.146651,
            172.64
          ],
          [
            16.957863,
            48.146685,
            173.39
          ],
          [
            16.958484,
            48.146806,
            174.63
          ],
          [
            16.961204,
            48.147507,
            177.1
          ],
          [
            16.96275,
            48.147881,
            178.37
          ],
          [
            16.965918,
            48.14863,
            176.02
          ],
          [
            16.967109999999998,
            48.148841999999995,
            175
          ],
          [
            16.96713,
            48.148753,
            174.98
          ],
          [
            16.966376999999998,
            48.145778,
            171.7
          ],
          [
            16.966388,
            48.145748,
            171.67
          ],
          [
            16.96641,
            48.145734,
            171.65
          ],
          [
            16.966821,
            48.145604999999996,
            171.33
          ],
          [
            16.969523,
            48.144901999999995,
            170.1
          ],
          [
            16.970776,
            48.14461,
            169.88
          ],
          [
            16.971117,
            48.144549999999995,
            169.68
          ],
          [
            16.971496,
            48.144495,
            169.29
          ],
          [
            16.972201,
            48.144431,
            168.24
          ],
          [
            16.972648,
            48.144413,
            167.38
          ],
          [
            16.974289,
            48.144377999999996,
            164.11
          ],
          [
            16.974539,
            48.144363,
            163.76
          ],
          [
            16.974733999999998,
            48.144335,
            163.31
          ],
          [
            16.976910999999998,
            48.143921999999996,
            160.16
          ],
          [
            16.977244,
            48.143865999999996,
            159.79
          ],
          [
            16.977959,
            48.14376,
            159.06
          ],
          [
            16.979854,
            48.143496,
            157.9
          ],
          [
            16.980762,
            48.143358,
            156.9
          ],
          [
            16.980895,
            48.143344,
            156.65
          ],
          [
            16.980957999999998,
            48.143347999999996,
            156.52
          ],
          [
            16.981047,
            48.143367,
            156.26
          ],
          [
            16.981175999999998,
            48.143363,
            156
          ],
          [
            16.98125,
            48.143342,
            155.98
          ],
          [
            16.981406,
            48.143231,
            155.64
          ],
          [
            16.981510999999998,
            48.143190999999995,
            155.43
          ],
          [
            16.986126,
            48.142125,
            146.68
          ],
          [
            16.986438,
            48.142067999999995,
            146.62
          ],
          [
            16.987748,
            48.141869,
            148.17
          ],
          [
            16.987932999999998,
            48.141832,
            148.48
          ],
          [
            16.988166,
            48.141776,
            148.85
          ],
          [
            16.988633999999998,
            48.141635,
            149.47
          ],
          [
            16.991077,
            48.140792,
            148.72
          ],
          [
            16.991315999999998,
            48.140724999999996,
            148.16
          ],
          [
            16.992029,
            48.141974999999995,
            145.71
          ],
          [
            16.992107999999998,
            48.142089,
            145.31
          ],
          [
            16.992506,
            48.142866,
            141.35
          ],
          [
            16.996195999999998,
            48.146423,
            139.88
          ],
          [
            17.000291999999998,
            48.145579,
            139.98
          ],
          [
            17.000609,
            48.145497,
            140
          ],
          [
            17.000707,
            48.145452999999996,
            140
          ],
          [
            17.000804,
            48.145368,
            140
          ],
          [
            17.001023999999997,
            48.145036999999995,
            139.9
          ],
          [
            17.001120999999998,
            48.144911,
            139.92
          ],
          [
            17.001264,
            48.144768,
            139.93
          ],
          [
            17.001355999999998,
            48.144652,
            139.92
          ],
          [
            17.001405,
            48.144566,
            139.91
          ],
          [
            17.001635999999998,
            48.144045,
            139.84
          ],
          [
            17.001769,
            48.143834999999996,
            139.69
          ],
          [
            17.001941,
            48.143606999999996,
            139.51
          ],
          [
            17.002122,
            48.143389,
            139.34
          ],
          [
            17.003042,
            48.14242,
            139
          ],
          [
            17.004001,
            48.141431999999995,
            139.03
          ],
          [
            17.004345999999998,
            48.141135999999996,
            139.13
          ],
          [
            17.004875,
            48.140789999999996,
            139.16
          ],
          [
            17.005033,
            48.140651999999996,
            139.19
          ],
          [
            17.005219,
            48.140434,
            139.27
          ],
          [
            17.005347,
            48.140304,
            139.23
          ],
          [
            17.005692,
            48.140066,
            139.48
          ],
          [
            17.005827,
            48.139939,
            139.99
          ],
          [
            17.005802,
            48.139877999999996,
            139.99
          ],
          [
            17.005757,
            48.139793,
            140.14
          ],
          [
            17.005532,
            48.139340999999995,
            142.26
          ],
          [
            17.005495,
            48.139283999999996,
            142.56
          ],
          [
            17.005364,
            48.139162999999996,
            143.13
          ],
          [
            17.0052,
            48.139067999999995,
            143.76
          ],
          [
            17.004988,
            48.138996,
            144.23
          ],
          [
            17.004811999999998,
            48.13896,
            144.45
          ],
          [
            17.004541,
            48.138915,
            144.47
          ],
          [
            17.004234,
            48.138785999999996,
            144.72
          ],
          [
            17.003895999999997,
            48.138476,
            144.95
          ],
          [
            17.003602,
            48.138157,
            145
          ],
          [
            17.003769,
            48.137986,
            145.29
          ],
          [
            17.003802,
            48.137893,
            145.59
          ],
          [
            17.003778999999998,
            48.137679,
            146
          ],
          [
            17.004075,
            48.137612999999995,
            145.73
          ],
          [
            17.004341,
            48.137536,
            145.92
          ],
          [
            17.005174999999998,
            48.137232,
            146.99
          ],
          [
            17.006021,
            48.137028,
            147.7
          ],
          [
            17.007127,
            48.136776,
            148.21
          ],
          [
            17.007371,
            48.136711,
            148.03
          ],
          [
            17.007628999999998,
            48.136627,
            148.08
          ],
          [
            17.009280999999998,
            48.135926,
            145.86
          ],
          [
            17.010072,
            48.135571999999996,
            146.97
          ],
          [
            17.010509,
            48.135341,
            147.28
          ],
          [
            17.011468,
            48.134786,
            147.55
          ],
          [
            17.011796999999998,
            48.134619,
            147.57
          ],
          [
            17.012487,
            48.134350999999995,
            147.04
          ],
          [
            17.013167,
            48.134173999999994,
            146.46
          ],
          [
            17.013862,
            48.13404,
            145.59
          ],
          [
            17.01456,
            48.133922,
            144.28
          ],
          [
            17.015015,
            48.133784999999996,
            143.9
          ],
          [
            17.015470999999998,
            48.133584,
            143.45
          ],
          [
            17.015857999999998,
            48.133359999999996,
            142.69
          ],
          [
            17.016013,
            48.133455999999995,
            140.62
          ],
          [
            17.016126,
            48.133396,
            140.76
          ],
          [
            17.016706,
            48.133140999999995,
            140.81
          ],
          [
            17.016844,
            48.133069,
            140.73
          ],
          [
            17.016972,
            48.132991,
            140.74
          ],
          [
            17.017356,
            48.132717,
            140.93
          ],
          [
            17.017497,
            48.132636999999995,
            140.97
          ],
          [
            17.019973999999998,
            48.131586,
            140.28
          ],
          [
            17.020281,
            48.131429,
            140.4
          ],
          [
            17.021141999999998,
            48.130880999999995,
            141.2
          ],
          [
            17.021396,
            48.130748,
            141.45
          ],
          [
            17.021459999999998,
            48.130705,
            141.51
          ],
          [
            17.021478,
            48.13068,
            141.54
          ],
          [
            17.021477,
            48.130635999999996,
            141.57
          ],
          [
            17.021397999999998,
            48.130536,
            141.83
          ],
          [
            17.021375,
            48.130441,
            142.73
          ],
          [
            17.021393,
            48.130379999999995,
            142.79
          ],
          [
            17.021478,
            48.130306999999995,
            142.26
          ],
          [
            17.02206,
            48.129926999999995,
            141.48
          ],
          [
            17.022313999999998,
            48.129774999999995,
            141.4
          ],
          [
            17.022561,
            48.129639,
            141.29
          ],
          [
            17.023035999999998,
            48.129402999999996,
            141.27
          ],
          [
            17.023263999999998,
            48.1293,
            141.17
          ],
          [
            17.023713,
            48.129115999999996,
            141.09
          ],
          [
            17.024009,
            48.129008,
            141.07
          ],
          [
            17.024425,
            48.128868999999995,
            141.04
          ],
          [
            17.027101,
            48.128001,
            140.88
          ],
          [
            17.030262,
            48.126996999999996,
            141.62
          ],
          [
            17.030545999999998,
            48.126903,
            141.21
          ],
          [
            17.031019999999998,
            48.126729,
            141.18
          ],
          [
            17.035041,
            48.125420999999996,
            140.64
          ],
          [
            17.035688999999998,
            48.125248,
            141.4
          ],
          [
            17.036468,
            48.124953,
            141.05
          ],
          [
            17.039943,
            48.123827,
            139.95
          ],
          [
            17.040619,
            48.123639,
            141.42
          ],
          [
            17.040848,
            48.123559,
            140.68
          ],
          [
            17.041201,
            48.123416999999996,
            140.4
          ],
          [
            17.043494,
            48.122673999999996,
            140.33
          ],
          [
            17.044065,
            48.122502999999995,
            141.97
          ],
          [
            17.044781,
            48.122249,
            140.63
          ],
          [
            17.045389999999998,
            48.12206,
            140.51
          ],
          [
            17.046034,
            48.12189,
            140.61
          ],
          [
            17.046343,
            48.121821,
            140.84
          ],
          [
            17.046834,
            48.121728999999995,
            140.8
          ],
          [
            17.047392,
            48.121655,
            140.62
          ],
          [
            17.047670999999998,
            48.121626,
            140.51
          ],
          [
            17.048320999999998,
            48.121598,
            140.01
          ],
          [
            17.049160999999998,
            48.121612999999996,
            140.62
          ],
          [
            17.055138,
            48.121845,
            139.93
          ],
          [
            17.055547,
            48.121871,
            140.18
          ],
          [
            17.056051999999998,
            48.121935,
            141.65
          ],
          [
            17.056307,
            48.121942,
            141.26
          ],
          [
            17.05639,
            48.121959,
            140.9
          ],
          [
            17.056824,
            48.122184,
            140.5
          ],
          [
            17.056942,
            48.122225,
            140.51
          ],
          [
            17.057026,
            48.122236,
            140.51
          ],
          [
            17.061877,
            48.122417999999996,
            138.95
          ],
          [
            17.062331999999998,
            48.122422,
            140.41
          ]
        ]
      }
    }
  ]
}