<?xml version="1.0" encoding="UTF-8"?>
  <gpx version="1.1" creator="VeloPlanner" xmlns="http://www.topografix.com/GPX/1/1">
    
    <trk>
      <name>Donauradweg (Austria)</name>
      <trkseg>
        <trkpt lat="48.576232" lon="13.460274"><ele>293.1</ele></trkpt>
      <trkpt lat="48.576318" lon="13.461255"><ele>292.82</ele></trkpt>
      <trkpt lat="48.576325999999995" lon="13.461677"><ele>292.72</ele></trkpt>
      <trkpt lat="48.576318" lon="13.461955"><ele>292.9</ele></trkpt>
      <trkpt lat="48.57628" lon="13.46248"><ele>292.22</ele></trkpt>
      <trkpt lat="48.576062" lon="13.464169"><ele>293.38</ele></trkpt>
      <trkpt lat="48.57602" lon="13.464361"><ele>293.2</ele></trkpt>
      <trkpt lat="48.575997" lon="13.464395"><ele>293.3</ele></trkpt>
      <trkpt lat="48.575959999999995" lon="13.464426"><ele>293.63</ele></trkpt>
      <trkpt lat="48.575975" lon="13.464488"><ele>293.32</ele></trkpt>
      <trkpt lat="48.575981999999996" lon="13.464592999999999"><ele>293.01</ele></trkpt>
      <trkpt lat="48.575939" lon="13.465143"><ele>293.18</ele></trkpt>
      <trkpt lat="48.575860999999996" lon="13.465992"><ele>293.2</ele></trkpt>
      <trkpt lat="48.575655" lon="13.467518"><ele>292.92</ele></trkpt>
      <trkpt lat="48.575536" lon="13.468074999999999"><ele>293.96</ele></trkpt>
      <trkpt lat="48.575446" lon="13.468592"><ele>292.75</ele></trkpt>
      <trkpt lat="48.575379999999996" lon="13.469033"><ele>293.52</ele></trkpt>
      <trkpt lat="48.575323999999995" lon="13.469415999999999"><ele>294.34</ele></trkpt>
      <trkpt lat="48.575212" lon="13.470305999999999"><ele>292.97</ele></trkpt>
      <trkpt lat="48.575193999999996" lon="13.470346"><ele>293.32</ele></trkpt>
      <trkpt lat="48.575162" lon="13.470385"><ele>293.89</ele></trkpt>
      <trkpt lat="48.575075999999996" lon="13.470429999999999"><ele>295.31</ele></trkpt>
      <trkpt lat="48.574901" lon="13.470497"><ele>297.15</ele></trkpt>
      <trkpt lat="48.574718" lon="13.470388999999999"><ele>297.43</ele></trkpt>
      <trkpt lat="48.574514" lon="13.470353"><ele>298.77</ele></trkpt>
      <trkpt lat="48.574144999999994" lon="13.470286999999999"><ele>300.08</ele></trkpt>
      <trkpt lat="48.573864" lon="13.470263"><ele>300.91</ele></trkpt>
      <trkpt lat="48.573858" lon="13.470222999999999"><ele>300.9</ele></trkpt>
      <trkpt lat="48.573893999999996" lon="13.469626"><ele>302</ele></trkpt>
      <trkpt lat="48.573919" lon="13.469451"><ele>302</ele></trkpt>
      <trkpt lat="48.574019" lon="13.468990999999999"><ele>302.34</ele></trkpt>
      <trkpt lat="48.57411" lon="13.468615999999999"><ele>302.99</ele></trkpt>
      <trkpt lat="48.574251" lon="13.468086999999999"><ele>303.28</ele></trkpt>
      <trkpt lat="48.574349999999995" lon="13.467509"><ele>305.32</ele></trkpt>
      <trkpt lat="48.573991" lon="13.467431999999999"><ele>305.3</ele></trkpt>
      <trkpt lat="48.573968" lon="13.467416"><ele>305.16</ele></trkpt>
      <trkpt lat="48.573955" lon="13.467376999999999"><ele>305.01</ele></trkpt>
      <trkpt lat="48.573890999999996" lon="13.467108"><ele>303.26</ele></trkpt>
      <trkpt lat="48.573822" lon="13.466313999999999"><ele>304.01</ele></trkpt>
      <trkpt lat="48.5738" lon="13.466202"><ele>304.15</ele></trkpt>
      <trkpt lat="48.573755" lon="13.466026999999999"><ele>302.37</ele></trkpt>
      <trkpt lat="48.573684" lon="13.465841999999999"><ele>299.69</ele></trkpt>
      <trkpt lat="48.573662999999996" lon="13.465817"><ele>299.28</ele></trkpt>
      <trkpt lat="48.573617999999996" lon="13.465805"><ele>298.41</ele></trkpt>
      <trkpt lat="48.573591" lon="13.465779999999999"><ele>297.73</ele></trkpt>
      <trkpt lat="48.573561999999995" lon="13.465736"><ele>297.37</ele></trkpt>
      <trkpt lat="48.573552" lon="13.465619"><ele>297.35</ele></trkpt>
      <trkpt lat="48.573555" lon="13.465306"><ele>297.54</ele></trkpt>
      <trkpt lat="48.573546" lon="13.46504"><ele>297.75</ele></trkpt>
      <trkpt lat="48.573501" lon="13.465078"><ele>296.77</ele></trkpt>
      <trkpt lat="48.573423999999996" lon="13.46511"><ele>295.09</ele></trkpt>
      <trkpt lat="48.571607" lon="13.465964"><ele>292.98</ele></trkpt>
      <trkpt lat="48.571428999999995" lon="13.466032"><ele>297.13</ele></trkpt>
      <trkpt lat="48.571295" lon="13.466064999999999"><ele>299.41</ele></trkpt>
      <trkpt lat="48.571189" lon="13.466113"><ele>300.44</ele></trkpt>
      <trkpt lat="48.571224" lon="13.466339999999999"><ele>300.01</ele></trkpt>
      <trkpt lat="48.571287" lon="13.466351999999999"><ele>299.04</ele></trkpt>
      <trkpt lat="48.571388" lon="13.466562999999999"><ele>297.04</ele></trkpt>
      <trkpt lat="48.571414" lon="13.466588999999999"><ele>296.8</ele></trkpt>
      <trkpt lat="48.571636999999996" lon="13.466571"><ele>294.9</ele></trkpt>
      <trkpt lat="48.571666" lon="13.466878999999999"><ele>294.5</ele></trkpt>
      <trkpt lat="48.571676" lon="13.467125"><ele>294.7</ele></trkpt>
      <trkpt lat="48.571661999999996" lon="13.467478"><ele>295.04</ele></trkpt>
      <trkpt lat="48.571624" lon="13.467804"><ele>295.37</ele></trkpt>
      <trkpt lat="48.57154" lon="13.468331"><ele>296.28</ele></trkpt>
      <trkpt lat="48.57149" lon="13.468751"><ele>296.36</ele></trkpt>
      <trkpt lat="48.571473" lon="13.469081"><ele>295.89</ele></trkpt>
      <trkpt lat="48.571490999999995" lon="13.469944"><ele>295.07</ele></trkpt>
      <trkpt lat="48.571475" lon="13.470469999999999"><ele>294.66</ele></trkpt>
      <trkpt lat="48.571459" lon="13.470621999999999"><ele>294.73</ele></trkpt>
      <trkpt lat="48.571439" lon="13.470856999999999"><ele>295.1</ele></trkpt>
      <trkpt lat="48.571411999999995" lon="13.471888"><ele>295.58</ele></trkpt>
      <trkpt lat="48.5714" lon="13.472367"><ele>295.8</ele></trkpt>
      <trkpt lat="48.571404" lon="13.472809999999999"><ele>295.62</ele></trkpt>
      <trkpt lat="48.571408" lon="13.473894"><ele>295.68</ele></trkpt>
      <trkpt lat="48.571424" lon="13.475926"><ele>297.69</ele></trkpt>
      <trkpt lat="48.571476999999994" lon="13.476759"><ele>297.07</ele></trkpt>
      <trkpt lat="48.571529" lon="13.477323"><ele>297</ele></trkpt>
      <trkpt lat="48.571552" lon="13.477736"><ele>297.24</ele></trkpt>
      <trkpt lat="48.571565" lon="13.4782"><ele>297.65</ele></trkpt>
      <trkpt lat="48.571526" lon="13.478677"><ele>298.31</ele></trkpt>
      <trkpt lat="48.571462" lon="13.479156"><ele>298.57</ele></trkpt>
      <trkpt lat="48.571403" lon="13.479471"><ele>298.81</ele></trkpt>
      <trkpt lat="48.571462999999994" lon="13.479505"><ele>298.39</ele></trkpt>
      <trkpt lat="48.571594" lon="13.480302"><ele>296.8</ele></trkpt>
      <trkpt lat="48.571641" lon="13.480774"><ele>296.04</ele></trkpt>
      <trkpt lat="48.571701999999995" lon="13.481121"><ele>295.36</ele></trkpt>
      <trkpt lat="48.571706" lon="13.481376"><ele>295.72</ele></trkpt>
      <trkpt lat="48.571647999999996" lon="13.481814"><ele>297.59</ele></trkpt>
      <trkpt lat="48.571656999999995" lon="13.482000999999999"><ele>297.9</ele></trkpt>
      <trkpt lat="48.571656999999995" lon="13.483611999999999"><ele>297.22</ele></trkpt>
      <trkpt lat="48.571647" lon="13.484115"><ele>297.05</ele></trkpt>
      <trkpt lat="48.571661999999996" lon="13.484677999999999"><ele>297.03</ele></trkpt>
      <trkpt lat="48.571652" lon="13.485242"><ele>297.44</ele></trkpt>
      <trkpt lat="48.571624" lon="13.485396"><ele>297.6</ele></trkpt>
      <trkpt lat="48.571579" lon="13.485579999999999"><ele>298.01</ele></trkpt>
      <trkpt lat="48.571518999999995" lon="13.48575"><ele>298.37</ele></trkpt>
      <trkpt lat="48.571540999999996" lon="13.486191999999999"><ele>297.95</ele></trkpt>
      <trkpt lat="48.571636999999996" lon="13.487447"><ele>297.12</ele></trkpt>
      <trkpt lat="48.571667999999995" lon="13.487941"><ele>296.92</ele></trkpt>
      <trkpt lat="48.571686" lon="13.488529"><ele>296.74</ele></trkpt>
      <trkpt lat="48.571818" lon="13.489723999999999"><ele>296.49</ele></trkpt>
      <trkpt lat="48.571905" lon="13.490368"><ele>297.07</ele></trkpt>
      <trkpt lat="48.572009" lon="13.490832"><ele>298.3</ele></trkpt>
      <trkpt lat="48.572112999999995" lon="13.491686"><ele>301.53</ele></trkpt>
      <trkpt lat="48.572317" lon="13.492355"><ele>301.25</ele></trkpt>
      <trkpt lat="48.572325" lon="13.492552"><ele>301.66</ele></trkpt>
      <trkpt lat="48.572382999999995" lon="13.492592"><ele>301.16</ele></trkpt>
      <trkpt lat="48.572429" lon="13.492656"><ele>301.05</ele></trkpt>
      <trkpt lat="48.572455" lon="13.492742"><ele>300.77</ele></trkpt>
      <trkpt lat="48.572539" lon="13.493215"><ele>298.81</ele></trkpt>
      <trkpt lat="48.572553" lon="13.493463"><ele>297.57</ele></trkpt>
      <trkpt lat="48.57253" lon="13.493651999999999"><ele>296.82</ele></trkpt>
      <trkpt lat="48.572497" lon="13.493751999999999"><ele>296.49</ele></trkpt>
      <trkpt lat="48.572475999999995" lon="13.493789"><ele>296.36</ele></trkpt>
      <trkpt lat="48.572412" lon="13.493834"><ele>296.23</ele></trkpt>
      <trkpt lat="48.572371" lon="13.493839"><ele>296.2</ele></trkpt>
      <trkpt lat="48.572308" lon="13.493822"><ele>296.24</ele></trkpt>
      <trkpt lat="48.572292" lon="13.493889999999999"><ele>296.14</ele></trkpt>
      <trkpt lat="48.572255999999996" lon="13.493953999999999"><ele>296.41</ele></trkpt>
      <trkpt lat="48.572246" lon="13.493989"><ele>296.61</ele></trkpt>
      <trkpt lat="48.572250999999994" lon="13.494064999999999"><ele>297.08</ele></trkpt>
      <trkpt lat="48.572263" lon="13.494098999999999"><ele>297.28</ele></trkpt>
      <trkpt lat="48.572331" lon="13.494169"><ele>297.9</ele></trkpt>
      <trkpt lat="48.572357" lon="13.494313"><ele>298.77</ele></trkpt>
      <trkpt lat="48.572371" lon="13.494349"><ele>298.98</ele></trkpt>
      <trkpt lat="48.572427" lon="13.494399999999999"><ele>299.43</ele></trkpt>
      <trkpt lat="48.572480999999996" lon="13.494411999999999"><ele>299.86</ele></trkpt>
      <trkpt lat="48.572525999999996" lon="13.494625"><ele>299.69</ele></trkpt>
      <trkpt lat="48.572629" lon="13.494959999999999"><ele>299.04</ele></trkpt>
      <trkpt lat="48.572773999999995" lon="13.495358"><ele>298.78</ele></trkpt>
      <trkpt lat="48.572829" lon="13.495586999999999"><ele>298.61</ele></trkpt>
      <trkpt lat="48.573052999999994" lon="13.496172999999999"><ele>298.44</ele></trkpt>
      <trkpt lat="48.573156999999995" lon="13.496407"><ele>299.23</ele></trkpt>
      <trkpt lat="48.573271999999996" lon="13.49671"><ele>298.62</ele></trkpt>
      <trkpt lat="48.573907" lon="13.498531"><ele>299.37</ele></trkpt>
      <trkpt lat="48.574298" lon="13.499391"><ele>299.29</ele></trkpt>
      <trkpt lat="48.575146" lon="13.500762"><ele>298.52</ele></trkpt>
      <trkpt lat="48.575271" lon="13.500943999999999"><ele>297.66</ele></trkpt>
      <trkpt lat="48.576159" lon="13.501951"><ele>299.6</ele></trkpt>
      <trkpt lat="48.577076999999996" lon="13.502656"><ele>300.22</ele></trkpt>
      <trkpt lat="48.577784" lon="13.502925"><ele>299.05</ele></trkpt>
      <trkpt lat="48.578354999999995" lon="13.503015"><ele>298.63</ele></trkpt>
      <trkpt lat="48.578858" lon="13.503032"><ele>297.83</ele></trkpt>
      <trkpt lat="48.579294" lon="13.503159"><ele>298.7</ele></trkpt>
      <trkpt lat="48.579772999999996" lon="13.503248"><ele>298.63</ele></trkpt>
      <trkpt lat="48.580239999999996" lon="13.503487999999999"><ele>298.57</ele></trkpt>
      <trkpt lat="48.580276" lon="13.503311"><ele>297.85</ele></trkpt>
      <trkpt lat="48.580438" lon="13.50329"><ele>297.37</ele></trkpt>
      <trkpt lat="48.580596" lon="13.503245"><ele>297.09</ele></trkpt>
      <trkpt lat="48.58077" lon="13.503176999999999"><ele>297.06</ele></trkpt>
      <trkpt lat="48.580974999999995" lon="13.503145"><ele>297.07</ele></trkpt>
      <trkpt lat="48.581409" lon="13.503179999999999"><ele>297.42</ele></trkpt>
      <trkpt lat="48.581556" lon="13.503212999999999"><ele>297.62</ele></trkpt>
      <trkpt lat="48.581677" lon="13.503269999999999"><ele>297.85</ele></trkpt>
      <trkpt lat="48.581776" lon="13.503352999999999"><ele>298.19</ele></trkpt>
      <trkpt lat="48.581906" lon="13.503502"><ele>298.31</ele></trkpt>
      <trkpt lat="48.582138" lon="13.503814"><ele>300.17</ele></trkpt>
      <trkpt lat="48.583635" lon="13.505293"><ele>303.24</ele></trkpt>
      <trkpt lat="48.583867999999995" lon="13.505557999999999"><ele>303.79</ele></trkpt>
      <trkpt lat="48.584103" lon="13.505868999999999"><ele>304.26</ele></trkpt>
      <trkpt lat="48.584277" lon="13.506124999999999"><ele>304.31</ele></trkpt>
      <trkpt lat="48.584438" lon="13.506393"><ele>304.33</ele></trkpt>
      <trkpt lat="48.584576" lon="13.506649999999999"><ele>304.07</ele></trkpt>
      <trkpt lat="48.584739" lon="13.506986999999999"><ele>303.33</ele></trkpt>
      <trkpt lat="48.584882" lon="13.507334"><ele>302.23</ele></trkpt>
      <trkpt lat="48.585063999999996" lon="13.507816"><ele>301.45</ele></trkpt>
      <trkpt lat="48.585181999999996" lon="13.508151"><ele>301.14</ele></trkpt>
      <trkpt lat="48.585301" lon="13.508535"><ele>301.01</ele></trkpt>
      <trkpt lat="48.585502" lon="13.509265"><ele>301.11</ele></trkpt>
      <trkpt lat="48.585623" lon="13.509796"><ele>300.42</ele></trkpt>
      <trkpt lat="48.585730999999996" lon="13.510318999999999"><ele>299.46</ele></trkpt>
      <trkpt lat="48.585836" lon="13.510919"><ele>298.36</ele></trkpt>
      <trkpt lat="48.585898" lon="13.51135"><ele>298.08</ele></trkpt>
      <trkpt lat="48.58595" lon="13.51179"><ele>298.21</ele></trkpt>
      <trkpt lat="48.586000999999996" lon="13.512424999999999"><ele>298.51</ele></trkpt>
      <trkpt lat="48.58602" lon="13.512931"><ele>298.86</ele></trkpt>
      <trkpt lat="48.586028999999996" lon="13.513454"><ele>299.01</ele></trkpt>
      <trkpt lat="48.586016" lon="13.513928"><ele>298.79</ele></trkpt>
      <trkpt lat="48.585975" lon="13.514510999999999"><ele>298.27</ele></trkpt>
      <trkpt lat="48.585899999999995" lon="13.515174"><ele>297.53</ele></trkpt>
      <trkpt lat="48.585648" lon="13.516824"><ele>295.88</ele></trkpt>
      <trkpt lat="48.585573" lon="13.51738"><ele>295.55</ele></trkpt>
      <trkpt lat="48.585519" lon="13.517363999999999"><ele>296.07</ele></trkpt>
      <trkpt lat="48.585493" lon="13.517356999999999"><ele>296.48</ele></trkpt>
      <trkpt lat="48.585463" lon="13.517384999999999"><ele>296.59</ele></trkpt>
      <trkpt lat="48.585391" lon="13.517612999999999"><ele>295.91</ele></trkpt>
      <trkpt lat="48.585271" lon="13.518099999999999"><ele>295.99</ele></trkpt>
      <trkpt lat="48.584931999999995" lon="13.519846"><ele>296.87</ele></trkpt>
      <trkpt lat="48.5847" lon="13.520710999999999"><ele>296.21</ele></trkpt>
      <trkpt lat="48.584556" lon="13.521085999999999"><ele>296.01</ele></trkpt>
      <trkpt lat="48.584263" lon="13.521709"><ele>296.17</ele></trkpt>
      <trkpt lat="48.583687" lon="13.523045999999999"><ele>295.88</ele></trkpt>
      <trkpt lat="48.58312" lon="13.524256"><ele>294.9</ele></trkpt>
      <trkpt lat="48.582555" lon="13.525528"><ele>296.25</ele></trkpt>
      <trkpt lat="48.582418" lon="13.525756"><ele>296.67</ele></trkpt>
      <trkpt lat="48.582249" lon="13.525964"><ele>296.86</ele></trkpt>
      <trkpt lat="48.581835" lon="13.526423"><ele>296.46</ele></trkpt>
      <trkpt lat="48.581706999999994" lon="13.526619"><ele>296.33</ele></trkpt>
      <trkpt lat="48.581534" lon="13.527011"><ele>296.21</ele></trkpt>
      <trkpt lat="48.581285" lon="13.527650999999999"><ele>295.92</ele></trkpt>
      <trkpt lat="48.581140999999995" lon="13.527985"><ele>295.45</ele></trkpt>
      <trkpt lat="48.580901" lon="13.528454"><ele>296.19</ele></trkpt>
      <trkpt lat="48.580301" lon="13.529496"><ele>297.73</ele></trkpt>
      <trkpt lat="48.579822" lon="13.530244"><ele>297.83</ele></trkpt>
      <trkpt lat="48.579381" lon="13.530832"><ele>297.98</ele></trkpt>
      <trkpt lat="48.579228" lon="13.531006"><ele>298</ele></trkpt>
      <trkpt lat="48.579051" lon="13.531182"><ele>297.99</ele></trkpt>
      <trkpt lat="48.578823" lon="13.531367999999999"><ele>297.89</ele></trkpt>
      <trkpt lat="48.578589" lon="13.531528999999999"><ele>297.61</ele></trkpt>
      <trkpt lat="48.578427" lon="13.531659999999999"><ele>297.35</ele></trkpt>
      <trkpt lat="48.578084" lon="13.532005999999999"><ele>296.81</ele></trkpt>
      <trkpt lat="48.577816" lon="13.532304"><ele>296.4</ele></trkpt>
      <trkpt lat="48.576989" lon="13.533011"><ele>296</ele></trkpt>
      <trkpt lat="48.576207" lon="13.5338"><ele>295.12</ele></trkpt>
      <trkpt lat="48.575815" lon="13.534130999999999"><ele>294.91</ele></trkpt>
      <trkpt lat="48.575693" lon="13.534217"><ele>294.82</ele></trkpt>
      <trkpt lat="48.575367" lon="13.534374"><ele>294.58</ele></trkpt>
      <trkpt lat="48.575243" lon="13.534476"><ele>294.5</ele></trkpt>
      <trkpt lat="48.575101" lon="13.534621"><ele>294.46</ele></trkpt>
      <trkpt lat="48.574977" lon="13.534830999999999"><ele>294.54</ele></trkpt>
      <trkpt lat="48.574793" lon="13.535212"><ele>294.6</ele></trkpt>
      <trkpt lat="48.574601" lon="13.535718"><ele>295.64</ele></trkpt>
      <trkpt lat="48.574268" lon="13.536489"><ele>295.07</ele></trkpt>
      <trkpt lat="48.574183999999995" lon="13.536729"><ele>295.05</ele></trkpt>
      <trkpt lat="48.574056999999996" lon="13.537187999999999"><ele>295.01</ele></trkpt>
      <trkpt lat="48.574019" lon="13.537379999999999"><ele>295</ele></trkpt>
      <trkpt lat="48.573992999999994" lon="13.537554"><ele>295</ele></trkpt>
      <trkpt lat="48.573978" lon="13.537735"><ele>295</ele></trkpt>
      <trkpt lat="48.573919" lon="13.539161"><ele>295</ele></trkpt>
      <trkpt lat="48.573934" lon="13.539238"><ele>295</ele></trkpt>
      <trkpt lat="48.573968" lon="13.539278999999999"><ele>295</ele></trkpt>
      <trkpt lat="48.574058" lon="13.539356999999999"><ele>295</ele></trkpt>
      <trkpt lat="48.573684" lon="13.540512"><ele>294.91</ele></trkpt>
      <trkpt lat="48.573493" lon="13.541155999999999"><ele>295.18</ele></trkpt>
      <trkpt lat="48.573288" lon="13.541801"><ele>294.79</ele></trkpt>
      <trkpt lat="48.573108999999995" lon="13.542301"><ele>294.6</ele></trkpt>
      <trkpt lat="48.572916" lon="13.542784999999999"><ele>294.34</ele></trkpt>
      <trkpt lat="48.572555" lon="13.543595"><ele>294.14</ele></trkpt>
      <trkpt lat="48.572339" lon="13.544018999999999"><ele>294.11</ele></trkpt>
      <trkpt lat="48.572134" lon="13.544393999999999"><ele>294.19</ele></trkpt>
      <trkpt lat="48.571905" lon="13.54478"><ele>294.27</ele></trkpt>
      <trkpt lat="48.571628" lon="13.545217"><ele>294.28</ele></trkpt>
      <trkpt lat="48.571343" lon="13.545622999999999"><ele>294.29</ele></trkpt>
      <trkpt lat="48.571107" lon="13.545936"><ele>294.29</ele></trkpt>
      <trkpt lat="48.570710999999996" lon="13.546410999999999"><ele>294.25</ele></trkpt>
      <trkpt lat="48.570312" lon="13.546825"><ele>294.06</ele></trkpt>
      <trkpt lat="48.569900999999994" lon="13.54722"><ele>293.94</ele></trkpt>
      <trkpt lat="48.569508" lon="13.547559"><ele>293.91</ele></trkpt>
      <trkpt lat="48.569067" lon="13.547886"><ele>293.9</ele></trkpt>
      <trkpt lat="48.568666" lon="13.548117"><ele>294.18</ele></trkpt>
      <trkpt lat="48.568532" lon="13.548205999999999"><ele>293.01</ele></trkpt>
      <trkpt lat="48.568323" lon="13.548357"><ele>293.09</ele></trkpt>
      <trkpt lat="48.56827" lon="13.548399999999999"><ele>293.34</ele></trkpt>
      <trkpt lat="48.568079" lon="13.548599999999999"><ele>294.61</ele></trkpt>
      <trkpt lat="48.568017999999995" lon="13.548682"><ele>294.93</ele></trkpt>
      <trkpt lat="48.568096" lon="13.548833"><ele>294.84</ele></trkpt>
      <trkpt lat="48.567966999999996" lon="13.548978"><ele>295.42</ele></trkpt>
      <trkpt lat="48.567775" lon="13.549228999999999"><ele>296.19</ele></trkpt>
      <trkpt lat="48.567594" lon="13.549520999999999"><ele>296.92</ele></trkpt>
      <trkpt lat="48.567429" lon="13.54983"><ele>297.57</ele></trkpt>
      <trkpt lat="48.567296" lon="13.550141"><ele>298.1</ele></trkpt>
      <trkpt lat="48.567166" lon="13.550507999999999"><ele>298.69</ele></trkpt>
      <trkpt lat="48.567051" lon="13.550894999999999"><ele>299.27</ele></trkpt>
      <trkpt lat="48.566880999999995" lon="13.551542999999999"><ele>300.11</ele></trkpt>
      <trkpt lat="48.566790999999995" lon="13.551936999999999"><ele>300.63</ele></trkpt>
      <trkpt lat="48.566691999999996" lon="13.552470999999999"><ele>301.29</ele></trkpt>
      <trkpt lat="48.566328" lon="13.554580999999999"><ele>305.84</ele></trkpt>
      <trkpt lat="48.566159" lon="13.555401"><ele>305.61</ele></trkpt>
      <trkpt lat="48.56604" lon="13.555898"><ele>305.75</ele></trkpt>
      <trkpt lat="48.56587" lon="13.556489"><ele>306.11</ele></trkpt>
      <trkpt lat="48.565732999999994" lon="13.556913"><ele>306.19</ele></trkpt>
      <trkpt lat="48.565545" lon="13.557440999999999"><ele>306.33</ele></trkpt>
      <trkpt lat="48.565337" lon="13.557965"><ele>306.18</ele></trkpt>
      <trkpt lat="48.565162" lon="13.558361999999999"><ele>305.74</ele></trkpt>
      <trkpt lat="48.564943" lon="13.558814"><ele>304.99</ele></trkpt>
      <trkpt lat="48.564713" lon="13.559248"><ele>303.92</ele></trkpt>
      <trkpt lat="48.562458" lon="13.563129"><ele>296.44</ele></trkpt>
      <trkpt lat="48.560601" lon="13.566353"><ele>295.79</ele></trkpt>
      <trkpt lat="48.560165999999995" lon="13.567086"><ele>296.01</ele></trkpt>
      <trkpt lat="48.559943" lon="13.567504"><ele>296.31</ele></trkpt>
      <trkpt lat="48.559798" lon="13.56781"><ele>296.44</ele></trkpt>
      <trkpt lat="48.559644999999996" lon="13.568202999999999"><ele>296.58</ele></trkpt>
      <trkpt lat="48.559548" lon="13.568491"><ele>296.71</ele></trkpt>
      <trkpt lat="48.559463" lon="13.568774999999999"><ele>296.86</ele></trkpt>
      <trkpt lat="48.559368" lon="13.569158999999999"><ele>296.98</ele></trkpt>
      <trkpt lat="48.559284999999996" lon="13.569550999999999"><ele>297.27</ele></trkpt>
      <trkpt lat="48.559141999999994" lon="13.570573"><ele>297.62</ele></trkpt>
      <trkpt lat="48.559096" lon="13.570959"><ele>297.92</ele></trkpt>
      <trkpt lat="48.559011999999996" lon="13.571439"><ele>298.28</ele></trkpt>
      <trkpt lat="48.558941999999995" lon="13.571719"><ele>298.4</ele></trkpt>
      <trkpt lat="48.558779" lon="13.572223"><ele>299.41</ele></trkpt>
      <trkpt lat="48.558682999999995" lon="13.572548999999999"><ele>300.24</ele></trkpt>
      <trkpt lat="48.558616" lon="13.572844"><ele>300.66</ele></trkpt>
      <trkpt lat="48.55854" lon="13.57331"><ele>301.11</ele></trkpt>
      <trkpt lat="48.558234" lon="13.575401"><ele>304.37</ele></trkpt>
      <trkpt lat="48.558209" lon="13.575889"><ele>304.32</ele></trkpt>
      <trkpt lat="48.558203" lon="13.576523"><ele>302.48</ele></trkpt>
      <trkpt lat="48.558234" lon="13.577150999999999"><ele>300.87</ele></trkpt>
      <trkpt lat="48.558268999999996" lon="13.577501999999999"><ele>300.28</ele></trkpt>
      <trkpt lat="48.558313999999996" lon="13.57784"><ele>299.61</ele></trkpt>
      <trkpt lat="48.558921" lon="13.581358999999999"><ele>297.78</ele></trkpt>
      <trkpt lat="48.558991999999996" lon="13.581681"><ele>297.73</ele></trkpt>
      <trkpt lat="48.559059" lon="13.581913"><ele>297.71</ele></trkpt>
      <trkpt lat="48.559217" lon="13.582310999999999"><ele>297.7</ele></trkpt>
      <trkpt lat="48.559619999999995" lon="13.583181999999999"><ele>296.29</ele></trkpt>
      <trkpt lat="48.559782" lon="13.583513"><ele>295.35</ele></trkpt>
      <trkpt lat="48.559884" lon="13.583694"><ele>295.05</ele></trkpt>
      <trkpt lat="48.559982" lon="13.583838"><ele>294.84</ele></trkpt>
      <trkpt lat="48.560219" lon="13.584140999999999"><ele>294.24</ele></trkpt>
      <trkpt lat="48.560389" lon="13.584314"><ele>294.01</ele></trkpt>
      <trkpt lat="48.560604" lon="13.584489"><ele>293.68</ele></trkpt>
      <trkpt lat="48.560956" lon="13.584719999999999"><ele>293.51</ele></trkpt>
      <trkpt lat="48.561308" lon="13.584935"><ele>292.63</ele></trkpt>
      <trkpt lat="48.561467" lon="13.585016"><ele>292.42</ele></trkpt>
      <trkpt lat="48.561613" lon="13.585077"><ele>292.33</ele></trkpt>
      <trkpt lat="48.561825" lon="13.585148"><ele>292.28</ele></trkpt>
      <trkpt lat="48.562242999999995" lon="13.585236"><ele>292.13</ele></trkpt>
      <trkpt lat="48.562425999999995" lon="13.585284999999999"><ele>292.07</ele></trkpt>
      <trkpt lat="48.562624" lon="13.585374999999999"><ele>292.02</ele></trkpt>
      <trkpt lat="48.562777999999994" lon="13.585471"><ele>292.02</ele></trkpt>
      <trkpt lat="48.562959" lon="13.585605"><ele>292.09</ele></trkpt>
      <trkpt lat="48.563178" lon="13.585827"><ele>292.25</ele></trkpt>
      <trkpt lat="48.563438" lon="13.586122"><ele>292.65</ele></trkpt>
      <trkpt lat="48.563736" lon="13.586490999999999"><ele>293.23</ele></trkpt>
      <trkpt lat="48.564006" lon="13.586856"><ele>293.92</ele></trkpt>
      <trkpt lat="48.564194" lon="13.587131"><ele>294.44</ele></trkpt>
      <trkpt lat="48.564372" lon="13.587415"><ele>295.02</ele></trkpt>
      <trkpt lat="48.564709" lon="13.587995999999999"><ele>296.42</ele></trkpt>
      <trkpt lat="48.564949999999996" lon="13.588462"><ele>297.05</ele></trkpt>
      <trkpt lat="48.565466" lon="13.589566999999999"><ele>295.99</ele></trkpt>
      <trkpt lat="48.565762" lon="13.590152"><ele>294.61</ele></trkpt>
      <trkpt lat="48.566268" lon="13.591021"><ele>292.28</ele></trkpt>
      <trkpt lat="48.566235999999996" lon="13.591071"><ele>292.59</ele></trkpt>
      <trkpt lat="48.566218" lon="13.591097999999999"><ele>292.83</ele></trkpt>
      <trkpt lat="48.566213" lon="13.591147"><ele>293.13</ele></trkpt>
      <trkpt lat="48.5663" lon="13.59164"><ele>294.65</ele></trkpt>
      <trkpt lat="48.56634" lon="13.591769"><ele>294.35</ele></trkpt>
      <trkpt lat="48.566399999999994" lon="13.591942"><ele>293.3</ele></trkpt>
      <trkpt lat="48.566463999999996" lon="13.592170999999999"><ele>293.03</ele></trkpt>
      <trkpt lat="48.566677" lon="13.593238999999999"><ele>292.95</ele></trkpt>
      <trkpt lat="48.566716" lon="13.593513"><ele>292.97</ele></trkpt>
      <trkpt lat="48.566744" lon="13.59382"><ele>292.99</ele></trkpt>
      <trkpt lat="48.566766" lon="13.594232"><ele>293</ele></trkpt>
      <trkpt lat="48.566772" lon="13.594574999999999"><ele>293</ele></trkpt>
      <trkpt lat="48.566767999999996" lon="13.594927"><ele>293</ele></trkpt>
      <trkpt lat="48.566613" lon="13.599637999999999"><ele>292.64</ele></trkpt>
      <trkpt lat="48.566565" lon="13.600100999999999"><ele>292.58</ele></trkpt>
      <trkpt lat="48.566511999999996" lon="13.600473"><ele>292.66</ele></trkpt>
      <trkpt lat="48.566216" lon="13.602321"><ele>292.01</ele></trkpt>
      <trkpt lat="48.566210999999996" lon="13.602547"><ele>292.1</ele></trkpt>
      <trkpt lat="48.566227" lon="13.602573999999999"><ele>292.16</ele></trkpt>
      <trkpt lat="48.566161" lon="13.602718"><ele>292.55</ele></trkpt>
      <trkpt lat="48.565968999999996" lon="13.603088"><ele>292.76</ele></trkpt>
      <trkpt lat="48.565794" lon="13.603396"><ele>292.82</ele></trkpt>
      <trkpt lat="48.564569999999996" lon="13.605322999999999"><ele>294.46</ele></trkpt>
      <trkpt lat="48.563939999999995" lon="13.606461999999999"><ele>293.79</ele></trkpt>
      <trkpt lat="48.563538" lon="13.607239"><ele>293.25</ele></trkpt>
      <trkpt lat="48.563196" lon="13.60787"><ele>293.16</ele></trkpt>
      <trkpt lat="48.562886999999996" lon="13.608379"><ele>292.94</ele></trkpt>
      <trkpt lat="48.562535" lon="13.608913999999999"><ele>292.45</ele></trkpt>
      <trkpt lat="48.562238" lon="13.609332"><ele>292.46</ele></trkpt>
      <trkpt lat="48.561761999999995" lon="13.609936"><ele>292.34</ele></trkpt>
      <trkpt lat="48.561329" lon="13.610434"><ele>292.02</ele></trkpt>
      <trkpt lat="48.560607999999995" lon="13.61122"><ele>292.19</ele></trkpt>
      <trkpt lat="48.560244999999995" lon="13.611637"><ele>292.47</ele></trkpt>
      <trkpt lat="48.559967" lon="13.612"><ele>292.86</ele></trkpt>
      <trkpt lat="48.559703" lon="13.61239"><ele>293.07</ele></trkpt>
      <trkpt lat="48.559545" lon="13.612646999999999"><ele>293.27</ele></trkpt>
      <trkpt lat="48.559286" lon="13.613102999999999"><ele>292.9</ele></trkpt>
      <trkpt lat="48.55885" lon="13.613956"><ele>293.79</ele></trkpt>
      <trkpt lat="48.558924" lon="13.614056"><ele>292.09</ele></trkpt>
      <trkpt lat="48.558077999999995" lon="13.615732999999999"><ele>295.36</ele></trkpt>
      <trkpt lat="48.557358" lon="13.617185"><ele>294.94</ele></trkpt>
      <trkpt lat="48.557303999999995" lon="13.61731"><ele>295.14</ele></trkpt>
      <trkpt lat="48.557142999999996" lon="13.617611"><ele>295.49</ele></trkpt>
      <trkpt lat="48.55706" lon="13.617733"><ele>294.72</ele></trkpt>
      <trkpt lat="48.557033" lon="13.617757"><ele>294.51</ele></trkpt>
      <trkpt lat="48.556126" lon="13.618986"><ele>293.05</ele></trkpt>
      <trkpt lat="48.555907" lon="13.619304999999999"><ele>293.02</ele></trkpt>
      <trkpt lat="48.555544" lon="13.619919999999999"><ele>293.1</ele></trkpt>
      <trkpt lat="48.555344" lon="13.620331"><ele>293.07</ele></trkpt>
      <trkpt lat="48.555161" lon="13.620766999999999"><ele>293.13</ele></trkpt>
      <trkpt lat="48.554168999999995" lon="13.623311999999999"><ele>293</ele></trkpt>
      <trkpt lat="48.553967" lon="13.623861999999999"><ele>292.88</ele></trkpt>
      <trkpt lat="48.553777" lon="13.624407999999999"><ele>292.7</ele></trkpt>
      <trkpt lat="48.553577999999995" lon="13.625015999999999"><ele>292.64</ele></trkpt>
      <trkpt lat="48.553391999999995" lon="13.625625999999999"><ele>292.72</ele></trkpt>
      <trkpt lat="48.553211999999995" lon="13.62626"><ele>292.61</ele></trkpt>
      <trkpt lat="48.553047" lon="13.626881"><ele>292.35</ele></trkpt>
      <trkpt lat="48.552775999999994" lon="13.628031"><ele>292</ele></trkpt>
      <trkpt lat="48.55265" lon="13.628646999999999"><ele>292.19</ele></trkpt>
      <trkpt lat="48.552502999999994" lon="13.629439"><ele>293.1</ele></trkpt>
      <trkpt lat="48.552383999999996" lon="13.630177"><ele>293.7</ele></trkpt>
      <trkpt lat="48.552256" lon="13.631086999999999"><ele>293.83</ele></trkpt>
      <trkpt lat="48.552222" lon="13.631504"><ele>293.64</ele></trkpt>
      <trkpt lat="48.552203999999996" lon="13.631843"><ele>293.6</ele></trkpt>
      <trkpt lat="48.552201" lon="13.632147999999999"><ele>293.8</ele></trkpt>
      <trkpt lat="48.552209999999995" lon="13.632446999999999"><ele>294.07</ele></trkpt>
      <trkpt lat="48.552232" lon="13.632736"><ele>294.4</ele></trkpt>
      <trkpt lat="48.552251999999996" lon="13.632935999999999"><ele>294.57</ele></trkpt>
      <trkpt lat="48.552288999999995" lon="13.633132999999999"><ele>294.69</ele></trkpt>
      <trkpt lat="48.552304" lon="13.633253"><ele>294.73</ele></trkpt>
      <trkpt lat="48.552305999999994" lon="13.633372"><ele>294.73</ele></trkpt>
      <trkpt lat="48.552277" lon="13.634012"><ele>294.32</ele></trkpt>
      <trkpt lat="48.552239" lon="13.634329999999999"><ele>293.96</ele></trkpt>
      <trkpt lat="48.552178" lon="13.634734"><ele>293.47</ele></trkpt>
      <trkpt lat="48.552085" lon="13.635283999999999"><ele>292.89</ele></trkpt>
      <trkpt lat="48.551876" lon="13.636432"><ele>293.23</ele></trkpt>
      <trkpt lat="48.551607" lon="13.637595"><ele>293.51</ele></trkpt>
      <trkpt lat="48.551049" lon="13.640079"><ele>293.01</ele></trkpt>
      <trkpt lat="48.550965" lon="13.640308"><ele>292.46</ele></trkpt>
      <trkpt lat="48.550813" lon="13.640977"><ele>292.53</ele></trkpt>
      <trkpt lat="48.550798" lon="13.64102"><ele>292.89</ele></trkpt>
      <trkpt lat="48.550774" lon="13.641096"><ele>293.3</ele></trkpt>
      <trkpt lat="48.550737" lon="13.641299"><ele>292.89</ele></trkpt>
      <trkpt lat="48.550694" lon="13.641456999999999"><ele>292.42</ele></trkpt>
      <trkpt lat="48.550387" lon="13.642477"><ele>292.23</ele></trkpt>
      <trkpt lat="48.550202999999996" lon="13.643135"><ele>292.63</ele></trkpt>
      <trkpt lat="48.549392999999995" lon="13.646225"><ele>293.36</ele></trkpt>
      <trkpt lat="48.549222" lon="13.646809"><ele>293.01</ele></trkpt>
      <trkpt lat="48.549099999999996" lon="13.647184"><ele>292.93</ele></trkpt>
      <trkpt lat="48.548952" lon="13.647575"><ele>292.91</ele></trkpt>
      <trkpt lat="48.548891999999995" lon="13.647779"><ele>292.94</ele></trkpt>
      <trkpt lat="48.548792" lon="13.648015"><ele>292.98</ele></trkpt>
      <trkpt lat="48.54866" lon="13.648282"><ele>293.06</ele></trkpt>
      <trkpt lat="48.548488" lon="13.648595"><ele>293.07</ele></trkpt>
      <trkpt lat="48.548317999999995" lon="13.648869999999999"><ele>293.15</ele></trkpt>
      <trkpt lat="48.548195" lon="13.649054"><ele>292.97</ele></trkpt>
      <trkpt lat="48.547847" lon="13.649505"><ele>292.97</ele></trkpt>
      <trkpt lat="48.547567" lon="13.649811999999999"><ele>292.96</ele></trkpt>
      <trkpt lat="48.547078" lon="13.65031"><ele>292.95</ele></trkpt>
      <trkpt lat="48.546994999999995" lon="13.650385"><ele>292.95</ele></trkpt>
      <trkpt lat="48.546924" lon="13.650417"><ele>293</ele></trkpt>
      <trkpt lat="48.54687" lon="13.650457999999999"><ele>292.98</ele></trkpt>
      <trkpt lat="48.546596" lon="13.650739"><ele>292.68</ele></trkpt>
      <trkpt lat="48.545879" lon="13.651553"><ele>292.57</ele></trkpt>
      <trkpt lat="48.545550999999996" lon="13.651954"><ele>292.56</ele></trkpt>
      <trkpt lat="48.54523" lon="13.652372999999999"><ele>292.48</ele></trkpt>
      <trkpt lat="48.544872" lon="13.652871"><ele>291.97</ele></trkpt>
      <trkpt lat="48.544639" lon="13.653208999999999"><ele>292.17</ele></trkpt>
      <trkpt lat="48.543707" lon="13.654625999999999"><ele>291.57</ele></trkpt>
      <trkpt lat="48.543575999999995" lon="13.654808"><ele>291.8</ele></trkpt>
      <trkpt lat="48.543495" lon="13.654886999999999"><ele>292.06</ele></trkpt>
      <trkpt lat="48.54313" lon="13.655308999999999"><ele>292.65</ele></trkpt>
      <trkpt lat="48.542905999999995" lon="13.655586"><ele>292.41</ele></trkpt>
      <trkpt lat="48.542815999999995" lon="13.655672"><ele>292.39</ele></trkpt>
      <trkpt lat="48.542648" lon="13.655794"><ele>292.15</ele></trkpt>
      <trkpt lat="48.541954" lon="13.656206"><ele>291.4</ele></trkpt>
      <trkpt lat="48.5417" lon="13.656329"><ele>291.22</ele></trkpt>
      <trkpt lat="48.541450999999995" lon="13.656429999999999"><ele>291.11</ele></trkpt>
      <trkpt lat="48.541143999999996" lon="13.656521999999999"><ele>291.09</ele></trkpt>
      <trkpt lat="48.540028" lon="13.656780999999999"><ele>291.4</ele></trkpt>
      <trkpt lat="48.539654" lon="13.656892"><ele>291.43</ele></trkpt>
      <trkpt lat="48.538855999999996" lon="13.657181"><ele>291.33</ele></trkpt>
      <trkpt lat="48.538385999999996" lon="13.657385999999999"><ele>291.42</ele></trkpt>
      <trkpt lat="48.53798" lon="13.657584"><ele>291.49</ele></trkpt>
      <trkpt lat="48.537579" lon="13.657803999999999"><ele>291.45</ele></trkpt>
      <trkpt lat="48.536550999999996" lon="13.65845"><ele>291.82</ele></trkpt>
      <trkpt lat="48.536300999999995" lon="13.65864"><ele>292.22</ele></trkpt>
      <trkpt lat="48.536162" lon="13.658767"><ele>292.49</ele></trkpt>
      <trkpt lat="48.535925999999996" lon="13.659009999999999"><ele>292.87</ele></trkpt>
      <trkpt lat="48.535782" lon="13.659184"><ele>293.09</ele></trkpt>
      <trkpt lat="48.535542" lon="13.659521999999999"><ele>293.46</ele></trkpt>
      <trkpt lat="48.535312999999995" lon="13.65991"><ele>293.86</ele></trkpt>
      <trkpt lat="48.535084" lon="13.660416999999999"><ele>294.41</ele></trkpt>
      <trkpt lat="48.534707" lon="13.661406"><ele>296.2</ele></trkpt>
      <trkpt lat="48.533924" lon="13.66297"><ele>293.87</ele></trkpt>
      <trkpt lat="48.533091999999996" lon="13.665161999999999"><ele>294.05</ele></trkpt>
      <trkpt lat="48.532627" lon="13.666678"><ele>293.9</ele></trkpt>
      <trkpt lat="48.531991" lon="13.668249999999999"><ele>294.28</ele></trkpt>
      <trkpt lat="48.531330999999994" lon="13.669998"><ele>294.41</ele></trkpt>
      <trkpt lat="48.530488" lon="13.672383"><ele>295.56</ele></trkpt>
      <trkpt lat="48.530300999999994" lon="13.673001999999999"><ele>295.3</ele></trkpt>
      <trkpt lat="48.530066" lon="13.673627999999999"><ele>294.85</ele></trkpt>
      <trkpt lat="48.529835" lon="13.674301"><ele>293.84</ele></trkpt>
      <trkpt lat="48.529675" lon="13.674802999999999"><ele>293.4</ele></trkpt>
      <trkpt lat="48.529421" lon="13.675462"><ele>293.02</ele></trkpt>
      <trkpt lat="48.529194" lon="13.676112999999999"><ele>292.99</ele></trkpt>
      <trkpt lat="48.527708" lon="13.680143"><ele>292.69</ele></trkpt>
      <trkpt lat="48.527172" lon="13.681574"><ele>292.89</ele></trkpt>
      <trkpt lat="48.527099" lon="13.681891"><ele>292.24</ele></trkpt>
      <trkpt lat="48.525635" lon="13.686777999999999"><ele>291.45</ele></trkpt>
      <trkpt lat="48.524712" lon="13.689915"><ele>291.34</ele></trkpt>
      <trkpt lat="48.524260999999996" lon="13.691275"><ele>291.3</ele></trkpt>
      <trkpt lat="48.523838" lon="13.69233"><ele>290.98</ele></trkpt>
      <trkpt lat="48.523022" lon="13.69402"><ele>291.23</ele></trkpt>
      <trkpt lat="48.522648" lon="13.694726"><ele>291.32</ele></trkpt>
      <trkpt lat="48.522141" lon="13.695554999999999"><ele>291.29</ele></trkpt>
      <trkpt lat="48.521027" lon="13.697125"><ele>291.13</ele></trkpt>
      <trkpt lat="48.519493" lon="13.699027"><ele>291.4</ele></trkpt>
      <trkpt lat="48.518708" lon="13.700239"><ele>292.27</ele></trkpt>
      <trkpt lat="48.518173999999995" lon="13.701265999999999"><ele>292.48</ele></trkpt>
      <trkpt lat="48.517494" lon="13.702897"><ele>291.64</ele></trkpt>
      <trkpt lat="48.516735" lon="13.704519"><ele>292.33</ele></trkpt>
      <trkpt lat="48.516607" lon="13.704759999999998"><ele>292.28</ele></trkpt>
      <trkpt lat="48.516425999999996" lon="13.705181"><ele>291.77</ele></trkpt>
      <trkpt lat="48.516166999999996" lon="13.705907"><ele>291.39</ele></trkpt>
      <trkpt lat="48.516096999999995" lon="13.706161"><ele>290.66</ele></trkpt>
      <trkpt lat="48.515926" lon="13.706607"><ele>290.14</ele></trkpt>
      <trkpt lat="48.515888" lon="13.706731999999999"><ele>290.42</ele></trkpt>
      <trkpt lat="48.515861" lon="13.707395"><ele>287.51</ele></trkpt>
      <trkpt lat="48.515786999999996" lon="13.708006"><ele>285.66</ele></trkpt>
      <trkpt lat="48.515623999999995" lon="13.709221"><ele>286.69</ele></trkpt>
      <trkpt lat="48.515507" lon="13.709824"><ele>286.43</ele></trkpt>
      <trkpt lat="48.515339" lon="13.710422999999999"><ele>286.27</ele></trkpt>
      <trkpt lat="48.515166" lon="13.711108999999999"><ele>285.9</ele></trkpt>
      <trkpt lat="48.514992" lon="13.711872999999999"><ele>285.54</ele></trkpt>
      <trkpt lat="48.514713" lon="13.713360999999999"><ele>286.37</ele></trkpt>
      <trkpt lat="48.514646" lon="13.713851"><ele>287.98</ele></trkpt>
      <trkpt lat="48.514613999999995" lon="13.714236999999999"><ele>288.88</ele></trkpt>
      <trkpt lat="48.514606" lon="13.714684"><ele>288.22</ele></trkpt>
      <trkpt lat="48.514511" lon="13.715663"><ele>287.11</ele></trkpt>
      <trkpt lat="48.514503" lon="13.715852"><ele>286.93</ele></trkpt>
      <trkpt lat="48.514412" lon="13.716742"><ele>286.26</ele></trkpt>
      <trkpt lat="48.514317" lon="13.717436999999999"><ele>286.07</ele></trkpt>
      <trkpt lat="48.514196" lon="13.718088999999999"><ele>285.25</ele></trkpt>
      <trkpt lat="48.514131" lon="13.718421999999999"><ele>285.36</ele></trkpt>
      <trkpt lat="48.513829" lon="13.719650999999999"><ele>285.84</ele></trkpt>
      <trkpt lat="48.513689" lon="13.719997999999999"><ele>285.81</ele></trkpt>
      <trkpt lat="48.51331" lon="13.721363"><ele>285.57</ele></trkpt>
      <trkpt lat="48.513174" lon="13.721950999999999"><ele>285.15</ele></trkpt>
      <trkpt lat="48.513051" lon="13.722413999999999"><ele>284.89</ele></trkpt>
      <trkpt lat="48.512921" lon="13.72283"><ele>284.6</ele></trkpt>
      <trkpt lat="48.512788" lon="13.723182"><ele>284.34</ele></trkpt>
      <trkpt lat="48.512723" lon="13.723381"><ele>284.31</ele></trkpt>
      <trkpt lat="48.512617" lon="13.723815"><ele>284.25</ele></trkpt>
      <trkpt lat="48.51256" lon="13.723982999999999"><ele>284.29</ele></trkpt>
      <trkpt lat="48.512501" lon="13.724117999999999"><ele>284.34</ele></trkpt>
      <trkpt lat="48.512412" lon="13.724312"><ele>284.12</ele></trkpt>
      <trkpt lat="48.512239" lon="13.724860999999999"><ele>284.31</ele></trkpt>
      <trkpt lat="48.512167999999996" lon="13.725043999999999"><ele>284.32</ele></trkpt>
      <trkpt lat="48.512063999999995" lon="13.725249"><ele>283.92</ele></trkpt>
      <trkpt lat="48.511969" lon="13.725358"><ele>284.71</ele></trkpt>
      <trkpt lat="48.511911999999995" lon="13.725475999999999"><ele>285.45</ele></trkpt>
      <trkpt lat="48.511758" lon="13.725855"><ele>286.37</ele></trkpt>
      <trkpt lat="48.511676" lon="13.725907999999999"><ele>287.05</ele></trkpt>
      <trkpt lat="48.511648" lon="13.725888999999999"><ele>287.42</ele></trkpt>
      <trkpt lat="48.511626" lon="13.725781999999999"><ele>288.15</ele></trkpt>
      <trkpt lat="48.51159" lon="13.72575"><ele>288.38</ele></trkpt>
      <trkpt lat="48.51154" lon="13.725726"><ele>288.44</ele></trkpt>
      <trkpt lat="48.511527" lon="13.725747"><ele>288.35</ele></trkpt>
      <trkpt lat="48.511513" lon="13.725819"><ele>288.21</ele></trkpt>
      <trkpt lat="48.511207" lon="13.726773"><ele>287.83</ele></trkpt>
      <trkpt lat="48.51117" lon="13.726922"><ele>288.15</ele></trkpt>
      <trkpt lat="48.511117999999996" lon="13.727068"><ele>288.26</ele></trkpt>
      <trkpt lat="48.510829" lon="13.727763"><ele>287.95</ele></trkpt>
      <trkpt lat="48.510737999999996" lon="13.72792"><ele>287.5</ele></trkpt>
      <trkpt lat="48.510692999999996" lon="13.727932"><ele>287.66</ele></trkpt>
      <trkpt lat="48.510456" lon="13.728297"><ele>287.96</ele></trkpt>
      <trkpt lat="48.510039" lon="13.728897"><ele>287.55</ele></trkpt>
      <trkpt lat="48.509837" lon="13.729163"><ele>287.35</ele></trkpt>
      <trkpt lat="48.509508" lon="13.729553"><ele>287.28</ele></trkpt>
      <trkpt lat="48.509161" lon="13.729928999999998"><ele>287.24</ele></trkpt>
      <trkpt lat="48.508088" lon="13.731007"><ele>287.96</ele></trkpt>
      <trkpt lat="48.507787" lon="13.731416"><ele>287.33</ele></trkpt>
      <trkpt lat="48.507293999999995" lon="13.732047"><ele>287.05</ele></trkpt>
      <trkpt lat="48.506873" lon="13.732652"><ele>287.69</ele></trkpt>
      <trkpt lat="48.506431" lon="13.733112"><ele>287.54</ele></trkpt>
      <trkpt lat="48.506152" lon="13.73334"><ele>287.78</ele></trkpt>
      <trkpt lat="48.505978999999996" lon="13.733499"><ele>287.11</ele></trkpt>
      <trkpt lat="48.505992" lon="13.733576"><ele>286.56</ele></trkpt>
      <trkpt lat="48.505812" lon="13.733699999999999"><ele>287.16</ele></trkpt>
      <trkpt lat="48.505038" lon="13.734117"><ele>287.89</ele></trkpt>
      <trkpt lat="48.504822999999995" lon="13.734205999999999"><ele>287.61</ele></trkpt>
      <trkpt lat="48.50457" lon="13.734328999999999"><ele>287.58</ele></trkpt>
      <trkpt lat="48.504227" lon="13.734518"><ele>287.15</ele></trkpt>
      <trkpt lat="48.503921999999996" lon="13.734713999999999"><ele>287.68</ele></trkpt>
      <trkpt lat="48.503116999999996" lon="13.735339999999999"><ele>286.99</ele></trkpt>
      <trkpt lat="48.502792" lon="13.735551"><ele>287.87</ele></trkpt>
      <trkpt lat="48.502685" lon="13.735363999999999"><ele>288.42</ele></trkpt>
      <trkpt lat="48.502654" lon="13.735355"><ele>288.4</ele></trkpt>
      <trkpt lat="48.502547" lon="13.73519"><ele>288.17</ele></trkpt>
      <trkpt lat="48.502306" lon="13.734876"><ele>288.45</ele></trkpt>
      <trkpt lat="48.501962999999996" lon="13.73437"><ele>291.27</ele></trkpt>
      <trkpt lat="48.501717" lon="13.734026"><ele>292.5</ele></trkpt>
      <trkpt lat="48.501369" lon="13.73363"><ele>291.99</ele></trkpt>
      <trkpt lat="48.501146" lon="13.733414"><ele>292</ele></trkpt>
      <trkpt lat="48.500636" lon="13.732991"><ele>292.21</ele></trkpt>
      <trkpt lat="48.500423999999995" lon="13.732908"><ele>292.79</ele></trkpt>
      <trkpt lat="48.500315" lon="13.732882"><ele>293.07</ele></trkpt>
      <trkpt lat="48.500149" lon="13.732911"><ele>293.39</ele></trkpt>
      <trkpt lat="48.499922999999995" lon="13.733035"><ele>293.26</ele></trkpt>
      <trkpt lat="48.499807" lon="13.733113"><ele>292.59</ele></trkpt>
      <trkpt lat="48.499520999999994" lon="13.733281"><ele>292.64</ele></trkpt>
      <trkpt lat="48.499122" lon="13.733393999999999"><ele>292.86</ele></trkpt>
      <trkpt lat="48.498903999999996" lon="13.733512999999999"><ele>292.88</ele></trkpt>
      <trkpt lat="48.498425" lon="13.7339"><ele>291.6</ele></trkpt>
      <trkpt lat="48.498127" lon="13.733972999999999"><ele>292.65</ele></trkpt>
      <trkpt lat="48.497721999999996" lon="13.734103999999999"><ele>293.03</ele></trkpt>
      <trkpt lat="48.497211" lon="13.734243999999999"><ele>293.42</ele></trkpt>
      <trkpt lat="48.496944" lon="13.734380999999999"><ele>293.35</ele></trkpt>
      <trkpt lat="48.496717" lon="13.734570999999999"><ele>293.36</ele></trkpt>
      <trkpt lat="48.496541" lon="13.734779999999999"><ele>292.87</ele></trkpt>
      <trkpt lat="48.496438" lon="13.734976999999999"><ele>292.05</ele></trkpt>
      <trkpt lat="48.496193" lon="13.735177"><ele>292.7</ele></trkpt>
      <trkpt lat="48.495940999999995" lon="13.735491"><ele>293.26</ele></trkpt>
      <trkpt lat="48.495446" lon="13.736035"><ele>293.9</ele></trkpt>
      <trkpt lat="48.494839" lon="13.736941"><ele>293.13</ele></trkpt>
      <trkpt lat="48.494568" lon="13.737324"><ele>292.72</ele></trkpt>
      <trkpt lat="48.494406999999995" lon="13.737582999999999"><ele>292.7</ele></trkpt>
      <trkpt lat="48.494017" lon="13.738351"><ele>292.52</ele></trkpt>
      <trkpt lat="48.493246" lon="13.739531"><ele>291.71</ele></trkpt>
      <trkpt lat="48.492833999999995" lon="13.740044999999999"><ele>291.39</ele></trkpt>
      <trkpt lat="48.492656" lon="13.740226"><ele>291.26</ele></trkpt>
      <trkpt lat="48.492430999999996" lon="13.740495"><ele>291.31</ele></trkpt>
      <trkpt lat="48.492582" lon="13.74095"><ele>289.12</ele></trkpt>
      <trkpt lat="48.492551" lon="13.741005999999999"><ele>289.11</ele></trkpt>
      <trkpt lat="48.492478" lon="13.74108"><ele>289.15</ele></trkpt>
      <trkpt lat="48.492016" lon="13.741392999999999"><ele>289.91</ele></trkpt>
      <trkpt lat="48.492073" lon="13.741562"><ele>289.53</ele></trkpt>
      <trkpt lat="48.491515" lon="13.742016"><ele>290.47</ele></trkpt>
      <trkpt lat="48.491278" lon="13.742258"><ele>291.03</ele></trkpt>
      <trkpt lat="48.491077" lon="13.742502"><ele>291.4</ele></trkpt>
      <trkpt lat="48.490894999999995" lon="13.742751"><ele>291.77</ele></trkpt>
      <trkpt lat="48.490725999999995" lon="13.743018"><ele>291.93</ele></trkpt>
      <trkpt lat="48.490649999999995" lon="13.743212999999999"><ele>291.27</ele></trkpt>
      <trkpt lat="48.490564" lon="13.74336"><ele>290.88</ele></trkpt>
      <trkpt lat="48.490531999999995" lon="13.743402"><ele>291.26</ele></trkpt>
      <trkpt lat="48.490451" lon="13.743473"><ele>292.1</ele></trkpt>
      <trkpt lat="48.490210999999995" lon="13.743856"><ele>293.79</ele></trkpt>
      <trkpt lat="48.490088" lon="13.744033"><ele>294.29</ele></trkpt>
      <trkpt lat="48.48975" lon="13.74446"><ele>295.44</ele></trkpt>
      <trkpt lat="48.489463" lon="13.744788"><ele>296.17</ele></trkpt>
      <trkpt lat="48.488845999999995" lon="13.745588999999999"><ele>297.91</ele></trkpt>
      <trkpt lat="48.48861" lon="13.745916"><ele>298.93</ele></trkpt>
      <trkpt lat="48.48809" lon="13.746596"><ele>301.45</ele></trkpt>
      <trkpt lat="48.487451" lon="13.747378999999999"><ele>304.65</ele></trkpt>
      <trkpt lat="48.487193999999995" lon="13.747724999999999"><ele>304.72</ele></trkpt>
      <trkpt lat="48.486771" lon="13.748365"><ele>306.84</ele></trkpt>
      <trkpt lat="48.486401" lon="13.748997999999998"><ele>309.01</ele></trkpt>
      <trkpt lat="48.485524" lon="13.750705"><ele>313.25</ele></trkpt>
      <trkpt lat="48.485355999999996" lon="13.750986999999999"><ele>313.97</ele></trkpt>
      <trkpt lat="48.485169" lon="13.751244"><ele>315.11</ele></trkpt>
      <trkpt lat="48.484899" lon="13.751501999999999"><ele>315.89</ele></trkpt>
      <trkpt lat="48.48468" lon="13.751667"><ele>316.32</ele></trkpt>
      <trkpt lat="48.484407" lon="13.751942999999999"><ele>316.73</ele></trkpt>
      <trkpt lat="48.484184" lon="13.752251999999999"><ele>316.81</ele></trkpt>
      <trkpt lat="48.483947" lon="13.752673"><ele>316.91</ele></trkpt>
      <trkpt lat="48.483754" lon="13.753145"><ele>317.33</ele></trkpt>
      <trkpt lat="48.483508" lon="13.753665999999999"><ele>317.81</ele></trkpt>
      <trkpt lat="48.483022" lon="13.754652"><ele>317.67</ele></trkpt>
      <trkpt lat="48.482524999999995" lon="13.755460999999999"><ele>319.99</ele></trkpt>
      <trkpt lat="48.482454" lon="13.755654999999999"><ele>320.33</ele></trkpt>
      <trkpt lat="48.482333" lon="13.755854"><ele>320.64</ele></trkpt>
      <trkpt lat="48.482217999999996" lon="13.755961"><ele>320.79</ele></trkpt>
      <trkpt lat="48.481972" lon="13.756364999999999"><ele>321.2</ele></trkpt>
      <trkpt lat="48.481769" lon="13.75673"><ele>320.94</ele></trkpt>
      <trkpt lat="48.481359999999995" lon="13.757520999999999"><ele>320.21</ele></trkpt>
      <trkpt lat="48.480875" lon="13.758666"><ele>318.56</ele></trkpt>
      <trkpt lat="48.480441" lon="13.759746999999999"><ele>318.49</ele></trkpt>
      <trkpt lat="48.480315" lon="13.760036999999999"><ele>318.33</ele></trkpt>
      <trkpt lat="48.480156" lon="13.760335999999999"><ele>318.19</ele></trkpt>
      <trkpt lat="48.480022999999996" lon="13.760539999999999"><ele>318.7</ele></trkpt>
      <trkpt lat="48.479893" lon="13.760712999999999"><ele>318.87</ele></trkpt>
      <trkpt lat="48.479655" lon="13.76099"><ele>318.71</ele></trkpt>
      <trkpt lat="48.479442" lon="13.761191"><ele>318.81</ele></trkpt>
      <trkpt lat="48.479043" lon="13.761503"><ele>319.01</ele></trkpt>
      <trkpt lat="48.478899" lon="13.761657999999999"><ele>319.4</ele></trkpt>
      <trkpt lat="48.478626" lon="13.762027999999999"><ele>317.86</ele></trkpt>
      <trkpt lat="48.478466" lon="13.762298999999999"><ele>318.49</ele></trkpt>
      <trkpt lat="48.478291999999996" lon="13.762687999999999"><ele>318.86</ele></trkpt>
      <trkpt lat="48.478114999999995" lon="13.763209999999999"><ele>319.23</ele></trkpt>
      <trkpt lat="48.478063999999996" lon="13.763394"><ele>318.66</ele></trkpt>
      <trkpt lat="48.478051" lon="13.763463"><ele>318.6</ele></trkpt>
      <trkpt lat="48.477869" lon="13.763983999999999"><ele>316.96</ele></trkpt>
      <trkpt lat="48.477835" lon="13.764045"><ele>316.93</ele></trkpt>
      <trkpt lat="48.477463" lon="13.765139999999999"><ele>312.64</ele></trkpt>
      <trkpt lat="48.477139" lon="13.765979"><ele>307.78</ele></trkpt>
      <trkpt lat="48.476825999999996" lon="13.766556"><ele>304.08</ele></trkpt>
      <trkpt lat="48.476316999999995" lon="13.767259"><ele>300.87</ele></trkpt>
      <trkpt lat="48.476068" lon="13.767685"><ele>299.22</ele></trkpt>
      <trkpt lat="48.475789" lon="13.768296999999999"><ele>296.26</ele></trkpt>
      <trkpt lat="48.475577" lon="13.768785"><ele>294.04</ele></trkpt>
      <trkpt lat="48.475347" lon="13.769128"><ele>292.48</ele></trkpt>
      <trkpt lat="48.474742" lon="13.769779999999999"><ele>289.25</ele></trkpt>
      <trkpt lat="48.473946999999995" lon="13.770932"><ele>284.81</ele></trkpt>
      <trkpt lat="48.47381" lon="13.771080999999999"><ele>284.7</ele></trkpt>
      <trkpt lat="48.473659999999995" lon="13.771218999999999"><ele>284.98</ele></trkpt>
      <trkpt lat="48.473098" lon="13.771650999999999"><ele>285.99</ele></trkpt>
      <trkpt lat="48.472867" lon="13.771844"><ele>286</ele></trkpt>
      <trkpt lat="48.472533" lon="13.772174"><ele>286</ele></trkpt>
      <trkpt lat="48.472263999999996" lon="13.772521"><ele>286.09</ele></trkpt>
      <trkpt lat="48.471914" lon="13.773026999999999"><ele>286.1</ele></trkpt>
      <trkpt lat="48.471409" lon="13.773586"><ele>286.14</ele></trkpt>
      <trkpt lat="48.47134" lon="13.773719"><ele>286.18</ele></trkpt>
      <trkpt lat="48.471084" lon="13.773963"><ele>285.93</ele></trkpt>
      <trkpt lat="48.470870999999995" lon="13.774128"><ele>285.82</ele></trkpt>
      <trkpt lat="48.470251" lon="13.774719999999999"><ele>284.74</ele></trkpt>
      <trkpt lat="48.469783" lon="13.775105"><ele>283.47</ele></trkpt>
      <trkpt lat="48.469699999999996" lon="13.775136999999999"><ele>283.19</ele></trkpt>
      <trkpt lat="48.469217" lon="13.775580999999999"><ele>283.66</ele></trkpt>
      <trkpt lat="48.468696" lon="13.776145"><ele>284.06</ele></trkpt>
      <trkpt lat="48.468247999999996" lon="13.776703"><ele>285.05</ele></trkpt>
      <trkpt lat="48.467884999999995" lon="13.777266"><ele>286.15</ele></trkpt>
      <trkpt lat="48.46751" lon="13.778110999999999"><ele>286.7</ele></trkpt>
      <trkpt lat="48.467225" lon="13.779318"><ele>287.51</ele></trkpt>
      <trkpt lat="48.466662" lon="13.78134"><ele>295.23</ele></trkpt>
      <trkpt lat="48.466254" lon="13.782554999999999"><ele>297.65</ele></trkpt>
      <trkpt lat="48.466207999999995" lon="13.782900999999999"><ele>298.1</ele></trkpt>
      <trkpt lat="48.466057" lon="13.783309"><ele>298.34</ele></trkpt>
      <trkpt lat="48.465772" lon="13.78469"><ele>296.43</ele></trkpt>
      <trkpt lat="48.465683" lon="13.785476"><ele>293.87</ele></trkpt>
      <trkpt lat="48.46565" lon="13.786451999999999"><ele>291.05</ele></trkpt>
      <trkpt lat="48.465429" lon="13.787548999999999"><ele>288.5</ele></trkpt>
      <trkpt lat="48.465216999999996" lon="13.789859"><ele>281.85</ele></trkpt>
      <trkpt lat="48.465221" lon="13.791545999999999"><ele>282.63</ele></trkpt>
      <trkpt lat="48.465137" lon="13.792466"><ele>282.53</ele></trkpt>
      <trkpt lat="48.465015" lon="13.794027"><ele>282.85</ele></trkpt>
      <trkpt lat="48.464931" lon="13.794542"><ele>283.2</ele></trkpt>
      <trkpt lat="48.464531" lon="13.796146"><ele>284.37</ele></trkpt>
      <trkpt lat="48.464206999999995" lon="13.797222"><ele>285.03</ele></trkpt>
      <trkpt lat="48.463907" lon="13.798112999999999"><ele>285.92</ele></trkpt>
      <trkpt lat="48.463904" lon="13.798226999999999"><ele>286.03</ele></trkpt>
      <trkpt lat="48.463820999999996" lon="13.798482"><ele>286.52</ele></trkpt>
      <trkpt lat="48.463713" lon="13.798693"><ele>286.7</ele></trkpt>
      <trkpt lat="48.463577" lon="13.799061"><ele>287.42</ele></trkpt>
      <trkpt lat="48.463325999999995" lon="13.799653"><ele>286.97</ele></trkpt>
      <trkpt lat="48.463119" lon="13.800108999999999"><ele>286.44</ele></trkpt>
      <trkpt lat="48.463051" lon="13.800288"><ele>286.22</ele></trkpt>
      <trkpt lat="48.462983" lon="13.800535"><ele>285.85</ele></trkpt>
      <trkpt lat="48.462953999999996" lon="13.800744"><ele>285.85</ele></trkpt>
      <trkpt lat="48.462823" lon="13.801103"><ele>286.78</ele></trkpt>
      <trkpt lat="48.462765" lon="13.801307999999999"><ele>287.18</ele></trkpt>
      <trkpt lat="48.462678999999994" lon="13.801679"><ele>287.85</ele></trkpt>
      <trkpt lat="48.462644999999995" lon="13.801755"><ele>287.85</ele></trkpt>
      <trkpt lat="48.462616999999995" lon="13.801777999999999"><ele>287.77</ele></trkpt>
      <trkpt lat="48.462624" lon="13.801857"><ele>287.61</ele></trkpt>
      <trkpt lat="48.462619" lon="13.801934"><ele>287.54</ele></trkpt>
      <trkpt lat="48.462596" lon="13.802012999999999"><ele>287.6</ele></trkpt>
      <trkpt lat="48.462528" lon="13.802185"><ele>287.68</ele></trkpt>
      <trkpt lat="48.462415" lon="13.802401999999999"><ele>287.7</ele></trkpt>
      <trkpt lat="48.462094" lon="13.802916999999999"><ele>287.62</ele></trkpt>
      <trkpt lat="48.462004" lon="13.803078999999999"><ele>287.54</ele></trkpt>
      <trkpt lat="48.461883" lon="13.803339"><ele>287.42</ele></trkpt>
      <trkpt lat="48.461780999999995" lon="13.803586"><ele>287.3</ele></trkpt>
      <trkpt lat="48.461664999999996" lon="13.803901"><ele>287.2</ele></trkpt>
      <trkpt lat="48.461439" lon="13.804554999999999"><ele>287</ele></trkpt>
      <trkpt lat="48.461376" lon="13.804706999999999"><ele>287.01</ele></trkpt>
      <trkpt lat="48.461205" lon="13.805069"><ele>287.02</ele></trkpt>
      <trkpt lat="48.461146" lon="13.805150999999999"><ele>287</ele></trkpt>
      <trkpt lat="48.461164" lon="13.805264"><ele>287</ele></trkpt>
      <trkpt lat="48.461132" lon="13.805823"><ele>286.73</ele></trkpt>
      <trkpt lat="48.461101" lon="13.806111"><ele>286.49</ele></trkpt>
      <trkpt lat="48.461045999999996" lon="13.806379999999999"><ele>285.28</ele></trkpt>
      <trkpt lat="48.460950999999994" lon="13.806638"><ele>285.04</ele></trkpt>
      <trkpt lat="48.460820999999996" lon="13.806946"><ele>285.3</ele></trkpt>
      <trkpt lat="48.460513999999996" lon="13.807469999999999"><ele>285.62</ele></trkpt>
      <trkpt lat="48.460412999999996" lon="13.807746"><ele>285.16</ele></trkpt>
      <trkpt lat="48.46033" lon="13.808003999999999"><ele>284.69</ele></trkpt>
      <trkpt lat="48.460024" lon="13.808651999999999"><ele>283.61</ele></trkpt>
      <trkpt lat="48.459838999999995" lon="13.809078999999999"><ele>282.61</ele></trkpt>
      <trkpt lat="48.45974" lon="13.80926"><ele>282.92</ele></trkpt>
      <trkpt lat="48.459651" lon="13.809382"><ele>283.21</ele></trkpt>
      <trkpt lat="48.459568999999995" lon="13.809455"><ele>283.49</ele></trkpt>
      <trkpt lat="48.459396999999996" lon="13.809502"><ele>283.83</ele></trkpt>
      <trkpt lat="48.45921" lon="13.809486999999999"><ele>284.1</ele></trkpt>
      <trkpt lat="48.459098" lon="13.809436"><ele>284.63</ele></trkpt>
      <trkpt lat="48.458891" lon="13.809279"><ele>285.99</ele></trkpt>
      <trkpt lat="48.458752" lon="13.809137"><ele>286.6</ele></trkpt>
      <trkpt lat="48.458673" lon="13.80907"><ele>287.13</ele></trkpt>
      <trkpt lat="48.458611" lon="13.809021999999999"><ele>287.52</ele></trkpt>
      <trkpt lat="48.458504999999995" lon="13.808964999999999"><ele>288.06</ele></trkpt>
      <trkpt lat="48.458298" lon="13.808919999999999"><ele>289.02</ele></trkpt>
      <trkpt lat="48.458062" lon="13.808895999999999"><ele>289.95</ele></trkpt>
      <trkpt lat="48.458009" lon="13.80891"><ele>290.57</ele></trkpt>
      <trkpt lat="48.457955" lon="13.80894"><ele>291.13</ele></trkpt>
      <trkpt lat="48.457735" lon="13.809113"><ele>293.12</ele></trkpt>
      <trkpt lat="48.457736" lon="13.809199"><ele>292.75</ele></trkpt>
      <trkpt lat="48.457719" lon="13.809301"><ele>292.8</ele></trkpt>
      <trkpt lat="48.457426" lon="13.809923"><ele>291.7</ele></trkpt>
      <trkpt lat="48.45708" lon="13.810588"><ele>291.12</ele></trkpt>
      <trkpt lat="48.456942" lon="13.8109"><ele>289.88</ele></trkpt>
      <trkpt lat="48.456596999999995" lon="13.811627"><ele>290.51</ele></trkpt>
      <trkpt lat="48.456382" lon="13.81205"><ele>290.77</ele></trkpt>
      <trkpt lat="48.456008" lon="13.812574"><ele>292.29</ele></trkpt>
      <trkpt lat="48.455678" lon="13.812918"><ele>293.64</ele></trkpt>
      <trkpt lat="48.455481999999996" lon="13.813179"><ele>294.62</ele></trkpt>
      <trkpt lat="48.455365" lon="13.813378"><ele>295.26</ele></trkpt>
      <trkpt lat="48.455143" lon="13.813816"><ele>296.59</ele></trkpt>
      <trkpt lat="48.455084" lon="13.813906"><ele>296.95</ele></trkpt>
      <trkpt lat="48.455009999999994" lon="13.813991999999999"><ele>297.36</ele></trkpt>
      <trkpt lat="48.454814" lon="13.814186"><ele>298.39</ele></trkpt>
      <trkpt lat="48.454741999999996" lon="13.814281"><ele>298.86</ele></trkpt>
      <trkpt lat="48.454283" lon="13.814976"><ele>303.16</ele></trkpt>
      <trkpt lat="48.454156999999995" lon="13.815152"><ele>304.41</ele></trkpt>
      <trkpt lat="48.454076" lon="13.815254"><ele>305.17</ele></trkpt>
      <trkpt lat="48.453897" lon="13.81543"><ele>306.74</ele></trkpt>
      <trkpt lat="48.453626" lon="13.815636"><ele>309.01</ele></trkpt>
      <trkpt lat="48.453497999999996" lon="13.81575"><ele>309.86</ele></trkpt>
      <trkpt lat="48.453435" lon="13.815823"><ele>310.39</ele></trkpt>
      <trkpt lat="48.453266" lon="13.81606"><ele>311.87</ele></trkpt>
      <trkpt lat="48.452991999999995" lon="13.816391999999999"><ele>313.83</ele></trkpt>
      <trkpt lat="48.452946" lon="13.816438"><ele>314.09</ele></trkpt>
      <trkpt lat="48.452915" lon="13.81645"><ele>314.36</ele></trkpt>
      <trkpt lat="48.451453" lon="13.819097999999999"><ele>315.5</ele></trkpt>
      <trkpt lat="48.451214" lon="13.819486"><ele>315.52</ele></trkpt>
      <trkpt lat="48.450863" lon="13.819989"><ele>315.29</ele></trkpt>
      <trkpt lat="48.450508" lon="13.820395999999999"><ele>314.23</ele></trkpt>
      <trkpt lat="48.450106" lon="13.820822"><ele>313.73</ele></trkpt>
      <trkpt lat="48.449711" lon="13.821275"><ele>314</ele></trkpt>
      <trkpt lat="48.449417999999994" lon="13.821655999999999"><ele>313.97</ele></trkpt>
      <trkpt lat="48.449182" lon="13.822016"><ele>313.61</ele></trkpt>
      <trkpt lat="48.448468" lon="13.823258"><ele>310.58</ele></trkpt>
      <trkpt lat="48.448111" lon="13.823844999999999"><ele>308.73</ele></trkpt>
      <trkpt lat="48.447841999999994" lon="13.824221"><ele>308.02</ele></trkpt>
      <trkpt lat="48.447486" lon="13.824593"><ele>307.62</ele></trkpt>
      <trkpt lat="48.447174999999994" lon="13.824855"><ele>308.15</ele></trkpt>
      <trkpt lat="48.44643" lon="13.825387"><ele>310.55</ele></trkpt>
      <trkpt lat="48.446171" lon="13.825619999999999"><ele>311.56</ele></trkpt>
      <trkpt lat="48.445921999999996" lon="13.82589"><ele>312.61</ele></trkpt>
      <trkpt lat="48.445581" lon="13.826357"><ele>314.57</ele></trkpt>
      <trkpt lat="48.445425" lon="13.82663"><ele>314.33</ele></trkpt>
      <trkpt lat="48.445377" lon="13.826754999999999"><ele>314.24</ele></trkpt>
      <trkpt lat="48.445313999999996" lon="13.82686"><ele>315.34</ele></trkpt>
      <trkpt lat="48.445251" lon="13.826951"><ele>316.13</ele></trkpt>
      <trkpt lat="48.445177" lon="13.827017"><ele>316.59</ele></trkpt>
      <trkpt lat="48.444933" lon="13.827371999999999"><ele>317.57</ele></trkpt>
      <trkpt lat="48.443355999999994" lon="13.829868"><ele>321.37</ele></trkpt>
      <trkpt lat="48.442218999999994" lon="13.831541"><ele>316.29</ele></trkpt>
      <trkpt lat="48.441551999999994" lon="13.832395"><ele>312.99</ele></trkpt>
      <trkpt lat="48.440799999999996" lon="13.833229"><ele>309.11</ele></trkpt>
      <trkpt lat="48.440363" lon="13.833687999999999"><ele>306.54</ele></trkpt>
      <trkpt lat="48.440042999999996" lon="13.834057"><ele>304.42</ele></trkpt>
      <trkpt lat="48.439707" lon="13.834513"><ele>302.57</ele></trkpt>
      <trkpt lat="48.439138" lon="13.835505999999999"><ele>301.21</ele></trkpt>
      <trkpt lat="48.43897" lon="13.835768"><ele>300.97</ele></trkpt>
      <trkpt lat="48.438477" lon="13.836388"><ele>301.84</ele></trkpt>
      <trkpt lat="48.438308" lon="13.836532"><ele>303.44</ele></trkpt>
      <trkpt lat="48.437808999999994" lon="13.836889"><ele>305.62</ele></trkpt>
      <trkpt lat="48.437714" lon="13.836981999999999"><ele>306.02</ele></trkpt>
      <trkpt lat="48.437553" lon="13.837202"><ele>306.64</ele></trkpt>
      <trkpt lat="48.437042999999996" lon="13.838037"><ele>307.93</ele></trkpt>
      <trkpt lat="48.436789999999995" lon="13.838355"><ele>307.67</ele></trkpt>
      <trkpt lat="48.436389" lon="13.838792999999999"><ele>307.14</ele></trkpt>
      <trkpt lat="48.436316" lon="13.838906"><ele>306.99</ele></trkpt>
      <trkpt lat="48.436251" lon="13.839032"><ele>306.76</ele></trkpt>
      <trkpt lat="48.436191" lon="13.839176"><ele>306.54</ele></trkpt>
      <trkpt lat="48.436026999999996" lon="13.839663999999999"><ele>306.1</ele></trkpt>
      <trkpt lat="48.435947" lon="13.839872999999999"><ele>306.1</ele></trkpt>
      <trkpt lat="48.435845" lon="13.840095999999999"><ele>306.17</ele></trkpt>
      <trkpt lat="48.434675999999996" lon="13.842158"><ele>309.71</ele></trkpt>
      <trkpt lat="48.434112999999996" lon="13.843057"><ele>311.38</ele></trkpt>
      <trkpt lat="48.433766999999996" lon="13.843672999999999"><ele>311.88</ele></trkpt>
      <trkpt lat="48.433566" lon="13.844005"><ele>312.01</ele></trkpt>
      <trkpt lat="48.433462" lon="13.844158"><ele>312.15</ele></trkpt>
      <trkpt lat="48.433354" lon="13.844282"><ele>312.33</ele></trkpt>
      <trkpt lat="48.433136" lon="13.844503"><ele>312.66</ele></trkpt>
      <trkpt lat="48.432936" lon="13.844669"><ele>312.76</ele></trkpt>
      <trkpt lat="48.432767999999996" lon="13.844847"><ele>310.99</ele></trkpt>
      <trkpt lat="48.432621" lon="13.845044999999999"><ele>311.55</ele></trkpt>
      <trkpt lat="48.432457" lon="13.845378"><ele>312.94</ele></trkpt>
      <trkpt lat="48.432203" lon="13.846003999999999"><ele>312.47</ele></trkpt>
      <trkpt lat="48.431107999999995" lon="13.848049999999999"><ele>312.45</ele></trkpt>
      <trkpt lat="48.430993" lon="13.848239"><ele>311.4</ele></trkpt>
      <trkpt lat="48.430519" lon="13.848908999999999"><ele>309.85</ele></trkpt>
      <trkpt lat="48.430316999999995" lon="13.849250999999999"><ele>309.31</ele></trkpt>
      <trkpt lat="48.429987999999994" lon="13.849872999999999"><ele>308.21</ele></trkpt>
      <trkpt lat="48.429733999999996" lon="13.850432999999999"><ele>305.73</ele></trkpt>
      <trkpt lat="48.429632" lon="13.850615999999999"><ele>305.55</ele></trkpt>
      <trkpt lat="48.429575" lon="13.850688"><ele>305.32</ele></trkpt>
      <trkpt lat="48.429359999999996" lon="13.850897"><ele>304.96</ele></trkpt>
      <trkpt lat="48.429289" lon="13.850978999999999"><ele>305.05</ele></trkpt>
      <trkpt lat="48.429184" lon="13.851135999999999"><ele>305.77</ele></trkpt>
      <trkpt lat="48.428912" lon="13.851664999999999"><ele>304.55</ele></trkpt>
      <trkpt lat="48.428577999999995" lon="13.852252"><ele>302.17</ele></trkpt>
      <trkpt lat="48.428433" lon="13.852535999999999"><ele>301.15</ele></trkpt>
      <trkpt lat="48.428289" lon="13.852855"><ele>300.06</ele></trkpt>
      <trkpt lat="48.42743" lon="13.855087999999999"><ele>291.09</ele></trkpt>
      <trkpt lat="48.426839" lon="13.856698"><ele>286.28</ele></trkpt>
      <trkpt lat="48.426589" lon="13.857327"><ele>284.87</ele></trkpt>
      <trkpt lat="48.426324" lon="13.857925"><ele>284.1</ele></trkpt>
      <trkpt lat="48.426035999999996" lon="13.858495999999999"><ele>283.88</ele></trkpt>
      <trkpt lat="48.425612" lon="13.859285999999999"><ele>283.54</ele></trkpt>
      <trkpt lat="48.425196" lon="13.860087"><ele>283.51</ele></trkpt>
      <trkpt lat="48.424668" lon="13.861170999999999"><ele>285.13</ele></trkpt>
      <trkpt lat="48.424029999999995" lon="13.862447999999999"><ele>285.75</ele></trkpt>
      <trkpt lat="48.423671" lon="13.862993999999999"><ele>286.52</ele></trkpt>
      <trkpt lat="48.423558" lon="13.863209999999999"><ele>286.8</ele></trkpt>
      <trkpt lat="48.423477" lon="13.863449999999998"><ele>287.35</ele></trkpt>
      <trkpt lat="48.423424" lon="13.86369"><ele>288.83</ele></trkpt>
      <trkpt lat="48.423043" lon="13.86566"><ele>291.17</ele></trkpt>
      <trkpt lat="48.422956" lon="13.866256"><ele>291.1</ele></trkpt>
      <trkpt lat="48.422940999999994" lon="13.866598999999999"><ele>291.18</ele></trkpt>
      <trkpt lat="48.422945999999996" lon="13.866983999999999"><ele>291.67</ele></trkpt>
      <trkpt lat="48.422982999999995" lon="13.8674"><ele>292.69</ele></trkpt>
      <trkpt lat="48.423102" lon="13.868368"><ele>291.71</ele></trkpt>
      <trkpt lat="48.423131999999995" lon="13.868561999999999"><ele>291.18</ele></trkpt>
      <trkpt lat="48.423227999999995" lon="13.868844999999999"><ele>289.75</ele></trkpt>
      <trkpt lat="48.423516" lon="13.869565"><ele>284.26</ele></trkpt>
      <trkpt lat="48.423699" lon="13.870172"><ele>282.81</ele></trkpt>
      <trkpt lat="48.423711999999995" lon="13.870235"><ele>283.16</ele></trkpt>
      <trkpt lat="48.423750999999996" lon="13.870604"><ele>283.86</ele></trkpt>
      <trkpt lat="48.423794" lon="13.87078"><ele>284.01</ele></trkpt>
      <trkpt lat="48.423857999999996" lon="13.870954"><ele>284.05</ele></trkpt>
      <trkpt lat="48.423970999999995" lon="13.871084"><ele>284</ele></trkpt>
      <trkpt lat="48.424127999999996" lon="13.871309"><ele>284.14</ele></trkpt>
      <trkpt lat="48.424189" lon="13.871379999999998"><ele>284.18</ele></trkpt>
      <trkpt lat="48.424264" lon="13.871443999999999"><ele>284.28</ele></trkpt>
      <trkpt lat="48.424333999999995" lon="13.871485"><ele>284.32</ele></trkpt>
      <trkpt lat="48.424425" lon="13.871513"><ele>284.08</ele></trkpt>
      <trkpt lat="48.424509" lon="13.871525"><ele>283.78</ele></trkpt>
      <trkpt lat="48.424749999999996" lon="13.87154"><ele>282.74</ele></trkpt>
      <trkpt lat="48.424858" lon="13.871594"><ele>282.02</ele></trkpt>
      <trkpt lat="48.424892" lon="13.871637"><ele>281.81</ele></trkpt>
      <trkpt lat="48.424935" lon="13.871756999999999"><ele>281.71</ele></trkpt>
      <trkpt lat="48.425031" lon="13.872527"><ele>282.52</ele></trkpt>
      <trkpt lat="48.425103" lon="13.872871"><ele>282.68</ele></trkpt>
      <trkpt lat="48.425287" lon="13.873429999999999"><ele>282.93</ele></trkpt>
      <trkpt lat="48.425692" lon="13.874554"><ele>284.12</ele></trkpt>
      <trkpt lat="48.425760999999994" lon="13.874716999999999"><ele>284.03</ele></trkpt>
      <trkpt lat="48.425826" lon="13.874846999999999"><ele>284.06</ele></trkpt>
      <trkpt lat="48.425891" lon="13.874955"><ele>284.04</ele></trkpt>
      <trkpt lat="48.425999" lon="13.875102"><ele>283.98</ele></trkpt>
      <trkpt lat="48.426303999999995" lon="13.875464"><ele>284.32</ele></trkpt>
      <trkpt lat="48.426601999999995" lon="13.875776"><ele>284.81</ele></trkpt>
      <trkpt lat="48.426899999999996" lon="13.876021"><ele>285.38</ele></trkpt>
      <trkpt lat="48.427051" lon="13.876116"><ele>285.79</ele></trkpt>
      <trkpt lat="48.42733" lon="13.876233"><ele>286.68</ele></trkpt>
      <trkpt lat="48.427488" lon="13.876355"><ele>287.09</ele></trkpt>
      <trkpt lat="48.427547999999994" lon="13.876387999999999"><ele>287.22</ele></trkpt>
      <trkpt lat="48.427619" lon="13.876413999999999"><ele>287.4</ele></trkpt>
      <trkpt lat="48.427915999999996" lon="13.876472999999999"><ele>288</ele></trkpt>
      <trkpt lat="48.428186" lon="13.876557"><ele>288.33</ele></trkpt>
      <trkpt lat="48.428377" lon="13.876591999999999"><ele>288.48</ele></trkpt>
      <trkpt lat="48.428506" lon="13.876596999999999"><ele>288.47</ele></trkpt>
      <trkpt lat="48.42865" lon="13.876584999999999"><ele>288.52</ele></trkpt>
      <trkpt lat="48.428934999999996" lon="13.876539999999999"><ele>288.58</ele></trkpt>
      <trkpt lat="48.42932" lon="13.876603999999999"><ele>288.86</ele></trkpt>
      <trkpt lat="48.429424999999995" lon="13.876598999999999"><ele>288.97</ele></trkpt>
      <trkpt lat="48.429604" lon="13.876551"><ele>289.11</ele></trkpt>
      <trkpt lat="48.429790999999994" lon="13.876482999999999"><ele>289.09</ele></trkpt>
      <trkpt lat="48.429975" lon="13.876458999999999"><ele>288.99</ele></trkpt>
      <trkpt lat="48.430163" lon="13.876467"><ele>288.86</ele></trkpt>
      <trkpt lat="48.430245" lon="13.876453"><ele>288.75</ele></trkpt>
      <trkpt lat="48.430408" lon="13.876387999999999"><ele>288.68</ele></trkpt>
      <trkpt lat="48.430797" lon="13.87618"><ele>288.11</ele></trkpt>
      <trkpt lat="48.430949" lon="13.876066999999999"><ele>288.06</ele></trkpt>
      <trkpt lat="48.431180999999995" lon="13.875774"><ele>288.5</ele></trkpt>
      <trkpt lat="48.431235" lon="13.87572"><ele>288.51</ele></trkpt>
      <trkpt lat="48.431278" lon="13.875696999999999"><ele>288.49</ele></trkpt>
      <trkpt lat="48.431436" lon="13.875677999999999"><ele>288.48</ele></trkpt>
      <trkpt lat="48.431602" lon="13.875686"><ele>288.46</ele></trkpt>
      <trkpt lat="48.431701999999994" lon="13.875672"><ele>288.35</ele></trkpt>
      <trkpt lat="48.431812" lon="13.875637"><ele>288.3</ele></trkpt>
      <trkpt lat="48.431982" lon="13.875542999999999"><ele>288.47</ele></trkpt>
      <trkpt lat="48.432047" lon="13.875494"><ele>288.54</ele></trkpt>
      <trkpt lat="48.432189" lon="13.875357"><ele>288.37</ele></trkpt>
      <trkpt lat="48.432296" lon="13.875285"><ele>288.05</ele></trkpt>
      <trkpt lat="48.432539999999996" lon="13.875211"><ele>287.41</ele></trkpt>
      <trkpt lat="48.432604" lon="13.875181999999999"><ele>287.33</ele></trkpt>
      <trkpt lat="48.432663" lon="13.87514"><ele>287.22</ele></trkpt>
      <trkpt lat="48.433026" lon="13.874751999999999"><ele>286.63</ele></trkpt>
      <trkpt lat="48.433285" lon="13.874495"><ele>286.12</ele></trkpt>
      <trkpt lat="48.433485" lon="13.874244"><ele>286.21</ele></trkpt>
      <trkpt lat="48.433806" lon="13.873781999999999"><ele>287.25</ele></trkpt>
      <trkpt lat="48.43412" lon="13.873256999999999"><ele>289.07</ele></trkpt>
      <trkpt lat="48.434334" lon="13.872812999999999"><ele>290.04</ele></trkpt>
      <trkpt lat="48.434726999999995" lon="13.872031999999999"><ele>289.97</ele></trkpt>
      <trkpt lat="48.434988999999995" lon="13.871442"><ele>289.1</ele></trkpt>
      <trkpt lat="48.435223" lon="13.870871999999999"><ele>289.07</ele></trkpt>
      <trkpt lat="48.435426" lon="13.870432"><ele>289.13</ele></trkpt>
      <trkpt lat="48.435489" lon="13.870265"><ele>289.12</ele></trkpt>
      <trkpt lat="48.435593999999995" lon="13.869779999999999"><ele>288.78</ele></trkpt>
      <trkpt lat="48.435722999999996" lon="13.869427"><ele>288.69</ele></trkpt>
      <trkpt lat="48.435742999999995" lon="13.869344"><ele>288.68</ele></trkpt>
      <trkpt lat="48.435775" lon="13.869088"><ele>288.66</ele></trkpt>
      <trkpt lat="48.435789" lon="13.869021"><ele>288.64</ele></trkpt>
      <trkpt lat="48.435888999999996" lon="13.868744999999999"><ele>288.53</ele></trkpt>
      <trkpt lat="48.435963" lon="13.868414999999999"><ele>288.53</ele></trkpt>
      <trkpt lat="48.435992999999996" lon="13.868312999999999"><ele>288.55</ele></trkpt>
      <trkpt lat="48.436146" lon="13.867923"><ele>288.19</ele></trkpt>
      <trkpt lat="48.436212" lon="13.867735"><ele>289.28</ele></trkpt>
      <trkpt lat="48.436246999999995" lon="13.867578"><ele>289.36</ele></trkpt>
      <trkpt lat="48.43626" lon="13.867467999999999"><ele>288.39</ele></trkpt>
      <trkpt lat="48.436268999999996" lon="13.86718"><ele>286.57</ele></trkpt>
      <trkpt lat="48.436288999999995" lon="13.867089"><ele>286.23</ele></trkpt>
      <trkpt lat="48.436446" lon="13.866693999999999"><ele>285.88</ele></trkpt>
      <trkpt lat="48.436518" lon="13.866456999999999"><ele>285.22</ele></trkpt>
      <trkpt lat="48.436555999999996" lon="13.866292999999999"><ele>285.01</ele></trkpt>
      <trkpt lat="48.43662" lon="13.865922"><ele>285.02</ele></trkpt>
      <trkpt lat="48.436664" lon="13.865725999999999"><ele>285.26</ele></trkpt>
      <trkpt lat="48.436687" lon="13.865665"><ele>285.3</ele></trkpt>
      <trkpt lat="48.436969" lon="13.865257999999999"><ele>285.09</ele></trkpt>
      <trkpt lat="48.437028999999995" lon="13.86515"><ele>285.21</ele></trkpt>
      <trkpt lat="48.437681999999995" lon="13.863717999999999"><ele>285.41</ele></trkpt>
      <trkpt lat="48.437813999999996" lon="13.863462"><ele>285.5</ele></trkpt>
      <trkpt lat="48.437965" lon="13.863199999999999"><ele>285.42</ele></trkpt>
      <trkpt lat="48.438292999999994" lon="13.862689999999999"><ele>285.33</ele></trkpt>
      <trkpt lat="48.438455" lon="13.862459999999999"><ele>285.29</ele></trkpt>
      <trkpt lat="48.438801999999995" lon="13.862015"><ele>285.44</ele></trkpt>
      <trkpt lat="48.439341999999996" lon="13.861364"><ele>286.25</ele></trkpt>
      <trkpt lat="48.440033" lon="13.860615999999998"><ele>286.13</ele></trkpt>
      <trkpt lat="48.440698999999995" lon="13.859995999999999"><ele>286.04</ele></trkpt>
      <trkpt lat="48.441148" lon="13.859544"><ele>285.81</ele></trkpt>
      <trkpt lat="48.441761" lon="13.858906"><ele>284.8</ele></trkpt>
      <trkpt lat="48.442425" lon="13.858265999999999"><ele>283.81</ele></trkpt>
      <trkpt lat="48.442614999999996" lon="13.858106999999999"><ele>283.64</ele></trkpt>
      <trkpt lat="48.443552999999994" lon="13.857427999999999"><ele>283.12</ele></trkpt>
      <trkpt lat="48.444005" lon="13.857121999999999"><ele>283.18</ele></trkpt>
      <trkpt lat="48.444313" lon="13.856987"><ele>283.42</ele></trkpt>
      <trkpt lat="48.444784999999996" lon="13.856852"><ele>284.05</ele></trkpt>
      <trkpt lat="48.445223" lon="13.856783"><ele>284.88</ele></trkpt>
      <trkpt lat="48.445378" lon="13.856771"><ele>285.24</ele></trkpt>
      <trkpt lat="48.445516999999995" lon="13.856772"><ele>285.59</ele></trkpt>
      <trkpt lat="48.445657999999995" lon="13.856789"><ele>285.95</ele></trkpt>
      <trkpt lat="48.445814" lon="13.856834"><ele>286.34</ele></trkpt>
      <trkpt lat="48.446112" lon="13.856969999999999"><ele>287.13</ele></trkpt>
      <trkpt lat="48.446267999999996" lon="13.857061999999999"><ele>287.53</ele></trkpt>
      <trkpt lat="48.44672" lon="13.857406"><ele>288.27</ele></trkpt>
      <trkpt lat="48.447078" lon="13.857754"><ele>288.4</ele></trkpt>
      <trkpt lat="48.447326" lon="13.858047"><ele>288.4</ele></trkpt>
      <trkpt lat="48.447537999999994" lon="13.858388999999999"><ele>288.24</ele></trkpt>
      <trkpt lat="48.447632" lon="13.858592"><ele>288.27</ele></trkpt>
      <trkpt lat="48.44773" lon="13.858841"><ele>288.34</ele></trkpt>
      <trkpt lat="48.447806" lon="13.859065999999999"><ele>288.4</ele></trkpt>
      <trkpt lat="48.447863" lon="13.859278"><ele>288.38</ele></trkpt>
      <trkpt lat="48.447922999999996" lon="13.859551999999999"><ele>288.25</ele></trkpt>
      <trkpt lat="48.447998" lon="13.860028999999999"><ele>287.92</ele></trkpt>
      <trkpt lat="48.448048" lon="13.86052"><ele>287.63</ele></trkpt>
      <trkpt lat="48.448131" lon="13.86247"><ele>286.81</ele></trkpt>
      <trkpt lat="48.448133" lon="13.863138999999999"><ele>286.1</ele></trkpt>
      <trkpt lat="48.448116" lon="13.863386"><ele>286</ele></trkpt>
      <trkpt lat="48.448076" lon="13.863602"><ele>286.03</ele></trkpt>
      <trkpt lat="48.447888" lon="13.864314"><ele>286.55</ele></trkpt>
      <trkpt lat="48.447880999999995" lon="13.864377999999999"><ele>286.57</ele></trkpt>
      <trkpt lat="48.447893" lon="13.864507"><ele>286.36</ele></trkpt>
      <trkpt lat="48.447908999999996" lon="13.864555"><ele>286.13</ele></trkpt>
      <trkpt lat="48.447958" lon="13.864633"><ele>285.69</ele></trkpt>
      <trkpt lat="48.447998999999996" lon="13.864666"><ele>285.44</ele></trkpt>
      <trkpt lat="48.448574" lon="13.864961"><ele>282.2</ele></trkpt>
      <trkpt lat="48.448693" lon="13.865065"><ele>281.7</ele></trkpt>
      <trkpt lat="48.448550999999995" lon="13.865402999999999"><ele>281.95</ele></trkpt>
      <trkpt lat="48.448436" lon="13.865618999999999"><ele>281.96</ele></trkpt>
      <trkpt lat="48.448229" lon="13.865969"><ele>281.91</ele></trkpt>
      <trkpt lat="48.447998999999996" lon="13.866328999999999"><ele>281.62</ele></trkpt>
      <trkpt lat="48.447672" lon="13.866831999999999"><ele>281.94</ele></trkpt>
      <trkpt lat="48.447399999999995" lon="13.867230999999999"><ele>281.54</ele></trkpt>
      <trkpt lat="48.446646" lon="13.868253"><ele>281.34</ele></trkpt>
      <trkpt lat="48.446306" lon="13.868732999999999"><ele>281.53</ele></trkpt>
      <trkpt lat="48.446185" lon="13.868922"><ele>281.62</ele></trkpt>
      <trkpt lat="48.44594" lon="13.869364"><ele>282.08</ele></trkpt>
      <trkpt lat="48.445854999999995" lon="13.869537"><ele>282.25</ele></trkpt>
      <trkpt lat="48.445448" lon="13.870465"><ele>283.03</ele></trkpt>
      <trkpt lat="48.444928999999995" lon="13.87171"><ele>282.9</ele></trkpt>
      <trkpt lat="48.444590999999996" lon="13.872364999999999"><ele>283.29</ele></trkpt>
      <trkpt lat="48.444534999999995" lon="13.872492"><ele>283.47</ele></trkpt>
      <trkpt lat="48.444479" lon="13.872639999999999"><ele>283.6</ele></trkpt>
      <trkpt lat="48.444396999999995" lon="13.872907"><ele>283.82</ele></trkpt>
      <trkpt lat="48.444053" lon="13.87407"><ele>284.16</ele></trkpt>
      <trkpt lat="48.443894" lon="13.874747"><ele>283.97</ele></trkpt>
      <trkpt lat="48.443745" lon="13.875513999999999"><ele>283.49</ele></trkpt>
      <trkpt lat="48.443717" lon="13.875726"><ele>283.49</ele></trkpt>
      <trkpt lat="48.443619999999996" lon="13.876679"><ele>283.33</ele></trkpt>
      <trkpt lat="48.443549" lon="13.877606"><ele>284.05</ele></trkpt>
      <trkpt lat="48.443512999999996" lon="13.879921"><ele>286.2</ele></trkpt>
      <trkpt lat="48.443515999999995" lon="13.880213999999999"><ele>286.11</ele></trkpt>
      <trkpt lat="48.44354" lon="13.880834"><ele>285.26</ele></trkpt>
      <trkpt lat="48.44357" lon="13.881476"><ele>283.88</ele></trkpt>
      <trkpt lat="48.443588" lon="13.881704"><ele>284</ele></trkpt>
      <trkpt lat="48.443628" lon="13.881974"><ele>284.21</ele></trkpt>
      <trkpt lat="48.443701999999995" lon="13.882330999999999"><ele>284.64</ele></trkpt>
      <trkpt lat="48.443718" lon="13.88252"><ele>284.93</ele></trkpt>
      <trkpt lat="48.443756" lon="13.884801999999999"><ele>287.05</ele></trkpt>
      <trkpt lat="48.443825999999994" lon="13.885878"><ele>285.33</ele></trkpt>
      <trkpt lat="48.443827999999996" lon="13.886"><ele>285.37</ele></trkpt>
      <trkpt lat="48.443816999999996" lon="13.886311"><ele>285.52</ele></trkpt>
      <trkpt lat="48.443782999999996" lon="13.886716"><ele>285.59</ele></trkpt>
      <trkpt lat="48.443777999999995" lon="13.886880999999999"><ele>285.64</ele></trkpt>
      <trkpt lat="48.443799" lon="13.887172"><ele>285.73</ele></trkpt>
      <trkpt lat="48.443838" lon="13.887398999999998"><ele>285.77</ele></trkpt>
      <trkpt lat="48.443895999999995" lon="13.887663"><ele>285.63</ele></trkpt>
      <trkpt lat="48.444173" lon="13.888611"><ele>284.27</ele></trkpt>
      <trkpt lat="48.444448" lon="13.889381"><ele>283.93</ele></trkpt>
      <trkpt lat="48.445023" lon="13.890772"><ele>284.88</ele></trkpt>
      <trkpt lat="48.445397" lon="13.891598"><ele>285.04</ele></trkpt>
      <trkpt lat="48.445648999999996" lon="13.892253"><ele>285.14</ele></trkpt>
      <trkpt lat="48.445757" lon="13.892615999999999"><ele>285.36</ele></trkpt>
      <trkpt lat="48.445803" lon="13.892747"><ele>285.69</ele></trkpt>
      <trkpt lat="48.445857" lon="13.892864"><ele>286.07</ele></trkpt>
      <trkpt lat="48.446199" lon="13.893505"><ele>286.51</ele></trkpt>
      <trkpt lat="48.446276999999995" lon="13.893635"><ele>286.67</ele></trkpt>
      <trkpt lat="48.446554" lon="13.894063"><ele>286.5</ele></trkpt>
      <trkpt lat="48.446608999999995" lon="13.894136"><ele>286.31</ele></trkpt>
      <trkpt lat="48.446725" lon="13.89426"><ele>285.98</ele></trkpt>
      <trkpt lat="48.44678" lon="13.89434"><ele>285.81</ele></trkpt>
      <trkpt lat="48.446864" lon="13.894511"><ele>285.8</ele></trkpt>
      <trkpt lat="48.446982999999996" lon="13.894881"><ele>285.98</ele></trkpt>
      <trkpt lat="48.447052" lon="13.89505"><ele>286.08</ele></trkpt>
      <trkpt lat="48.447587999999996" lon="13.896077"><ele>285.31</ele></trkpt>
      <trkpt lat="48.447787999999996" lon="13.896410999999999"><ele>284.95</ele></trkpt>
      <trkpt lat="48.448527" lon="13.897552"><ele>284.94</ele></trkpt>
      <trkpt lat="48.448609" lon="13.897692999999999"><ele>285.04</ele></trkpt>
      <trkpt lat="48.448817999999996" lon="13.898152999999999"><ele>285.15</ele></trkpt>
      <trkpt lat="48.448893" lon="13.898289"><ele>285.13</ele></trkpt>
      <trkpt lat="48.448978" lon="13.898413"><ele>285.13</ele></trkpt>
      <trkpt lat="48.449532999999995" lon="13.899153"><ele>284.68</ele></trkpt>
      <trkpt lat="48.449666" lon="13.899343"><ele>284.56</ele></trkpt>
      <trkpt lat="48.44994" lon="13.899790999999999"><ele>284.51</ele></trkpt>
      <trkpt lat="48.450866" lon="13.901228999999999"><ele>284.73</ele></trkpt>
      <trkpt lat="48.451066999999995" lon="13.901496"><ele>284.43</ele></trkpt>
      <trkpt lat="48.451204999999995" lon="13.901665"><ele>284.24</ele></trkpt>
      <trkpt lat="48.451867" lon="13.902382"><ele>283.96</ele></trkpt>
      <trkpt lat="48.451972" lon="13.90251"><ele>284.04</ele></trkpt>
      <trkpt lat="48.452892999999996" lon="13.903754"><ele>285.07</ele></trkpt>
      <trkpt lat="48.453024" lon="13.903958"><ele>285.01</ele></trkpt>
      <trkpt lat="48.453071" lon="13.904053"><ele>284.98</ele></trkpt>
      <trkpt lat="48.453269999999996" lon="13.904568999999999"><ele>284.97</ele></trkpt>
      <trkpt lat="48.453340999999995" lon="13.904789"><ele>284.92</ele></trkpt>
      <trkpt lat="48.453396" lon="13.904997"><ele>284.95</ele></trkpt>
      <trkpt lat="48.453435" lon="13.90519"><ele>284.9</ele></trkpt>
      <trkpt lat="48.453461" lon="13.905375"><ele>284.89</ele></trkpt>
      <trkpt lat="48.453502" lon="13.905942999999999"><ele>284.95</ele></trkpt>
      <trkpt lat="48.453505" lon="13.906386"><ele>284.58</ele></trkpt>
      <trkpt lat="48.453499" lon="13.906632"><ele>284.33</ele></trkpt>
      <trkpt lat="48.453485" lon="13.906844999999999"><ele>284.19</ele></trkpt>
      <trkpt lat="48.453461999999995" lon="13.907053999999999"><ele>284.13</ele></trkpt>
      <trkpt lat="48.453395" lon="13.907475999999999"><ele>283.94</ele></trkpt>
      <trkpt lat="48.4533" lon="13.907891"><ele>283.76</ele></trkpt>
      <trkpt lat="48.453236999999994" lon="13.908116999999999"><ele>283.7</ele></trkpt>
      <trkpt lat="48.453074" lon="13.908602"><ele>283.7</ele></trkpt>
      <trkpt lat="48.452878999999996" lon="13.909073999999999"><ele>283.66</ele></trkpt>
      <trkpt lat="48.452749999999995" lon="13.909327999999999"><ele>283.62</ele></trkpt>
      <trkpt lat="48.450427" lon="13.913475"><ele>283.47</ele></trkpt>
      <trkpt lat="48.450171" lon="13.914005"><ele>283.85</ele></trkpt>
      <trkpt lat="48.450071" lon="13.914190999999999"><ele>284.04</ele></trkpt>
      <trkpt lat="48.448713" lon="13.916583"><ele>284.54</ele></trkpt>
      <trkpt lat="48.448358" lon="13.91713"><ele>284.09</ele></trkpt>
      <trkpt lat="48.448147" lon="13.917385"><ele>283.72</ele></trkpt>
      <trkpt lat="48.447970999999995" lon="13.91756"><ele>283.45</ele></trkpt>
      <trkpt lat="48.447675" lon="13.917824"><ele>283.42</ele></trkpt>
      <trkpt lat="48.447544" lon="13.917919"><ele>283.44</ele></trkpt>
      <trkpt lat="48.447049" lon="13.918211999999999"><ele>282.96</ele></trkpt>
      <trkpt lat="48.446757999999996" lon="13.918355"><ele>282.59</ele></trkpt>
      <trkpt lat="48.446458" lon="13.918465"><ele>282.05</ele></trkpt>
      <trkpt lat="48.446208" lon="13.918529999999999"><ele>282.15</ele></trkpt>
      <trkpt lat="48.445721" lon="13.918600999999999"><ele>281.59</ele></trkpt>
      <trkpt lat="48.445639" lon="13.918585"><ele>281.77</ele></trkpt>
      <trkpt lat="48.445581" lon="13.91851"><ele>282.01</ele></trkpt>
      <trkpt lat="48.445518" lon="13.918457"><ele>282</ele></trkpt>
      <trkpt lat="48.445304" lon="13.918374"><ele>282.41</ele></trkpt>
      <trkpt lat="48.444911" lon="13.918146"><ele>283.73</ele></trkpt>
      <trkpt lat="48.444067" lon="13.917743999999999"><ele>286.02</ele></trkpt>
      <trkpt lat="48.443779" lon="13.917617"><ele>286.51</ele></trkpt>
      <trkpt lat="48.443377999999996" lon="13.917480999999999"><ele>286.4</ele></trkpt>
      <trkpt lat="48.443055" lon="13.917415"><ele>286.02</ele></trkpt>
      <trkpt lat="48.441838999999995" lon="13.917337"><ele>285.07</ele></trkpt>
      <trkpt lat="48.441451" lon="13.917297"><ele>284.79</ele></trkpt>
      <trkpt lat="48.440422999999996" lon="13.917007"><ele>285.8</ele></trkpt>
      <trkpt lat="48.44028" lon="13.917245999999999"><ele>283.93</ele></trkpt>
      <trkpt lat="48.439836" lon="13.917631"><ele>281.83</ele></trkpt>
      <trkpt lat="48.439718" lon="13.917682"><ele>281.81</ele></trkpt>
      <trkpt lat="48.439588" lon="13.917705"><ele>281.8</ele></trkpt>
      <trkpt lat="48.43928" lon="13.917717999999999"><ele>281.69</ele></trkpt>
      <trkpt lat="48.438680999999995" lon="13.917791"><ele>281.85</ele></trkpt>
      <trkpt lat="48.437535999999994" lon="13.91799"><ele>282.97</ele></trkpt>
      <trkpt lat="48.437348" lon="13.918052"><ele>283.36</ele></trkpt>
      <trkpt lat="48.437163999999996" lon="13.918156999999999"><ele>283.79</ele></trkpt>
      <trkpt lat="48.436448999999996" lon="13.918702999999999"><ele>285.07</ele></trkpt>
      <trkpt lat="48.435573999999995" lon="13.919554"><ele>283.85</ele></trkpt>
      <trkpt lat="48.435364" lon="13.919664"><ele>283.42</ele></trkpt>
      <trkpt lat="48.434746999999994" lon="13.919849"><ele>283.44</ele></trkpt>
      <trkpt lat="48.434487" lon="13.920072"><ele>283.6</ele></trkpt>
      <trkpt lat="48.434222" lon="13.920425"><ele>284.31</ele></trkpt>
      <trkpt lat="48.434081" lon="13.920582"><ele>284.49</ele></trkpt>
      <trkpt lat="48.43394" lon="13.920618"><ele>284.48</ele></trkpt>
      <trkpt lat="48.433783" lon="13.920715999999999"><ele>284.37</ele></trkpt>
      <trkpt lat="48.433523" lon="13.920988999999999"><ele>284.19</ele></trkpt>
      <trkpt lat="48.433063" lon="13.921427"><ele>284.07</ele></trkpt>
      <trkpt lat="48.43289" lon="13.921531"><ele>283.96</ele></trkpt>
      <trkpt lat="48.432443" lon="13.922098"><ele>283.2</ele></trkpt>
      <trkpt lat="48.432218999999996" lon="13.922331999999999"><ele>282.36</ele></trkpt>
      <trkpt lat="48.431821" lon="13.922533"><ele>283.43</ele></trkpt>
      <trkpt lat="48.430743" lon="13.923478"><ele>283.91</ele></trkpt>
      <trkpt lat="48.430336" lon="13.923713999999999"><ele>283.94</ele></trkpt>
      <trkpt lat="48.429553999999996" lon="13.923934"><ele>282.74</ele></trkpt>
      <trkpt lat="48.429179" lon="13.923998"><ele>282.22</ele></trkpt>
      <trkpt lat="48.428816999999995" lon="13.924106"><ele>282.07</ele></trkpt>
      <trkpt lat="48.427605" lon="13.924584"><ele>282.8</ele></trkpt>
      <trkpt lat="48.427313999999996" lon="13.924634"><ele>282.94</ele></trkpt>
      <trkpt lat="48.426935" lon="13.924602"><ele>283.61</ele></trkpt>
      <trkpt lat="48.426545" lon="13.924538"><ele>283.66</ele></trkpt>
      <trkpt lat="48.423992999999996" lon="13.92396"><ele>281.65</ele></trkpt>
      <trkpt lat="48.422793" lon="13.923731"><ele>281.54</ele></trkpt>
      <trkpt lat="48.421543" lon="13.923594"><ele>281.71</ele></trkpt>
      <trkpt lat="48.420773" lon="13.923528999999998"><ele>281.41</ele></trkpt>
      <trkpt lat="48.420462" lon="13.923525999999999"><ele>281.42</ele></trkpt>
      <trkpt lat="48.419762999999996" lon="13.923558"><ele>281.72</ele></trkpt>
      <trkpt lat="48.419362" lon="13.923634"><ele>282.14</ele></trkpt>
      <trkpt lat="48.418969999999995" lon="13.923739999999999"><ele>282.3</ele></trkpt>
      <trkpt lat="48.418732999999996" lon="13.923817"><ele>282.5</ele></trkpt>
      <trkpt lat="48.418565" lon="13.923895"><ele>282.54</ele></trkpt>
      <trkpt lat="48.418212" lon="13.924135999999999"><ele>282.76</ele></trkpt>
      <trkpt lat="48.417741" lon="13.924577999999999"><ele>283.89</ele></trkpt>
      <trkpt lat="48.417387999999995" lon="13.924857999999999"><ele>283.79</ele></trkpt>
      <trkpt lat="48.417123" lon="13.925002"><ele>283.83</ele></trkpt>
      <trkpt lat="48.416506999999996" lon="13.925248"><ele>283.73</ele></trkpt>
      <trkpt lat="48.415836999999996" lon="13.925754999999999"><ele>283.83</ele></trkpt>
      <trkpt lat="48.415428999999996" lon="13.926086999999999"><ele>283.95</ele></trkpt>
      <trkpt lat="48.414939" lon="13.926433"><ele>284</ele></trkpt>
      <trkpt lat="48.41464" lon="13.926779"><ele>284.21</ele></trkpt>
      <trkpt lat="48.414504" lon="13.926979"><ele>284.11</ele></trkpt>
      <trkpt lat="48.414316" lon="13.927328999999999"><ele>283.71</ele></trkpt>
      <trkpt lat="48.41408" lon="13.927622999999999"><ele>283.3</ele></trkpt>
      <trkpt lat="48.41385" lon="13.927837"><ele>283.13</ele></trkpt>
      <trkpt lat="48.413416999999995" lon="13.928042"><ele>283.18</ele></trkpt>
      <trkpt lat="48.413250999999995" lon="13.928144"><ele>283.47</ele></trkpt>
      <trkpt lat="48.413047" lon="13.928363"><ele>283.9</ele></trkpt>
      <trkpt lat="48.412805" lon="13.928685"><ele>284.28</ele></trkpt>
      <trkpt lat="48.412237" lon="13.929514"><ele>283.94</ele></trkpt>
      <trkpt lat="48.411781999999995" lon="13.930062"><ele>283.51</ele></trkpt>
      <trkpt lat="48.411459" lon="13.930252"><ele>283.3</ele></trkpt>
      <trkpt lat="48.411010999999995" lon="13.930568"><ele>283.21</ele></trkpt>
      <trkpt lat="48.410270999999995" lon="13.930992999999999"><ele>283.97</ele></trkpt>
      <trkpt lat="48.409879" lon="13.931199"><ele>283.95</ele></trkpt>
      <trkpt lat="48.409532" lon="13.93142"><ele>283.63</ele></trkpt>
      <trkpt lat="48.408654" lon="13.932013"><ele>283.09</ele></trkpt>
      <trkpt lat="48.408139999999996" lon="13.932323"><ele>283.2</ele></trkpt>
      <trkpt lat="48.407700999999996" lon="13.932637"><ele>282.96</ele></trkpt>
      <trkpt lat="48.407222999999995" lon="13.933088999999999"><ele>282.66</ele></trkpt>
      <trkpt lat="48.406698999999996" lon="13.933675"><ele>282.78</ele></trkpt>
      <trkpt lat="48.405487" lon="13.934947"><ele>283.24</ele></trkpt>
      <trkpt lat="48.404505" lon="13.936015"><ele>282.65</ele></trkpt>
      <trkpt lat="48.404118999999994" lon="13.936549"><ele>282.11</ele></trkpt>
      <trkpt lat="48.403742" lon="13.937118"><ele>281.61</ele></trkpt>
      <trkpt lat="48.403256999999996" lon="13.937911"><ele>281.33</ele></trkpt>
      <trkpt lat="48.40305" lon="13.938346"><ele>281.27</ele></trkpt>
      <trkpt lat="48.402856" lon="13.938804999999999"><ele>281.56</ele></trkpt>
      <trkpt lat="48.402508999999995" lon="13.939744"><ele>281.77</ele></trkpt>
      <trkpt lat="48.402211" lon="13.940742"><ele>282.45</ele></trkpt>
      <trkpt lat="48.402107" lon="13.941170999999999"><ele>283.4</ele></trkpt>
      <trkpt lat="48.40204" lon="13.941571"><ele>284.3</ele></trkpt>
      <trkpt lat="48.402049999999996" lon="13.942057"><ele>285.11</ele></trkpt>
      <trkpt lat="48.402111" lon="13.942687999999999"><ele>285.01</ele></trkpt>
      <trkpt lat="48.402187" lon="13.943221"><ele>284.33</ele></trkpt>
      <trkpt lat="48.402533" lon="13.944932999999999"><ele>283.69</ele></trkpt>
      <trkpt lat="48.403006999999995" lon="13.946672999999999"><ele>284.09</ele></trkpt>
      <trkpt lat="48.403557" lon="13.948286"><ele>284.5</ele></trkpt>
      <trkpt lat="48.403831" lon="13.948903999999999"><ele>283.97</ele></trkpt>
      <trkpt lat="48.404196" lon="13.949617"><ele>283.73</ele></trkpt>
      <trkpt lat="48.404607999999996" lon="13.950242"><ele>283.82</ele></trkpt>
      <trkpt lat="48.405103999999994" lon="13.95084"><ele>284.14</ele></trkpt>
      <trkpt lat="48.405865999999996" lon="13.951507999999999"><ele>284.03</ele></trkpt>
      <trkpt lat="48.406639" lon="13.952154"><ele>282.83</ele></trkpt>
      <trkpt lat="48.407194999999994" lon="13.952523999999999"><ele>282.66</ele></trkpt>
      <trkpt lat="48.408642" lon="13.953353"><ele>284.14</ele></trkpt>
      <trkpt lat="48.411352" lon="13.954018999999999"><ele>283.91</ele></trkpt>
      <trkpt lat="48.412416" lon="13.954132"><ele>283.92</ele></trkpt>
      <trkpt lat="48.413613" lon="13.954664"><ele>285.74</ele></trkpt>
      <trkpt lat="48.414604" lon="13.955452999999999"><ele>287.68</ele></trkpt>
      <trkpt lat="48.415399" lon="13.956071999999999"><ele>285.23</ele></trkpt>
      <trkpt lat="48.415718999999996" lon="13.956617"><ele>283.56</ele></trkpt>
      <trkpt lat="48.416002" lon="13.957234"><ele>282.34</ele></trkpt>
      <trkpt lat="48.416128" lon="13.957932999999999"><ele>281.84</ele></trkpt>
      <trkpt lat="48.416191" lon="13.958651999999999"><ele>281.66</ele></trkpt>
      <trkpt lat="48.416169" lon="13.959213"><ele>281.65</ele></trkpt>
      <trkpt lat="48.416137" lon="13.959581"><ele>281.65</ele></trkpt>
      <trkpt lat="48.416084999999995" lon="13.959945"><ele>281.66</ele></trkpt>
      <trkpt lat="48.41585" lon="13.961350999999999"><ele>281.85</ele></trkpt>
      <trkpt lat="48.415282" lon="13.965033"><ele>281.87</ele></trkpt>
      <trkpt lat="48.415020999999996" lon="13.967067"><ele>282.69</ele></trkpt>
      <trkpt lat="48.415011" lon="13.967713999999999"><ele>281.85</ele></trkpt>
      <trkpt lat="48.415056" lon="13.968651"><ele>282.31</ele></trkpt>
      <trkpt lat="48.415169999999996" lon="13.969641"><ele>283.91</ele></trkpt>
      <trkpt lat="48.415434999999995" lon="13.971523"><ele>284.18</ele></trkpt>
      <trkpt lat="48.415555" lon="13.972012999999999"><ele>284.04</ele></trkpt>
      <trkpt lat="48.415693" lon="13.972449999999998"><ele>283.82</ele></trkpt>
      <trkpt lat="48.415878" lon="13.972933"><ele>284.07</ele></trkpt>
      <trkpt lat="48.416064" lon="13.973282"><ele>284.48</ele></trkpt>
      <trkpt lat="48.416331" lon="13.973657"><ele>284.64</ele></trkpt>
      <trkpt lat="48.416689" lon="13.973968"><ele>285</ele></trkpt>
      <trkpt lat="48.416978" lon="13.974366999999999"><ele>285.18</ele></trkpt>
      <trkpt lat="48.417835" lon="13.975714"><ele>285.26</ele></trkpt>
      <trkpt lat="48.41825" lon="13.976543"><ele>285.5</ele></trkpt>
      <trkpt lat="48.418485999999994" lon="13.977342"><ele>284.51</ele></trkpt>
      <trkpt lat="48.418620999999995" lon="13.97764"><ele>283.96</ele></trkpt>
      <trkpt lat="48.418875" lon="13.97804"><ele>283.06</ele></trkpt>
      <trkpt lat="48.419739" lon="13.980169"><ele>284.02</ele></trkpt>
      <trkpt lat="48.420071" lon="13.981081999999999"><ele>285.6</ele></trkpt>
      <trkpt lat="48.420244" lon="13.981620999999999"><ele>284.88</ele></trkpt>
      <trkpt lat="48.420308" lon="13.981983"><ele>283.74</ele></trkpt>
      <trkpt lat="48.420336" lon="13.982387"><ele>282.5</ele></trkpt>
      <trkpt lat="48.420339999999996" lon="13.982832"><ele>281.85</ele></trkpt>
      <trkpt lat="48.420311" lon="13.983512"><ele>281.88</ele></trkpt>
      <trkpt lat="48.420291999999996" lon="13.983794999999999"><ele>281.95</ele></trkpt>
      <trkpt lat="48.420266" lon="13.984022999999999"><ele>281.54</ele></trkpt>
      <trkpt lat="48.420237" lon="13.984233"><ele>281.15</ele></trkpt>
      <trkpt lat="48.420176" lon="13.984554999999999"><ele>281.38</ele></trkpt>
      <trkpt lat="48.420106" lon="13.98484"><ele>281.34</ele></trkpt>
      <trkpt lat="48.419900999999996" lon="13.985571"><ele>281.36</ele></trkpt>
      <trkpt lat="48.419674" lon="13.986267"><ele>281.54</ele></trkpt>
      <trkpt lat="48.419557" lon="13.986587"><ele>281.6</ele></trkpt>
      <trkpt lat="48.419419" lon="13.98692"><ele>281.17</ele></trkpt>
      <trkpt lat="48.419137" lon="13.987541"><ele>281.87</ele></trkpt>
      <trkpt lat="48.417991" lon="13.98986"><ele>283.03</ele></trkpt>
      <trkpt lat="48.41703" lon="13.992078"><ele>285</ele></trkpt>
      <trkpt lat="48.416311" lon="13.993651"><ele>285.77</ele></trkpt>
      <trkpt lat="48.416188" lon="13.993948999999999"><ele>285.59</ele></trkpt>
      <trkpt lat="48.416067" lon="13.994301"><ele>285.33</ele></trkpt>
      <trkpt lat="48.415941" lon="13.99476"><ele>285.39</ele></trkpt>
      <trkpt lat="48.415873999999995" lon="13.994964999999999"><ele>285.35</ele></trkpt>
      <trkpt lat="48.415783999999995" lon="13.995191"><ele>285.45</ele></trkpt>
      <trkpt lat="48.415417999999995" lon="13.995930999999999"><ele>286.66</ele></trkpt>
      <trkpt lat="48.41515" lon="13.996438999999999"><ele>287.19</ele></trkpt>
      <trkpt lat="48.414843" lon="13.996991999999999"><ele>287.64</ele></trkpt>
      <trkpt lat="48.414755" lon="13.997136999999999"><ele>287.85</ele></trkpt>
      <trkpt lat="48.414653" lon="13.997266999999999"><ele>287.99</ele></trkpt>
      <trkpt lat="48.414224999999995" lon="13.997703"><ele>287.98</ele></trkpt>
      <trkpt lat="48.413792" lon="13.998088"><ele>287.15</ele></trkpt>
      <trkpt lat="48.413506999999996" lon="13.998275"><ele>285.84</ele></trkpt>
      <trkpt lat="48.413259" lon="13.99841"><ele>284.96</ele></trkpt>
      <trkpt lat="48.413076" lon="13.998489"><ele>284.26</ele></trkpt>
      <trkpt lat="48.412921" lon="13.998541"><ele>283.6</ele></trkpt>
      <trkpt lat="48.411767" lon="13.998802"><ele>282.06</ele></trkpt>
      <trkpt lat="48.411362" lon="13.998904999999999"><ele>282.23</ele></trkpt>
      <trkpt lat="48.411167999999996" lon="13.998966999999999"><ele>282.2</ele></trkpt>
      <trkpt lat="48.410844" lon="13.999091"><ele>281.97</ele></trkpt>
      <trkpt lat="48.410595" lon="13.999148"><ele>281.97</ele></trkpt>
      <trkpt lat="48.410357" lon="13.999153999999999"><ele>282.04</ele></trkpt>
      <trkpt lat="48.409879" lon="13.999125999999999"><ele>282.21</ele></trkpt>
      <trkpt lat="48.409683" lon="13.999143"><ele>282.21</ele></trkpt>
      <trkpt lat="48.40915" lon="13.999232"><ele>282.72</ele></trkpt>
      <trkpt lat="48.408788" lon="13.999334999999999"><ele>282.95</ele></trkpt>
      <trkpt lat="48.408595999999996" lon="13.999405"><ele>283.07</ele></trkpt>
      <trkpt lat="48.407866" lon="13.999742"><ele>283.15</ele></trkpt>
      <trkpt lat="48.40779" lon="13.999799"><ele>283.14</ele></trkpt>
      <trkpt lat="48.407708" lon="13.999882999999999"><ele>283.11</ele></trkpt>
      <trkpt lat="48.407371" lon="14.000295999999999"><ele>283.1</ele></trkpt>
      <trkpt lat="48.40699" lon="14.000653"><ele>282.78</ele></trkpt>
      <trkpt lat="48.406769" lon="14.000819"><ele>282.78</ele></trkpt>
      <trkpt lat="48.406487" lon="14.001092"><ele>283.09</ele></trkpt>
      <trkpt lat="48.406365" lon="14.001235999999999"><ele>283.23</ele></trkpt>
      <trkpt lat="48.406081" lon="14.001652"><ele>283.91</ele></trkpt>
      <trkpt lat="48.40596" lon="14.001778"><ele>284.19</ele></trkpt>
      <trkpt lat="48.405820999999996" lon="14.001904"><ele>284.5</ele></trkpt>
      <trkpt lat="48.4054" lon="14.002229999999999"><ele>284.72</ele></trkpt>
      <trkpt lat="48.403318999999996" lon="14.004104"><ele>284.16</ele></trkpt>
      <trkpt lat="48.402981999999994" lon="14.004384"><ele>284.35</ele></trkpt>
      <trkpt lat="48.402201" lon="14.004987"><ele>284.21</ele></trkpt>
      <trkpt lat="48.402001" lon="14.005125999999999"><ele>284.34</ele></trkpt>
      <trkpt lat="48.401621" lon="14.005438999999999"><ele>284.7</ele></trkpt>
      <trkpt lat="48.401452" lon="14.005609"><ele>284.75</ele></trkpt>
      <trkpt lat="48.401095" lon="14.006001"><ele>284.49</ele></trkpt>
      <trkpt lat="48.40063" lon="14.006575"><ele>283.9</ele></trkpt>
      <trkpt lat="48.400483" lon="14.006739999999999"><ele>283.91</ele></trkpt>
      <trkpt lat="48.400223" lon="14.006967999999999"><ele>283.92</ele></trkpt>
      <trkpt lat="48.399775999999996" lon="14.007276"><ele>283.72</ele></trkpt>
      <trkpt lat="48.399609999999996" lon="14.007406999999999"><ele>283.64</ele></trkpt>
      <trkpt lat="48.399228" lon="14.007748999999999"><ele>283.11</ele></trkpt>
      <trkpt lat="48.398899" lon="14.008132999999999"><ele>282.46</ele></trkpt>
      <trkpt lat="48.398454" lon="14.008683999999999"><ele>281.76</ele></trkpt>
      <trkpt lat="48.398212" lon="14.008999"><ele>281.69</ele></trkpt>
      <trkpt lat="48.39803" lon="14.009253999999999"><ele>281.78</ele></trkpt>
      <trkpt lat="48.397852" lon="14.009526"><ele>282.04</ele></trkpt>
      <trkpt lat="48.397633" lon="14.0099"><ele>285.36</ele></trkpt>
      <trkpt lat="48.397552" lon="14.010017999999999"><ele>285.27</ele></trkpt>
      <trkpt lat="48.397439999999996" lon="14.01015"><ele>285.19</ele></trkpt>
      <trkpt lat="48.397079" lon="14.010532999999999"><ele>285.05</ele></trkpt>
      <trkpt lat="48.396457999999996" lon="14.011178"><ele>284.5</ele></trkpt>
      <trkpt lat="48.396319" lon="14.011356"><ele>284.48</ele></trkpt>
      <trkpt lat="48.396093" lon="14.011676"><ele>284.35</ele></trkpt>
      <trkpt lat="48.395945999999995" lon="14.011863"><ele>284.37</ele></trkpt>
      <trkpt lat="48.395537999999995" lon="14.012324"><ele>284.79</ele></trkpt>
      <trkpt lat="48.395371999999995" lon="14.012492"><ele>284.83</ele></trkpt>
      <trkpt lat="48.394884" lon="14.012932"><ele>284.88</ele></trkpt>
      <trkpt lat="48.394619999999996" lon="14.013126999999999"><ele>284.57</ele></trkpt>
      <trkpt lat="48.394453" lon="14.013231"><ele>284.45</ele></trkpt>
      <trkpt lat="48.394137" lon="14.013395"><ele>284.22</ele></trkpt>
      <trkpt lat="48.393826999999995" lon="14.013532999999999"><ele>283.72</ele></trkpt>
      <trkpt lat="48.393065" lon="14.013845"><ele>282.31</ele></trkpt>
      <trkpt lat="48.392312" lon="14.014178999999999"><ele>281.65</ele></trkpt>
      <trkpt lat="48.391929999999995" lon="14.014318"><ele>282.01</ele></trkpt>
      <trkpt lat="48.388922" lon="14.015255999999999"><ele>282.49</ele></trkpt>
      <trkpt lat="48.388768999999996" lon="14.015324999999999"><ele>282.46</ele></trkpt>
      <trkpt lat="48.388414" lon="14.015509999999999"><ele>282.56</ele></trkpt>
      <trkpt lat="48.388051999999995" lon="14.015749"><ele>282.74</ele></trkpt>
      <trkpt lat="48.387823999999995" lon="14.015929999999999"><ele>282.77</ele></trkpt>
      <trkpt lat="48.386277" lon="14.017339"><ele>282.19</ele></trkpt>
      <trkpt lat="48.385692" lon="14.017916"><ele>282.7</ele></trkpt>
      <trkpt lat="48.385396" lon="14.018193"><ele>282.87</ele></trkpt>
      <trkpt lat="48.385073999999996" lon="14.018519"><ele>282.7</ele></trkpt>
      <trkpt lat="48.383036999999995" lon="14.020710999999999"><ele>281.22</ele></trkpt>
      <trkpt lat="48.382742" lon="14.021065"><ele>280.6</ele></trkpt>
      <trkpt lat="48.382614" lon="14.021243"><ele>280.07</ele></trkpt>
      <trkpt lat="48.382428999999995" lon="14.021531"><ele>279.06</ele></trkpt>
      <trkpt lat="48.381001999999995" lon="14.023868"><ele>276.97</ele></trkpt>
      <trkpt lat="48.380812999999996" lon="14.024149"><ele>276.94</ele></trkpt>
      <trkpt lat="48.380646" lon="14.024376"><ele>276.94</ele></trkpt>
      <trkpt lat="48.380393" lon="14.024690999999999"><ele>276.43</ele></trkpt>
      <trkpt lat="48.380224999999996" lon="14.024885"><ele>276.33</ele></trkpt>
      <trkpt lat="48.380016" lon="14.025107"><ele>276.14</ele></trkpt>
      <trkpt lat="48.379529999999995" lon="14.025528999999999"><ele>275.87</ele></trkpt>
      <trkpt lat="48.37931" lon="14.025704"><ele>275.74</ele></trkpt>
      <trkpt lat="48.378631" lon="14.026212"><ele>274.13</ele></trkpt>
      <trkpt lat="48.378111" lon="14.026587"><ele>273.59</ele></trkpt>
      <trkpt lat="48.377786" lon="14.026800999999999"><ele>273.24</ele></trkpt>
      <trkpt lat="48.377528" lon="14.026959"><ele>273.03</ele></trkpt>
      <trkpt lat="48.377288" lon="14.027088"><ele>272.59</ele></trkpt>
      <trkpt lat="48.376869" lon="14.027303999999999"><ele>272.56</ele></trkpt>
      <trkpt lat="48.376341" lon="14.027538"><ele>272.16</ele></trkpt>
      <trkpt lat="48.376073999999996" lon="14.027641"><ele>271.9</ele></trkpt>
      <trkpt lat="48.375713" lon="14.027759"><ele>271.11</ele></trkpt>
      <trkpt lat="48.374721" lon="14.028039999999999"><ele>270.33</ele></trkpt>
      <trkpt lat="48.374122" lon="14.028165999999999"><ele>269.51</ele></trkpt>
      <trkpt lat="48.373331" lon="14.028229"><ele>268.67</ele></trkpt>
      <trkpt lat="48.372575999999995" lon="14.028257"><ele>268.22</ele></trkpt>
      <trkpt lat="48.372402" lon="14.028243"><ele>268.04</ele></trkpt>
      <trkpt lat="48.372229" lon="14.028198999999999"><ele>268</ele></trkpt>
      <trkpt lat="48.372212" lon="14.028388999999999"><ele>267.18</ele></trkpt>
      <trkpt lat="48.37142" lon="14.028172"><ele>266.53</ele></trkpt>
      <trkpt lat="48.370841999999996" lon="14.027956"><ele>266.38</ele></trkpt>
      <trkpt lat="48.370422" lon="14.027735999999999"><ele>266.66</ele></trkpt>
      <trkpt lat="48.370290999999995" lon="14.027643999999999"><ele>266.52</ele></trkpt>
      <trkpt lat="48.369367999999994" lon="14.027171"><ele>266.51</ele></trkpt>
      <trkpt lat="48.368465" lon="14.026693"><ele>266.67</ele></trkpt>
      <trkpt lat="48.367743999999995" lon="14.026328999999999"><ele>266.19</ele></trkpt>
      <trkpt lat="48.366982" lon="14.025894"><ele>266.48</ele></trkpt>
      <trkpt lat="48.366665999999995" lon="14.025734"><ele>265.72</ele></trkpt>
      <trkpt lat="48.364745" lon="14.024849"><ele>266.05</ele></trkpt>
      <trkpt lat="48.364711" lon="14.02482"><ele>266.06</ele></trkpt>
      <trkpt lat="48.364630999999996" lon="14.024719"><ele>266.08</ele></trkpt>
      <trkpt lat="48.364596" lon="14.024697"><ele>266.08</ele></trkpt>
      <trkpt lat="48.363420999999995" lon="14.024191"><ele>266.79</ele></trkpt>
      <trkpt lat="48.363304" lon="14.024092"><ele>266.72</ele></trkpt>
      <trkpt lat="48.363229" lon="14.024045"><ele>266.37</ele></trkpt>
      <trkpt lat="48.362449" lon="14.023774"><ele>266.27</ele></trkpt>
      <trkpt lat="48.362155" lon="14.023653999999999"><ele>266.32</ele></trkpt>
      <trkpt lat="48.361306" lon="14.023190999999999"><ele>266.38</ele></trkpt>
      <trkpt lat="48.361231" lon="14.023202999999999"><ele>266.33</ele></trkpt>
      <trkpt lat="48.360158" lon="14.022685"><ele>266.19</ele></trkpt>
      <trkpt lat="48.360043" lon="14.022665"><ele>266.14</ele></trkpt>
      <trkpt lat="48.359307" lon="14.022399"><ele>265.73</ele></trkpt>
      <trkpt lat="48.358118" lon="14.021949999999999"><ele>266.06</ele></trkpt>
      <trkpt lat="48.356849999999994" lon="14.021486"><ele>265.72</ele></trkpt>
      <trkpt lat="48.356156" lon="14.021208999999999"><ele>265.52</ele></trkpt>
      <trkpt lat="48.355461" lon="14.020911"><ele>265.44</ele></trkpt>
      <trkpt lat="48.355028999999995" lon="14.020748999999999"><ele>265.47</ele></trkpt>
      <trkpt lat="48.354152" lon="14.020501999999999"><ele>265.67</ele></trkpt>
      <trkpt lat="48.352945" lon="14.020199"><ele>265.56</ele></trkpt>
      <trkpt lat="48.352607" lon="14.020143"><ele>265.5</ele></trkpt>
      <trkpt lat="48.352419" lon="14.020135"><ele>265.46</ele></trkpt>
      <trkpt lat="48.351884999999996" lon="14.020066"><ele>265.4</ele></trkpt>
      <trkpt lat="48.351240999999995" lon="14.019953"><ele>265.47</ele></trkpt>
      <trkpt lat="48.350113" lon="14.019788"><ele>265.43</ele></trkpt>
      <trkpt lat="48.349382" lon="14.019668"><ele>265.28</ele></trkpt>
      <trkpt lat="48.349022" lon="14.01954"><ele>264.74</ele></trkpt>
      <trkpt lat="48.348907" lon="14.019515"><ele>264.57</ele></trkpt>
      <trkpt lat="48.348769999999995" lon="14.019521999999998"><ele>264.58</ele></trkpt>
      <trkpt lat="48.348085" lon="14.019447999999999"><ele>264.81</ele></trkpt>
      <trkpt lat="48.347665" lon="14.019449999999999"><ele>264.93</ele></trkpt>
      <trkpt lat="48.346810999999995" lon="14.019492999999999"><ele>264.71</ele></trkpt>
      <trkpt lat="48.346394" lon="14.019594999999999"><ele>264.46</ele></trkpt>
      <trkpt lat="48.346270999999994" lon="14.019589"><ele>264.31</ele></trkpt>
      <trkpt lat="48.346165" lon="14.019608999999999"><ele>264.11</ele></trkpt>
      <trkpt lat="48.346056999999995" lon="14.019675999999999"><ele>264.25</ele></trkpt>
      <trkpt lat="48.345579" lon="14.019763999999999"><ele>264.71</ele></trkpt>
      <trkpt lat="48.344166" lon="14.020088"><ele>264.73</ele></trkpt>
      <trkpt lat="48.34359" lon="14.020247"><ele>264.55</ele></trkpt>
      <trkpt lat="48.343018" lon="14.020436"><ele>264.38</ele></trkpt>
      <trkpt lat="48.342365" lon="14.02069"><ele>264.39</ele></trkpt>
      <trkpt lat="48.341716" lon="14.020966999999999"><ele>264.48</ele></trkpt>
      <trkpt lat="48.341192" lon="14.02121"><ele>264.47</ele></trkpt>
      <trkpt lat="48.340664" lon="14.021503"><ele>264.45</ele></trkpt>
      <trkpt lat="48.339687" lon="14.022074"><ele>264.5</ele></trkpt>
      <trkpt lat="48.338725" lon="14.022763"><ele>264.7</ele></trkpt>
      <trkpt lat="48.338176" lon="14.023190999999999"><ele>264.58</ele></trkpt>
      <trkpt lat="48.337939" lon="14.023351"><ele>264.63</ele></trkpt>
      <trkpt lat="48.337354999999995" lon="14.023652"><ele>264.54</ele></trkpt>
      <trkpt lat="48.337077" lon="14.023759"><ele>264.5</ele></trkpt>
      <trkpt lat="48.336946999999995" lon="14.023784"><ele>264.57</ele></trkpt>
      <trkpt lat="48.33683" lon="14.023784"><ele>264.49</ele></trkpt>
      <trkpt lat="48.336589" lon="14.023753"><ele>264.41</ele></trkpt>
      <trkpt lat="48.336424" lon="14.023672999999999"><ele>264.93</ele></trkpt>
      <trkpt lat="48.336273" lon="14.023695"><ele>265.72</ele></trkpt>
      <trkpt lat="48.336321999999996" lon="14.023862"><ele>266</ele></trkpt>
      <trkpt lat="48.336420999999994" lon="14.024272999999999"><ele>265.82</ele></trkpt>
      <trkpt lat="48.336517" lon="14.024745"><ele>265.81</ele></trkpt>
      <trkpt lat="48.336560999999996" lon="14.025205999999999"><ele>265.6</ele></trkpt>
      <trkpt lat="48.336546999999996" lon="14.025366"><ele>265.6</ele></trkpt>
      <trkpt lat="48.336358" lon="14.025703"><ele>265.5</ele></trkpt>
      <trkpt lat="48.336155999999995" lon="14.025948"><ele>265.4</ele></trkpt>
      <trkpt lat="48.335915" lon="14.026145"><ele>265.39</ele></trkpt>
      <trkpt lat="48.335443" lon="14.026449999999999"><ele>264.87</ele></trkpt>
      <trkpt lat="48.335263999999995" lon="14.026591999999999"><ele>264.94</ele></trkpt>
      <trkpt lat="48.335107" lon="14.026734"><ele>264.94</ele></trkpt>
      <trkpt lat="48.334714" lon="14.027139"><ele>265</ele></trkpt>
      <trkpt lat="48.334649" lon="14.027194"><ele>265</ele></trkpt>
      <trkpt lat="48.334618" lon="14.027303"><ele>264.85</ele></trkpt>
      <trkpt lat="48.334559" lon="14.027401999999999"><ele>264.78</ele></trkpt>
      <trkpt lat="48.333952" lon="14.028079"><ele>264.73</ele></trkpt>
      <trkpt lat="48.333633" lon="14.028362"><ele>264.83</ele></trkpt>
      <trkpt lat="48.332246999999995" lon="14.029739"><ele>264.78</ele></trkpt>
      <trkpt lat="48.331658999999995" lon="14.030362"><ele>264.56</ele></trkpt>
      <trkpt lat="48.331281" lon="14.030826"><ele>264.33</ele></trkpt>
      <trkpt lat="48.330403999999994" lon="14.032179999999999"><ele>264.18</ele></trkpt>
      <trkpt lat="48.330104" lon="14.032674"><ele>264.08</ele></trkpt>
      <trkpt lat="48.329823999999995" lon="14.033145999999999"><ele>264.02</ele></trkpt>
      <trkpt lat="48.32935" lon="14.034004999999999"><ele>264.68</ele></trkpt>
      <trkpt lat="48.329176999999994" lon="14.034357"><ele>265.08</ele></trkpt>
      <trkpt lat="48.328972" lon="14.034562999999999"><ele>265.48</ele></trkpt>
      <trkpt lat="48.328461999999995" lon="14.035523"><ele>265.41</ele></trkpt>
      <trkpt lat="48.328134999999996" lon="14.036202999999999"><ele>265.34</ele></trkpt>
      <trkpt lat="48.327942" lon="14.036653999999999"><ele>265.29</ele></trkpt>
      <trkpt lat="48.327631" lon="14.037436999999999"><ele>265.27</ele></trkpt>
      <trkpt lat="48.327284" lon="14.038335"><ele>265.39</ele></trkpt>
      <trkpt lat="48.327031" lon="14.039048"><ele>265.44</ele></trkpt>
      <trkpt lat="48.326701" lon="14.040061"><ele>265.3</ele></trkpt>
      <trkpt lat="48.326516" lon="14.040685999999999"><ele>265.11</ele></trkpt>
      <trkpt lat="48.325717" lon="14.043522999999999"><ele>264.82</ele></trkpt>
      <trkpt lat="48.325444" lon="14.044535"><ele>264.91</ele></trkpt>
      <trkpt lat="48.325207" lon="14.045499"><ele>265.29</ele></trkpt>
      <trkpt lat="48.325002" lon="14.04638"><ele>265.56</ele></trkpt>
      <trkpt lat="48.324573" lon="14.04848"><ele>264.9</ele></trkpt>
      <trkpt lat="48.324414999999995" lon="14.049196"><ele>264.9</ele></trkpt>
      <trkpt lat="48.324009" lon="14.051159"><ele>264.95</ele></trkpt>
      <trkpt lat="48.323851999999995" lon="14.051865"><ele>265.08</ele></trkpt>
      <trkpt lat="48.323676999999996" lon="14.052557"><ele>265.04</ele></trkpt>
      <trkpt lat="48.323567" lon="14.052938"><ele>265.01</ele></trkpt>
      <trkpt lat="48.32345" lon="14.053315999999999"><ele>265.04</ele></trkpt>
      <trkpt lat="48.323226" lon="14.053975"><ele>265.04</ele></trkpt>
      <trkpt lat="48.322821999999995" lon="14.054984999999999"><ele>265.16</ele></trkpt>
      <trkpt lat="48.322446" lon="14.055798"><ele>265.26</ele></trkpt>
      <trkpt lat="48.321714" lon="14.057182"><ele>265.49</ele></trkpt>
      <trkpt lat="48.318844999999996" lon="14.062683999999999"><ele>264.5</ele></trkpt>
      <trkpt lat="48.318508" lon="14.063426"><ele>264.73</ele></trkpt>
      <trkpt lat="48.318172" lon="14.064271"><ele>265.1</ele></trkpt>
      <trkpt lat="48.318047" lon="14.064629"><ele>265.88</ele></trkpt>
      <trkpt lat="48.317856" lon="14.065268"><ele>264.79</ele></trkpt>
      <trkpt lat="48.317676" lon="14.065930999999999"><ele>264.23</ele></trkpt>
      <trkpt lat="48.317344999999996" lon="14.067247"><ele>264.19</ele></trkpt>
      <trkpt lat="48.316978999999996" lon="14.068983"><ele>264.69</ele></trkpt>
      <trkpt lat="48.316804" lon="14.069961999999999"><ele>264.14</ele></trkpt>
      <trkpt lat="48.316537" lon="14.071615999999999"><ele>263.87</ele></trkpt>
      <trkpt lat="48.316362" lon="14.073158999999999"><ele>264.93</ele></trkpt>
      <trkpt lat="48.316175" lon="14.075121999999999"><ele>264.77</ele></trkpt>
      <trkpt lat="48.315912999999995" lon="14.078358999999999"><ele>263.93</ele></trkpt>
      <trkpt lat="48.315704" lon="14.080217"><ele>263.75</ele></trkpt>
      <trkpt lat="48.315529999999995" lon="14.081553999999999"><ele>264.42</ele></trkpt>
      <trkpt lat="48.315261" lon="14.083305"><ele>264.62</ele></trkpt>
      <trkpt lat="48.314957" lon="14.085014999999999"><ele>264.41</ele></trkpt>
      <trkpt lat="48.314682999999995" lon="14.086466"><ele>264.1</ele></trkpt>
      <trkpt lat="48.314581999999994" lon="14.087129"><ele>263.99</ele></trkpt>
      <trkpt lat="48.314524999999996" lon="14.087743"><ele>264.12</ele></trkpt>
      <trkpt lat="48.314462999999996" lon="14.089179999999999"><ele>264.64</ele></trkpt>
      <trkpt lat="48.314389999999996" lon="14.090076"><ele>264.21</ele></trkpt>
      <trkpt lat="48.314325" lon="14.090625"><ele>264.13</ele></trkpt>
      <trkpt lat="48.314012999999996" lon="14.092881"><ele>263.96</ele></trkpt>
      <trkpt lat="48.313866999999995" lon="14.093876999999999"><ele>263.92</ele></trkpt>
      <trkpt lat="48.313711" lon="14.094733"><ele>263.78</ele></trkpt>
      <trkpt lat="48.313539" lon="14.095517"><ele>263.73</ele></trkpt>
      <trkpt lat="48.313432" lon="14.095939"><ele>263.8</ele></trkpt>
      <trkpt lat="48.313289" lon="14.096492"><ele>264.08</ele></trkpt>
      <trkpt lat="48.313083" lon="14.097201"><ele>263.96</ele></trkpt>
      <trkpt lat="48.3127" lon="14.098391"><ele>264.05</ele></trkpt>
      <trkpt lat="48.312512999999996" lon="14.09893"><ele>264.54</ele></trkpt>
      <trkpt lat="48.311965" lon="14.100427999999999"><ele>264.5</ele></trkpt>
      <trkpt lat="48.311419" lon="14.101761999999999"><ele>264.44</ele></trkpt>
      <trkpt lat="48.310736999999996" lon="14.103340999999999"><ele>263.6</ele></trkpt>
      <trkpt lat="48.309781" lon="14.105502999999999"><ele>264.33</ele></trkpt>
      <trkpt lat="48.309428999999994" lon="14.106354999999999"><ele>264.37</ele></trkpt>
      <trkpt lat="48.309207" lon="14.106955"><ele>264.08</ele></trkpt>
      <trkpt lat="48.30901" lon="14.107569"><ele>263.85</ele></trkpt>
      <trkpt lat="48.30884" lon="14.108137999999999"><ele>263.83</ele></trkpt>
      <trkpt lat="48.308569999999996" lon="14.109174999999999"><ele>264.06</ele></trkpt>
      <trkpt lat="48.308385" lon="14.110057999999999"><ele>263.84</ele></trkpt>
      <trkpt lat="48.308236" lon="14.110996"><ele>263.47</ele></trkpt>
      <trkpt lat="48.308139" lon="14.111718999999999"><ele>263.63</ele></trkpt>
      <trkpt lat="48.308045" lon="14.112765999999999"><ele>264.06</ele></trkpt>
      <trkpt lat="48.307955" lon="14.114483"><ele>262.73</ele></trkpt>
      <trkpt lat="48.307871" lon="14.1167"><ele>263.12</ele></trkpt>
      <trkpt lat="48.307876" lon="14.117659999999999"><ele>262.99</ele></trkpt>
      <trkpt lat="48.307928" lon="14.118791"><ele>262.73</ele></trkpt>
      <trkpt lat="48.308187" lon="14.121661999999999"><ele>263.31</ele></trkpt>
      <trkpt lat="48.308309" lon="14.122544"><ele>263.48</ele></trkpt>
      <trkpt lat="48.308509" lon="14.123626"><ele>262.82</ele></trkpt>
      <trkpt lat="48.309003" lon="14.125845"><ele>262.8</ele></trkpt>
      <trkpt lat="48.309692" lon="14.128449"><ele>264.56</ele></trkpt>
      <trkpt lat="48.310370999999996" lon="14.130839"><ele>264.67</ele></trkpt>
      <trkpt lat="48.310632" lon="14.131725"><ele>264.8</ele></trkpt>
      <trkpt lat="48.311212999999995" lon="14.133514"><ele>265.26</ele></trkpt>
      <trkpt lat="48.311811999999996" lon="14.135264999999999"><ele>264.7</ele></trkpt>
      <trkpt lat="48.312751999999996" lon="14.138195999999999"><ele>265.37</ele></trkpt>
      <trkpt lat="48.313358" lon="14.140638"><ele>265.01</ele></trkpt>
      <trkpt lat="48.313568" lon="14.141694"><ele>265.08</ele></trkpt>
      <trkpt lat="48.313707" lon="14.142339"><ele>265.34</ele></trkpt>
      <trkpt lat="48.313901" lon="14.143519999999999"><ele>265.67</ele></trkpt>
      <trkpt lat="48.31485" lon="14.149094"><ele>265.07</ele></trkpt>
      <trkpt lat="48.314864" lon="14.14922"><ele>265.08</ele></trkpt>
      <trkpt lat="48.314847" lon="14.149351"><ele>265.4</ele></trkpt>
      <trkpt lat="48.314791" lon="14.149502"><ele>265.75</ele></trkpt>
      <trkpt lat="48.314755999999996" lon="14.149571"><ele>265.86</ele></trkpt>
      <trkpt lat="48.31455" lon="14.149885"><ele>265.95</ele></trkpt>
      <trkpt lat="48.314468999999995" lon="14.150046"><ele>265.78</ele></trkpt>
      <trkpt lat="48.314416" lon="14.150174"><ele>265.72</ele></trkpt>
      <trkpt lat="48.314375999999996" lon="14.150324999999999"><ele>265.61</ele></trkpt>
      <trkpt lat="48.314350999999995" lon="14.150471"><ele>265.55</ele></trkpt>
      <trkpt lat="48.314336" lon="14.150614"><ele>265.48</ele></trkpt>
      <trkpt lat="48.314333" lon="14.150787"><ele>265.4</ele></trkpt>
      <trkpt lat="48.314346" lon="14.150965999999999"><ele>265.31</ele></trkpt>
      <trkpt lat="48.314367999999995" lon="14.151119999999999"><ele>265.23</ele></trkpt>
      <trkpt lat="48.314406" lon="14.151282"><ele>265.12</ele></trkpt>
      <trkpt lat="48.314671999999995" lon="14.152047"><ele>265</ele></trkpt>
      <trkpt lat="48.314713999999995" lon="14.152308"><ele>265.06</ele></trkpt>
      <trkpt lat="48.314935999999996" lon="14.152965"><ele>265.84</ele></trkpt>
      <trkpt lat="48.315039999999996" lon="14.153212"><ele>265.57</ele></trkpt>
      <trkpt lat="48.315104999999996" lon="14.15317"><ele>265.74</ele></trkpt>
      <trkpt lat="48.315132999999996" lon="14.153252"><ele>265.63</ele></trkpt>
      <trkpt lat="48.315377" lon="14.153919"><ele>265</ele></trkpt>
      <trkpt lat="48.315461" lon="14.154174"><ele>265</ele></trkpt>
      <trkpt lat="48.315559" lon="14.154516"><ele>265</ele></trkpt>
      <trkpt lat="48.315683" lon="14.155042"><ele>265.16</ele></trkpt>
      <trkpt lat="48.315732999999994" lon="14.155298"><ele>265.36</ele></trkpt>
      <trkpt lat="48.315799" lon="14.15574"><ele>266</ele></trkpt>
      <trkpt lat="48.315858999999996" lon="14.156379999999999"><ele>266</ele></trkpt>
      <trkpt lat="48.315877" lon="14.156737"><ele>266</ele></trkpt>
      <trkpt lat="48.315883" lon="14.157095"><ele>266</ele></trkpt>
      <trkpt lat="48.315878" lon="14.157413"><ele>266</ele></trkpt>
      <trkpt lat="48.315819999999995" lon="14.158144"><ele>265.35</ele></trkpt>
      <trkpt lat="48.315659" lon="14.159196999999999"><ele>263.77</ele></trkpt>
      <trkpt lat="48.31512" lon="14.16256"><ele>266.42</ele></trkpt>
      <trkpt lat="48.315155" lon="14.162564"><ele>266.77</ele></trkpt>
      <trkpt lat="48.31518" lon="14.162555"><ele>266.97</ele></trkpt>
      <trkpt lat="48.315386" lon="14.162301999999999"><ele>267.31</ele></trkpt>
      <trkpt lat="48.315740999999996" lon="14.161947999999999"><ele>264.92</ele></trkpt>
      <trkpt lat="48.315827" lon="14.161842"><ele>264.61</ele></trkpt>
      <trkpt lat="48.315836999999995" lon="14.161783"><ele>264.41</ele></trkpt>
      <trkpt lat="48.315839999999994" lon="14.161677"><ele>263.89</ele></trkpt>
      <trkpt lat="48.315801" lon="14.161449999999999"><ele>262.36</ele></trkpt>
      <trkpt lat="48.315794" lon="14.161337999999999"><ele>261.69</ele></trkpt>
      <trkpt lat="48.315822999999995" lon="14.161246"><ele>261.15</ele></trkpt>
      <trkpt lat="48.315863" lon="14.161188999999998"><ele>260.74</ele></trkpt>
      <trkpt lat="48.315923999999995" lon="14.161131999999998"><ele>260.25</ele></trkpt>
      <trkpt lat="48.315977" lon="14.1611"><ele>259.9</ele></trkpt>
      <trkpt lat="48.316106" lon="14.161074"><ele>259.16</ele></trkpt>
      <trkpt lat="48.316251" lon="14.161076"><ele>258.33</ele></trkpt>
      <trkpt lat="48.316792" lon="14.161154999999999"><ele>256.2</ele></trkpt>
      <trkpt lat="48.317432" lon="14.161311999999999"><ele>257.23</ele></trkpt>
      <trkpt lat="48.318112" lon="14.161575"><ele>257.48</ele></trkpt>
      <trkpt lat="48.318421" lon="14.16164"><ele>257.36</ele></trkpt>
      <trkpt lat="48.318731" lon="14.161683"><ele>257.22</ele></trkpt>
      <trkpt lat="48.319282" lon="14.161676"><ele>257.03</ele></trkpt>
      <trkpt lat="48.319415" lon="14.16175"><ele>257.35</ele></trkpt>
      <trkpt lat="48.31959" lon="14.161942"><ele>257.73</ele></trkpt>
      <trkpt lat="48.320477999999994" lon="14.163136999999999"><ele>258</ele></trkpt>
      <trkpt lat="48.320549" lon="14.163276999999999"><ele>258</ele></trkpt>
      <trkpt lat="48.320595" lon="14.163528"><ele>257.75</ele></trkpt>
      <trkpt lat="48.320743" lon="14.164477999999999"><ele>257.4</ele></trkpt>
      <trkpt lat="48.320892" lon="14.165301"><ele>257.38</ele></trkpt>
      <trkpt lat="48.321005" lon="14.165766"><ele>257.32</ele></trkpt>
      <trkpt lat="48.321107999999995" lon="14.166139999999999"><ele>257.4</ele></trkpt>
      <trkpt lat="48.321163" lon="14.166291999999999"><ele>257.46</ele></trkpt>
      <trkpt lat="48.321583" lon="14.167114999999999"><ele>257.44</ele></trkpt>
      <trkpt lat="48.321895" lon="14.167612"><ele>257.4</ele></trkpt>
      <trkpt lat="48.32208" lon="14.167938999999999"><ele>257.27</ele></trkpt>
      <trkpt lat="48.322626" lon="14.169048"><ele>256.91</ele></trkpt>
      <trkpt lat="48.322866999999995" lon="14.169360999999999"><ele>256.88</ele></trkpt>
      <trkpt lat="48.323021999999995" lon="14.169609"><ele>256.83</ele></trkpt>
      <trkpt lat="48.323077999999995" lon="14.169767"><ele>256.81</ele></trkpt>
      <trkpt lat="48.323122999999995" lon="14.169948999999999"><ele>256.8</ele></trkpt>
      <trkpt lat="48.323204" lon="14.170567"><ele>256.8</ele></trkpt>
      <trkpt lat="48.323336" lon="14.17175"><ele>256.83</ele></trkpt>
      <trkpt lat="48.323384" lon="14.172063999999999"><ele>257.07</ele></trkpt>
      <trkpt lat="48.323437999999996" lon="14.172224"><ele>257.21</ele></trkpt>
      <trkpt lat="48.323536" lon="14.172315"><ele>257.35</ele></trkpt>
      <trkpt lat="48.323696999999996" lon="14.172424999999999"><ele>257.58</ele></trkpt>
      <trkpt lat="48.323854" lon="14.172507999999999"><ele>257.81</ele></trkpt>
      <trkpt lat="48.324462999999994" lon="14.172678"><ele>258.49</ele></trkpt>
      <trkpt lat="48.324936" lon="14.172984"><ele>258.4</ele></trkpt>
      <trkpt lat="48.325274" lon="14.173041999999999"><ele>258.25</ele></trkpt>
      <trkpt lat="48.325503" lon="14.173124"><ele>258.14</ele></trkpt>
      <trkpt lat="48.325647" lon="14.173188"><ele>258.04</ele></trkpt>
      <trkpt lat="48.326088" lon="14.173471999999999"><ele>257.74</ele></trkpt>
      <trkpt lat="48.32627" lon="14.173615999999999"><ele>257.49</ele></trkpt>
      <trkpt lat="48.326629999999994" lon="14.174104"><ele>257.87</ele></trkpt>
      <trkpt lat="48.326729" lon="14.174204999999999"><ele>257.83</ele></trkpt>
      <trkpt lat="48.327151" lon="14.174563"><ele>259.12</ele></trkpt>
      <trkpt lat="48.327264" lon="14.174672"><ele>259.13</ele></trkpt>
      <trkpt lat="48.327478" lon="14.174940999999999"><ele>259.49</ele></trkpt>
      <trkpt lat="48.32779" lon="14.175462"><ele>259.03</ele></trkpt>
      <trkpt lat="48.327946999999995" lon="14.175801"><ele>259.08</ele></trkpt>
      <trkpt lat="48.328126" lon="14.17624"><ele>257.17</ele></trkpt>
      <trkpt lat="48.328590999999996" lon="14.17737"><ele>257.97</ele></trkpt>
      <trkpt lat="48.328734999999995" lon="14.177741"><ele>258.29</ele></trkpt>
      <trkpt lat="48.328807" lon="14.177963"><ele>258.56</ele></trkpt>
      <trkpt lat="48.328824999999995" lon="14.178059999999999"><ele>258.46</ele></trkpt>
      <trkpt lat="48.328821999999995" lon="14.178296"><ele>258.27</ele></trkpt>
      <trkpt lat="48.328837" lon="14.178445"><ele>258.04</ele></trkpt>
      <trkpt lat="48.328883999999995" lon="14.178384"><ele>257.1</ele></trkpt>
      <trkpt lat="48.329059" lon="14.178246999999999"><ele>253.81</ele></trkpt>
      <trkpt lat="48.330284999999996" lon="14.177202999999999"><ele>252.11</ele></trkpt>
      <trkpt lat="48.330642" lon="14.176888"><ele>258.56</ele></trkpt>
      <trkpt lat="48.330701" lon="14.177036999999999"><ele>258.39</ele></trkpt>
      <trkpt lat="48.330998" lon="14.177696"><ele>257.31</ele></trkpt>
      <trkpt lat="48.331325" lon="14.178405"><ele>258.15</ele></trkpt>
      <trkpt lat="48.331418" lon="14.178569999999999"><ele>258.17</ele></trkpt>
      <trkpt lat="48.332080999999995" lon="14.179542999999999"><ele>258</ele></trkpt>
      <trkpt lat="48.332327" lon="14.179934"><ele>258</ele></trkpt>
      <trkpt lat="48.33251" lon="14.180278"><ele>258.18</ele></trkpt>
      <trkpt lat="48.332856" lon="14.181021999999999"><ele>259.77</ele></trkpt>
      <trkpt lat="48.333175" lon="14.181852999999998"><ele>260.95</ele></trkpt>
      <trkpt lat="48.333355" lon="14.182267999999999"><ele>262.03</ele></trkpt>
      <trkpt lat="48.333493" lon="14.182618999999999"><ele>262.06</ele></trkpt>
      <trkpt lat="48.33356" lon="14.182831"><ele>262.34</ele></trkpt>
      <trkpt lat="48.333718999999995" lon="14.182875"><ele>261.72</ele></trkpt>
      <trkpt lat="48.333934" lon="14.182903"><ele>261.14</ele></trkpt>
      <trkpt lat="48.334143" lon="14.18291"><ele>260.35</ele></trkpt>
      <trkpt lat="48.334328" lon="14.182881"><ele>260.01</ele></trkpt>
      <trkpt lat="48.334354999999995" lon="14.182891"><ele>259.96</ele></trkpt>
      <trkpt lat="48.334385" lon="14.182934"><ele>259.89</ele></trkpt>
      <trkpt lat="48.33457" lon="14.183959"><ele>259.43</ele></trkpt>
      <trkpt lat="48.334635999999996" lon="14.184491999999999"><ele>259.12</ele></trkpt>
      <trkpt lat="48.334649999999996" lon="14.184508999999998"><ele>258.87</ele></trkpt>
      <trkpt lat="48.334669" lon="14.184507"><ele>258.58</ele></trkpt>
      <trkpt lat="48.334781" lon="14.184496"><ele>258.28</ele></trkpt>
      <trkpt lat="48.334809" lon="14.184493"><ele>258.44</ele></trkpt>
      <trkpt lat="48.334837" lon="14.184804999999999"><ele>258.33</ele></trkpt>
      <trkpt lat="48.334834" lon="14.185074"><ele>258.37</ele></trkpt>
      <trkpt lat="48.334796" lon="14.185234999999999"><ele>258.57</ele></trkpt>
      <trkpt lat="48.334677" lon="14.185528"><ele>259.21</ele></trkpt>
      <trkpt lat="48.334139" lon="14.186743"><ele>258.78</ele></trkpt>
      <trkpt lat="48.333908" lon="14.187282"><ele>258.67</ele></trkpt>
      <trkpt lat="48.333321" lon="14.188562999999998"><ele>258.43</ele></trkpt>
      <trkpt lat="48.333307" lon="14.188628999999999"><ele>258.57</ele></trkpt>
      <trkpt lat="48.333307999999995" lon="14.188696"><ele>258.27</ele></trkpt>
      <trkpt lat="48.333613" lon="14.189077"><ele>261.06</ele></trkpt>
      <trkpt lat="48.333416" lon="14.18942"><ele>261.66</ele></trkpt>
      <trkpt lat="48.333338999999995" lon="14.189584"><ele>262.16</ele></trkpt>
      <trkpt lat="48.333225999999996" lon="14.189896"><ele>263.07</ele></trkpt>
      <trkpt lat="48.333093" lon="14.190342"><ele>263.97</ele></trkpt>
      <trkpt lat="48.333034" lon="14.190513"><ele>264.31</ele></trkpt>
      <trkpt lat="48.332964999999994" lon="14.190660999999999"><ele>264.76</ele></trkpt>
      <trkpt lat="48.332865999999996" lon="14.190824"><ele>265.46</ele></trkpt>
      <trkpt lat="48.332758999999996" lon="14.190951"><ele>266.17</ele></trkpt>
      <trkpt lat="48.332588" lon="14.191103"><ele>266.83</ele></trkpt>
      <trkpt lat="48.332301" lon="14.191234"><ele>267.38</ele></trkpt>
      <trkpt lat="48.332170999999995" lon="14.191313"><ele>267.65</ele></trkpt>
      <trkpt lat="48.332010999999994" lon="14.191452"><ele>268.39</ele></trkpt>
      <trkpt lat="48.331905" lon="14.191567"><ele>267.96</ele></trkpt>
      <trkpt lat="48.331827999999994" lon="14.191701"><ele>266.9</ele></trkpt>
      <trkpt lat="48.331522" lon="14.192552"><ele>263.09</ele></trkpt>
      <trkpt lat="48.331692" lon="14.192637"><ele>265.93</ele></trkpt>
      <trkpt lat="48.331827" lon="14.192718999999999"><ele>265.37</ele></trkpt>
      <trkpt lat="48.331835999999996" lon="14.19273"><ele>265.22</ele></trkpt>
      <trkpt lat="48.331834" lon="14.19277"><ele>265.32</ele></trkpt>
      <trkpt lat="48.331564" lon="14.193064999999999"><ele>271.13</ele></trkpt>
      <trkpt lat="48.331419999999994" lon="14.193178"><ele>271.13</ele></trkpt>
      <trkpt lat="48.330824" lon="14.193793"><ele>268.52</ele></trkpt>
      <trkpt lat="48.329744999999996" lon="14.194811"><ele>264</ele></trkpt>
      <trkpt lat="48.329676" lon="14.194961999999999"><ele>264.33</ele></trkpt>
      <trkpt lat="48.329629" lon="14.195013"><ele>264.34</ele></trkpt>
      <trkpt lat="48.329583" lon="14.195044"><ele>263.8</ele></trkpt>
      <trkpt lat="48.329485" lon="14.195048"><ele>263.18</ele></trkpt>
      <trkpt lat="48.329454999999996" lon="14.195060999999999"><ele>263.19</ele></trkpt>
      <trkpt lat="48.329041" lon="14.195463"><ele>263.34</ele></trkpt>
      <trkpt lat="48.328477" lon="14.195978"><ele>262.64</ele></trkpt>
      <trkpt lat="48.327602" lon="14.196833"><ele>261.91</ele></trkpt>
      <trkpt lat="48.32756" lon="14.196881"><ele>261.87</ele></trkpt>
      <trkpt lat="48.327481" lon="14.197033"><ele>261.79</ele></trkpt>
      <trkpt lat="48.327175999999994" lon="14.197324"><ele>261.91</ele></trkpt>
      <trkpt lat="48.327121" lon="14.197365999999999"><ele>261.94</ele></trkpt>
      <trkpt lat="48.326995" lon="14.197427999999999"><ele>262.04</ele></trkpt>
      <trkpt lat="48.326875" lon="14.197536"><ele>262.1</ele></trkpt>
      <trkpt lat="48.326332" lon="14.198124"><ele>263.22</ele></trkpt>
      <trkpt lat="48.326029" lon="14.198485"><ele>263.32</ele></trkpt>
      <trkpt lat="48.325868" lon="14.198699"><ele>263.16</ele></trkpt>
      <trkpt lat="48.325688" lon="14.198965"><ele>262.95</ele></trkpt>
      <trkpt lat="48.325523999999994" lon="14.19924"><ele>262.51</ele></trkpt>
      <trkpt lat="48.324563" lon="14.200994999999999"><ele>261.9</ele></trkpt>
      <trkpt lat="48.324504999999995" lon="14.201136"><ele>261.81</ele></trkpt>
      <trkpt lat="48.324301999999996" lon="14.201486"><ele>261.56</ele></trkpt>
      <trkpt lat="48.323916" lon="14.202202"><ele>260.93</ele></trkpt>
      <trkpt lat="48.323344" lon="14.203216999999999"><ele>261.1</ele></trkpt>
      <trkpt lat="48.323087" lon="14.203636999999999"><ele>261</ele></trkpt>
      <trkpt lat="48.322403" lon="14.204654"><ele>260.65</ele></trkpt>
      <trkpt lat="48.322314999999996" lon="14.204799999999999"><ele>260.57</ele></trkpt>
      <trkpt lat="48.322129" lon="14.205055"><ele>259.47</ele></trkpt>
      <trkpt lat="48.321937" lon="14.205337"><ele>259.96</ele></trkpt>
      <trkpt lat="48.321785999999996" lon="14.205582"><ele>260.03</ele></trkpt>
      <trkpt lat="48.321421" lon="14.206228"><ele>259.95</ele></trkpt>
      <trkpt lat="48.320878" lon="14.20722"><ele>260.69</ele></trkpt>
      <trkpt lat="48.320634" lon="14.207624"><ele>261.59</ele></trkpt>
      <trkpt lat="48.320364999999995" lon="14.208006999999998"><ele>262.06</ele></trkpt>
      <trkpt lat="48.320152" lon="14.208286"><ele>262.28</ele></trkpt>
      <trkpt lat="48.319931" lon="14.208549999999999"><ele>262.44</ele></trkpt>
      <trkpt lat="48.319778" lon="14.208708"><ele>262.32</ele></trkpt>
      <trkpt lat="48.319337" lon="14.209116999999999"><ele>262.44</ele></trkpt>
      <trkpt lat="48.317619" lon="14.210503"><ele>262.73</ele></trkpt>
      <trkpt lat="48.317256" lon="14.21082"><ele>263.24</ele></trkpt>
      <trkpt lat="48.316936" lon="14.211155999999999"><ele>262.98</ele></trkpt>
      <trkpt lat="48.316759999999995" lon="14.211392"><ele>262.84</ele></trkpt>
      <trkpt lat="48.316599" lon="14.211632999999999"><ele>261.83</ele></trkpt>
      <trkpt lat="48.316263" lon="14.212175"><ele>261.88</ele></trkpt>
      <trkpt lat="48.315594" lon="14.213320999999999"><ele>262.31</ele></trkpt>
      <trkpt lat="48.315531" lon="14.213531"><ele>262.13</ele></trkpt>
      <trkpt lat="48.315501" lon="14.213607999999999"><ele>262.06</ele></trkpt>
      <trkpt lat="48.314952" lon="14.214537"><ele>263.13</ele></trkpt>
      <trkpt lat="48.31485" lon="14.214599999999999"><ele>262.78</ele></trkpt>
      <trkpt lat="48.314805" lon="14.214649"><ele>262.73</ele></trkpt>
      <trkpt lat="48.313393999999995" lon="14.217046999999999"><ele>262.31</ele></trkpt>
      <trkpt lat="48.313292" lon="14.217241"><ele>262.21</ele></trkpt>
      <trkpt lat="48.313204999999996" lon="14.217435"><ele>262.41</ele></trkpt>
      <trkpt lat="48.313058999999996" lon="14.217808999999999"><ele>262.83</ele></trkpt>
      <trkpt lat="48.312920999999996" lon="14.218269"><ele>263.06</ele></trkpt>
      <trkpt lat="48.312917" lon="14.218361999999999"><ele>263.34</ele></trkpt>
      <trkpt lat="48.312945" lon="14.218497"><ele>263.18</ele></trkpt>
      <trkpt lat="48.312937999999995" lon="14.21858"><ele>262.43</ele></trkpt>
      <trkpt lat="48.31292" lon="14.218622"><ele>262.03</ele></trkpt>
      <trkpt lat="48.312856" lon="14.218684"><ele>261.43</ele></trkpt>
      <trkpt lat="48.312826" lon="14.218736"><ele>261.19</ele></trkpt>
      <trkpt lat="48.312777999999994" lon="14.219069999999999"><ele>261.65</ele></trkpt>
      <trkpt lat="48.312698" lon="14.219873999999999"><ele>263.87</ele></trkpt>
      <trkpt lat="48.312674" lon="14.220407999999999"><ele>264.74</ele></trkpt>
      <trkpt lat="48.312669" lon="14.220823999999999"><ele>265.46</ele></trkpt>
      <trkpt lat="48.312686" lon="14.222574999999999"><ele>269.41</ele></trkpt>
      <trkpt lat="48.312664" lon="14.223136"><ele>271.71</ele></trkpt>
      <trkpt lat="48.312602" lon="14.2237"><ele>270.7</ele></trkpt>
      <trkpt lat="48.312518" lon="14.224217999999999"><ele>268.58</ele></trkpt>
      <trkpt lat="48.312453" lon="14.224568999999999"><ele>268.2</ele></trkpt>
      <trkpt lat="48.312446" lon="14.224692999999998"><ele>268.44</ele></trkpt>
      <trkpt lat="48.312399" lon="14.22496"><ele>268.07</ele></trkpt>
      <trkpt lat="48.31232" lon="14.225323999999999"><ele>267.13</ele></trkpt>
      <trkpt lat="48.312262999999994" lon="14.225520999999999"><ele>266.77</ele></trkpt>
      <trkpt lat="48.311983" lon="14.226999"><ele>264.93</ele></trkpt>
      <trkpt lat="48.311679999999996" lon="14.228513"><ele>264.08</ele></trkpt>
      <trkpt lat="48.311513" lon="14.229375"><ele>264.45</ele></trkpt>
      <trkpt lat="48.311395999999995" lon="14.230025999999999"><ele>265.3</ele></trkpt>
      <trkpt lat="48.311324" lon="14.230504"><ele>266.98</ele></trkpt>
      <trkpt lat="48.311257999999995" lon="14.231124999999999"><ele>268.7</ele></trkpt>
      <trkpt lat="48.311226" lon="14.231601999999999"><ele>269.96</ele></trkpt>
      <trkpt lat="48.311232999999994" lon="14.231853"><ele>270.31</ele></trkpt>
      <trkpt lat="48.311281" lon="14.232593999999999"><ele>270.37</ele></trkpt>
      <trkpt lat="48.31129" lon="14.233213999999998"><ele>267.55</ele></trkpt>
      <trkpt lat="48.311397" lon="14.233201999999999"><ele>267.36</ele></trkpt>
      <trkpt lat="48.311422" lon="14.233231"><ele>267.15</ele></trkpt>
      <trkpt lat="48.311431999999996" lon="14.233281999999999"><ele>267.01</ele></trkpt>
      <trkpt lat="48.311426" lon="14.233329999999999"><ele>266.74</ele></trkpt>
      <trkpt lat="48.311409999999995" lon="14.233360999999999"><ele>266.43</ele></trkpt>
      <trkpt lat="48.311372999999996" lon="14.233383"><ele>266.45</ele></trkpt>
      <trkpt lat="48.311326" lon="14.23339"><ele>266.77</ele></trkpt>
      <trkpt lat="48.310972" lon="14.23354"><ele>267.13</ele></trkpt>
      <trkpt lat="48.310807999999994" lon="14.233588999999998"><ele>266.16</ele></trkpt>
      <trkpt lat="48.310764" lon="14.23362"><ele>266.35</ele></trkpt>
      <trkpt lat="48.3107" lon="14.233746"><ele>266.98</ele></trkpt>
      <trkpt lat="48.310705999999996" lon="14.233865"><ele>267.34</ele></trkpt>
      <trkpt lat="48.310762999999994" lon="14.234048999999999"><ele>267.29</ele></trkpt>
      <trkpt lat="48.310838" lon="14.23416"><ele>267.09</ele></trkpt>
      <trkpt lat="48.310887" lon="14.234176"><ele>267.11</ele></trkpt>
      <trkpt lat="48.310938" lon="14.234176"><ele>267.3</ele></trkpt>
      <trkpt lat="48.311087" lon="14.234359999999999"><ele>267.1</ele></trkpt>
      <trkpt lat="48.311111" lon="14.234427"><ele>267.06</ele></trkpt>
      <trkpt lat="48.31116" lon="14.234649999999998"><ele>266.56</ele></trkpt>
      <trkpt lat="48.311267" lon="14.235382"><ele>266.67</ele></trkpt>
      <trkpt lat="48.311409999999995" lon="14.236514999999999"><ele>266.15</ele></trkpt>
      <trkpt lat="48.311453" lon="14.236913999999999"><ele>266.46</ele></trkpt>
      <trkpt lat="48.311485999999995" lon="14.237307"><ele>266.59</ele></trkpt>
      <trkpt lat="48.311533" lon="14.237973"><ele>265.7</ele></trkpt>
      <trkpt lat="48.311524999999996" lon="14.238121"><ele>265.62</ele></trkpt>
      <trkpt lat="48.311495" lon="14.238358999999999"><ele>265.66</ele></trkpt>
      <trkpt lat="48.311505999999994" lon="14.238574999999999"><ele>265.18</ele></trkpt>
      <trkpt lat="48.311743" lon="14.240414"><ele>265.14</ele></trkpt>
      <trkpt lat="48.311794" lon="14.240857"><ele>264.57</ele></trkpt>
      <trkpt lat="48.311797999999996" lon="14.241062"><ele>264.44</ele></trkpt>
      <trkpt lat="48.311772999999995" lon="14.24129"><ele>264.15</ele></trkpt>
      <trkpt lat="48.31178" lon="14.241432"><ele>264</ele></trkpt>
      <trkpt lat="48.311544999999995" lon="14.241494999999999"><ele>264</ele></trkpt>
      <trkpt lat="48.311639" lon="14.242196999999999"><ele>263.8</ele></trkpt>
      <trkpt lat="48.311642" lon="14.242344999999998"><ele>263.35</ele></trkpt>
      <trkpt lat="48.311609999999995" lon="14.242516"><ele>262.87</ele></trkpt>
      <trkpt lat="48.311529" lon="14.242671"><ele>262.42</ele></trkpt>
      <trkpt lat="48.311467" lon="14.242851"><ele>261.85</ele></trkpt>
      <trkpt lat="48.311451" lon="14.242980999999999"><ele>261.63</ele></trkpt>
      <trkpt lat="48.311451999999996" lon="14.243048"><ele>261.52</ele></trkpt>
      <trkpt lat="48.311485" lon="14.243224"><ele>260.91</ele></trkpt>
      <trkpt lat="48.311616" lon="14.243751"><ele>259.36</ele></trkpt>
      <trkpt lat="48.311665" lon="14.243971"><ele>258.6</ele></trkpt>
      <trkpt lat="48.311702999999994" lon="14.244104"><ele>259.54</ele></trkpt>
      <trkpt lat="48.311738999999996" lon="14.24419"><ele>259.98</ele></trkpt>
      <trkpt lat="48.311785" lon="14.244225"><ele>260.08</ele></trkpt>
      <trkpt lat="48.311961" lon="14.244302999999999"><ele>261.16</ele></trkpt>
      <trkpt lat="48.311999" lon="14.244346"><ele>261.69</ele></trkpt>
      <trkpt lat="48.312025" lon="14.244406999999999"><ele>262.09</ele></trkpt>
      <trkpt lat="48.312033" lon="14.244451"><ele>262.18</ele></trkpt>
      <trkpt lat="48.312031" lon="14.244556999999999"><ele>262.23</ele></trkpt>
      <trkpt lat="48.311989999999994" lon="14.24504"><ele>262.31</ele></trkpt>
      <trkpt lat="48.311955" lon="14.245296999999999"><ele>262.2</ele></trkpt>
      <trkpt lat="48.311903" lon="14.245581"><ele>262.08</ele></trkpt>
      <trkpt lat="48.311758999999995" lon="14.24622"><ele>261.64</ele></trkpt>
      <trkpt lat="48.311659" lon="14.246744999999999"><ele>261.26</ele></trkpt>
      <trkpt lat="48.311678" lon="14.246815"><ele>261.57</ele></trkpt>
      <trkpt lat="48.311678" lon="14.246874"><ele>261.67</ele></trkpt>
      <trkpt lat="48.311572999999996" lon="14.24752"><ele>261.61</ele></trkpt>
      <trkpt lat="48.311554" lon="14.247574"><ele>261.57</ele></trkpt>
      <trkpt lat="48.311519999999994" lon="14.247622"><ele>261.48</ele></trkpt>
      <trkpt lat="48.311507999999996" lon="14.247658"><ele>261.43</ele></trkpt>
      <trkpt lat="48.311383" lon="14.248363999999999"><ele>259.68</ele></trkpt>
      <trkpt lat="48.311119" lon="14.250833"><ele>256.42</ele></trkpt>
      <trkpt lat="48.311073" lon="14.251446999999999"><ele>257.87</ele></trkpt>
      <trkpt lat="48.311051" lon="14.251629"><ele>257.81</ele></trkpt>
      <trkpt lat="48.311009" lon="14.251857"><ele>256.76</ele></trkpt>
      <trkpt lat="48.310966" lon="14.252687"><ele>255.62</ele></trkpt>
      <trkpt lat="48.310961" lon="14.253539"><ele>255.03</ele></trkpt>
      <trkpt lat="48.310942" lon="14.254062"><ele>255.22</ele></trkpt>
      <trkpt lat="48.310897" lon="14.254508999999999"><ele>255.4</ele></trkpt>
      <trkpt lat="48.310837" lon="14.254961"><ele>255.32</ele></trkpt>
      <trkpt lat="48.310807999999994" lon="14.255111999999999"><ele>255.37</ele></trkpt>
      <trkpt lat="48.310736999999996" lon="14.255374999999999"><ele>255.47</ele></trkpt>
      <trkpt lat="48.310646999999996" lon="14.255669999999999"><ele>255.36</ele></trkpt>
      <trkpt lat="48.310409" lon="14.256404999999999"><ele>254.91</ele></trkpt>
      <trkpt lat="48.310333" lon="14.256630999999999"><ele>254.91</ele></trkpt>
      <trkpt lat="48.31006" lon="14.25737"><ele>255.03</ele></trkpt>
      <trkpt lat="48.309698999999995" lon="14.258455999999999"><ele>255.16</ele></trkpt>
      <trkpt lat="48.309481999999996" lon="14.25906"><ele>254.82</ele></trkpt>
      <trkpt lat="48.309278" lon="14.259682"><ele>254.55</ele></trkpt>
      <trkpt lat="48.308954" lon="14.260606"><ele>254.44</ele></trkpt>
      <trkpt lat="48.308834" lon="14.260981"><ele>254.46</ele></trkpt>
      <trkpt lat="48.308741" lon="14.261303999999999"><ele>254.46</ele></trkpt>
      <trkpt lat="48.308642" lon="14.261690999999999"><ele>254.41</ele></trkpt>
      <trkpt lat="48.308568" lon="14.262015"><ele>254.13</ele></trkpt>
      <trkpt lat="48.308516999999995" lon="14.26227"><ele>254.11</ele></trkpt>
      <trkpt lat="48.308442" lon="14.262704"><ele>254.44</ele></trkpt>
      <trkpt lat="48.308161" lon="14.264486"><ele>254.48</ele></trkpt>
      <trkpt lat="48.308094" lon="14.264838"><ele>254.21</ele></trkpt>
      <trkpt lat="48.307986" lon="14.265288"><ele>254.16</ele></trkpt>
      <trkpt lat="48.307922" lon="14.265509999999999"><ele>254.18</ele></trkpt>
      <trkpt lat="48.307790999999995" lon="14.265913999999999"><ele>254.09</ele></trkpt>
      <trkpt lat="48.307654" lon="14.266293"><ele>253.88</ele></trkpt>
      <trkpt lat="48.306993999999996" lon="14.26807"><ele>254.07</ele></trkpt>
      <trkpt lat="48.306917999999996" lon="14.268213999999999"><ele>254.21</ele></trkpt>
      <trkpt lat="48.306754" lon="14.26868"><ele>254.44</ele></trkpt>
      <trkpt lat="48.306695" lon="14.268861"><ele>254.43</ele></trkpt>
      <trkpt lat="48.306529" lon="14.269452"><ele>254.77</ele></trkpt>
      <trkpt lat="48.306464999999996" lon="14.269729"><ele>254.97</ele></trkpt>
      <trkpt lat="48.306351" lon="14.270124"><ele>254.77</ele></trkpt>
      <trkpt lat="48.306245" lon="14.270705999999999"><ele>254.31</ele></trkpt>
      <trkpt lat="48.306217" lon="14.271044999999999"><ele>254.28</ele></trkpt>
      <trkpt lat="48.306169" lon="14.271317999999999"><ele>254.09</ele></trkpt>
      <trkpt lat="48.306146999999996" lon="14.271522"><ele>253.9</ele></trkpt>
      <trkpt lat="48.306141" lon="14.271714"><ele>253.99</ele></trkpt>
      <trkpt lat="48.306121999999995" lon="14.271844"><ele>254.47</ele></trkpt>
      <trkpt lat="48.306114" lon="14.271977"><ele>255.1</ele></trkpt>
      <trkpt lat="48.306124" lon="14.272139"><ele>255.83</ele></trkpt>
      <trkpt lat="48.306143" lon="14.272216"><ele>256.21</ele></trkpt>
      <trkpt lat="48.306166" lon="14.272224"><ele>256.4</ele></trkpt>
      <trkpt lat="48.306134" lon="14.272463"><ele>256.07</ele></trkpt>
      <trkpt lat="48.306118999999995" lon="14.272725999999999"><ele>255.3</ele></trkpt>
      <trkpt lat="48.30612" lon="14.273048"><ele>255.1</ele></trkpt>
      <trkpt lat="48.306143999999996" lon="14.273458999999999"><ele>254.33</ele></trkpt>
      <trkpt lat="48.306188" lon="14.273738"><ele>253.49</ele></trkpt>
      <trkpt lat="48.306357" lon="14.274673"><ele>254.31</ele></trkpt>
      <trkpt lat="48.306425999999995" lon="14.274951"><ele>254.31</ele></trkpt>
      <trkpt lat="48.306616999999996" lon="14.275596"><ele>254.43</ele></trkpt>
      <trkpt lat="48.306839" lon="14.276311999999999"><ele>254.49</ele></trkpt>
      <trkpt lat="48.30712" lon="14.27713"><ele>254.18</ele></trkpt>
      <trkpt lat="48.30737" lon="14.277744"><ele>254.18</ele></trkpt>
      <trkpt lat="48.307595" lon="14.278362"><ele>254.14</ele></trkpt>
      <trkpt lat="48.307769" lon="14.27887"><ele>254.88</ele></trkpt>
      <trkpt lat="48.307860999999995" lon="14.279214"><ele>253.78</ele></trkpt>
      <trkpt lat="48.307967999999995" lon="14.27976"><ele>253.74</ele></trkpt>
      <trkpt lat="48.308065" lon="14.280339999999999"><ele>254.56</ele></trkpt>
      <trkpt lat="48.308129" lon="14.280683999999999"><ele>253.19</ele></trkpt>
      <trkpt lat="48.308226" lon="14.281096999999999"><ele>253.48</ele></trkpt>
      <trkpt lat="48.308327" lon="14.281438"><ele>254.56</ele></trkpt>
      <trkpt lat="48.308699999999995" lon="14.282573"><ele>253.79</ele></trkpt>
      <trkpt lat="48.308737" lon="14.282641"><ele>253.67</ele></trkpt>
      <trkpt lat="48.30878" lon="14.282689"><ele>253.81</ele></trkpt>
      <trkpt lat="48.308758999999995" lon="14.282779"><ele>253.13</ele></trkpt>
      <trkpt lat="48.308873" lon="14.283126"><ele>254.2</ele></trkpt>
      <trkpt lat="48.309058" lon="14.2835"><ele>254.27</ele></trkpt>
      <trkpt lat="48.309135" lon="14.283736"><ele>254.86</ele></trkpt>
      <trkpt lat="48.309176" lon="14.283909"><ele>255.19</ele></trkpt>
      <trkpt lat="48.30932" lon="14.284343999999999"><ele>256.8</ele></trkpt>
      <trkpt lat="48.309475" lon="14.284555"><ele>257.16</ele></trkpt>
      <trkpt lat="48.309517" lon="14.284644"><ele>255.28</ele></trkpt>
      <trkpt lat="48.309695999999995" lon="14.284934999999999"><ele>253.99</ele></trkpt>
      <trkpt lat="48.309743" lon="14.28502"><ele>254.09</ele></trkpt>
      <trkpt lat="48.309787" lon="14.285127999999998"><ele>254.13</ele></trkpt>
      <trkpt lat="48.309822999999994" lon="14.285177"><ele>254.19</ele></trkpt>
      <trkpt lat="48.309911" lon="14.285397999999999"><ele>254.08</ele></trkpt>
      <trkpt lat="48.310106" lon="14.285791"><ele>253.95</ele></trkpt>
      <trkpt lat="48.310164" lon="14.285864"><ele>254.1</ele></trkpt>
      <trkpt lat="48.310282" lon="14.285902"><ele>254.5</ele></trkpt>
      <trkpt lat="48.310333" lon="14.285955"><ele>254.57</ele></trkpt>
      <trkpt lat="48.310731999999994" lon="14.28657"><ele>254.87</ele></trkpt>
      <trkpt lat="48.310826" lon="14.286693999999999"><ele>254.89</ele></trkpt>
      <trkpt lat="48.311067" lon="14.286971999999999"><ele>254.98</ele></trkpt>
      <trkpt lat="48.311108999999995" lon="14.287046"><ele>254.98</ele></trkpt>
      <trkpt lat="48.311177" lon="14.287317"><ele>254.77</ele></trkpt>
      <trkpt lat="48.311212999999995" lon="14.287384"><ele>254.68</ele></trkpt>
      <trkpt lat="48.311763" lon="14.288093"><ele>254.21</ele></trkpt>
      <trkpt lat="48.311977999999996" lon="14.288348"><ele>254.1</ele></trkpt>
      <trkpt lat="48.314167999999995" lon="14.290555"><ele>253.94</ele></trkpt>
      <trkpt lat="48.314249" lon="14.290685"><ele>253.56</ele></trkpt>
      <trkpt lat="48.315132999999996" lon="14.291547"><ele>253.97</ele></trkpt>
      <trkpt lat="48.316359999999996" lon="14.292781999999999"><ele>253.78</ele></trkpt>
      <trkpt lat="48.316641" lon="14.292149"><ele>254.41</ele></trkpt>
      <trkpt lat="48.316659" lon="14.291984999999999"><ele>254.77</ele></trkpt>
      <trkpt lat="48.316685" lon="14.291870999999999"><ele>255.11</ele></trkpt>
      <trkpt lat="48.31675" lon="14.291768999999999"><ele>255.76</ele></trkpt>
      <trkpt lat="48.317502" lon="14.292591999999999"><ele>255.68</ele></trkpt>
      <trkpt lat="48.318017999999995" lon="14.293177"><ele>255.43</ele></trkpt>
      <trkpt lat="48.318678" lon="14.293878"><ele>254.8</ele></trkpt>
      <trkpt lat="48.318909999999995" lon="14.294158999999999"><ele>255.26</ele></trkpt>
      <trkpt lat="48.319162" lon="14.294514"><ele>254.89</ele></trkpt>
      <trkpt lat="48.319337" lon="14.294735999999999"><ele>254.58</ele></trkpt>
      <trkpt lat="48.319613999999994" lon="14.29502"><ele>255.07</ele></trkpt>
      <trkpt lat="48.320329" lon="14.295961"><ele>255.09</ele></trkpt>
      <trkpt lat="48.320437" lon="14.296272"><ele>254.79</ele></trkpt>
      <trkpt lat="48.321335" lon="14.297479"><ele>254.12</ele></trkpt>
      <trkpt lat="48.321571999999996" lon="14.297846"><ele>254.07</ele></trkpt>
      <trkpt lat="48.321718999999995" lon="14.298036999999999"><ele>254.21</ele></trkpt>
      <trkpt lat="48.322207" lon="14.298497"><ele>254.67</ele></trkpt>
      <trkpt lat="48.32268" lon="14.299239"><ele>254.95</ele></trkpt>
      <trkpt lat="48.322739999999996" lon="14.299292"><ele>254.95</ele></trkpt>
      <trkpt lat="48.323052999999994" lon="14.299828999999999"><ele>254.67</ele></trkpt>
      <trkpt lat="48.323355" lon="14.300374999999999"><ele>254.05</ele></trkpt>
      <trkpt lat="48.323612" lon="14.300875999999999"><ele>254.43</ele></trkpt>
      <trkpt lat="48.323786" lon="14.301236999999999"><ele>254.55</ele></trkpt>
      <trkpt lat="48.324107999999995" lon="14.301938"><ele>254.72</ele></trkpt>
      <trkpt lat="48.324363" lon="14.302553999999999"><ele>254.71</ele></trkpt>
      <trkpt lat="48.324526999999996" lon="14.302983999999999"><ele>254.72</ele></trkpt>
      <trkpt lat="48.324656" lon="14.303429999999999"><ele>254.84</ele></trkpt>
      <trkpt lat="48.324915" lon="14.304262999999999"><ele>254.52</ele></trkpt>
      <trkpt lat="48.325002" lon="14.304523"><ele>254.08</ele></trkpt>
      <trkpt lat="48.325075999999996" lon="14.304692"><ele>254.21</ele></trkpt>
      <trkpt lat="48.325215" lon="14.305152"><ele>254.44</ele></trkpt>
      <trkpt lat="48.325351999999995" lon="14.305641999999999"><ele>254.31</ele></trkpt>
      <trkpt lat="48.325556999999996" lon="14.306526"><ele>254.3</ele></trkpt>
      <trkpt lat="48.325865" lon="14.308482"><ele>254.27</ele></trkpt>
      <trkpt lat="48.325976999999995" lon="14.309465999999999"><ele>254.59</ele></trkpt>
      <trkpt lat="48.326007" lon="14.3098"><ele>255.27</ele></trkpt>
      <trkpt lat="48.326049" lon="14.310431999999999"><ele>254.76</ele></trkpt>
      <trkpt lat="48.32608" lon="14.3111"><ele>254</ele></trkpt>
      <trkpt lat="48.326082" lon="14.311316999999999"><ele>254</ele></trkpt>
      <trkpt lat="48.326059" lon="14.311561999999999"><ele>254</ele></trkpt>
      <trkpt lat="48.326059" lon="14.312588"><ele>254.06</ele></trkpt>
      <trkpt lat="48.326035" lon="14.313404"><ele>254.32</ele></trkpt>
      <trkpt lat="48.326011" lon="14.313868999999999"><ele>254.54</ele></trkpt>
      <trkpt lat="48.325969" lon="14.314465"><ele>254.47</ele></trkpt>
      <trkpt lat="48.325950999999996" lon="14.315031999999999"><ele>254.22</ele></trkpt>
      <trkpt lat="48.325855" lon="14.315844"><ele>253.75</ele></trkpt>
      <trkpt lat="48.325748" lon="14.316567"><ele>253.82</ele></trkpt>
      <trkpt lat="48.325565" lon="14.317566999999999"><ele>253.93</ele></trkpt>
      <trkpt lat="48.325378" lon="14.318430999999999"><ele>253.98</ele></trkpt>
      <trkpt lat="48.325165999999996" lon="14.319332999999999"><ele>253.83</ele></trkpt>
      <trkpt lat="48.325047999999995" lon="14.319776"><ele>253.77</ele></trkpt>
      <trkpt lat="48.324827" lon="14.320521999999999"><ele>253.68</ele></trkpt>
      <trkpt lat="48.324729" lon="14.320824"><ele>253.83</ele></trkpt>
      <trkpt lat="48.324614" lon="14.320998"><ele>254.12</ele></trkpt>
      <trkpt lat="48.324583999999994" lon="14.321055999999999"><ele>254.42</ele></trkpt>
      <trkpt lat="48.324574" lon="14.321111"><ele>254.59</ele></trkpt>
      <trkpt lat="48.324574" lon="14.321266999999999"><ele>254.37</ele></trkpt>
      <trkpt lat="48.324566999999995" lon="14.321318999999999"><ele>254.13</ele></trkpt>
      <trkpt lat="48.324507" lon="14.321492"><ele>253.66</ele></trkpt>
      <trkpt lat="48.324239" lon="14.322199"><ele>253.89</ele></trkpt>
      <trkpt lat="48.323915" lon="14.322965"><ele>253.7</ele></trkpt>
      <trkpt lat="48.323885999999995" lon="14.323077999999999"><ele>254.14</ele></trkpt>
      <trkpt lat="48.323768" lon="14.323445"><ele>254.87</ele></trkpt>
      <trkpt lat="48.32375" lon="14.323545"><ele>254.88</ele></trkpt>
      <trkpt lat="48.323667" lon="14.323739"><ele>254.77</ele></trkpt>
      <trkpt lat="48.323218999999995" lon="14.324577"><ele>254.36</ele></trkpt>
      <trkpt lat="48.3227" lon="14.325424"><ele>254.22</ele></trkpt>
      <trkpt lat="48.322313" lon="14.325977"><ele>254.35</ele></trkpt>
      <trkpt lat="48.321701999999995" lon="14.326749"><ele>254.25</ele></trkpt>
      <trkpt lat="48.321382" lon="14.327103999999999"><ele>253.99</ele></trkpt>
      <trkpt lat="48.320873" lon="14.327620999999999"><ele>253.65</ele></trkpt>
      <trkpt lat="48.320482" lon="14.327979"><ele>253.62</ele></trkpt>
      <trkpt lat="48.319193999999996" lon="14.329023"><ele>254.44</ele></trkpt>
      <trkpt lat="48.314685" lon="14.332623"><ele>254.17</ele></trkpt>
      <trkpt lat="48.314150999999995" lon="14.333060999999999"><ele>255.79</ele></trkpt>
      <trkpt lat="48.314008" lon="14.33316"><ele>254.71</ele></trkpt>
      <trkpt lat="48.313486" lon="14.333473999999999"><ele>254.23</ele></trkpt>
      <trkpt lat="48.311744999999995" lon="14.334354999999999"><ele>253.98</ele></trkpt>
      <trkpt lat="48.31118" lon="14.334615"><ele>253.93</ele></trkpt>
      <trkpt lat="48.310821999999995" lon="14.334762"><ele>254.52</ele></trkpt>
      <trkpt lat="48.309981" lon="14.335102"><ele>254.19</ele></trkpt>
      <trkpt lat="48.308848999999995" lon="14.335538999999999"><ele>255.54</ele></trkpt>
      <trkpt lat="48.308738999999996" lon="14.335600999999999"><ele>254.95</ele></trkpt>
      <trkpt lat="48.308577" lon="14.335714999999999"><ele>254.83</ele></trkpt>
      <trkpt lat="48.308474999999994" lon="14.33582"><ele>254.6</ele></trkpt>
      <trkpt lat="48.308333" lon="14.335994999999999"><ele>254.87</ele></trkpt>
      <trkpt lat="48.30827" lon="14.336044"><ele>254.93</ele></trkpt>
      <trkpt lat="48.308139999999995" lon="14.336107"><ele>254.96</ele></trkpt>
      <trkpt lat="48.307624999999994" lon="14.336298"><ele>255.17</ele></trkpt>
      <trkpt lat="48.307376" lon="14.336416999999999"><ele>255.14</ele></trkpt>
      <trkpt lat="48.305882999999994" lon="14.336765999999999"><ele>254.4</ele></trkpt>
      <trkpt lat="48.305543" lon="14.336877"><ele>254.14</ele></trkpt>
      <trkpt lat="48.305236" lon="14.337029"><ele>253.99</ele></trkpt>
      <trkpt lat="48.304885999999996" lon="14.337264"><ele>254.07</ele></trkpt>
      <trkpt lat="48.303225" lon="14.338598"><ele>254.38</ele></trkpt>
      <trkpt lat="48.303155" lon="14.338638"><ele>254.42</ele></trkpt>
      <trkpt lat="48.303019" lon="14.338652999999999"><ele>253.75</ele></trkpt>
      <trkpt lat="48.302954" lon="14.338671"><ele>253.48</ele></trkpt>
      <trkpt lat="48.30287" lon="14.338726999999999"><ele>253.25</ele></trkpt>
      <trkpt lat="48.302426" lon="14.339089"><ele>252.9</ele></trkpt>
      <trkpt lat="48.302065999999996" lon="14.339324999999999"><ele>252.77</ele></trkpt>
      <trkpt lat="48.298601999999995" lon="14.341028"><ele>251.7</ele></trkpt>
      <trkpt lat="48.298068" lon="14.341242999999999"><ele>250.55</ele></trkpt>
      <trkpt lat="48.297698999999994" lon="14.341374"><ele>250.72</ele></trkpt>
      <trkpt lat="48.297173" lon="14.341512999999999"><ele>250.79</ele></trkpt>
      <trkpt lat="48.29584" lon="14.341745999999999"><ele>250.91</ele></trkpt>
      <trkpt lat="48.295576999999994" lon="14.341804999999999"><ele>250.97</ele></trkpt>
      <trkpt lat="48.295133" lon="14.341935"><ele>250.94</ele></trkpt>
      <trkpt lat="48.294695999999995" lon="14.342094999999999"><ele>251.14</ele></trkpt>
      <trkpt lat="48.294072" lon="14.342388"><ele>251.1</ele></trkpt>
      <trkpt lat="48.292441" lon="14.343332"><ele>250.87</ele></trkpt>
      <trkpt lat="48.291841999999995" lon="14.343651"><ele>250.79</ele></trkpt>
      <trkpt lat="48.291292999999996" lon="14.343904"><ele>250.92</ele></trkpt>
      <trkpt lat="48.290644" lon="14.344159"><ele>251.27</ele></trkpt>
      <trkpt lat="48.28792" lon="14.345149"><ele>251.4</ele></trkpt>
      <trkpt lat="48.286769" lon="14.345555"><ele>251.5</ele></trkpt>
      <trkpt lat="48.28646" lon="14.34568"><ele>251.44</ele></trkpt>
      <trkpt lat="48.285877" lon="14.345941999999999"><ele>251.15</ele></trkpt>
      <trkpt lat="48.28544" lon="14.346167"><ele>250.98</ele></trkpt>
      <trkpt lat="48.284889" lon="14.346483"><ele>250.86</ele></trkpt>
      <trkpt lat="48.284276" lon="14.34689"><ele>250.73</ele></trkpt>
      <trkpt lat="48.283739" lon="14.347296"><ele>250.95</ele></trkpt>
      <trkpt lat="48.283353999999996" lon="14.347615999999999"><ele>251.02</ele></trkpt>
      <trkpt lat="48.282809" lon="14.348106999999999"><ele>251.08</ele></trkpt>
      <trkpt lat="48.282381" lon="14.348529"><ele>251.06</ele></trkpt>
      <trkpt lat="48.282171" lon="14.348756"><ele>251.02</ele></trkpt>
      <trkpt lat="48.281639999999996" lon="14.349411"><ele>252.83</ele></trkpt>
      <trkpt lat="48.280696" lon="14.350463"><ele>252.62</ele></trkpt>
      <trkpt lat="48.280318" lon="14.350925"><ele>252.53</ele></trkpt>
      <trkpt lat="48.27981" lon="14.351585"><ele>252.32</ele></trkpt>
      <trkpt lat="48.279574" lon="14.35192"><ele>252.24</ele></trkpt>
      <trkpt lat="48.279284" lon="14.352355"><ele>252.27</ele></trkpt>
      <trkpt lat="48.278607" lon="14.353416999999999"><ele>252.55</ele></trkpt>
      <trkpt lat="48.278168" lon="14.354152"><ele>252.48</ele></trkpt>
      <trkpt lat="48.277775999999996" lon="14.354845"><ele>252.44</ele></trkpt>
      <trkpt lat="48.27746" lon="14.355424999999999"><ele>252.39</ele></trkpt>
      <trkpt lat="48.276979" lon="14.356366999999999"><ele>252.74</ele></trkpt>
      <trkpt lat="48.276767" lon="14.356796"><ele>252.13</ele></trkpt>
      <trkpt lat="48.276332" lon="14.357723"><ele>252.28</ele></trkpt>
      <trkpt lat="48.275881" lon="14.358753"><ele>252.14</ele></trkpt>
      <trkpt lat="48.275631999999995" lon="14.359359"><ele>252.1</ele></trkpt>
      <trkpt lat="48.275566999999995" lon="14.359606999999999"><ele>252.06</ele></trkpt>
      <trkpt lat="48.275496" lon="14.360088999999999"><ele>252.12</ele></trkpt>
      <trkpt lat="48.275448" lon="14.360271"><ele>252.17</ele></trkpt>
      <trkpt lat="48.275348" lon="14.360526"><ele>252.18</ele></trkpt>
      <trkpt lat="48.275165" lon="14.360935"><ele>252.02</ele></trkpt>
      <trkpt lat="48.274634999999996" lon="14.362276999999999"><ele>252.28</ele></trkpt>
      <trkpt lat="48.274125999999995" lon="14.363634999999999"><ele>252.49</ele></trkpt>
      <trkpt lat="48.273809" lon="14.364550999999999"><ele>252.28</ele></trkpt>
      <trkpt lat="48.273523" lon="14.365444"><ele>252.22</ele></trkpt>
      <trkpt lat="48.273343" lon="14.366038"><ele>252.2</ele></trkpt>
      <trkpt lat="48.273030999999996" lon="14.367187"><ele>252.25</ele></trkpt>
      <trkpt lat="48.272892" lon="14.367783999999999"><ele>252.38</ele></trkpt>
      <trkpt lat="48.272731" lon="14.368539"><ele>252.15</ele></trkpt>
      <trkpt lat="48.272603" lon="14.369237"><ele>252.3</ele></trkpt>
      <trkpt lat="48.272501" lon="14.369883999999999"><ele>252.1</ele></trkpt>
      <trkpt lat="48.272428" lon="14.370427999999999"><ele>252.13</ele></trkpt>
      <trkpt lat="48.272304999999996" lon="14.371459999999999"><ele>252.12</ele></trkpt>
      <trkpt lat="48.272242999999996" lon="14.372041999999999"><ele>252.16</ele></trkpt>
      <trkpt lat="48.272175" lon="14.372817"><ele>251.96</ele></trkpt>
      <trkpt lat="48.27211" lon="14.373377999999999"><ele>251.71</ele></trkpt>
      <trkpt lat="48.272037" lon="14.373909"><ele>251.74</ele></trkpt>
      <trkpt lat="48.271961999999995" lon="14.374381999999999"><ele>251.81</ele></trkpt>
      <trkpt lat="48.271885" lon="14.374806999999999"><ele>251.99</ele></trkpt>
      <trkpt lat="48.271704" lon="14.375715"><ele>252.31</ele></trkpt>
      <trkpt lat="48.271674" lon="14.375926999999999"><ele>252.27</ele></trkpt>
      <trkpt lat="48.271645" lon="14.376348"><ele>252.11</ele></trkpt>
      <trkpt lat="48.271619" lon="14.376543"><ele>252.02</ele></trkpt>
      <trkpt lat="48.271569" lon="14.376812999999999"><ele>251.85</ele></trkpt>
      <trkpt lat="48.271225" lon="14.378295"><ele>251.07</ele></trkpt>
      <trkpt lat="48.270703" lon="14.380467"><ele>251.62</ele></trkpt>
      <trkpt lat="48.270508" lon="14.381236999999999"><ele>252.31</ele></trkpt>
      <trkpt lat="48.270514" lon="14.381324"><ele>252.05</ele></trkpt>
      <trkpt lat="48.270779999999995" lon="14.381978"><ele>249.97</ele></trkpt>
      <trkpt lat="48.270900999999995" lon="14.382334"><ele>250.35</ele></trkpt>
      <trkpt lat="48.270953" lon="14.382553999999999"><ele>250.43</ele></trkpt>
      <trkpt lat="48.270979" lon="14.382765"><ele>250.41</ele></trkpt>
      <trkpt lat="48.270959" lon="14.382931999999998"><ele>250.37</ele></trkpt>
      <trkpt lat="48.270907" lon="14.383068"><ele>250.44</ele></trkpt>
      <trkpt lat="48.270455" lon="14.38445"><ele>250.43</ele></trkpt>
      <trkpt lat="48.270376" lon="14.384637"><ele>250.49</ele></trkpt>
      <trkpt lat="48.270285" lon="14.384803"><ele>250.59</ele></trkpt>
      <trkpt lat="48.270179999999996" lon="14.384953"><ele>250.68</ele></trkpt>
      <trkpt lat="48.270049" lon="14.385057999999999"><ele>250.71</ele></trkpt>
      <trkpt lat="48.269912999999995" lon="14.385126"><ele>251.03</ele></trkpt>
      <trkpt lat="48.269419" lon="14.385335"><ele>251.04</ele></trkpt>
      <trkpt lat="48.269362" lon="14.385330999999999"><ele>251.14</ele></trkpt>
      <trkpt lat="48.269296999999995" lon="14.385283999999999"><ele>251.51</ele></trkpt>
      <trkpt lat="48.269166999999996" lon="14.385145"><ele>252</ele></trkpt>
      <trkpt lat="48.268755999999996" lon="14.385905999999999"><ele>251.21</ele></trkpt>
      <trkpt lat="48.268423" lon="14.386451"><ele>251.31</ele></trkpt>
      <trkpt lat="48.268046" lon="14.386999999999999"><ele>251.33</ele></trkpt>
      <trkpt lat="48.267652999999996" lon="14.387509999999999"><ele>251.3</ele></trkpt>
      <trkpt lat="48.266597" lon="14.388741999999999"><ele>251.52</ele></trkpt>
      <trkpt lat="48.265825" lon="14.389709"><ele>251.62</ele></trkpt>
      <trkpt lat="48.265445" lon="14.390215"><ele>251.6</ele></trkpt>
      <trkpt lat="48.264993999999994" lon="14.390839"><ele>251.62</ele></trkpt>
      <trkpt lat="48.264485" lon="14.39158"><ele>251.69</ele></trkpt>
      <trkpt lat="48.263892999999996" lon="14.392494"><ele>251.77</ele></trkpt>
      <trkpt lat="48.263419999999996" lon="14.39326"><ele>251.54</ele></trkpt>
      <trkpt lat="48.263144999999994" lon="14.393723999999999"><ele>251.41</ele></trkpt>
      <trkpt lat="48.262301" lon="14.395277"><ele>251.53</ele></trkpt>
      <trkpt lat="48.261903" lon="14.396047"><ele>251.27</ele></trkpt>
      <trkpt lat="48.261227999999996" lon="14.397452999999999"><ele>250.83</ele></trkpt>
      <trkpt lat="48.260959" lon="14.397976"><ele>250.92</ele></trkpt>
      <trkpt lat="48.260532" lon="14.39876"><ele>251.19</ele></trkpt>
      <trkpt lat="48.260117" lon="14.399598"><ele>251.15</ele></trkpt>
      <trkpt lat="48.259772999999996" lon="14.400366"><ele>251.26</ele></trkpt>
      <trkpt lat="48.259454999999996" lon="14.401135"><ele>251.45</ele></trkpt>
      <trkpt lat="48.259198" lon="14.401824999999999"><ele>251.32</ele></trkpt>
      <trkpt lat="48.258958" lon="14.402547"><ele>251.02</ele></trkpt>
      <trkpt lat="48.258787999999996" lon="14.403115999999999"><ele>250.97</ele></trkpt>
      <trkpt lat="48.258587999999996" lon="14.403830999999998"><ele>251.03</ele></trkpt>
      <trkpt lat="48.258410999999995" lon="14.404553"><ele>250.96</ele></trkpt>
      <trkpt lat="48.258174999999994" lon="14.405660999999998"><ele>250.9</ele></trkpt>
      <trkpt lat="48.258092999999995" lon="14.406115999999999"><ele>251.72</ele></trkpt>
      <trkpt lat="48.257929999999995" lon="14.407178"><ele>251.22</ele></trkpt>
      <trkpt lat="48.257827999999996" lon="14.408005999999999"><ele>251.27</ele></trkpt>
      <trkpt lat="48.257504999999995" lon="14.411387999999999"><ele>251.63</ele></trkpt>
      <trkpt lat="48.257425999999995" lon="14.412353"><ele>251.69</ele></trkpt>
      <trkpt lat="48.257379" lon="14.412799"><ele>251.59</ele></trkpt>
      <trkpt lat="48.257298" lon="14.413449"><ele>251.6</ele></trkpt>
      <trkpt lat="48.257208" lon="14.414076999999999"><ele>251.64</ele></trkpt>
      <trkpt lat="48.257025" lon="14.415206"><ele>251.76</ele></trkpt>
      <trkpt lat="48.256878" lon="14.415991"><ele>251.76</ele></trkpt>
      <trkpt lat="48.25676" lon="14.416544"><ele>251.77</ele></trkpt>
      <trkpt lat="48.256473" lon="14.417769999999999"><ele>251.84</ele></trkpt>
      <trkpt lat="48.256146" lon="14.418968"><ele>251.87</ele></trkpt>
      <trkpt lat="48.255711999999995" lon="14.420347999999999"><ele>251.91</ele></trkpt>
      <trkpt lat="48.255524" lon="14.420884"><ele>251.97</ele></trkpt>
      <trkpt lat="48.255305" lon="14.421472999999999"><ele>252</ele></trkpt>
      <trkpt lat="48.255375" lon="14.421619999999999"><ele>252</ele></trkpt>
      <trkpt lat="48.255454" lon="14.421681999999999"><ele>252</ele></trkpt>
      <trkpt lat="48.255586" lon="14.421593999999999"><ele>252</ele></trkpt>
      <trkpt lat="48.255849999999995" lon="14.421453"><ele>252</ele></trkpt>
      <trkpt lat="48.255973999999995" lon="14.421415"><ele>252</ele></trkpt>
      <trkpt lat="48.256108999999995" lon="14.421387999999999"><ele>252</ele></trkpt>
      <trkpt lat="48.256392" lon="14.421382"><ele>251.98</ele></trkpt>
      <trkpt lat="48.25654" lon="14.421399"><ele>251.85</ele></trkpt>
      <trkpt lat="48.256665" lon="14.421431"><ele>251.65</ele></trkpt>
      <trkpt lat="48.25696" lon="14.421562999999999"><ele>251.3</ele></trkpt>
      <trkpt lat="48.257315" lon="14.421816999999999"><ele>249.24</ele></trkpt>
      <trkpt lat="48.258348" lon="14.422597"><ele>251</ele></trkpt>
      <trkpt lat="48.258328" lon="14.422668999999999"><ele>250.79</ele></trkpt>
      <trkpt lat="48.258294" lon="14.422711"><ele>250.3</ele></trkpt>
      <trkpt lat="48.258218" lon="14.42277"><ele>249.54</ele></trkpt>
      <trkpt lat="48.258204" lon="14.422816"><ele>249.3</ele></trkpt>
      <trkpt lat="48.258209" lon="14.422853"><ele>249.32</ele></trkpt>
      <trkpt lat="48.258227999999995" lon="14.422889"><ele>249.55</ele></trkpt>
      <trkpt lat="48.258302" lon="14.422905"><ele>250.22</ele></trkpt>
      <trkpt lat="48.258326" lon="14.422920999999999"><ele>250.42</ele></trkpt>
      <trkpt lat="48.258421" lon="14.42305"><ele>250.33</ele></trkpt>
      <trkpt lat="48.258435" lon="14.423121"><ele>250.56</ele></trkpt>
      <trkpt lat="48.258376999999996" lon="14.423378"><ele>251.06</ele></trkpt>
      <trkpt lat="48.258387" lon="14.423452"><ele>251.09</ele></trkpt>
      <trkpt lat="48.25834" lon="14.423506"><ele>250.6</ele></trkpt>
      <trkpt lat="48.258286999999996" lon="14.423591"><ele>250.43</ele></trkpt>
      <trkpt lat="48.258247999999995" lon="14.423701999999999"><ele>250.1</ele></trkpt>
      <trkpt lat="48.258182" lon="14.423993999999999"><ele>249.63</ele></trkpt>
      <trkpt lat="48.258171" lon="14.424138"><ele>249.53</ele></trkpt>
      <trkpt lat="48.258173" lon="14.424282"><ele>249.37</ele></trkpt>
      <trkpt lat="48.258215" lon="14.42474"><ele>248.8</ele></trkpt>
      <trkpt lat="48.258289" lon="14.425194999999999"><ele>248.24</ele></trkpt>
      <trkpt lat="48.258314" lon="14.425429999999999"><ele>247.93</ele></trkpt>
      <trkpt lat="48.258312" lon="14.425611"><ele>247.75</ele></trkpt>
      <trkpt lat="48.258337" lon="14.426200999999999"><ele>247.08</ele></trkpt>
      <trkpt lat="48.258356" lon="14.426466"><ele>247.16</ele></trkpt>
      <trkpt lat="48.258378" lon="14.426658"><ele>247.28</ele></trkpt>
      <trkpt lat="48.258416999999994" lon="14.426905999999999"><ele>247.24</ele></trkpt>
      <trkpt lat="48.258662" lon="14.427942999999999"><ele>247.07</ele></trkpt>
      <trkpt lat="48.258722" lon="14.428161"><ele>247.02</ele></trkpt>
      <trkpt lat="48.258797" lon="14.428395"><ele>247.01</ele></trkpt>
      <trkpt lat="48.258888" lon="14.428619"><ele>247.01</ele></trkpt>
      <trkpt lat="48.259132" lon="14.429129"><ele>247.03</ele></trkpt>
      <trkpt lat="48.259276" lon="14.429405"><ele>247.04</ele></trkpt>
      <trkpt lat="48.259516999999995" lon="14.429789"><ele>247.18</ele></trkpt>
      <trkpt lat="48.259854999999995" lon="14.43028"><ele>247.07</ele></trkpt>
      <trkpt lat="48.259913" lon="14.430389"><ele>247.04</ele></trkpt>
      <trkpt lat="48.260099" lon="14.430824"><ele>247.01</ele></trkpt>
      <trkpt lat="48.260157" lon="14.430983999999999"><ele>247</ele></trkpt>
      <trkpt lat="48.260262999999995" lon="14.431336"><ele>247</ele></trkpt>
      <trkpt lat="48.260448" lon="14.431871"><ele>247</ele></trkpt>
      <trkpt lat="48.26057" lon="14.43216"><ele>246.91</ele></trkpt>
      <trkpt lat="48.260915999999995" lon="14.432853999999999"><ele>247</ele></trkpt>
      <trkpt lat="48.261292999999995" lon="14.43351"><ele>246.77</ele></trkpt>
      <trkpt lat="48.261646" lon="14.434254"><ele>246.93</ele></trkpt>
      <trkpt lat="48.261776" lon="14.434469"><ele>246.91</ele></trkpt>
      <trkpt lat="48.262167999999996" lon="14.43506"><ele>246.61</ele></trkpt>
      <trkpt lat="48.262381999999995" lon="14.435421999999999"><ele>246.57</ele></trkpt>
      <trkpt lat="48.262614" lon="14.435886"><ele>246.5</ele></trkpt>
      <trkpt lat="48.262764" lon="14.436219999999999"><ele>246.52</ele></trkpt>
      <trkpt lat="48.262918" lon="14.436613999999999"><ele>246.57</ele></trkpt>
      <trkpt lat="48.262986" lon="14.436812999999999"><ele>246.75</ele></trkpt>
      <trkpt lat="48.263017" lon="14.436966"><ele>246.85</ele></trkpt>
      <trkpt lat="48.263071" lon="14.437434999999999"><ele>247.06</ele></trkpt>
      <trkpt lat="48.263092" lon="14.437745999999999"><ele>247.02</ele></trkpt>
      <trkpt lat="48.263124999999995" lon="14.437887"><ele>247</ele></trkpt>
      <trkpt lat="48.263186999999995" lon="14.438037999999999"><ele>247</ele></trkpt>
      <trkpt lat="48.263295" lon="14.438244"><ele>247</ele></trkpt>
      <trkpt lat="48.263391" lon="14.438396"><ele>247</ele></trkpt>
      <trkpt lat="48.263490999999995" lon="14.438507"><ele>247</ele></trkpt>
      <trkpt lat="48.263591999999996" lon="14.438599"><ele>247</ele></trkpt>
      <trkpt lat="48.264010999999996" lon="14.438941999999999"><ele>249.65</ele></trkpt>
      <trkpt lat="48.264351999999995" lon="14.439150999999999"><ele>251.42</ele></trkpt>
      <trkpt lat="48.264528999999996" lon="14.439288"><ele>252.44</ele></trkpt>
      <trkpt lat="48.264894999999996" lon="14.441488"><ele>252.19</ele></trkpt>
      <trkpt lat="48.265003" lon="14.442020999999999"><ele>252.17</ele></trkpt>
      <trkpt lat="48.265054" lon="14.442174999999999"><ele>252.23</ele></trkpt>
      <trkpt lat="48.265144" lon="14.442355"><ele>252.52</ele></trkpt>
      <trkpt lat="48.265257" lon="14.443007999999999"><ele>252.08</ele></trkpt>
      <trkpt lat="48.265318" lon="14.443318999999999"><ele>252.23</ele></trkpt>
      <trkpt lat="48.265529" lon="14.444123999999999"><ele>252.04</ele></trkpt>
      <trkpt lat="48.265768" lon="14.445141999999999"><ele>252.9</ele></trkpt>
      <trkpt lat="48.265792999999995" lon="14.445438999999999"><ele>252.71</ele></trkpt>
      <trkpt lat="48.265806999999995" lon="14.445917999999999"><ele>252.78</ele></trkpt>
      <trkpt lat="48.265819" lon="14.446069"><ele>252.81</ele></trkpt>
      <trkpt lat="48.265837999999995" lon="14.446183"><ele>252.74</ele></trkpt>
      <trkpt lat="48.265859" lon="14.446254"><ele>252.56</ele></trkpt>
      <trkpt lat="48.265941999999995" lon="14.44641"><ele>252.52</ele></trkpt>
      <trkpt lat="48.266148" lon="14.446629"><ele>253.06</ele></trkpt>
      <trkpt lat="48.266123" lon="14.446731999999999"><ele>252.77</ele></trkpt>
      <trkpt lat="48.266117" lon="14.4468"><ele>252.54</ele></trkpt>
      <trkpt lat="48.266248999999995" lon="14.448136"><ele>249.53</ele></trkpt>
      <trkpt lat="48.266259" lon="14.448599999999999"><ele>249.09</ele></trkpt>
      <trkpt lat="48.266248" lon="14.448834999999999"><ele>248.9</ele></trkpt>
      <trkpt lat="48.266217" lon="14.449081999999999"><ele>248.76</ele></trkpt>
      <trkpt lat="48.266174" lon="14.449314999999999"><ele>249.19</ele></trkpt>
      <trkpt lat="48.26605" lon="14.44975"><ele>247.5</ele></trkpt>
      <trkpt lat="48.265741" lon="14.450607"><ele>247.19</ele></trkpt>
      <trkpt lat="48.265693" lon="14.450624999999999"><ele>247.25</ele></trkpt>
      <trkpt lat="48.265708" lon="14.450743999999998"><ele>247.68</ele></trkpt>
      <trkpt lat="48.265820999999995" lon="14.451614999999999"><ele>248.7</ele></trkpt>
      <trkpt lat="48.26587" lon="14.451937"><ele>249.05</ele></trkpt>
      <trkpt lat="48.265989999999995" lon="14.452492999999999"><ele>251.39</ele></trkpt>
      <trkpt lat="48.266031" lon="14.452878"><ele>251.94</ele></trkpt>
      <trkpt lat="48.266037999999995" lon="14.453031"><ele>252</ele></trkpt>
      <trkpt lat="48.26603" lon="14.453306999999999"><ele>252</ele></trkpt>
      <trkpt lat="48.265989999999995" lon="14.453422"><ele>252.33</ele></trkpt>
      <trkpt lat="48.265921999999996" lon="14.453543"><ele>252.73</ele></trkpt>
      <trkpt lat="48.265882999999995" lon="14.453562999999999"><ele>252.83</ele></trkpt>
      <trkpt lat="48.265647" lon="14.453494"><ele>252.55</ele></trkpt>
      <trkpt lat="48.26546" lon="14.453451999999999"><ele>252.39</ele></trkpt>
      <trkpt lat="48.265253" lon="14.453458"><ele>252.29</ele></trkpt>
      <trkpt lat="48.265127" lon="14.453477999999999"><ele>252.2</ele></trkpt>
      <trkpt lat="48.264998" lon="14.453515"><ele>252.2</ele></trkpt>
      <trkpt lat="48.264741" lon="14.45366"><ele>252.01</ele></trkpt>
      <trkpt lat="48.263982999999996" lon="14.454293"><ele>252</ele></trkpt>
      <trkpt lat="48.262595" lon="14.455354"><ele>250.41</ele></trkpt>
      <trkpt lat="48.261872" lon="14.455864"><ele>251.35</ele></trkpt>
      <trkpt lat="48.261803" lon="14.455879999999999"><ele>250.71</ele></trkpt>
      <trkpt lat="48.261699" lon="14.455922"><ele>250.3</ele></trkpt>
      <trkpt lat="48.261486999999995" lon="14.456033999999999"><ele>250</ele></trkpt>
      <trkpt lat="48.261171" lon="14.456226"><ele>249.06</ele></trkpt>
      <trkpt lat="48.260953" lon="14.456328"><ele>248.49</ele></trkpt>
      <trkpt lat="48.260830999999996" lon="14.456330999999999"><ele>248.18</ele></trkpt>
      <trkpt lat="48.260732" lon="14.456306999999999"><ele>247.95</ele></trkpt>
      <trkpt lat="48.260663" lon="14.456304"><ele>247.82</ele></trkpt>
      <trkpt lat="48.260599" lon="14.456308"><ele>247.63</ele></trkpt>
      <trkpt lat="48.260441" lon="14.456356"><ele>247.05</ele></trkpt>
      <trkpt lat="48.260373" lon="14.456392999999998"><ele>246.94</ele></trkpt>
      <trkpt lat="48.260253999999996" lon="14.456501"><ele>246.8</ele></trkpt>
      <trkpt lat="48.260193" lon="14.456577999999999"><ele>246.82</ele></trkpt>
      <trkpt lat="48.260092" lon="14.456757"><ele>247.54</ele></trkpt>
      <trkpt lat="48.260006999999995" lon="14.45693"><ele>247.99</ele></trkpt>
      <trkpt lat="48.259941999999995" lon="14.457118"><ele>247.6</ele></trkpt>
      <trkpt lat="48.259786999999996" lon="14.457718999999999"><ele>248.24</ele></trkpt>
      <trkpt lat="48.259688" lon="14.457999"><ele>247.97</ele></trkpt>
      <trkpt lat="48.25965" lon="14.458067999999999"><ele>247.96</ele></trkpt>
      <trkpt lat="48.259609" lon="14.458117"><ele>247.94</ele></trkpt>
      <trkpt lat="48.259563" lon="14.458159"><ele>247.9</ele></trkpt>
      <trkpt lat="48.259392999999996" lon="14.458264"><ele>247.72</ele></trkpt>
      <trkpt lat="48.259344" lon="14.458314999999999"><ele>247.64</ele></trkpt>
      <trkpt lat="48.259305" lon="14.458371"><ele>247.56</ele></trkpt>
      <trkpt lat="48.259266" lon="14.458457"><ele>247.47</ele></trkpt>
      <trkpt lat="48.259153999999995" lon="14.458769"><ele>246.92</ele></trkpt>
      <trkpt lat="48.259023" lon="14.459228999999999"><ele>246.87</ele></trkpt>
      <trkpt lat="48.258851" lon="14.459897"><ele>248.14</ele></trkpt>
      <trkpt lat="48.258044999999996" lon="14.461450999999999"><ele>247.75</ele></trkpt>
      <trkpt lat="48.257993" lon="14.461438999999999"><ele>247.61</ele></trkpt>
      <trkpt lat="48.257956" lon="14.461466"><ele>247.56</ele></trkpt>
      <trkpt lat="48.257414999999995" lon="14.462138"><ele>247.89</ele></trkpt>
      <trkpt lat="48.257287" lon="14.462283999999999"><ele>248.02</ele></trkpt>
      <trkpt lat="48.257208999999996" lon="14.462359"><ele>248.14</ele></trkpt>
      <trkpt lat="48.256685" lon="14.462643"><ele>247.85</ele></trkpt>
      <trkpt lat="48.256501" lon="14.462776999999999"><ele>247.45</ele></trkpt>
      <trkpt lat="48.256305999999995" lon="14.462943999999998"><ele>247.04</ele></trkpt>
      <trkpt lat="48.256156" lon="14.463090999999999"><ele>246.98</ele></trkpt>
      <trkpt lat="48.256046999999995" lon="14.463275"><ele>246.9</ele></trkpt>
      <trkpt lat="48.255907" lon="14.463671999999999"><ele>246.79</ele></trkpt>
      <trkpt lat="48.25591" lon="14.463804"><ele>246.89</ele></trkpt>
      <trkpt lat="48.25584" lon="14.46421"><ele>247</ele></trkpt>
      <trkpt lat="48.255708999999996" lon="14.464746"><ele>247</ele></trkpt>
      <trkpt lat="48.255683" lon="14.464846"><ele>247</ele></trkpt>
      <trkpt lat="48.25559" lon="14.465081999999999"><ele>246.94</ele></trkpt>
      <trkpt lat="48.255514" lon="14.465323"><ele>246.89</ele></trkpt>
      <trkpt lat="48.255044" lon="14.467374999999999"><ele>247</ele></trkpt>
      <trkpt lat="48.254878" lon="14.467920999999999"><ele>247.31</ele></trkpt>
      <trkpt lat="48.254723999999996" lon="14.468351"><ele>247.54</ele></trkpt>
      <trkpt lat="48.254591" lon="14.468675999999999"><ele>247.78</ele></trkpt>
      <trkpt lat="48.254411999999995" lon="14.469038"><ele>248.01</ele></trkpt>
      <trkpt lat="48.253828999999996" lon="14.470006"><ele>247.98</ele></trkpt>
      <trkpt lat="48.253603" lon="14.470448999999999"><ele>247.88</ele></trkpt>
      <trkpt lat="48.253527999999996" lon="14.470633999999999"><ele>247.88</ele></trkpt>
      <trkpt lat="48.253478" lon="14.470721999999999"><ele>247.86</ele></trkpt>
      <trkpt lat="48.253432" lon="14.470771"><ele>247.84</ele></trkpt>
      <trkpt lat="48.253384999999994" lon="14.470797"><ele>247.86</ele></trkpt>
      <trkpt lat="48.253330999999996" lon="14.470801"><ele>247.88</ele></trkpt>
      <trkpt lat="48.253265999999996" lon="14.470789"><ele>247.84</ele></trkpt>
      <trkpt lat="48.253236" lon="14.470893"><ele>247.85</ele></trkpt>
      <trkpt lat="48.253197" lon="14.471039999999999"><ele>247.4</ele></trkpt>
      <trkpt lat="48.253242" lon="14.471286"><ele>247.56</ele></trkpt>
      <trkpt lat="48.253274999999995" lon="14.471359"><ele>247.77</ele></trkpt>
      <trkpt lat="48.253172" lon="14.471803"><ele>248.85</ele></trkpt>
      <trkpt lat="48.253130999999996" lon="14.472043"><ele>249.2</ele></trkpt>
      <trkpt lat="48.253052" lon="14.472707"><ele>249.87</ele></trkpt>
      <trkpt lat="48.253007" lon="14.473018999999999"><ele>249.82</ele></trkpt>
      <trkpt lat="48.252949" lon="14.473301"><ele>249.96</ele></trkpt>
      <trkpt lat="48.252835999999995" lon="14.473787999999999"><ele>250</ele></trkpt>
      <trkpt lat="48.252407999999996" lon="14.47552"><ele>249.04</ele></trkpt>
      <trkpt lat="48.252333" lon="14.475864999999999"><ele>249.6</ele></trkpt>
      <trkpt lat="48.252001" lon="14.477665"><ele>249.02</ele></trkpt>
      <trkpt lat="48.251987" lon="14.477796"><ele>249</ele></trkpt>
      <trkpt lat="48.251988" lon="14.47787"><ele>249</ele></trkpt>
      <trkpt lat="48.251981" lon="14.478012"><ele>249</ele></trkpt>
      <trkpt lat="48.25196" lon="14.478105"><ele>249</ele></trkpt>
      <trkpt lat="48.251858" lon="14.478375"><ele>249</ele></trkpt>
      <trkpt lat="48.251787" lon="14.478665"><ele>249</ele></trkpt>
      <trkpt lat="48.251633" lon="14.479388"><ele>248</ele></trkpt>
      <trkpt lat="48.251537" lon="14.479951999999999"><ele>247.61</ele></trkpt>
      <trkpt lat="48.251357999999996" lon="14.481081999999999"><ele>246.89</ele></trkpt>
      <trkpt lat="48.251118" lon="14.482697"><ele>247.06</ele></trkpt>
      <trkpt lat="48.251034999999995" lon="14.483091"><ele>247.49</ele></trkpt>
      <trkpt lat="48.250862999999995" lon="14.483798"><ele>247.18</ele></trkpt>
      <trkpt lat="48.250844" lon="14.483993"><ele>247.42</ele></trkpt>
      <trkpt lat="48.250808" lon="14.484119"><ele>247.66</ele></trkpt>
      <trkpt lat="48.250709" lon="14.484326"><ele>247.36</ele></trkpt>
      <trkpt lat="48.250161" lon="14.486085"><ele>248.74</ele></trkpt>
      <trkpt lat="48.250032999999995" lon="14.486443999999999"><ele>249.2</ele></trkpt>
      <trkpt lat="48.2499" lon="14.486687"><ele>249.76</ele></trkpt>
      <trkpt lat="48.249750999999996" lon="14.486906"><ele>250.05</ele></trkpt>
      <trkpt lat="48.249573" lon="14.487124999999999"><ele>250.26</ele></trkpt>
      <trkpt lat="48.248978" lon="14.487713"><ele>252.78</ele></trkpt>
      <trkpt lat="48.248804" lon="14.487959"><ele>253.42</ele></trkpt>
      <trkpt lat="48.248729" lon="14.488092"><ele>253.67</ele></trkpt>
      <trkpt lat="48.248678999999996" lon="14.488211999999999"><ele>253.85</ele></trkpt>
      <trkpt lat="48.248635" lon="14.488373999999999"><ele>253.96</ele></trkpt>
      <trkpt lat="48.24861" lon="14.488567"><ele>254.38</ele></trkpt>
      <trkpt lat="48.248602999999996" lon="14.488773"><ele>254.55</ele></trkpt>
      <trkpt lat="48.248622" lon="14.488964"><ele>254.29</ele></trkpt>
      <trkpt lat="48.248643" lon="14.489080999999999"><ele>254.43</ele></trkpt>
      <trkpt lat="48.248692" lon="14.489243"><ele>254.01</ele></trkpt>
      <trkpt lat="48.248760999999995" lon="14.489398"><ele>252.84</ele></trkpt>
      <trkpt lat="48.248906999999996" lon="14.489606"><ele>250.83</ele></trkpt>
      <trkpt lat="48.248998" lon="14.489716999999999"><ele>249.5</ele></trkpt>
      <trkpt lat="48.249382" lon="14.490138"><ele>247.86</ele></trkpt>
      <trkpt lat="48.249446" lon="14.490229"><ele>247.52</ele></trkpt>
      <trkpt lat="48.249505" lon="14.490342"><ele>247.06</ele></trkpt>
      <trkpt lat="48.249533" lon="14.490426999999999"><ele>246.43</ele></trkpt>
      <trkpt lat="48.249556" lon="14.490559"><ele>245.41</ele></trkpt>
      <trkpt lat="48.249558" lon="14.490654"><ele>245.48</ele></trkpt>
      <trkpt lat="48.249548999999995" lon="14.490753"><ele>245.55</ele></trkpt>
      <trkpt lat="48.249528999999995" lon="14.490853"><ele>245.89</ele></trkpt>
      <trkpt lat="48.249491" lon="14.490953999999999"><ele>246.56</ele></trkpt>
      <trkpt lat="48.249441" lon="14.491047"><ele>247.29</ele></trkpt>
      <trkpt lat="48.248749" lon="14.491985"><ele>248.57</ele></trkpt>
      <trkpt lat="48.24856" lon="14.492279"><ele>248.4</ele></trkpt>
      <trkpt lat="48.248414" lon="14.49254"><ele>247.93</ele></trkpt>
      <trkpt lat="48.248135" lon="14.493091999999999"><ele>249.44</ele></trkpt>
      <trkpt lat="48.248073999999995" lon="14.493234999999999"><ele>249.74</ele></trkpt>
      <trkpt lat="48.248028999999995" lon="14.493367999999998"><ele>250.02</ele></trkpt>
      <trkpt lat="48.247994" lon="14.493514999999999"><ele>250.28</ele></trkpt>
      <trkpt lat="48.247977999999996" lon="14.493656"><ele>250.48</ele></trkpt>
      <trkpt lat="48.247971" lon="14.493801"><ele>250.64</ele></trkpt>
      <trkpt lat="48.247972999999995" lon="14.494024999999999"><ele>250.94</ele></trkpt>
      <trkpt lat="48.247985" lon="14.494257999999999"><ele>251.33</ele></trkpt>
      <trkpt lat="48.248082" lon="14.495299999999999"><ele>253.73</ele></trkpt>
      <trkpt lat="48.248086" lon="14.495432999999998"><ele>254.27</ele></trkpt>
      <trkpt lat="48.248076999999995" lon="14.495728999999999"><ele>255.12</ele></trkpt>
      <trkpt lat="48.247958" lon="14.496748"><ele>256.34</ele></trkpt>
      <trkpt lat="48.247918" lon="14.496974999999999"><ele>256.13</ele></trkpt>
      <trkpt lat="48.247851" lon="14.49725"><ele>255.7</ele></trkpt>
      <trkpt lat="48.247716999999994" lon="14.497653999999999"><ele>255.05</ele></trkpt>
      <trkpt lat="48.247644" lon="14.497831999999999"><ele>255.09</ele></trkpt>
      <trkpt lat="48.247532" lon="14.498059999999999"><ele>254.67</ele></trkpt>
      <trkpt lat="48.247015999999995" lon="14.498935"><ele>253</ele></trkpt>
      <trkpt lat="48.246916999999996" lon="14.499127"><ele>252.54</ele></trkpt>
      <trkpt lat="48.246854" lon="14.499291"><ele>251.23</ele></trkpt>
      <trkpt lat="48.246807" lon="14.499459"><ele>250.16</ele></trkpt>
      <trkpt lat="48.246776999999994" lon="14.499645999999998"><ele>249.43</ele></trkpt>
      <trkpt lat="48.246756999999995" lon="14.500005"><ele>248.36</ele></trkpt>
      <trkpt lat="48.246764" lon="14.501035"><ele>250.82</ele></trkpt>
      <trkpt lat="48.246784" lon="14.501258"><ele>250.65</ele></trkpt>
      <trkpt lat="48.246815999999995" lon="14.501488"><ele>250.4</ele></trkpt>
      <trkpt lat="48.247004999999994" lon="14.502303"><ele>248.93</ele></trkpt>
      <trkpt lat="48.247096" lon="14.502747"><ele>248.5</ele></trkpt>
      <trkpt lat="48.247136" lon="14.503093"><ele>248.41</ele></trkpt>
      <trkpt lat="48.247161" lon="14.503495"><ele>247.97</ele></trkpt>
      <trkpt lat="48.247166" lon="14.50385"><ele>247.68</ele></trkpt>
      <trkpt lat="48.247153999999995" lon="14.504119"><ele>247.26</ele></trkpt>
      <trkpt lat="48.24707" lon="14.504563"><ele>246.83</ele></trkpt>
      <trkpt lat="48.246956" lon="14.504997999999999"><ele>246.95</ele></trkpt>
      <trkpt lat="48.246795" lon="14.505695999999999"><ele>246.46</ele></trkpt>
      <trkpt lat="48.246648" lon="14.506234"><ele>245.97</ele></trkpt>
      <trkpt lat="48.245228999999995" lon="14.505298"><ele>246.13</ele></trkpt>
      <trkpt lat="48.245162" lon="14.505272999999999"><ele>246.4</ele></trkpt>
      <trkpt lat="48.245127" lon="14.505484"><ele>245.8</ele></trkpt>
      <trkpt lat="48.245070999999996" lon="14.505711999999999"><ele>245.89</ele></trkpt>
      <trkpt lat="48.244903" lon="14.506312999999999"><ele>245.9</ele></trkpt>
      <trkpt lat="48.244831" lon="14.506533999999998"><ele>246</ele></trkpt>
      <trkpt lat="48.244703" lon="14.506825"><ele>246.5</ele></trkpt>
      <trkpt lat="48.244622" lon="14.506898999999999"><ele>246.45</ele></trkpt>
      <trkpt lat="48.244389999999996" lon="14.507454"><ele>245.83</ele></trkpt>
      <trkpt lat="48.244385" lon="14.507529"><ele>245.79</ele></trkpt>
      <trkpt lat="48.244291" lon="14.507717999999999"><ele>245.88</ele></trkpt>
      <trkpt lat="48.244212999999995" lon="14.507774999999999"><ele>245.81</ele></trkpt>
      <trkpt lat="48.244178999999995" lon="14.507838"><ele>245.73</ele></trkpt>
      <trkpt lat="48.242374999999996" lon="14.511526"><ele>243.89</ele></trkpt>
      <trkpt lat="48.242197999999995" lon="14.511909"><ele>243.76</ele></trkpt>
      <trkpt lat="48.242169" lon="14.512041"><ele>243.9</ele></trkpt>
      <trkpt lat="48.241986" lon="14.512457999999999"><ele>244.52</ele></trkpt>
      <trkpt lat="48.241802" lon="14.513017999999999"><ele>244.38</ele></trkpt>
      <trkpt lat="48.241541999999995" lon="14.513860999999999"><ele>244</ele></trkpt>
      <trkpt lat="48.241513999999995" lon="14.51403"><ele>243.85</ele></trkpt>
      <trkpt lat="48.241457" lon="14.514173"><ele>243.5</ele></trkpt>
      <trkpt lat="48.241184999999994" lon="14.514602"><ele>243.58</ele></trkpt>
      <trkpt lat="48.240936" lon="14.514963"><ele>243.56</ele></trkpt>
      <trkpt lat="48.24082" lon="14.515163"><ele>243.57</ele></trkpt>
      <trkpt lat="48.240749" lon="14.515329999999999"><ele>243.61</ele></trkpt>
      <trkpt lat="48.240693" lon="14.515514"><ele>243.59</ele></trkpt>
      <trkpt lat="48.240656" lon="14.515604999999999"><ele>243.56</ele></trkpt>
      <trkpt lat="48.240559" lon="14.515735"><ele>243.66</ele></trkpt>
      <trkpt lat="48.240449" lon="14.515846"><ele>243.55</ele></trkpt>
      <trkpt lat="48.240333" lon="14.516027999999999"><ele>243.21</ele></trkpt>
      <trkpt lat="48.240293" lon="14.516131"><ele>243.05</ele></trkpt>
      <trkpt lat="48.240116" lon="14.516770999999999"><ele>243.78</ele></trkpt>
      <trkpt lat="48.239764" lon="14.518099999999999"><ele>243.52</ele></trkpt>
      <trkpt lat="48.239751999999996" lon="14.518256"><ele>243.6</ele></trkpt>
      <trkpt lat="48.239760999999994" lon="14.518391999999999"><ele>243.82</ele></trkpt>
      <trkpt lat="48.239754999999995" lon="14.518583999999999"><ele>244.27</ele></trkpt>
      <trkpt lat="48.239695" lon="14.518623"><ele>243.94</ele></trkpt>
      <trkpt lat="48.239644" lon="14.518612"><ele>243.76</ele></trkpt>
      <trkpt lat="48.239608999999994" lon="14.518628"><ele>243.66</ele></trkpt>
      <trkpt lat="48.239571" lon="14.518716999999999"><ele>243.47</ele></trkpt>
      <trkpt lat="48.239551" lon="14.518806"><ele>243.39</ele></trkpt>
      <trkpt lat="48.239416" lon="14.518756"><ele>242.7</ele></trkpt>
      <trkpt lat="48.239252" lon="14.519807"><ele>242.38</ele></trkpt>
      <trkpt lat="48.239207" lon="14.520285"><ele>242.51</ele></trkpt>
      <trkpt lat="48.239179" lon="14.520833"><ele>242.73</ele></trkpt>
      <trkpt lat="48.239162" lon="14.521381"><ele>242.9</ele></trkpt>
      <trkpt lat="48.239132" lon="14.524614"><ele>242.68</ele></trkpt>
      <trkpt lat="48.239145" lon="14.525595"><ele>242.77</ele></trkpt>
      <trkpt lat="48.239159" lon="14.526062999999999"><ele>242.89</ele></trkpt>
      <trkpt lat="48.239152" lon="14.529831"><ele>243.71</ele></trkpt>
      <trkpt lat="48.239121999999995" lon="14.530826"><ele>243.39</ele></trkpt>
      <trkpt lat="48.239118" lon="14.531391"><ele>243.3</ele></trkpt>
      <trkpt lat="48.239123" lon="14.531894"><ele>243.79</ele></trkpt>
      <trkpt lat="48.23909" lon="14.532575"><ele>243.8</ele></trkpt>
      <trkpt lat="48.239014999999995" lon="14.533704"><ele>244.06</ele></trkpt>
      <trkpt lat="48.238952999999995" lon="14.534125999999999"><ele>244.31</ele></trkpt>
      <trkpt lat="48.238876" lon="14.534822"><ele>245.4</ele></trkpt>
      <trkpt lat="48.238628" lon="14.536287999999999"><ele>244.97</ele></trkpt>
      <trkpt lat="48.238532" lon="14.536919999999999"><ele>244.94</ele></trkpt>
      <trkpt lat="48.238479999999996" lon="14.537381"><ele>244.9</ele></trkpt>
      <trkpt lat="48.238448999999996" lon="14.537787"><ele>246</ele></trkpt>
      <trkpt lat="48.238408" lon="14.537816999999999"><ele>246</ele></trkpt>
      <trkpt lat="48.238368" lon="14.537868"><ele>245.99</ele></trkpt>
      <trkpt lat="48.238310999999996" lon="14.538086"><ele>245.42</ele></trkpt>
      <trkpt lat="48.238138" lon="14.538844999999998"><ele>244.68</ele></trkpt>
      <trkpt lat="48.238004" lon="14.539366999999999"><ele>244.9</ele></trkpt>
      <trkpt lat="48.237353" lon="14.541708999999999"><ele>243.08</ele></trkpt>
      <trkpt lat="48.237317999999995" lon="14.541860999999999"><ele>243.55</ele></trkpt>
      <trkpt lat="48.237105" lon="14.543258"><ele>242.81</ele></trkpt>
      <trkpt lat="48.237156999999996" lon="14.543984"><ele>244.08</ele></trkpt>
      <trkpt lat="48.237155" lon="14.544125999999999"><ele>244.21</ele></trkpt>
      <trkpt lat="48.237117" lon="14.544557999999999"><ele>243.76</ele></trkpt>
      <trkpt lat="48.23683" lon="14.546448999999999"><ele>243.02</ele></trkpt>
      <trkpt lat="48.236824" lon="14.546572999999999"><ele>242.98</ele></trkpt>
      <trkpt lat="48.236827999999996" lon="14.546705999999999"><ele>242.83</ele></trkpt>
      <trkpt lat="48.236852999999996" lon="14.546814999999999"><ele>242.66</ele></trkpt>
      <trkpt lat="48.237002999999994" lon="14.547096999999999"><ele>242.16</ele></trkpt>
      <trkpt lat="48.237037" lon="14.547205"><ele>242.11</ele></trkpt>
      <trkpt lat="48.237066" lon="14.547329999999999"><ele>242.04</ele></trkpt>
      <trkpt lat="48.237185" lon="14.548463"><ele>242.73</ele></trkpt>
      <trkpt lat="48.237195" lon="14.548746999999999"><ele>242.8</ele></trkpt>
      <trkpt lat="48.237192" lon="14.549021"><ele>242.83</ele></trkpt>
      <trkpt lat="48.237179999999995" lon="14.549208"><ele>242.85</ele></trkpt>
      <trkpt lat="48.236998" lon="14.551787"><ele>242.56</ele></trkpt>
      <trkpt lat="48.237004" lon="14.553598"><ele>243.21</ele></trkpt>
      <trkpt lat="48.237013" lon="14.553901"><ele>243.07</ele></trkpt>
      <trkpt lat="48.237032" lon="14.554202"><ele>242.63</ele></trkpt>
      <trkpt lat="48.237099" lon="14.555057999999999"><ele>243.02</ele></trkpt>
      <trkpt lat="48.237142" lon="14.555444999999999"><ele>243.13</ele></trkpt>
      <trkpt lat="48.237179999999995" lon="14.55571"><ele>243.51</ele></trkpt>
      <trkpt lat="48.237244" lon="14.556026999999998"><ele>243.51</ele></trkpt>
      <trkpt lat="48.237317999999995" lon="14.556239"><ele>243.25</ele></trkpt>
      <trkpt lat="48.237368" lon="14.556343"><ele>243.12</ele></trkpt>
      <trkpt lat="48.237429" lon="14.556443999999999"><ele>243.02</ele></trkpt>
      <trkpt lat="48.237832" lon="14.556880999999999"><ele>242.4</ele></trkpt>
      <trkpt lat="48.237905" lon="14.557005"><ele>242.28</ele></trkpt>
      <trkpt lat="48.237972" lon="14.55715"><ele>242.18</ele></trkpt>
      <trkpt lat="48.23813" lon="14.557582"><ele>242.03</ele></trkpt>
      <trkpt lat="48.238268999999995" lon="14.557993999999999"><ele>242</ele></trkpt>
      <trkpt lat="48.238372" lon="14.558328"><ele>242</ele></trkpt>
      <trkpt lat="48.238425" lon="14.558615999999999"><ele>242</ele></trkpt>
      <trkpt lat="48.238467" lon="14.558912999999999"><ele>242</ele></trkpt>
      <trkpt lat="48.238586999999995" lon="14.560008"><ele>241.96</ele></trkpt>
      <trkpt lat="48.238648" lon="14.560478999999999"><ele>241.85</ele></trkpt>
      <trkpt lat="48.23872" lon="14.560951999999999"><ele>241.75</ele></trkpt>
      <trkpt lat="48.238758" lon="14.561364999999999"><ele>241.65</ele></trkpt>
      <trkpt lat="48.238769999999995" lon="14.561739999999999"><ele>241.56</ele></trkpt>
      <trkpt lat="48.238766" lon="14.562178999999999"><ele>241.52</ele></trkpt>
      <trkpt lat="48.238746" lon="14.562531"><ele>241.59</ele></trkpt>
      <trkpt lat="48.238716" lon="14.562878"><ele>241.65</ele></trkpt>
      <trkpt lat="48.238626" lon="14.563445999999999"><ele>241.9</ele></trkpt>
      <trkpt lat="48.238594" lon="14.563695"><ele>241.94</ele></trkpt>
      <trkpt lat="48.238592" lon="14.563778999999998"><ele>241.93</ele></trkpt>
      <trkpt lat="48.238585" lon="14.564053"><ele>242.26</ele></trkpt>
      <trkpt lat="48.238544999999995" lon="14.564179999999999"><ele>242.21</ele></trkpt>
      <trkpt lat="48.238217" lon="14.564798999999999"><ele>242.69</ele></trkpt>
      <trkpt lat="48.237839" lon="14.565423"><ele>243.43</ele></trkpt>
      <trkpt lat="48.237531" lon="14.565954999999999"><ele>244.35</ele></trkpt>
      <trkpt lat="48.237483999999995" lon="14.566006"><ele>244.54</ele></trkpt>
      <trkpt lat="48.237356" lon="14.566118"><ele>244.92</ele></trkpt>
      <trkpt lat="48.237325999999996" lon="14.566174"><ele>244.23</ele></trkpt>
      <trkpt lat="48.237012" lon="14.566787999999999"><ele>243.81</ele></trkpt>
      <trkpt lat="48.236987" lon="14.566835999999999"><ele>244.24</ele></trkpt>
      <trkpt lat="48.236796999999996" lon="14.566602999999999"><ele>243.09</ele></trkpt>
      <trkpt lat="48.23641" lon="14.566218"><ele>242.84</ele></trkpt>
      <trkpt lat="48.236132" lon="14.565990999999999"><ele>243.04</ele></trkpt>
      <trkpt lat="48.235636" lon="14.565624"><ele>242.97</ele></trkpt>
      <trkpt lat="48.235313" lon="14.565425999999999"><ele>242.75</ele></trkpt>
      <trkpt lat="48.234874999999995" lon="14.565209999999999"><ele>243.03</ele></trkpt>
      <trkpt lat="48.234401999999996" lon="14.565014"><ele>243.15</ele></trkpt>
      <trkpt lat="48.233792" lon="14.564858"><ele>243.09</ele></trkpt>
      <trkpt lat="48.233337999999996" lon="14.564803999999999"><ele>242.73</ele></trkpt>
      <trkpt lat="48.233084" lon="14.564822"><ele>242.81</ele></trkpt>
      <trkpt lat="48.232883" lon="14.564846"><ele>242.87</ele></trkpt>
      <trkpt lat="48.23267" lon="14.564895"><ele>242.74</ele></trkpt>
      <trkpt lat="48.232423999999995" lon="14.564971"><ele>242.6</ele></trkpt>
      <trkpt lat="48.232082999999996" lon="14.565126999999999"><ele>242.52</ele></trkpt>
      <trkpt lat="48.231673" lon="14.565403"><ele>242.23</ele></trkpt>
      <trkpt lat="48.231277999999996" lon="14.565747"><ele>242.45</ele></trkpt>
      <trkpt lat="48.231037" lon="14.566053"><ele>242.54</ele></trkpt>
      <trkpt lat="48.230844" lon="14.566386"><ele>242.77</ele></trkpt>
      <trkpt lat="48.230669999999996" lon="14.566787999999999"><ele>242.9</ele></trkpt>
      <trkpt lat="48.230553" lon="14.567198999999999"><ele>242.8</ele></trkpt>
      <trkpt lat="48.230256" lon="14.568465999999999"><ele>243.04</ele></trkpt>
      <trkpt lat="48.229923" lon="14.569808"><ele>243.06</ele></trkpt>
      <trkpt lat="48.22933" lon="14.572044"><ele>243.17</ele></trkpt>
      <trkpt lat="48.228905999999995" lon="14.573499"><ele>242.88</ele></trkpt>
      <trkpt lat="48.228438999999995" lon="14.574990999999999"><ele>241.61</ele></trkpt>
      <trkpt lat="48.227759999999996" lon="14.577012999999999"><ele>243.41</ele></trkpt>
      <trkpt lat="48.227411" lon="14.578012"><ele>241.72</ele></trkpt>
      <trkpt lat="48.227353" lon="14.578209"><ele>241.82</ele></trkpt>
      <trkpt lat="48.227365999999996" lon="14.578304"><ele>242.3</ele></trkpt>
      <trkpt lat="48.227435" lon="14.578463999999999"><ele>242.87</ele></trkpt>
      <trkpt lat="48.228108999999996" lon="14.579759999999998"><ele>243.74</ele></trkpt>
      <trkpt lat="48.228128999999996" lon="14.579828"><ele>243.55</ele></trkpt>
      <trkpt lat="48.228133" lon="14.579972999999999"><ele>243.56</ele></trkpt>
      <trkpt lat="48.228105" lon="14.580041999999999"><ele>243.86</ele></trkpt>
      <trkpt lat="48.227976" lon="14.580212999999999"><ele>243.37</ele></trkpt>
      <trkpt lat="48.227064" lon="14.581278999999999"><ele>242.63</ele></trkpt>
      <trkpt lat="48.226535" lon="14.581977"><ele>242.37</ele></trkpt>
      <trkpt lat="48.226312" lon="14.582284"><ele>242.87</ele></trkpt>
      <trkpt lat="48.225894" lon="14.582908999999999"><ele>242.8</ele></trkpt>
      <trkpt lat="48.224917" lon="14.584555"><ele>242.6</ele></trkpt>
      <trkpt lat="48.224340999999995" lon="14.585567"><ele>242.1</ele></trkpt>
      <trkpt lat="48.223697" lon="14.586751999999999"><ele>242.33</ele></trkpt>
      <trkpt lat="48.223161" lon="14.587791999999999"><ele>241.94</ele></trkpt>
      <trkpt lat="48.222676" lon="14.588709999999999"><ele>241.7</ele></trkpt>
      <trkpt lat="48.222142" lon="14.589597"><ele>241.84</ele></trkpt>
      <trkpt lat="48.221905" lon="14.589936"><ele>242.06</ele></trkpt>
      <trkpt lat="48.221652999999996" lon="14.590264999999999"><ele>242.28</ele></trkpt>
      <trkpt lat="48.221439" lon="14.590523999999998"><ele>242.44</ele></trkpt>
      <trkpt lat="48.22114" lon="14.590857999999999"><ele>242.49</ele></trkpt>
      <trkpt lat="48.220642999999995" lon="14.591374"><ele>242.21</ele></trkpt>
      <trkpt lat="48.220068999999995" lon="14.591883"><ele>242</ele></trkpt>
      <trkpt lat="48.21893" lon="14.592749999999999"><ele>241.37</ele></trkpt>
      <trkpt lat="48.21873" lon="14.592848"><ele>240.91</ele></trkpt>
      <trkpt lat="48.218457" lon="14.593039"><ele>240.73</ele></trkpt>
      <trkpt lat="48.213961" lon="14.596445999999998"><ele>240.58</ele></trkpt>
      <trkpt lat="48.21362" lon="14.596757"><ele>240.52</ele></trkpt>
      <trkpt lat="48.213352" lon="14.597064"><ele>240.51</ele></trkpt>
      <trkpt lat="48.212964" lon="14.597551"><ele>240.41</ele></trkpt>
      <trkpt lat="48.212607" lon="14.597923"><ele>240.35</ele></trkpt>
      <trkpt lat="48.21215" lon="14.598289"><ele>240.42</ele></trkpt>
      <trkpt lat="48.211655" lon="14.598628"><ele>240.39</ele></trkpt>
      <trkpt lat="48.211222" lon="14.598982"><ele>240.29</ele></trkpt>
      <trkpt lat="48.210145" lon="14.600095"><ele>240.21</ele></trkpt>
      <trkpt lat="48.209447" lon="14.6007"><ele>240.3</ele></trkpt>
      <trkpt lat="48.207457" lon="14.602304"><ele>240.45</ele></trkpt>
      <trkpt lat="48.206385" lon="14.603138999999999"><ele>240.67</ele></trkpt>
      <trkpt lat="48.206376" lon="14.603195"><ele>240.49</ele></trkpt>
      <trkpt lat="48.206455999999996" lon="14.603470999999999"><ele>239.19</ele></trkpt>
      <trkpt lat="48.206444999999995" lon="14.603563999999999"><ele>238.93</ele></trkpt>
      <trkpt lat="48.206374" lon="14.603674999999999"><ele>238.99</ele></trkpt>
      <trkpt lat="48.206038" lon="14.603919999999999"><ele>239</ele></trkpt>
      <trkpt lat="48.205515999999996" lon="14.604369"><ele>238.98</ele></trkpt>
      <trkpt lat="48.204887" lon="14.604944999999999"><ele>238.97</ele></trkpt>
      <trkpt lat="48.204316999999996" lon="14.605528999999999"><ele>238.82</ele></trkpt>
      <trkpt lat="48.204069" lon="14.605813999999999"><ele>238.76</ele></trkpt>
      <trkpt lat="48.203832999999996" lon="14.606117"><ele>238.96</ele></trkpt>
      <trkpt lat="48.203779999999995" lon="14.606171"><ele>239</ele></trkpt>
      <trkpt lat="48.203686999999995" lon="14.606181999999999"><ele>239</ele></trkpt>
      <trkpt lat="48.203244999999995" lon="14.606162"><ele>241.18</ele></trkpt>
      <trkpt lat="48.203160999999994" lon="14.606252"><ele>240.8</ele></trkpt>
      <trkpt lat="48.202054" lon="14.607641"><ele>240.34</ele></trkpt>
      <trkpt lat="48.20071" lon="14.609297999999999"><ele>240.3</ele></trkpt>
      <trkpt lat="48.200156" lon="14.609933"><ele>240.41</ele></trkpt>
      <trkpt lat="48.199932" lon="14.610140999999999"><ele>240.46</ele></trkpt>
      <trkpt lat="48.199518999999995" lon="14.610487"><ele>240.42</ele></trkpt>
      <trkpt lat="48.199497" lon="14.610557"><ele>240.45</ele></trkpt>
      <trkpt lat="48.199493999999994" lon="14.610693999999999"><ele>239.82</ele></trkpt>
      <trkpt lat="48.199253" lon="14.610674"><ele>240.73</ele></trkpt>
      <trkpt lat="48.198547999999995" lon="14.611139"><ele>240.36</ele></trkpt>
      <trkpt lat="48.198132" lon="14.611502999999999"><ele>240.26</ele></trkpt>
      <trkpt lat="48.197486" lon="14.612231"><ele>240.44</ele></trkpt>
      <trkpt lat="48.197178" lon="14.612625"><ele>240.57</ele></trkpt>
      <trkpt lat="48.196881999999995" lon="14.61305"><ele>240.49</ele></trkpt>
      <trkpt lat="48.196464999999996" lon="14.613700999999999"><ele>240.41</ele></trkpt>
      <trkpt lat="48.196070999999996" lon="14.614407"><ele>240.24</ele></trkpt>
      <trkpt lat="48.195795" lon="14.614939999999999"><ele>240.43</ele></trkpt>
      <trkpt lat="48.195558" lon="14.615459"><ele>240.62</ele></trkpt>
      <trkpt lat="48.194365999999995" lon="14.618350999999999"><ele>240.1</ele></trkpt>
      <trkpt lat="48.193874" lon="14.619518999999999"><ele>240.02</ele></trkpt>
      <trkpt lat="48.193501" lon="14.620365999999999"><ele>239.43</ele></trkpt>
      <trkpt lat="48.192944" lon="14.621502999999999"><ele>239.38</ele></trkpt>
      <trkpt lat="48.192184" lon="14.622866"><ele>239.84</ele></trkpt>
      <trkpt lat="48.19065" lon="14.625556"><ele>239.74</ele></trkpt>
      <trkpt lat="48.189668999999995" lon="14.627175"><ele>240.07</ele></trkpt>
      <trkpt lat="48.188857" lon="14.628423"><ele>240.04</ele></trkpt>
      <trkpt lat="48.188026" lon="14.629605999999999"><ele>239.89</ele></trkpt>
      <trkpt lat="48.18689" lon="14.631101999999998"><ele>239.73</ele></trkpt>
      <trkpt lat="48.186502" lon="14.631573999999999"><ele>239.5</ele></trkpt>
      <trkpt lat="48.185607999999995" lon="14.632624"><ele>239.6</ele></trkpt>
      <trkpt lat="48.184604" lon="14.633713"><ele>240.31</ele></trkpt>
      <trkpt lat="48.183167999999995" lon="14.635188999999999"><ele>240.02</ele></trkpt>
      <trkpt lat="48.182308" lon="14.636206999999999"><ele>239.81</ele></trkpt>
      <trkpt lat="48.181455" lon="14.637274"><ele>240.14</ele></trkpt>
      <trkpt lat="48.180094" lon="14.63908"><ele>239.94</ele></trkpt>
      <trkpt lat="48.179057" lon="14.640293"><ele>239.82</ele></trkpt>
      <trkpt lat="48.178444999999996" lon="14.641117999999999"><ele>239.67</ele></trkpt>
      <trkpt lat="48.177881" lon="14.641988999999999"><ele>239.61</ele></trkpt>
      <trkpt lat="48.177305999999994" lon="14.642902999999999"><ele>239.61</ele></trkpt>
      <trkpt lat="48.176766" lon="14.643796"><ele>239.66</ele></trkpt>
      <trkpt lat="48.175905" lon="14.645285"><ele>239.47</ele></trkpt>
      <trkpt lat="48.174834" lon="14.647250999999999"><ele>239.41</ele></trkpt>
      <trkpt lat="48.174195" lon="14.648496"><ele>240.11</ele></trkpt>
      <trkpt lat="48.173592" lon="14.649713"><ele>240.64</ele></trkpt>
      <trkpt lat="48.172999999999995" lon="14.650953999999999"><ele>240.3</ele></trkpt>
      <trkpt lat="48.172247999999996" lon="14.652624"><ele>240.39</ele></trkpt>
      <trkpt lat="48.171518999999996" lon="14.654323"><ele>239.77</ele></trkpt>
      <trkpt lat="48.17104" lon="14.655489999999999"><ele>240.13</ele></trkpt>
      <trkpt lat="48.170576999999994" lon="14.65667"><ele>240.44</ele></trkpt>
      <trkpt lat="48.170051" lon="14.658059"><ele>240.02</ele></trkpt>
      <trkpt lat="48.169543999999995" lon="14.659492"><ele>239.55</ele></trkpt>
      <trkpt lat="48.169201" lon="14.660511"><ele>239.99</ele></trkpt>
      <trkpt lat="48.168873" lon="14.661563999999998"><ele>240.11</ele></trkpt>
      <trkpt lat="48.168459" lon="14.663056999999998"><ele>239.64</ele></trkpt>
      <trkpt lat="48.168045" lon="14.664824"><ele>240.92</ele></trkpt>
      <trkpt lat="48.167783" lon="14.666172999999999"><ele>240.94</ele></trkpt>
      <trkpt lat="48.167687" lon="14.666729"><ele>240.76</ele></trkpt>
      <trkpt lat="48.167517" lon="14.667812999999999"><ele>240.71</ele></trkpt>
      <trkpt lat="48.16737" lon="14.668906"><ele>240.64</ele></trkpt>
      <trkpt lat="48.167252" lon="14.669953"><ele>240.69</ele></trkpt>
      <trkpt lat="48.167114999999995" lon="14.671622999999999"><ele>240.57</ele></trkpt>
      <trkpt lat="48.167013999999995" lon="14.673838"><ele>240.07</ele></trkpt>
      <trkpt lat="48.167023" lon="14.676005"><ele>240.02</ele></trkpt>
      <trkpt lat="48.167057" lon="14.676998999999999"><ele>240.18</ele></trkpt>
      <trkpt lat="48.167125" lon="14.678215"><ele>240.59</ele></trkpt>
      <trkpt lat="48.167235" lon="14.679445"><ele>240.72</ele></trkpt>
      <trkpt lat="48.167317999999995" lon="14.680256"><ele>240.65</ele></trkpt>
      <trkpt lat="48.167449" lon="14.681299"><ele>240.55</ele></trkpt>
      <trkpt lat="48.167598999999996" lon="14.682338"><ele>240.45</ele></trkpt>
      <trkpt lat="48.167794" lon="14.683523"><ele>240.65</ele></trkpt>
      <trkpt lat="48.168141999999996" lon="14.685279"><ele>240.67</ele></trkpt>
      <trkpt lat="48.16815" lon="14.68544"><ele>240.68</ele></trkpt>
      <trkpt lat="48.168126" lon="14.685599999999999"><ele>240.7</ele></trkpt>
      <trkpt lat="48.168126" lon="14.685744999999999"><ele>240.71</ele></trkpt>
      <trkpt lat="48.16852" lon="14.687704"><ele>241.44</ele></trkpt>
      <trkpt lat="48.168637" lon="14.688058999999999"><ele>241.9</ele></trkpt>
      <trkpt lat="48.169019" lon="14.689145"><ele>240.76</ele></trkpt>
      <trkpt lat="48.169402" lon="14.690667999999999"><ele>240.16</ele></trkpt>
      <trkpt lat="48.169644999999996" lon="14.691422999999999"><ele>239.14</ele></trkpt>
      <trkpt lat="48.169835" lon="14.691879"><ele>238.5</ele></trkpt>
      <trkpt lat="48.170457" lon="14.692843"><ele>238</ele></trkpt>
      <trkpt lat="48.170626999999996" lon="14.693085"><ele>238.1</ele></trkpt>
      <trkpt lat="48.170764999999996" lon="14.693309"><ele>238.15</ele></trkpt>
      <trkpt lat="48.170902" lon="14.693560999999999"><ele>238.22</ele></trkpt>
      <trkpt lat="48.17095" lon="14.693684999999999"><ele>238.23</ele></trkpt>
      <trkpt lat="48.171081" lon="14.694158"><ele>238.21</ele></trkpt>
      <trkpt lat="48.171347" lon="14.695262"><ele>238.01</ele></trkpt>
      <trkpt lat="48.171388" lon="14.6954"><ele>238</ele></trkpt>
      <trkpt lat="48.171392" lon="14.695452"><ele>238</ele></trkpt>
      <trkpt lat="48.171383999999996" lon="14.695482"><ele>238</ele></trkpt>
      <trkpt lat="48.171349" lon="14.695547"><ele>238</ele></trkpt>
      <trkpt lat="48.171644" lon="14.695950999999999"><ele>238</ele></trkpt>
      <trkpt lat="48.172263" lon="14.696736"><ele>236.18</ele></trkpt>
      <trkpt lat="48.172422" lon="14.696950999999999"><ele>235.68</ele></trkpt>
      <trkpt lat="48.172543999999995" lon="14.697173"><ele>235.33</ele></trkpt>
      <trkpt lat="48.172641" lon="14.697405"><ele>235.01</ele></trkpt>
      <trkpt lat="48.172712" lon="14.697652"><ele>234.72</ele></trkpt>
      <trkpt lat="48.172761" lon="14.697894"><ele>234.53</ele></trkpt>
      <trkpt lat="48.17279" lon="14.698182"><ele>234.33</ele></trkpt>
      <trkpt lat="48.172875999999995" lon="14.700807999999999"><ele>233.65</ele></trkpt>
      <trkpt lat="48.172900999999996" lon="14.701447"><ele>233.53</ele></trkpt>
      <trkpt lat="48.172919" lon="14.701647999999999"><ele>233.58</ele></trkpt>
      <trkpt lat="48.172956" lon="14.701856999999999"><ele>233.56</ele></trkpt>
      <trkpt lat="48.173007" lon="14.702038"><ele>233.55</ele></trkpt>
      <trkpt lat="48.173080999999996" lon="14.702228999999999"><ele>233.56</ele></trkpt>
      <trkpt lat="48.173153" lon="14.702376"><ele>233.62</ele></trkpt>
      <trkpt lat="48.173241999999995" lon="14.702523"><ele>233.47</ele></trkpt>
      <trkpt lat="48.173328999999995" lon="14.702639"><ele>233.51</ele></trkpt>
      <trkpt lat="48.173474" lon="14.702774999999999"><ele>233.82</ele></trkpt>
      <trkpt lat="48.173606" lon="14.702862999999999"><ele>233.69</ele></trkpt>
      <trkpt lat="48.173728" lon="14.702924"><ele>233.32</ele></trkpt>
      <trkpt lat="48.173994" lon="14.702981999999999"><ele>233.1</ele></trkpt>
      <trkpt lat="48.174217" lon="14.702993"><ele>233.07</ele></trkpt>
      <trkpt lat="48.174471999999994" lon="14.702976999999999"><ele>233.09</ele></trkpt>
      <trkpt lat="48.174882" lon="14.702897"><ele>233.24</ele></trkpt>
      <trkpt lat="48.175214999999994" lon="14.702883"><ele>233.62</ele></trkpt>
      <trkpt lat="48.175287" lon="14.702897"><ele>233.56</ele></trkpt>
      <trkpt lat="48.175377" lon="14.702938999999999"><ele>233.67</ele></trkpt>
      <trkpt lat="48.175491" lon="14.703009999999999"><ele>233.91</ele></trkpt>
      <trkpt lat="48.175588999999995" lon="14.703092"><ele>233.63</ele></trkpt>
      <trkpt lat="48.175706999999996" lon="14.703218"><ele>233.44</ele></trkpt>
      <trkpt lat="48.175838" lon="14.703411"><ele>232.81</ele></trkpt>
      <trkpt lat="48.175922" lon="14.703557"><ele>233.06</ele></trkpt>
      <trkpt lat="48.176106" lon="14.703946"><ele>233.69</ele></trkpt>
      <trkpt lat="48.176288" lon="14.704424"><ele>233.27</ele></trkpt>
      <trkpt lat="48.176471" lon="14.704941"><ele>232.97</ele></trkpt>
      <trkpt lat="48.176581" lon="14.705214"><ele>232.95</ele></trkpt>
      <trkpt lat="48.176713" lon="14.705485"><ele>232.95</ele></trkpt>
      <trkpt lat="48.176808" lon="14.705651999999999"><ele>232.98</ele></trkpt>
      <trkpt lat="48.178608999999994" lon="14.708435999999999"><ele>233.06</ele></trkpt>
      <trkpt lat="48.178826" lon="14.708787"><ele>232.98</ele></trkpt>
      <trkpt lat="48.179005" lon="14.709126999999999"><ele>232.94</ele></trkpt>
      <trkpt lat="48.179272999999995" lon="14.709743"><ele>232.99</ele></trkpt>
      <trkpt lat="48.17969" lon="14.710754"><ele>233.18</ele></trkpt>
      <trkpt lat="48.179812" lon="14.710999"><ele>233.21</ele></trkpt>
      <trkpt lat="48.179978" lon="14.711253"><ele>233.38</ele></trkpt>
      <trkpt lat="48.180043" lon="14.711326"><ele>233.65</ele></trkpt>
      <trkpt lat="48.180237999999996" lon="14.711502999999999"><ele>233.34</ele></trkpt>
      <trkpt lat="48.180595" lon="14.711782999999999"><ele>233.92</ele></trkpt>
      <trkpt lat="48.181351" lon="14.712342999999999"><ele>233.1</ele></trkpt>
      <trkpt lat="48.181625999999994" lon="14.712518999999999"><ele>232.93</ele></trkpt>
      <trkpt lat="48.181808" lon="14.712627999999999"><ele>233.56</ele></trkpt>
      <trkpt lat="48.182334999999995" lon="14.712895"><ele>233.74</ele></trkpt>
      <trkpt lat="48.182821" lon="14.713104999999999"><ele>233.34</ele></trkpt>
      <trkpt lat="48.183029" lon="14.713172"><ele>232.74</ele></trkpt>
      <trkpt lat="48.18318" lon="14.713206"><ele>232.75</ele></trkpt>
      <trkpt lat="48.183386" lon="14.713225999999999"><ele>232.72</ele></trkpt>
      <trkpt lat="48.183744" lon="14.713194"><ele>232.68</ele></trkpt>
      <trkpt lat="48.184013" lon="14.713115"><ele>232.61</ele></trkpt>
      <trkpt lat="48.184461" lon="14.712935"><ele>232.56</ele></trkpt>
      <trkpt lat="48.184453999999995" lon="14.713208"><ele>232.44</ele></trkpt>
      <trkpt lat="48.184470999999995" lon="14.713424999999999"><ele>232.24</ele></trkpt>
      <trkpt lat="48.184601" lon="14.714341999999998"><ele>232.66</ele></trkpt>
      <trkpt lat="48.184647999999996" lon="14.714787"><ele>234.81</ele></trkpt>
      <trkpt lat="48.184836" lon="14.718734999999999"><ele>232.23</ele></trkpt>
      <trkpt lat="48.18487" lon="14.719078999999999"><ele>232.43</ele></trkpt>
      <trkpt lat="48.185021" lon="14.720028"><ele>232.99</ele></trkpt>
      <trkpt lat="48.18521" lon="14.719952"><ele>232.61</ele></trkpt>
      <trkpt lat="48.18541" lon="14.719892"><ele>232.42</ele></trkpt>
      <trkpt lat="48.186187" lon="14.719743"><ele>232.2</ele></trkpt>
      <trkpt lat="48.186557" lon="14.719645"><ele>232.14</ele></trkpt>
      <trkpt lat="48.186934" lon="14.719508999999999"><ele>232.23</ele></trkpt>
      <trkpt lat="48.187228999999995" lon="14.719365999999999"><ele>232.32</ele></trkpt>
      <trkpt lat="48.187687" lon="14.719092"><ele>232.32</ele></trkpt>
      <trkpt lat="48.188159999999996" lon="14.718744"><ele>232.1</ele></trkpt>
      <trkpt lat="48.188441" lon="14.718487"><ele>231.84</ele></trkpt>
      <trkpt lat="48.189023" lon="14.717896"><ele>232.67</ele></trkpt>
      <trkpt lat="48.189813" lon="14.719591"><ele>234.15</ele></trkpt>
      <trkpt lat="48.189966" lon="14.71993"><ele>234</ele></trkpt>
      <trkpt lat="48.190044" lon="14.720123"><ele>233.92</ele></trkpt>
      <trkpt lat="48.190177999999996" lon="14.720564999999999"><ele>234.08</ele></trkpt>
      <trkpt lat="48.190388999999996" lon="14.721466999999999"><ele>234.8</ele></trkpt>
      <trkpt lat="48.190478999999996" lon="14.721782999999999"><ele>234.2</ele></trkpt>
      <trkpt lat="48.191061999999995" lon="14.723588999999999"><ele>234.96</ele></trkpt>
      <trkpt lat="48.191190999999996" lon="14.723961"><ele>235.07</ele></trkpt>
      <trkpt lat="48.191375" lon="14.724425"><ele>235.28</ele></trkpt>
      <trkpt lat="48.191497" lon="14.724703"><ele>235.37</ele></trkpt>
      <trkpt lat="48.192356" lon="14.72651"><ele>235.31</ele></trkpt>
      <trkpt lat="48.192502999999995" lon="14.726778"><ele>236.38</ele></trkpt>
      <trkpt lat="48.192513999999996" lon="14.726871"><ele>236.6</ele></trkpt>
      <trkpt lat="48.192564" lon="14.727089999999999"><ele>236.52</ele></trkpt>
      <trkpt lat="48.19287" lon="14.728124"><ele>233.84</ele></trkpt>
      <trkpt lat="48.192966999999996" lon="14.728522"><ele>233.8</ele></trkpt>
      <trkpt lat="48.193203" lon="14.729631999999999"><ele>233.68</ele></trkpt>
      <trkpt lat="48.193352" lon="14.730409"><ele>233.43</ele></trkpt>
      <trkpt lat="48.193435" lon="14.730979"><ele>233.39</ele></trkpt>
      <trkpt lat="48.193501999999995" lon="14.731549"><ele>233.21</ele></trkpt>
      <trkpt lat="48.193546" lon="14.732102999999999"><ele>233.36</ele></trkpt>
      <trkpt lat="48.193574999999996" lon="14.732636"><ele>233.63</ele></trkpt>
      <trkpt lat="48.193588" lon="14.733148"><ele>234</ele></trkpt>
      <trkpt lat="48.193582" lon="14.734148"><ele>234.36</ele></trkpt>
      <trkpt lat="48.193528" lon="14.735909"><ele>232.78</ele></trkpt>
      <trkpt lat="48.193473999999995" lon="14.736651"><ele>232.53</ele></trkpt>
      <trkpt lat="48.19343" lon="14.737032"><ele>232.56</ele></trkpt>
      <trkpt lat="48.193276" lon="14.738009"><ele>232.97</ele></trkpt>
      <trkpt lat="48.193211999999995" lon="14.738456"><ele>233.27</ele></trkpt>
      <trkpt lat="48.193138999999995" lon="14.739080999999999"><ele>233.72</ele></trkpt>
      <trkpt lat="48.192884" lon="14.741551"><ele>234.35</ele></trkpt>
      <trkpt lat="48.192827" lon="14.741999999999999"><ele>234.45</ele></trkpt>
      <trkpt lat="48.192764999999994" lon="14.742443999999999"><ele>234.62</ele></trkpt>
      <trkpt lat="48.192325" lon="14.745128999999999"><ele>234.11</ele></trkpt>
      <trkpt lat="48.192260999999995" lon="14.745693"><ele>234</ele></trkpt>
      <trkpt lat="48.192932" lon="14.746084999999999"><ele>234</ele></trkpt>
      <trkpt lat="48.193092" lon="14.746148999999999"><ele>233.65</ele></trkpt>
      <trkpt lat="48.193169999999995" lon="14.746198"><ele>233.44</ele></trkpt>
      <trkpt lat="48.193242999999995" lon="14.746264"><ele>233.21</ele></trkpt>
      <trkpt lat="48.193317" lon="14.746353"><ele>232.98</ele></trkpt>
      <trkpt lat="48.193355999999994" lon="14.746443999999999"><ele>232.73</ele></trkpt>
      <trkpt lat="48.193366" lon="14.746478999999999"><ele>232.6</ele></trkpt>
      <trkpt lat="48.1934" lon="14.746815"><ele>232.02</ele></trkpt>
      <trkpt lat="48.193431999999994" lon="14.746891999999999"><ele>232</ele></trkpt>
      <trkpt lat="48.193498999999996" lon="14.746948"><ele>232.01</ele></trkpt>
      <trkpt lat="48.193611" lon="14.746982"><ele>232</ele></trkpt>
      <trkpt lat="48.193721" lon="14.747046"><ele>232.75</ele></trkpt>
      <trkpt lat="48.193878" lon="14.747150999999999"><ele>232.74</ele></trkpt>
      <trkpt lat="48.194066" lon="14.747302999999999"><ele>231.89</ele></trkpt>
      <trkpt lat="48.193766" lon="14.747803"><ele>232.23</ele></trkpt>
      <trkpt lat="48.193686" lon="14.747983"><ele>232.32</ele></trkpt>
      <trkpt lat="48.193585999999996" lon="14.748348"><ele>232.34</ele></trkpt>
      <trkpt lat="48.193428" lon="14.749141"><ele>232.48</ele></trkpt>
      <trkpt lat="48.193382" lon="14.749284999999999"><ele>232.45</ele></trkpt>
      <trkpt lat="48.193309" lon="14.749438999999999"><ele>232.39</ele></trkpt>
      <trkpt lat="48.193236" lon="14.749554999999999"><ele>232.35</ele></trkpt>
      <trkpt lat="48.193158999999994" lon="14.749657"><ele>232.33</ele></trkpt>
      <trkpt lat="48.192983" lon="14.74983"><ele>232.32</ele></trkpt>
      <trkpt lat="48.192347" lon="14.75025"><ele>231.99</ele></trkpt>
      <trkpt lat="48.192236" lon="14.750382"><ele>231.96</ele></trkpt>
      <trkpt lat="48.19217" lon="14.750499999999999"><ele>231.96</ele></trkpt>
      <trkpt lat="48.192049999999995" lon="14.750897"><ele>232.08</ele></trkpt>
      <trkpt lat="48.191807999999995" lon="14.751875"><ele>232.64</ele></trkpt>
      <trkpt lat="48.191783" lon="14.752003"><ele>232.64</ele></trkpt>
      <trkpt lat="48.191742999999995" lon="14.752549"><ele>232.71</ele></trkpt>
      <trkpt lat="48.191767" lon="14.752923"><ele>232.15</ele></trkpt>
      <trkpt lat="48.191826999999996" lon="14.753222"><ele>232.41</ele></trkpt>
      <trkpt lat="48.192038" lon="14.753767"><ele>232.66</ele></trkpt>
      <trkpt lat="48.192094999999995" lon="14.754005999999999"><ele>232.76</ele></trkpt>
      <trkpt lat="48.192113" lon="14.754287"><ele>233</ele></trkpt>
      <trkpt lat="48.192093" lon="14.754527999999999"><ele>233</ele></trkpt>
      <trkpt lat="48.192001" lon="14.755059"><ele>233</ele></trkpt>
      <trkpt lat="48.191879" lon="14.755642"><ele>233</ele></trkpt>
      <trkpt lat="48.191739999999996" lon="14.756207"><ele>233</ele></trkpt>
      <trkpt lat="48.191627999999994" lon="14.756616999999999"><ele>232.99</ele></trkpt>
      <trkpt lat="48.19151" lon="14.756933"><ele>232.92</ele></trkpt>
      <trkpt lat="48.191323" lon="14.757297"><ele>232.73</ele></trkpt>
      <trkpt lat="48.190629" lon="14.758434999999999"><ele>231.27</ele></trkpt>
      <trkpt lat="48.190579" lon="14.758574"><ele>231.21</ele></trkpt>
      <trkpt lat="48.190546" lon="14.758726999999999"><ele>231.24</ele></trkpt>
      <trkpt lat="48.190414999999994" lon="14.759965999999999"><ele>230.94</ele></trkpt>
      <trkpt lat="48.190394" lon="14.760683"><ele>230.42</ele></trkpt>
      <trkpt lat="48.190379" lon="14.762056"><ele>230.7</ele></trkpt>
      <trkpt lat="48.190354" lon="14.763358"><ele>230.49</ele></trkpt>
      <trkpt lat="48.190281" lon="14.764813"><ele>230.48</ele></trkpt>
      <trkpt lat="48.190284" lon="14.765070999999999"><ele>230.76</ele></trkpt>
      <trkpt lat="48.190315999999996" lon="14.765813999999999"><ele>231.02</ele></trkpt>
      <trkpt lat="48.190312" lon="14.766468999999999"><ele>230.92</ele></trkpt>
      <trkpt lat="48.19028" lon="14.766729999999999"><ele>230.72</ele></trkpt>
      <trkpt lat="48.190252" lon="14.766843999999999"><ele>230.46</ele></trkpt>
      <trkpt lat="48.190165" lon="14.767078999999999"><ele>230.21</ele></trkpt>
      <trkpt lat="48.190107" lon="14.767316"><ele>230</ele></trkpt>
      <trkpt lat="48.190087" lon="14.767487"><ele>230</ele></trkpt>
      <trkpt lat="48.190073" lon="14.767712"><ele>229.9</ele></trkpt>
      <trkpt lat="48.190089" lon="14.767869"><ele>229.82</ele></trkpt>
      <trkpt lat="48.190129" lon="14.768013999999999"><ele>229.73</ele></trkpt>
      <trkpt lat="48.190179" lon="14.768137999999999"><ele>229.61</ele></trkpt>
      <trkpt lat="48.190241" lon="14.768251999999999"><ele>229.75</ele></trkpt>
      <trkpt lat="48.190273" lon="14.768386"><ele>229.95</ele></trkpt>
      <trkpt lat="48.190293" lon="14.768531"><ele>230.04</ele></trkpt>
      <trkpt lat="48.190225" lon="14.768853"><ele>230</ele></trkpt>
      <trkpt lat="48.190172" lon="14.769053999999999"><ele>230</ele></trkpt>
      <trkpt lat="48.190070999999996" lon="14.769205999999999"><ele>230.04</ele></trkpt>
      <trkpt lat="48.189839" lon="14.769338999999999"><ele>230</ele></trkpt>
      <trkpt lat="48.189738" lon="14.76943"><ele>230</ele></trkpt>
      <trkpt lat="48.18953" lon="14.76975"><ele>229.27</ele></trkpt>
      <trkpt lat="48.189302999999995" lon="14.770232"><ele>229.77</ele></trkpt>
      <trkpt lat="48.189220999999996" lon="14.770373999999999"><ele>229.84</ele></trkpt>
      <trkpt lat="48.189116" lon="14.770489999999999"><ele>229.89</ele></trkpt>
      <trkpt lat="48.188964999999996" lon="14.770629999999999"><ele>229.92</ele></trkpt>
      <trkpt lat="48.188624999999995" lon="14.770817999999998"><ele>230</ele></trkpt>
      <trkpt lat="48.188389" lon="14.770921999999999"><ele>230</ele></trkpt>
      <trkpt lat="48.188167" lon="14.770989"><ele>229.34</ele></trkpt>
      <trkpt lat="48.187016" lon="14.771211"><ele>228.65</ele></trkpt>
      <trkpt lat="48.186867" lon="14.771289"><ele>228.82</ele></trkpt>
      <trkpt lat="48.187087999999996" lon="14.772036"><ele>228.14</ele></trkpt>
      <trkpt lat="48.187124999999995" lon="14.772191"><ele>228.26</ele></trkpt>
      <trkpt lat="48.187281" lon="14.773194"><ele>228.62</ele></trkpt>
      <trkpt lat="48.187514" lon="14.774809999999999"><ele>228.77</ele></trkpt>
      <trkpt lat="48.187545" lon="14.775079999999999"><ele>228.76</ele></trkpt>
      <trkpt lat="48.187588" lon="14.775998"><ele>228.7</ele></trkpt>
      <trkpt lat="48.187619999999995" lon="14.776278999999999"><ele>228.73</ele></trkpt>
      <trkpt lat="48.187719" lon="14.776912"><ele>228.92</ele></trkpt>
      <trkpt lat="48.187723999999996" lon="14.777002999999999"><ele>228.98</ele></trkpt>
      <trkpt lat="48.187718" lon="14.777087"><ele>229</ele></trkpt>
      <trkpt lat="48.187678999999996" lon="14.777151"><ele>229</ele></trkpt>
      <trkpt lat="48.187616999999996" lon="14.777194"><ele>229</ele></trkpt>
      <trkpt lat="48.186051" lon="14.776959"><ele>229.41</ele></trkpt>
      <trkpt lat="48.184478999999996" lon="14.776748999999999"><ele>231.18</ele></trkpt>
      <trkpt lat="48.183006999999996" lon="14.776568"><ele>232.35</ele></trkpt>
      <trkpt lat="48.182773999999995" lon="14.776582"><ele>232.31</ele></trkpt>
      <trkpt lat="48.182645" lon="14.776629"><ele>230.67</ele></trkpt>
      <trkpt lat="48.182953" lon="14.77816"><ele>231.02</ele></trkpt>
      <trkpt lat="48.183028" lon="14.778576"><ele>231.16</ele></trkpt>
      <trkpt lat="48.183098" lon="14.779036999999999"><ele>231.1</ele></trkpt>
      <trkpt lat="48.183167999999995" lon="14.779656999999998"><ele>230.87</ele></trkpt>
      <trkpt lat="48.183215999999994" lon="14.780495"><ele>230.5</ele></trkpt>
      <trkpt lat="48.183222" lon="14.780712999999999"><ele>230.4</ele></trkpt>
      <trkpt lat="48.183219" lon="14.781141"><ele>230.28</ele></trkpt>
      <trkpt lat="48.183181999999995" lon="14.782157999999999"><ele>230.19</ele></trkpt>
      <trkpt lat="48.183175999999996" lon="14.78262"><ele>230.36</ele></trkpt>
      <trkpt lat="48.183197" lon="14.783138999999998"><ele>230.81</ele></trkpt>
      <trkpt lat="48.183248999999996" lon="14.783672"><ele>231.12</ele></trkpt>
      <trkpt lat="48.183341999999996" lon="14.78427"><ele>231.53</ele></trkpt>
      <trkpt lat="48.183433" lon="14.784699"><ele>231.55</ele></trkpt>
      <trkpt lat="48.183544999999995" lon="14.785121"><ele>231.56</ele></trkpt>
      <trkpt lat="48.183907" lon="14.786278"><ele>232</ele></trkpt>
      <trkpt lat="48.184000999999995" lon="14.786598999999999"><ele>232</ele></trkpt>
      <trkpt lat="48.184151" lon="14.787175999999999"><ele>231.76</ele></trkpt>
      <trkpt lat="48.184239" lon="14.787579"><ele>231.65</ele></trkpt>
      <trkpt lat="48.184439" lon="14.788573999999999"><ele>231.55</ele></trkpt>
      <trkpt lat="48.184577" lon="14.789188"><ele>231.96</ele></trkpt>
      <trkpt lat="48.184667999999995" lon="14.789575"><ele>231.69</ele></trkpt>
      <trkpt lat="48.184974" lon="14.790761"><ele>231.24</ele></trkpt>
      <trkpt lat="48.186628999999996" lon="14.796596999999998"><ele>230.23</ele></trkpt>
      <trkpt lat="48.187481999999996" lon="14.799306999999999"><ele>230.67</ele></trkpt>
      <trkpt lat="48.187824" lon="14.800616999999999"><ele>230.16</ele></trkpt>
      <trkpt lat="48.188024999999996" lon="14.801262"><ele>230.12</ele></trkpt>
      <trkpt lat="48.189409999999995" lon="14.804943"><ele>230.47</ele></trkpt>
      <trkpt lat="48.18956" lon="14.805361"><ele>230.47</ele></trkpt>
      <trkpt lat="48.189645999999996" lon="14.80562"><ele>230.46</ele></trkpt>
      <trkpt lat="48.189886" lon="14.806471"><ele>230.42</ele></trkpt>
      <trkpt lat="48.190235" lon="14.807514"><ele>230.56</ele></trkpt>
      <trkpt lat="48.190338" lon="14.807898999999999"><ele>230.72</ele></trkpt>
      <trkpt lat="48.19038" lon="14.808107999999999"><ele>230.63</ele></trkpt>
      <trkpt lat="48.190441" lon="14.808501999999999"><ele>230.43</ele></trkpt>
      <trkpt lat="48.190548" lon="14.809407"><ele>230.13</ele></trkpt>
      <trkpt lat="48.190801" lon="14.811067"><ele>230</ele></trkpt>
      <trkpt lat="48.190897" lon="14.81204"><ele>229.88</ele></trkpt>
      <trkpt lat="48.190976" lon="14.813402"><ele>228.98</ele></trkpt>
      <trkpt lat="48.191052" lon="14.814188999999999"><ele>229.28</ele></trkpt>
      <trkpt lat="48.191137999999995" lon="14.814834999999999"><ele>229.32</ele></trkpt>
      <trkpt lat="48.191282" lon="14.815664"><ele>229.26</ele></trkpt>
      <trkpt lat="48.191404" lon="14.816241"><ele>230.16</ele></trkpt>
      <trkpt lat="48.191744" lon="14.817772999999999"><ele>230.18</ele></trkpt>
      <trkpt lat="48.191817" lon="14.818076"><ele>230.23</ele></trkpt>
      <trkpt lat="48.191916" lon="14.818349"><ele>231.34</ele></trkpt>
      <trkpt lat="48.192021" lon="14.818563"><ele>228.87</ele></trkpt>
      <trkpt lat="48.192315" lon="14.819068"><ele>230.39</ele></trkpt>
      <trkpt lat="48.19218" lon="14.819265"><ele>230.47</ele></trkpt>
      <trkpt lat="48.192011" lon="14.819543999999999"><ele>230.13</ele></trkpt>
      <trkpt lat="48.191856" lon="14.819823"><ele>230.01</ele></trkpt>
      <trkpt lat="48.191721" lon="14.820106"><ele>229.78</ele></trkpt>
      <trkpt lat="48.191663999999996" lon="14.820252"><ele>229.73</ele></trkpt>
      <trkpt lat="48.191542" lon="14.820632999999999"><ele>229.87</ele></trkpt>
      <trkpt lat="48.191472" lon="14.820926"><ele>230.01</ele></trkpt>
      <trkpt lat="48.191323" lon="14.821684"><ele>230.42</ele></trkpt>
      <trkpt lat="48.191092" lon="14.822655"><ele>230.5</ele></trkpt>
      <trkpt lat="48.190906" lon="14.823573999999999"><ele>230.45</ele></trkpt>
      <trkpt lat="48.190802999999995" lon="14.824396"><ele>230.5</ele></trkpt>
      <trkpt lat="48.1907" lon="14.825467999999999"><ele>230.01</ele></trkpt>
      <trkpt lat="48.190614" lon="14.826742"><ele>229.51</ele></trkpt>
      <trkpt lat="48.190593" lon="14.827345999999999"><ele>229.4</ele></trkpt>
      <trkpt lat="48.190597999999994" lon="14.827878"><ele>229.35</ele></trkpt>
      <trkpt lat="48.190622999999995" lon="14.828221"><ele>229.43</ele></trkpt>
      <trkpt lat="48.190715" lon="14.828961999999999"><ele>229.92</ele></trkpt>
      <trkpt lat="48.190753" lon="14.829206"><ele>230.14</ele></trkpt>
      <trkpt lat="48.190821" lon="14.829464"><ele>230.33</ele></trkpt>
      <trkpt lat="48.190991" lon="14.829965"><ele>230.74</ele></trkpt>
      <trkpt lat="48.191092999999995" lon="14.830209"><ele>230.8</ele></trkpt>
      <trkpt lat="48.191218" lon="14.830471999999999"><ele>230.82</ele></trkpt>
      <trkpt lat="48.191359999999996" lon="14.830734"><ele>230.78</ele></trkpt>
      <trkpt lat="48.191458999999995" lon="14.830893999999999"><ele>230.45</ele></trkpt>
      <trkpt lat="48.191803" lon="14.831386"><ele>230.89</ele></trkpt>
      <trkpt lat="48.192104" lon="14.831783"><ele>231.06</ele></trkpt>
      <trkpt lat="48.192163" lon="14.831888"><ele>231.07</ele></trkpt>
      <trkpt lat="48.192231" lon="14.832042999999999"><ele>231.06</ele></trkpt>
      <trkpt lat="48.192316" lon="14.83217"><ele>231.06</ele></trkpt>
      <trkpt lat="48.192648" lon="14.83253"><ele>230.73</ele></trkpt>
      <trkpt lat="48.192876999999996" lon="14.832885"><ele>230.33</ele></trkpt>
      <trkpt lat="48.193352999999995" lon="14.833685"><ele>230.26</ele></trkpt>
      <trkpt lat="48.193642999999994" lon="14.834221999999999"><ele>230.08</ele></trkpt>
      <trkpt lat="48.193912" lon="14.834750999999999"><ele>229.97</ele></trkpt>
      <trkpt lat="48.194497" lon="14.836046999999999"><ele>230.15</ele></trkpt>
      <trkpt lat="48.194596" lon="14.836291999999998"><ele>230.16</ele></trkpt>
      <trkpt lat="48.194669" lon="14.836537"><ele>230.12</ele></trkpt>
      <trkpt lat="48.194736" lon="14.836815"><ele>230.1</ele></trkpt>
      <trkpt lat="48.194782" lon="14.837083999999999"><ele>230.12</ele></trkpt>
      <trkpt lat="48.194843999999996" lon="14.837546999999999"><ele>230.2</ele></trkpt>
      <trkpt lat="48.194865" lon="14.837641999999999"><ele>230.21</ele></trkpt>
      <trkpt lat="48.194894" lon="14.83774"><ele>230.22</ele></trkpt>
      <trkpt lat="48.195060999999995" lon="14.838073999999999"><ele>230.49</ele></trkpt>
      <trkpt lat="48.195077999999995" lon="14.838168999999999"><ele>230.52</ele></trkpt>
      <trkpt lat="48.195069" lon="14.83828"><ele>230.51</ele></trkpt>
      <trkpt lat="48.195026999999996" lon="14.838362"><ele>230.45</ele></trkpt>
      <trkpt lat="48.194945999999995" lon="14.838462999999999"><ele>230.39</ele></trkpt>
      <trkpt lat="48.194914" lon="14.838522999999999"><ele>230.47</ele></trkpt>
      <trkpt lat="48.194933" lon="14.838661"><ele>230.48</ele></trkpt>
      <trkpt lat="48.195065" lon="14.839229"><ele>229.3</ele></trkpt>
      <trkpt lat="48.195119999999996" lon="14.839436"><ele>228.34</ele></trkpt>
      <trkpt lat="48.195178999999996" lon="14.839803"><ele>229.18</ele></trkpt>
      <trkpt lat="48.195293" lon="14.840938999999999"><ele>229.53</ele></trkpt>
      <trkpt lat="48.195347" lon="14.841218"><ele>229.48</ele></trkpt>
      <trkpt lat="48.195415" lon="14.841512"><ele>229.34</ele></trkpt>
      <trkpt lat="48.195510999999996" lon="14.841838"><ele>229.22</ele></trkpt>
      <trkpt lat="48.195626" lon="14.84216"><ele>229.21</ele></trkpt>
      <trkpt lat="48.19574" lon="14.842435"><ele>229.27</ele></trkpt>
      <trkpt lat="48.195986999999995" lon="14.842979"><ele>229.43</ele></trkpt>
      <trkpt lat="48.196104" lon="14.843193999999999"><ele>229.73</ele></trkpt>
      <trkpt lat="48.196267999999996" lon="14.843458"><ele>230</ele></trkpt>
      <trkpt lat="48.196394" lon="14.843625999999999"><ele>230.2</ele></trkpt>
      <trkpt lat="48.196681999999996" lon="14.843936"><ele>230.38</ele></trkpt>
      <trkpt lat="48.196908" lon="14.844140999999999"><ele>230.41</ele></trkpt>
      <trkpt lat="48.197241" lon="14.844408999999999"><ele>230.22</ele></trkpt>
      <trkpt lat="48.197542999999996" lon="14.844619"><ele>230.01</ele></trkpt>
      <trkpt lat="48.197998" lon="14.844909999999999"><ele>230.01</ele></trkpt>
      <trkpt lat="48.198228" lon="14.845011999999999"><ele>229.99</ele></trkpt>
      <trkpt lat="48.198453" lon="14.845079"><ele>229.97</ele></trkpt>
      <trkpt lat="48.199197" lon="14.845213999999999"><ele>229.93</ele></trkpt>
      <trkpt lat="48.199878999999996" lon="14.845319"><ele>229.77</ele></trkpt>
      <trkpt lat="48.200167" lon="14.845402"><ele>229.84</ele></trkpt>
      <trkpt lat="48.200402" lon="14.845505999999999"><ele>229.88</ele></trkpt>
      <trkpt lat="48.201026999999996" lon="14.845941"><ele>229.94</ele></trkpt>
      <trkpt lat="48.201167" lon="14.846020999999999"><ele>229.9</ele></trkpt>
      <trkpt lat="48.201375999999996" lon="14.846129"><ele>229.79</ele></trkpt>
      <trkpt lat="48.202262" lon="14.846508"><ele>229.69</ele></trkpt>
      <trkpt lat="48.202476" lon="14.846616"><ele>230.14</ele></trkpt>
      <trkpt lat="48.202968999999996" lon="14.846967"><ele>230</ele></trkpt>
      <trkpt lat="48.203657" lon="14.84757"><ele>230.17</ele></trkpt>
      <trkpt lat="48.204263999999995" lon="14.848224"><ele>230.05</ele></trkpt>
      <trkpt lat="48.204878" lon="14.848953999999999"><ele>229.7</ele></trkpt>
      <trkpt lat="48.205327999999994" lon="14.849393"><ele>229.47</ele></trkpt>
      <trkpt lat="48.205847999999996" lon="14.849834"><ele>229.69</ele></trkpt>
      <trkpt lat="48.206163" lon="14.850131"><ele>229.94</ele></trkpt>
      <trkpt lat="48.206323" lon="14.850314"><ele>230</ele></trkpt>
      <trkpt lat="48.206728999999996" lon="14.85088"><ele>229.93</ele></trkpt>
      <trkpt lat="48.206919" lon="14.85109"><ele>229.89</ele></trkpt>
      <trkpt lat="48.207224" lon="14.85136"><ele>229.85</ele></trkpt>
      <trkpt lat="48.207398" lon="14.851555999999999"><ele>229.8</ele></trkpt>
      <trkpt lat="48.208192999999994" lon="14.852504"><ele>229.13</ele></trkpt>
      <trkpt lat="48.208321999999995" lon="14.852641"><ele>229.09</ele></trkpt>
      <trkpt lat="48.208451" lon="14.852758999999999"><ele>229.08</ele></trkpt>
      <trkpt lat="48.208667999999996" lon="14.852924999999999"><ele>229.12</ele></trkpt>
      <trkpt lat="48.208828999999994" lon="14.853066"><ele>229.2</ele></trkpt>
      <trkpt lat="48.209371" lon="14.853584999999999"><ele>229.46</ele></trkpt>
      <trkpt lat="48.209587" lon="14.853774"><ele>229.48</ele></trkpt>
      <trkpt lat="48.210144" lon="14.854153"><ele>229.58</ele></trkpt>
      <trkpt lat="48.210639" lon="14.854536999999999"><ele>229.63</ele></trkpt>
      <trkpt lat="48.210775999999996" lon="14.854633"><ele>229.7</ele></trkpt>
      <trkpt lat="48.210910999999996" lon="14.854719999999999"><ele>229.74</ele></trkpt>
      <trkpt lat="48.211472" lon="14.855034999999999"><ele>229.88</ele></trkpt>
      <trkpt lat="48.211593" lon="14.855087"><ele>229.56</ele></trkpt>
      <trkpt lat="48.212117" lon="14.855233"><ele>229.53</ele></trkpt>
      <trkpt lat="48.212748" lon="14.855500999999999"><ele>230.56</ele></trkpt>
      <trkpt lat="48.212917" lon="14.855552"><ele>231.52</ele></trkpt>
      <trkpt lat="48.21301" lon="14.855668999999999"><ele>230.45</ele></trkpt>
      <trkpt lat="48.213063999999996" lon="14.855709"><ele>230.3</ele></trkpt>
      <trkpt lat="48.213314" lon="14.855818999999999"><ele>230.07</ele></trkpt>
      <trkpt lat="48.213412999999996" lon="14.855849999999998"><ele>230.16</ele></trkpt>
      <trkpt lat="48.213525" lon="14.855865999999999"><ele>230.24</ele></trkpt>
      <trkpt lat="48.213896" lon="14.855853999999999"><ele>230.31</ele></trkpt>
      <trkpt lat="48.214617999999994" lon="14.855891"><ele>230.45</ele></trkpt>
      <trkpt lat="48.2149" lon="14.855875999999999"><ele>230.35</ele></trkpt>
      <trkpt lat="48.215751999999995" lon="14.855732999999999"><ele>230.08</ele></trkpt>
      <trkpt lat="48.216122" lon="14.855656999999999"><ele>229.75</ele></trkpt>
      <trkpt lat="48.217707999999995" lon="14.855421999999999"><ele>228.44</ele></trkpt>
      <trkpt lat="48.218565" lon="14.855158999999999"><ele>228.74</ele></trkpt>
      <trkpt lat="48.219091999999996" lon="14.854966"><ele>228.9</ele></trkpt>
      <trkpt lat="48.220437999999994" lon="14.854505999999999"><ele>230.02</ele></trkpt>
      <trkpt lat="48.220614" lon="14.854420999999999"><ele>230.73</ele></trkpt>
      <trkpt lat="48.220771" lon="14.854299999999999"><ele>231.3</ele></trkpt>
      <trkpt lat="48.221135" lon="14.85421"><ele>232.76</ele></trkpt>
      <trkpt lat="48.221194999999994" lon="14.854184"><ele>233</ele></trkpt>
      <trkpt lat="48.221256" lon="14.854139"><ele>232.91</ele></trkpt>
      <trkpt lat="48.221288" lon="14.854057"><ele>232.51</ele></trkpt>
      <trkpt lat="48.221298999999995" lon="14.853888"><ele>232.26</ele></trkpt>
      <trkpt lat="48.221314" lon="14.853807999999999"><ele>231.97</ele></trkpt>
      <trkpt lat="48.221345" lon="14.85374"><ele>231.69</ele></trkpt>
      <trkpt lat="48.221666" lon="14.853396"><ele>230.56</ele></trkpt>
      <trkpt lat="48.221706999999995" lon="14.853361999999999"><ele>230.37</ele></trkpt>
      <trkpt lat="48.221759999999996" lon="14.853344"><ele>230.24</ele></trkpt>
      <trkpt lat="48.222178" lon="14.853308"><ele>229.33</ele></trkpt>
      <trkpt lat="48.222257" lon="14.853325"><ele>229.13</ele></trkpt>
      <trkpt lat="48.22255" lon="14.853318"><ele>229.05</ele></trkpt>
      <trkpt lat="48.223192" lon="14.853333"><ele>229</ele></trkpt>
      <trkpt lat="48.223512" lon="14.853328"><ele>228.88</ele></trkpt>
      <trkpt lat="48.223682" lon="14.853285999999999"><ele>228.54</ele></trkpt>
      <trkpt lat="48.223952" lon="14.85324"><ele>227.79</ele></trkpt>
      <trkpt lat="48.223969" lon="14.85325"><ele>227.86</ele></trkpt>
      <trkpt lat="48.224041" lon="14.85338"><ele>227.93</ele></trkpt>
      <trkpt lat="48.224092999999996" lon="14.853429"><ele>227.99</ele></trkpt>
      <trkpt lat="48.224163999999995" lon="14.853458999999999"><ele>228.04</ele></trkpt>
      <trkpt lat="48.224376" lon="14.853517"><ele>228.13</ele></trkpt>
      <trkpt lat="48.224900999999996" lon="14.85375"><ele>228.32</ele></trkpt>
      <trkpt lat="48.224987999999996" lon="14.853753999999999"><ele>228.46</ele></trkpt>
      <trkpt lat="48.225218999999996" lon="14.853864999999999"><ele>228.88</ele></trkpt>
      <trkpt lat="48.225384" lon="14.853992"><ele>229.19</ele></trkpt>
      <trkpt lat="48.225480999999995" lon="14.854109999999999"><ele>229.46</ele></trkpt>
      <trkpt lat="48.225654999999996" lon="14.854241"><ele>229.74</ele></trkpt>
      <trkpt lat="48.225789999999996" lon="14.854408999999999"><ele>229.56</ele></trkpt>
      <trkpt lat="48.225946" lon="14.854643"><ele>229.26</ele></trkpt>
      <trkpt lat="48.226782" lon="14.855732999999999"><ele>228.94</ele></trkpt>
      <trkpt lat="48.227036" lon="14.856136999999999"><ele>229.46</ele></trkpt>
      <trkpt lat="48.227109999999996" lon="14.856456999999999"><ele>228.79</ele></trkpt>
      <trkpt lat="48.227359" lon="14.85703"><ele>228.53</ele></trkpt>
      <trkpt lat="48.227545" lon="14.857560999999999"><ele>228.63</ele></trkpt>
      <trkpt lat="48.227734" lon="14.858251"><ele>228.81</ele></trkpt>
      <trkpt lat="48.227796" lon="14.858535"><ele>229.02</ele></trkpt>
      <trkpt lat="48.227916" lon="14.859188"><ele>229.42</ele></trkpt>
      <trkpt lat="48.228049999999996" lon="14.859157999999999"><ele>230.92</ele></trkpt>
      <trkpt lat="48.228105" lon="14.859734"><ele>229.25</ele></trkpt>
      <trkpt lat="48.228136" lon="14.860263"><ele>230.31</ele></trkpt>
      <trkpt lat="48.228148" lon="14.860698"><ele>233.88</ele></trkpt>
      <trkpt lat="48.228181" lon="14.861224"><ele>234.31</ele></trkpt>
      <trkpt lat="48.228317" lon="14.863119"><ele>230.33</ele></trkpt>
      <trkpt lat="48.228429" lon="14.865131"><ele>229.81</ele></trkpt>
      <trkpt lat="48.228514999999994" lon="14.866978"><ele>230.72</ele></trkpt>
      <trkpt lat="48.228576" lon="14.868017"><ele>230.31</ele></trkpt>
      <trkpt lat="48.228671" lon="14.869318999999999"><ele>230.72</ele></trkpt>
      <trkpt lat="48.228753" lon="14.870299999999999"><ele>231.51</ele></trkpt>
      <trkpt lat="48.228791" lon="14.870664999999999"><ele>231.66</ele></trkpt>
      <trkpt lat="48.228837999999996" lon="14.870968999999999"><ele>231.64</ele></trkpt>
      <trkpt lat="48.228891999999995" lon="14.871212"><ele>231.59</ele></trkpt>
      <trkpt lat="48.228961999999996" lon="14.871426"><ele>231.6</ele></trkpt>
      <trkpt lat="48.229046" lon="14.871627"><ele>231.6</ele></trkpt>
      <trkpt lat="48.229197" lon="14.871894"><ele>231.83</ele></trkpt>
      <trkpt lat="48.229324" lon="14.872076"><ele>232.15</ele></trkpt>
      <trkpt lat="48.230467" lon="14.873593999999999"><ele>233.47</ele></trkpt>
      <trkpt lat="48.230609" lon="14.873837"><ele>232.95</ele></trkpt>
      <trkpt lat="48.230739" lon="14.874125999999999"><ele>230.89</ele></trkpt>
      <trkpt lat="48.23084" lon="14.874469999999999"><ele>231.88</ele></trkpt>
      <trkpt lat="48.231004" lon="14.875290999999999"><ele>235.9</ele></trkpt>
      <trkpt lat="48.231075999999995" lon="14.875534"><ele>234.74</ele></trkpt>
      <trkpt lat="48.231165999999995" lon="14.875753999999999"><ele>233.4</ele></trkpt>
      <trkpt lat="48.231271" lon="14.875966"><ele>232.7</ele></trkpt>
      <trkpt lat="48.231395" lon="14.876183"><ele>232.26</ele></trkpt>
      <trkpt lat="48.231877" lon="14.876876"><ele>233.7</ele></trkpt>
      <trkpt lat="48.232191" lon="14.877388"><ele>234.51</ele></trkpt>
      <trkpt lat="48.232631999999995" lon="14.878347"><ele>233.72</ele></trkpt>
      <trkpt lat="48.232974" lon="14.879157"><ele>232.01</ele></trkpt>
      <trkpt lat="48.233194999999995" lon="14.879736"><ele>231.44</ele></trkpt>
      <trkpt lat="48.233309999999996" lon="14.880111999999999"><ele>231.52</ele></trkpt>
      <trkpt lat="48.233385999999996" lon="14.880455"><ele>231.57</ele></trkpt>
      <trkpt lat="48.233461" lon="14.880906"><ele>231.6</ele></trkpt>
      <trkpt lat="48.233492999999996" lon="14.881158"><ele>231.83</ele></trkpt>
      <trkpt lat="48.233519" lon="14.88162"><ele>232.23</ele></trkpt>
      <trkpt lat="48.233520999999996" lon="14.881950999999999"><ele>232.56</ele></trkpt>
      <trkpt lat="48.233473" lon="14.882857999999999"><ele>233.51</ele></trkpt>
      <trkpt lat="48.233458" lon="14.883277999999999"><ele>233.89</ele></trkpt>
      <trkpt lat="48.233463" lon="14.883647"><ele>233.66</ele></trkpt>
      <trkpt lat="48.233494" lon="14.884036"><ele>233.21</ele></trkpt>
      <trkpt lat="48.233565999999996" lon="14.884774"><ele>230.04</ele></trkpt>
      <trkpt lat="48.233657" lon="14.885541"><ele>230.88</ele></trkpt>
      <trkpt lat="48.233754999999995" lon="14.886261999999999"><ele>230.52</ele></trkpt>
      <trkpt lat="48.233793999999996" lon="14.886624"><ele>228.89</ele></trkpt>
      <trkpt lat="48.233798" lon="14.886958"><ele>228.58</ele></trkpt>
      <trkpt lat="48.233782999999995" lon="14.887198"><ele>228.8</ele></trkpt>
      <trkpt lat="48.233722" lon="14.88759"><ele>231.04</ele></trkpt>
      <trkpt lat="48.233675" lon="14.887792999999999"><ele>231.63</ele></trkpt>
      <trkpt lat="48.233489999999996" lon="14.888416"><ele>233.24</ele></trkpt>
      <trkpt lat="48.233407" lon="14.888663999999999"><ele>233.21</ele></trkpt>
      <trkpt lat="48.233315" lon="14.888891"><ele>231.82</ele></trkpt>
      <trkpt lat="48.233174999999996" lon="14.889177"><ele>232.01</ele></trkpt>
      <trkpt lat="48.233031" lon="14.889410999999999"><ele>232.19</ele></trkpt>
      <trkpt lat="48.232934" lon="14.889545"><ele>232.22</ele></trkpt>
      <trkpt lat="48.232766999999996" lon="14.889750999999999"><ele>232.34</ele></trkpt>
      <trkpt lat="48.232599" lon="14.889913"><ele>232.25</ele></trkpt>
      <trkpt lat="48.232409" lon="14.890068999999999"><ele>231.86</ele></trkpt>
      <trkpt lat="48.232150999999995" lon="14.890232999999998"><ele>231.58</ele></trkpt>
      <trkpt lat="48.231742999999994" lon="14.89045"><ele>231.75</ele></trkpt>
      <trkpt lat="48.231324" lon="14.890711999999999"><ele>232.8</ele></trkpt>
      <trkpt lat="48.23054" lon="14.891337"><ele>231</ele></trkpt>
      <trkpt lat="48.229977999999996" lon="14.891703999999999"><ele>230.97</ele></trkpt>
      <trkpt lat="48.229796" lon="14.891843"><ele>231.83</ele></trkpt>
      <trkpt lat="48.229638" lon="14.892"><ele>234.31</ele></trkpt>
      <trkpt lat="48.229493999999995" lon="14.892187"><ele>233.84</ele></trkpt>
      <trkpt lat="48.229338999999996" lon="14.892455"><ele>230.59</ele></trkpt>
      <trkpt lat="48.229237999999995" lon="14.892709"><ele>230.37</ele></trkpt>
      <trkpt lat="48.229154" lon="14.893016"><ele>229.93</ele></trkpt>
      <trkpt lat="48.229077" lon="14.893455"><ele>229.03</ele></trkpt>
      <trkpt lat="48.228992999999996" lon="14.894131"><ele>228.18</ele></trkpt>
      <trkpt lat="48.228964" lon="14.894421999999999"><ele>227.81</ele></trkpt>
      <trkpt lat="48.228933999999995" lon="14.894985"><ele>228.24</ele></trkpt>
      <trkpt lat="48.228939999999994" lon="14.895277"><ele>228.35</ele></trkpt>
      <trkpt lat="48.228967" lon="14.895601999999998"><ele>228.43</ele></trkpt>
      <trkpt lat="48.229022" lon="14.895989"><ele>228.51</ele></trkpt>
      <trkpt lat="48.229118" lon="14.896479999999999"><ele>228.59</ele></trkpt>
      <trkpt lat="48.229188" lon="14.896764999999998"><ele>228.62</ele></trkpt>
      <trkpt lat="48.229293999999996" lon="14.897115999999999"><ele>228.47</ele></trkpt>
      <trkpt lat="48.2294" lon="14.897386"><ele>228.38</ele></trkpt>
      <trkpt lat="48.229451999999995" lon="14.897489"><ele>228.36</ele></trkpt>
      <trkpt lat="48.229588" lon="14.897699"><ele>228.32</ele></trkpt>
      <trkpt lat="48.229814999999995" lon="14.897971"><ele>228.17</ele></trkpt>
      <trkpt lat="48.230356" lon="14.898558999999999"><ele>228.05</ele></trkpt>
      <trkpt lat="48.230501" lon="14.898748999999999"><ele>228.21</ele></trkpt>
      <trkpt lat="48.230689999999996" lon="14.899066999999999"><ele>227.91</ele></trkpt>
      <trkpt lat="48.230792" lon="14.899263"><ele>227.8</ele></trkpt>
      <trkpt lat="48.231007" lon="14.899771"><ele>228.7</ele></trkpt>
      <trkpt lat="48.231137" lon="14.900144"><ele>229.96</ele></trkpt>
      <trkpt lat="48.231756999999995" lon="14.902075"><ele>230.64</ele></trkpt>
      <trkpt lat="48.231828" lon="14.902343"><ele>231.45</ele></trkpt>
      <trkpt lat="48.231868999999996" lon="14.902623"><ele>231.29</ele></trkpt>
      <trkpt lat="48.231881" lon="14.902861999999999"><ele>230.1</ele></trkpt>
      <trkpt lat="48.231881" lon="14.903575"><ele>230.82</ele></trkpt>
      <trkpt lat="48.23189" lon="14.903773999999999"><ele>230.51</ele></trkpt>
      <trkpt lat="48.231925" lon="14.904141999999998"><ele>230.45</ele></trkpt>
      <trkpt lat="48.231978999999995" lon="14.904473"><ele>230.07</ele></trkpt>
      <trkpt lat="48.232084" lon="14.904802"><ele>230.3</ele></trkpt>
      <trkpt lat="48.232288999999994" lon="14.905361"><ele>228.58</ele></trkpt>
      <trkpt lat="48.232347" lon="14.905567"><ele>227.9</ele></trkpt>
      <trkpt lat="48.232372999999995" lon="14.905697"><ele>228.09</ele></trkpt>
      <trkpt lat="48.232399" lon="14.905975999999999"><ele>229.79</ele></trkpt>
      <trkpt lat="48.232399" lon="14.906179"><ele>231.35</ele></trkpt>
      <trkpt lat="48.232369999999996" lon="14.906975999999998"><ele>230.12</ele></trkpt>
      <trkpt lat="48.232377" lon="14.907228"><ele>229.72</ele></trkpt>
      <trkpt lat="48.23242" lon="14.907522"><ele>229.11</ele></trkpt>
      <trkpt lat="48.232489" lon="14.907782999999998"><ele>229.75</ele></trkpt>
      <trkpt lat="48.232608" lon="14.908114999999999"><ele>229.13</ele></trkpt>
      <trkpt lat="48.232734" lon="14.908431"><ele>229.69</ele></trkpt>
      <trkpt lat="48.232839" lon="14.908733999999999"><ele>230.98</ele></trkpt>
      <trkpt lat="48.232938999999995" lon="14.909144"><ele>232.9</ele></trkpt>
      <trkpt lat="48.233038" lon="14.909614"><ele>229.57</ele></trkpt>
      <trkpt lat="48.233239" lon="14.910696"><ele>228.58</ele></trkpt>
      <trkpt lat="48.233292" lon="14.911171999999999"><ele>228.41</ele></trkpt>
      <trkpt lat="48.233346" lon="14.911978999999999"><ele>228.85</ele></trkpt>
      <trkpt lat="48.233379" lon="14.912609"><ele>230.06</ele></trkpt>
      <trkpt lat="48.233415" lon="14.91292"><ele>230.78</ele></trkpt>
      <trkpt lat="48.233599" lon="14.913869"><ele>230.31</ele></trkpt>
      <trkpt lat="48.233649" lon="14.914226"><ele>230.21</ele></trkpt>
      <trkpt lat="48.233697" lon="14.915004"><ele>230.21</ele></trkpt>
      <trkpt lat="48.233692" lon="14.9155"><ele>230.33</ele></trkpt>
      <trkpt lat="48.233630999999995" lon="14.915909"><ele>230.54</ele></trkpt>
      <trkpt lat="48.233444" lon="14.916782999999999"><ele>230.49</ele></trkpt>
      <trkpt lat="48.233413" lon="14.917102"><ele>230.39</ele></trkpt>
      <trkpt lat="48.233373" lon="14.918031"><ele>229.65</ele></trkpt>
      <trkpt lat="48.233352" lon="14.918253"><ele>229.63</ele></trkpt>
      <trkpt lat="48.233227" lon="14.919070999999999"><ele>229.99</ele></trkpt>
      <trkpt lat="48.233165" lon="14.919571999999999"><ele>230.5</ele></trkpt>
      <trkpt lat="48.233008999999996" lon="14.921562"><ele>231.23</ele></trkpt>
      <trkpt lat="48.232949" lon="14.922039999999999"><ele>231.18</ele></trkpt>
      <trkpt lat="48.232819" lon="14.922882"><ele>230.74</ele></trkpt>
      <trkpt lat="48.232735" lon="14.923976999999999"><ele>230.4</ele></trkpt>
      <trkpt lat="48.232676999999995" lon="14.924596"><ele>230.42</ele></trkpt>
      <trkpt lat="48.232597999999996" lon="14.925227999999999"><ele>230.29</ele></trkpt>
      <trkpt lat="48.232566999999996" lon="14.925602"><ele>230.14</ele></trkpt>
      <trkpt lat="48.232555999999995" lon="14.925953999999999"><ele>230.01</ele></trkpt>
      <trkpt lat="48.232600999999995" lon="14.927565"><ele>230.45</ele></trkpt>
      <trkpt lat="48.232586" lon="14.928014"><ele>230.78</ele></trkpt>
      <trkpt lat="48.232544" lon="14.928474"><ele>231.88</ele></trkpt>
      <trkpt lat="48.23233" lon="14.929798"><ele>232.11</ele></trkpt>
      <trkpt lat="48.232301" lon="14.930190999999999"><ele>230.86</ele></trkpt>
      <trkpt lat="48.232310999999996" lon="14.930686"><ele>230.06</ele></trkpt>
      <trkpt lat="48.232355999999996" lon="14.93137"><ele>229.43</ele></trkpt>
      <trkpt lat="48.232358999999995" lon="14.931652999999999"><ele>229.88</ele></trkpt>
      <trkpt lat="48.232274" lon="14.93395"><ele>229.75</ele></trkpt>
      <trkpt lat="48.232243999999994" lon="14.93422"><ele>229.41</ele></trkpt>
      <trkpt lat="48.232186999999996" lon="14.934533"><ele>228.99</ele></trkpt>
      <trkpt lat="48.232091" lon="14.934958"><ele>228.43</ele></trkpt>
      <trkpt lat="48.232026" lon="14.935365"><ele>228.71</ele></trkpt>
      <trkpt lat="48.232012999999995" lon="14.935647"><ele>228.3</ele></trkpt>
      <trkpt lat="48.232015999999994" lon="14.935862"><ele>228.07</ele></trkpt>
      <trkpt lat="48.232046999999994" lon="14.936993999999999"><ele>227.34</ele></trkpt>
      <trkpt lat="48.232043999999995" lon="14.937437999999998"><ele>227.4</ele></trkpt>
      <trkpt lat="48.232015999999994" lon="14.937897"><ele>227.57</ele></trkpt>
      <trkpt lat="48.23196" lon="14.938379"><ele>227.95</ele></trkpt>
      <trkpt lat="48.231863" lon="14.939027999999999"><ele>228.67</ele></trkpt>
      <trkpt lat="48.231759" lon="14.939632999999999"><ele>231.37</ele></trkpt>
      <trkpt lat="48.231707" lon="14.939869"><ele>229.89</ele></trkpt>
      <trkpt lat="48.231606" lon="14.940213"><ele>229.07</ele></trkpt>
      <trkpt lat="48.231486" lon="14.940491"><ele>229.32</ele></trkpt>
      <trkpt lat="48.231255" lon="14.940871999999999"><ele>227.87</ele></trkpt>
      <trkpt lat="48.230841" lon="14.941403999999999"><ele>229.06</ele></trkpt>
      <trkpt lat="48.230463" lon="14.941949"><ele>228.59</ele></trkpt>
      <trkpt lat="48.230281" lon="14.942231"><ele>229.02</ele></trkpt>
      <trkpt lat="48.229954" lon="14.942769"><ele>228.62</ele></trkpt>
      <trkpt lat="48.229704" lon="14.943216"><ele>229.02</ele></trkpt>
      <trkpt lat="48.229423" lon="14.943767"><ele>231.08</ele></trkpt>
      <trkpt lat="48.229203999999996" lon="14.944225999999999"><ele>231.27</ele></trkpt>
      <trkpt lat="48.228867" lon="14.945013999999999"><ele>229.92</ele></trkpt>
      <trkpt lat="48.228677" lon="14.945153"><ele>229.18</ele></trkpt>
      <trkpt lat="48.228314999999995" lon="14.945577"><ele>228.86</ele></trkpt>
      <trkpt lat="48.22737" lon="14.946738999999999"><ele>228.34</ele></trkpt>
      <trkpt lat="48.227162" lon="14.946943999999998"><ele>228.41</ele></trkpt>
      <trkpt lat="48.227025" lon="14.947097"><ele>228.46</ele></trkpt>
      <trkpt lat="48.226959" lon="14.947227"><ele>228.55</ele></trkpt>
      <trkpt lat="48.226895999999996" lon="14.947389"><ele>230.02</ele></trkpt>
      <trkpt lat="48.225618" lon="14.947728999999999"><ele>229.06</ele></trkpt>
      <trkpt lat="48.225401" lon="14.947816"><ele>229.23</ele></trkpt>
      <trkpt lat="48.225182" lon="14.947935"><ele>229.57</ele></trkpt>
      <trkpt lat="48.224965999999995" lon="14.948091999999999"><ele>230.09</ele></trkpt>
      <trkpt lat="48.224576" lon="14.948419"><ele>230.51</ele></trkpt>
      <trkpt lat="48.224143999999995" lon="14.948749"><ele>230.16</ele></trkpt>
      <trkpt lat="48.223637" lon="14.949062"><ele>228.74</ele></trkpt>
      <trkpt lat="48.223195" lon="14.949415"><ele>229.23</ele></trkpt>
      <trkpt lat="48.222752" lon="14.949788"><ele>229.05</ele></trkpt>
      <trkpt lat="48.221638" lon="14.950823999999999"><ele>228.29</ele></trkpt>
      <trkpt lat="48.221236" lon="14.951169"><ele>228.49</ele></trkpt>
      <trkpt lat="48.220884999999996" lon="14.951429"><ele>228.72</ele></trkpt>
      <trkpt lat="48.220619" lon="14.95159"><ele>228.73</ele></trkpt>
      <trkpt lat="48.220321999999996" lon="14.951727"><ele>228.78</ele></trkpt>
      <trkpt lat="48.220051999999995" lon="14.95182"><ele>228.89</ele></trkpt>
      <trkpt lat="48.219646999999995" lon="14.951896999999999"><ele>229.14</ele></trkpt>
      <trkpt lat="48.219260999999996" lon="14.952005999999999"><ele>229.34</ele></trkpt>
      <trkpt lat="48.219108999999996" lon="14.952074999999999"><ele>229.06</ele></trkpt>
      <trkpt lat="48.218835" lon="14.952233999999999"><ele>229</ele></trkpt>
      <trkpt lat="48.218025999999995" lon="14.952988"><ele>227.94</ele></trkpt>
      <trkpt lat="48.217681" lon="14.953280999999999"><ele>227.78</ele></trkpt>
      <trkpt lat="48.217262" lon="14.953583"><ele>227.84</ele></trkpt>
      <trkpt lat="48.216705999999995" lon="14.953908"><ele>227.74</ele></trkpt>
      <trkpt lat="48.216179" lon="14.954236"><ele>227.62</ele></trkpt>
      <trkpt lat="48.215759999999996" lon="14.954545999999999"><ele>227.69</ele></trkpt>
      <trkpt lat="48.215143" lon="14.955084999999999"><ele>227.74</ele></trkpt>
      <trkpt lat="48.214968" lon="14.955198999999999"><ele>227.73</ele></trkpt>
      <trkpt lat="48.214707" lon="14.955340999999999"><ele>227.69</ele></trkpt>
      <trkpt lat="48.214047" lon="14.955563"><ele>227.87</ele></trkpt>
      <trkpt lat="48.21386" lon="14.955658"><ele>228.63</ele></trkpt>
      <trkpt lat="48.213673" lon="14.955770999999999"><ele>228.35</ele></trkpt>
      <trkpt lat="48.213431" lon="14.955948"><ele>228.35</ele></trkpt>
      <trkpt lat="48.213209" lon="14.956078999999999"><ele>228.44</ele></trkpt>
      <trkpt lat="48.212996" lon="14.956163"><ele>228.46</ele></trkpt>
      <trkpt lat="48.212598" lon="14.956259"><ele>228.6</ele></trkpt>
      <trkpt lat="48.212286999999996" lon="14.956363"><ele>228.72</ele></trkpt>
      <trkpt lat="48.211982" lon="14.956520999999999"><ele>228.82</ele></trkpt>
      <trkpt lat="48.211628999999995" lon="14.956776999999999"><ele>229.12</ele></trkpt>
      <trkpt lat="48.211372" lon="14.956980999999999"><ele>229.23</ele></trkpt>
      <trkpt lat="48.211135" lon="14.95712"><ele>229.17</ele></trkpt>
      <trkpt lat="48.210617" lon="14.957315999999999"><ele>228.64</ele></trkpt>
      <trkpt lat="48.21037" lon="14.957369"><ele>227.9</ele></trkpt>
      <trkpt lat="48.209838" lon="14.957524999999999"><ele>228.15</ele></trkpt>
      <trkpt lat="48.209455999999996" lon="14.957702999999999"><ele>227.99</ele></trkpt>
      <trkpt lat="48.209176" lon="14.957856999999999"><ele>227.83</ele></trkpt>
      <trkpt lat="48.208664999999996" lon="14.958238"><ele>227.62</ele></trkpt>
      <trkpt lat="48.208422999999996" lon="14.958471999999999"><ele>227.67</ele></trkpt>
      <trkpt lat="48.207798999999994" lon="14.959105"><ele>227.63</ele></trkpt>
      <trkpt lat="48.206527" lon="14.960255"><ele>228.38</ele></trkpt>
      <trkpt lat="48.206509999999994" lon="14.960217"><ele>228.2</ele></trkpt>
      <trkpt lat="48.206491" lon="14.960199"><ele>228.14</ele></trkpt>
      <trkpt lat="48.206424999999996" lon="14.960191"><ele>228.11</ele></trkpt>
      <trkpt lat="48.206319" lon="14.96023"><ele>228.02</ele></trkpt>
      <trkpt lat="48.205946" lon="14.960522"><ele>227.54</ele></trkpt>
      <trkpt lat="48.205749999999995" lon="14.960697"><ele>227.39</ele></trkpt>
      <trkpt lat="48.205090999999996" lon="14.961355"><ele>227.13</ele></trkpt>
      <trkpt lat="48.204969" lon="14.96149"><ele>227.12</ele></trkpt>
      <trkpt lat="48.20484" lon="14.961651"><ele>227.1</ele></trkpt>
      <trkpt lat="48.204363" lon="14.962301"><ele>227.05</ele></trkpt>
      <trkpt lat="48.203927" lon="14.962962999999998"><ele>227.21</ele></trkpt>
      <trkpt lat="48.203723" lon="14.963332"><ele>227.23</ele></trkpt>
      <trkpt lat="48.203423" lon="14.963918999999999"><ele>226.8</ele></trkpt>
      <trkpt lat="48.203219" lon="14.964341"><ele>227.11</ele></trkpt>
      <trkpt lat="48.20301" lon="14.964877999999999"><ele>227.1</ele></trkpt>
      <trkpt lat="48.202844" lon="14.965275"><ele>227.04</ele></trkpt>
      <trkpt lat="48.202768" lon="14.965523999999998"><ele>226.92</ele></trkpt>
      <trkpt lat="48.202711" lon="14.965755"><ele>226.76</ele></trkpt>
      <trkpt lat="48.202411" lon="14.967101999999999"><ele>226.97</ele></trkpt>
      <trkpt lat="48.202265999999995" lon="14.967891999999999"><ele>226.93</ele></trkpt>
      <trkpt lat="48.202225" lon="14.968055"><ele>226.93</ele></trkpt>
      <trkpt lat="48.201958999999995" lon="14.968904"><ele>226.95</ele></trkpt>
      <trkpt lat="48.201803999999996" lon="14.969422999999999"><ele>226.95</ele></trkpt>
      <trkpt lat="48.201634" lon="14.970072"><ele>226.89</ele></trkpt>
      <trkpt lat="48.201564999999995" lon="14.970381"><ele>226.88</ele></trkpt>
      <trkpt lat="48.201341" lon="14.971556999999999"><ele>226.92</ele></trkpt>
      <trkpt lat="48.201169" lon="14.972258"><ele>226.87</ele></trkpt>
      <trkpt lat="48.201018999999995" lon="14.9728"><ele>226.9</ele></trkpt>
      <trkpt lat="48.200814" lon="14.973462999999999"><ele>226.89</ele></trkpt>
      <trkpt lat="48.200683999999995" lon="14.973849999999999"><ele>226.89</ele></trkpt>
      <trkpt lat="48.200458999999995" lon="14.974426999999999"><ele>226.89</ele></trkpt>
      <trkpt lat="48.200373" lon="14.974699"><ele>226.91</ele></trkpt>
      <trkpt lat="48.200322" lon="14.974891"><ele>227</ele></trkpt>
      <trkpt lat="48.200162999999996" lon="14.975705999999999"><ele>226.99</ele></trkpt>
      <trkpt lat="48.200044999999996" lon="14.975978"><ele>227.08</ele></trkpt>
      <trkpt lat="48.199915" lon="14.976365999999999"><ele>227.59</ele></trkpt>
      <trkpt lat="48.199873" lon="14.976462"><ele>228.46</ele></trkpt>
      <trkpt lat="48.199773" lon="14.976581"><ele>228.48</ele></trkpt>
      <trkpt lat="48.199659" lon="14.976773999999999"><ele>228.44</ele></trkpt>
      <trkpt lat="48.199338" lon="14.977357"><ele>228.12</ele></trkpt>
      <trkpt lat="48.199172999999995" lon="14.977696"><ele>227.88</ele></trkpt>
      <trkpt lat="48.198882" lon="14.978404999999999"><ele>227.52</ele></trkpt>
      <trkpt lat="48.198752" lon="14.97875"><ele>227.45</ele></trkpt>
      <trkpt lat="48.198628" lon="14.979161999999999"><ele>227.48</ele></trkpt>
      <trkpt lat="48.198507" lon="14.979652999999999"><ele>227.58</ele></trkpt>
      <trkpt lat="48.198375" lon="14.980395"><ele>227.81</ele></trkpt>
      <trkpt lat="48.198364" lon="14.980497"><ele>227.85</ele></trkpt>
      <trkpt lat="48.198378999999996" lon="14.980644999999999"><ele>228.02</ele></trkpt>
      <trkpt lat="48.198363" lon="14.980818"><ele>228.35</ele></trkpt>
      <trkpt lat="48.198288" lon="14.981065999999998"><ele>227.82</ele></trkpt>
      <trkpt lat="48.198015999999996" lon="14.982284"><ele>227.17</ele></trkpt>
      <trkpt lat="48.197975" lon="14.982539"><ele>227.12</ele></trkpt>
      <trkpt lat="48.197945" lon="14.983239999999999"><ele>226.98</ele></trkpt>
      <trkpt lat="48.197897999999995" lon="14.983664999999998"><ele>227</ele></trkpt>
      <trkpt lat="48.197858" lon="14.983915999999999"><ele>226.99</ele></trkpt>
      <trkpt lat="48.197717999999995" lon="14.985577999999999"><ele>226.77</ele></trkpt>
      <trkpt lat="48.197662" lon="14.986085"><ele>226.59</ele></trkpt>
      <trkpt lat="48.197249" lon="14.990718999999999"><ele>226.77</ele></trkpt>
      <trkpt lat="48.197171999999995" lon="14.991273999999999"><ele>226.79</ele></trkpt>
      <trkpt lat="48.197061999999995" lon="14.992500999999999"><ele>226.91</ele></trkpt>
      <trkpt lat="48.19688" lon="14.994392"><ele>226.77</ele></trkpt>
      <trkpt lat="48.196808999999995" lon="14.995078999999999"><ele>226.72</ele></trkpt>
      <trkpt lat="48.196704" lon="14.995937999999999"><ele>226.88</ele></trkpt>
      <trkpt lat="48.196658" lon="14.996576"><ele>227.22</ele></trkpt>
      <trkpt lat="48.196632" lon="14.997159"><ele>227.42</ele></trkpt>
      <trkpt lat="48.196608" lon="14.997523999999999"><ele>227.6</ele></trkpt>
      <trkpt lat="48.196594999999995" lon="14.998006"><ele>227.48</ele></trkpt>
      <trkpt lat="48.196579" lon="14.998303"><ele>227.8</ele></trkpt>
      <trkpt lat="48.196546999999995" lon="14.99856"><ele>227.7</ele></trkpt>
      <trkpt lat="48.196462" lon="14.999092999999998"><ele>227.58</ele></trkpt>
      <trkpt lat="48.196177" lon="15.001456"><ele>228.78</ele></trkpt>
      <trkpt lat="48.196124999999995" lon="15.001776999999999"><ele>228.98</ele></trkpt>
      <trkpt lat="48.196082999999994" lon="15.001977"><ele>229.23</ele></trkpt>
      <trkpt lat="48.196055" lon="15.002184"><ele>229.02</ele></trkpt>
      <trkpt lat="48.196056999999996" lon="15.002338"><ele>228.21</ele></trkpt>
      <trkpt lat="48.196037" lon="15.00246"><ele>227.05</ele></trkpt>
      <trkpt lat="48.195907" lon="15.003093999999999"><ele>227.73</ele></trkpt>
      <trkpt lat="48.195342" lon="15.005493"><ele>228.37</ele></trkpt>
      <trkpt lat="48.195225" lon="15.006051999999999"><ele>228.03</ele></trkpt>
      <trkpt lat="48.195084" lon="15.006789999999999"><ele>227.66</ele></trkpt>
      <trkpt lat="48.194955" lon="15.007728"><ele>227.77</ele></trkpt>
      <trkpt lat="48.194883999999995" lon="15.008458"><ele>228.1</ele></trkpt>
      <trkpt lat="48.194815" lon="15.009412"><ele>228.66</ele></trkpt>
      <trkpt lat="48.194663999999996" lon="15.010848"><ele>227.88</ele></trkpt>
      <trkpt lat="48.194623" lon="15.011438"><ele>227.46</ele></trkpt>
      <trkpt lat="48.194624999999995" lon="15.012825999999999"><ele>227.37</ele></trkpt>
      <trkpt lat="48.194601999999996" lon="15.013297999999999"><ele>227.26</ele></trkpt>
      <trkpt lat="48.19451" lon="15.014534"><ele>227.08</ele></trkpt>
      <trkpt lat="48.194493" lon="15.01516"><ele>227.18</ele></trkpt>
      <trkpt lat="48.194465" lon="15.015372"><ele>227.17</ele></trkpt>
      <trkpt lat="48.194479" lon="15.015409"><ele>227.18</ele></trkpt>
      <trkpt lat="48.194493" lon="15.015417"><ele>227.2</ele></trkpt>
      <trkpt lat="48.194561" lon="15.015422"><ele>227.42</ele></trkpt>
      <trkpt lat="48.194829999999996" lon="15.015445999999999"><ele>228.31</ele></trkpt>
      <trkpt lat="48.194874999999996" lon="15.015471999999999"><ele>228.3</ele></trkpt>
      <trkpt lat="48.194919999999996" lon="15.015531"><ele>228.13</ele></trkpt>
      <trkpt lat="48.194950999999996" lon="15.015597999999999"><ele>227.97</ele></trkpt>
      <trkpt lat="48.195001" lon="15.015756999999999"><ele>228.27</ele></trkpt>
      <trkpt lat="48.195029999999996" lon="15.015901"><ele>228.48</ele></trkpt>
      <trkpt lat="48.195125999999995" lon="15.016719"><ele>228.87</ele></trkpt>
      <trkpt lat="48.195189" lon="15.017116999999999"><ele>228.85</ele></trkpt>
      <trkpt lat="48.195648999999996" lon="15.019490999999999"><ele>228.56</ele></trkpt>
      <trkpt lat="48.195806" lon="15.02005"><ele>228.14</ele></trkpt>
      <trkpt lat="48.195845999999996" lon="15.020235999999999"><ele>228.38</ele></trkpt>
      <trkpt lat="48.195933" lon="15.020817999999998"><ele>228.78</ele></trkpt>
      <trkpt lat="48.195980999999996" lon="15.021085999999999"><ele>229.07</ele></trkpt>
      <trkpt lat="48.196061" lon="15.021370999999998"><ele>229.38</ele></trkpt>
      <trkpt lat="48.196110999999995" lon="15.021512"><ele>229.51</ele></trkpt>
      <trkpt lat="48.196281" lon="15.021889"><ele>230.09</ele></trkpt>
      <trkpt lat="48.196324" lon="15.022003"><ele>230.29</ele></trkpt>
      <trkpt lat="48.196348" lon="15.022091999999999"><ele>230.37</ele></trkpt>
      <trkpt lat="48.196383" lon="15.022336999999998"><ele>230.11</ele></trkpt>
      <trkpt lat="48.196469" lon="15.023175"><ele>234.61</ele></trkpt>
      <trkpt lat="48.196506" lon="15.023387"><ele>234.15</ele></trkpt>
      <trkpt lat="48.196535" lon="15.023487"><ele>232.71</ele></trkpt>
      <trkpt lat="48.196574999999996" lon="15.023582"><ele>231.58</ele></trkpt>
      <trkpt lat="48.196791" lon="15.02399"><ele>231.18</ele></trkpt>
      <trkpt lat="48.196991" lon="15.024427"><ele>231.83</ele></trkpt>
      <trkpt lat="48.197157999999995" lon="15.024716999999999"><ele>232.74</ele></trkpt>
      <trkpt lat="48.197188" lon="15.024797999999999"><ele>232.93</ele></trkpt>
      <trkpt lat="48.197233999999995" lon="15.025006"><ele>233.26</ele></trkpt>
      <trkpt lat="48.197249" lon="15.025146"><ele>233.49</ele></trkpt>
      <trkpt lat="48.197300999999996" lon="15.025367"><ele>233.95</ele></trkpt>
      <trkpt lat="48.197717999999995" lon="15.02643"><ele>236.54</ele></trkpt>
      <trkpt lat="48.197911" lon="15.027023"><ele>236.39</ele></trkpt>
      <trkpt lat="48.198133" lon="15.027764999999999"><ele>235.21</ele></trkpt>
      <trkpt lat="48.19835" lon="15.028435"><ele>233.9</ele></trkpt>
      <trkpt lat="48.198558" lon="15.029136"><ele>233.79</ele></trkpt>
      <trkpt lat="48.198786" lon="15.029976999999999"><ele>236.78</ele></trkpt>
      <trkpt lat="48.198823999999995" lon="15.030151"><ele>237.3</ele></trkpt>
      <trkpt lat="48.198867" lon="15.030403999999999"><ele>238.18</ele></trkpt>
      <trkpt lat="48.198873999999996" lon="15.030672"><ele>237.78</ele></trkpt>
      <trkpt lat="48.198868" lon="15.03094"><ele>236.58</ele></trkpt>
      <trkpt lat="48.198876999999996" lon="15.031129"><ele>235.9</ele></trkpt>
      <trkpt lat="48.198901" lon="15.031270999999998"><ele>235.43</ele></trkpt>
      <trkpt lat="48.199081" lon="15.031949"><ele>233.95</ele></trkpt>
      <trkpt lat="48.199295" lon="15.032935"><ele>234.41</ele></trkpt>
      <trkpt lat="48.199313" lon="15.03314"><ele>234.58</ele></trkpt>
      <trkpt lat="48.199306" lon="15.033237"><ele>234.66</ele></trkpt>
      <trkpt lat="48.199267" lon="15.033422999999999"><ele>234.8</ele></trkpt>
      <trkpt lat="48.199225" lon="15.033546"><ele>235</ele></trkpt>
      <trkpt lat="48.199025999999996" lon="15.033985"><ele>235.44</ele></trkpt>
      <trkpt lat="48.198861" lon="15.034308999999999"><ele>234.7</ele></trkpt>
      <trkpt lat="48.198834" lon="15.0344"><ele>234.31</ele></trkpt>
      <trkpt lat="48.198798" lon="15.034609999999999"><ele>233.62</ele></trkpt>
      <trkpt lat="48.198794" lon="15.034797"><ele>233.03</ele></trkpt>
      <trkpt lat="48.198802" lon="15.034906999999999"><ele>232.66</ele></trkpt>
      <trkpt lat="48.198862999999996" lon="15.035269"><ele>231.84</ele></trkpt>
      <trkpt lat="48.198958" lon="15.035995"><ele>231.33</ele></trkpt>
      <trkpt lat="48.199002" lon="15.036430999999999"><ele>231.2</ele></trkpt>
      <trkpt lat="48.199028" lon="15.03713"><ele>230.82</ele></trkpt>
      <trkpt lat="48.199086" lon="15.037709"><ele>230.43</ele></trkpt>
      <trkpt lat="48.199087" lon="15.037884"><ele>230.13</ele></trkpt>
      <trkpt lat="48.199079999999995" lon="15.037972"><ele>230.06</ele></trkpt>
      <trkpt lat="48.199014" lon="15.038373"><ele>230.02</ele></trkpt>
      <trkpt lat="48.199005" lon="15.038469999999998"><ele>230.12</ele></trkpt>
      <trkpt lat="48.199008" lon="15.038742"><ele>230.34</ele></trkpt>
      <trkpt lat="48.199039" lon="15.038926"><ele>230.18</ele></trkpt>
      <trkpt lat="48.199129" lon="15.039263"><ele>229.99</ele></trkpt>
      <trkpt lat="48.199165" lon="15.039461999999999"><ele>229.88</ele></trkpt>
      <trkpt lat="48.199176" lon="15.039591999999999"><ele>229.81</ele></trkpt>
      <trkpt lat="48.199172" lon="15.039897"><ele>229.7</ele></trkpt>
      <trkpt lat="48.199161" lon="15.040054999999999"><ele>229.65</ele></trkpt>
      <trkpt lat="48.199112" lon="15.040410999999999"><ele>229.53</ele></trkpt>
      <trkpt lat="48.198983999999996" lon="15.041087999999998"><ele>229.79</ele></trkpt>
      <trkpt lat="48.198964" lon="15.041229999999999"><ele>229.99</ele></trkpt>
      <trkpt lat="48.198888" lon="15.042294"><ele>229.12</ele></trkpt>
      <trkpt lat="48.198854" lon="15.042504"><ele>229.03</ele></trkpt>
      <trkpt lat="48.198778" lon="15.042681"><ele>230.17</ele></trkpt>
      <trkpt lat="48.198696999999996" lon="15.042797"><ele>229.81</ele></trkpt>
      <trkpt lat="48.198665999999996" lon="15.042822999999999"><ele>229.61</ele></trkpt>
      <trkpt lat="48.198606999999996" lon="15.042843"><ele>228.99</ele></trkpt>
      <trkpt lat="48.198561999999995" lon="15.042850999999999"><ele>228.82</ele></trkpt>
      <trkpt lat="48.198544" lon="15.043531999999999"><ele>228.74</ele></trkpt>
      <trkpt lat="48.198488" lon="15.044213"><ele>228.86</ele></trkpt>
      <trkpt lat="48.198434" lon="15.044685999999999"><ele>229.22</ele></trkpt>
      <trkpt lat="48.198423999999996" lon="15.044728999999998"><ele>229.22</ele></trkpt>
      <trkpt lat="48.198364" lon="15.044827999999999"><ele>228.61</ele></trkpt>
      <trkpt lat="48.198358" lon="15.044862"><ele>228.59</ele></trkpt>
      <trkpt lat="48.198372" lon="15.045019"><ele>229.09</ele></trkpt>
      <trkpt lat="48.198377" lon="15.045195999999999"><ele>229.31</ele></trkpt>
      <trkpt lat="48.198338" lon="15.045591"><ele>229.42</ele></trkpt>
      <trkpt lat="48.198316999999996" lon="15.045910999999998"><ele>229.76</ele></trkpt>
      <trkpt lat="48.198302" lon="15.046273"><ele>229.18</ele></trkpt>
      <trkpt lat="48.198302" lon="15.04664"><ele>228.79</ele></trkpt>
      <trkpt lat="48.198349" lon="15.047804"><ele>228.05</ele></trkpt>
      <trkpt lat="48.198377" lon="15.049111"><ele>228.85</ele></trkpt>
      <trkpt lat="48.198378999999996" lon="15.050984"><ele>228.4</ele></trkpt>
      <trkpt lat="48.198339" lon="15.051827999999999"><ele>227.89</ele></trkpt>
      <trkpt lat="48.198297" lon="15.052477999999999"><ele>227.86</ele></trkpt>
      <trkpt lat="48.198257" lon="15.052928999999999"><ele>228.11</ele></trkpt>
      <trkpt lat="48.198212" lon="15.053389"><ele>228.41</ele></trkpt>
      <trkpt lat="48.198125999999995" lon="15.054098999999999"><ele>228.35</ele></trkpt>
      <trkpt lat="48.197868" lon="15.056144"><ele>228.11</ele></trkpt>
      <trkpt lat="48.197786" lon="15.056776"><ele>227.05</ele></trkpt>
      <trkpt lat="48.197767999999996" lon="15.056906"><ele>226.97</ele></trkpt>
      <trkpt lat="48.197697" lon="15.057424999999999"><ele>227.25</ele></trkpt>
      <trkpt lat="48.197637" lon="15.057775"><ele>227.39</ele></trkpt>
      <trkpt lat="48.197551" lon="15.058195999999999"><ele>227.51</ele></trkpt>
      <trkpt lat="48.197413999999995" lon="15.058745"><ele>227.7</ele></trkpt>
      <trkpt lat="48.196940999999995" lon="15.060440999999999"><ele>227.9</ele></trkpt>
      <trkpt lat="48.196788999999995" lon="15.061062999999999"><ele>227.67</ele></trkpt>
      <trkpt lat="48.196611" lon="15.061871"><ele>227.35</ele></trkpt>
      <trkpt lat="48.196546" lon="15.062228999999999"><ele>227.21</ele></trkpt>
      <trkpt lat="48.196501" lon="15.062622"><ele>227.2</ele></trkpt>
      <trkpt lat="48.196478" lon="15.062755"><ele>227.19</ele></trkpt>
      <trkpt lat="48.196402" lon="15.063047999999998"><ele>227.15</ele></trkpt>
      <trkpt lat="48.196251" lon="15.063754999999999"><ele>227.32</ele></trkpt>
      <trkpt lat="48.196152999999995" lon="15.064166"><ele>227.31</ele></trkpt>
      <trkpt lat="48.196068" lon="15.064482"><ele>227.35</ele></trkpt>
      <trkpt lat="48.196033" lon="15.064691999999999"><ele>227.38</ele></trkpt>
      <trkpt lat="48.195952" lon="15.064947"><ele>227.42</ele></trkpt>
      <trkpt lat="48.195797999999996" lon="15.065365"><ele>227.44</ele></trkpt>
      <trkpt lat="48.195502999999995" lon="15.066042"><ele>227.64</ele></trkpt>
      <trkpt lat="48.194368999999995" lon="15.068474"><ele>227.71</ele></trkpt>
      <trkpt lat="48.194083" lon="15.069011999999999"><ele>227.57</ele></trkpt>
      <trkpt lat="48.193878999999995" lon="15.069367"><ele>227.46</ele></trkpt>
      <trkpt lat="48.193093999999995" lon="15.070661"><ele>228.2</ele></trkpt>
      <trkpt lat="48.192885" lon="15.071038999999999"><ele>228.79</ele></trkpt>
      <trkpt lat="48.192471" lon="15.071848"><ele>229.79</ele></trkpt>
      <trkpt lat="48.192220999999996" lon="15.072372999999999"><ele>230.56</ele></trkpt>
      <trkpt lat="48.192102" lon="15.072588"><ele>232.59</ele></trkpt>
      <trkpt lat="48.191894999999995" lon="15.072911"><ele>234.27</ele></trkpt>
      <trkpt lat="48.191756" lon="15.073108999999999"><ele>232.05</ele></trkpt>
      <trkpt lat="48.191593" lon="15.073388"><ele>231.6</ele></trkpt>
      <trkpt lat="48.191462" lon="15.07363"><ele>232.27</ele></trkpt>
      <trkpt lat="48.191282" lon="15.073981999999999"><ele>233.48</ele></trkpt>
      <trkpt lat="48.191092" lon="15.074383"><ele>234.62</ele></trkpt>
      <trkpt lat="48.190712" lon="15.075223"><ele>236.68</ele></trkpt>
      <trkpt lat="48.190635" lon="15.075323"><ele>236.78</ele></trkpt>
      <trkpt lat="48.190585999999996" lon="15.075429"><ele>237.46</ele></trkpt>
      <trkpt lat="48.190580999999995" lon="15.075519"><ele>238.79</ele></trkpt>
      <trkpt lat="48.190529" lon="15.075705"><ele>240.42</ele></trkpt>
      <trkpt lat="48.190447" lon="15.075913"><ele>241.82</ele></trkpt>
      <trkpt lat="48.190289" lon="15.076215999999999"><ele>242.39</ele></trkpt>
      <trkpt lat="48.190213" lon="15.076283"><ele>242.07</ele></trkpt>
      <trkpt lat="48.190117" lon="15.076328"><ele>241.17</ele></trkpt>
      <trkpt lat="48.19005" lon="15.076329999999999"><ele>240.94</ele></trkpt>
      <trkpt lat="48.190034999999995" lon="15.076372999999998"><ele>239.6</ele></trkpt>
      <trkpt lat="48.190008999999996" lon="15.076376"><ele>239.42</ele></trkpt>
      <trkpt lat="48.189806999999995" lon="15.076338"><ele>237.43</ele></trkpt>
      <trkpt lat="48.189668999999995" lon="15.076334999999998"><ele>235.4</ele></trkpt>
      <trkpt lat="48.189527" lon="15.076388"><ele>233.19</ele></trkpt>
      <trkpt lat="48.189223999999996" lon="15.076602999999999"><ele>229.79</ele></trkpt>
      <trkpt lat="48.188860999999996" lon="15.076908999999999"><ele>225.99</ele></trkpt>
      <trkpt lat="48.188795999999996" lon="15.076986999999999"><ele>225.55</ele></trkpt>
      <trkpt lat="48.188731999999995" lon="15.077093"><ele>225.2</ele></trkpt>
      <trkpt lat="48.188659" lon="15.077259999999999"><ele>224.83</ele></trkpt>
      <trkpt lat="48.188609" lon="15.077375"><ele>224.6</ele></trkpt>
      <trkpt lat="48.188227999999995" lon="15.07812"><ele>222.36</ele></trkpt>
      <trkpt lat="48.188159999999996" lon="15.078298"><ele>221.59</ele></trkpt>
      <trkpt lat="48.188094" lon="15.078717"><ele>222.34</ele></trkpt>
      <trkpt lat="48.188016999999995" lon="15.079096"><ele>222.64</ele></trkpt>
      <trkpt lat="48.187906" lon="15.07946"><ele>224.01</ele></trkpt>
      <trkpt lat="48.18775" lon="15.079894"><ele>224.52</ele></trkpt>
      <trkpt lat="48.187574999999995" lon="15.080338999999999"><ele>224.4</ele></trkpt>
      <trkpt lat="48.187439" lon="15.080741"><ele>224.3</ele></trkpt>
      <trkpt lat="48.187309" lon="15.081074"><ele>224.66</ele></trkpt>
      <trkpt lat="48.187267" lon="15.081201"><ele>224.92</ele></trkpt>
      <trkpt lat="48.187227" lon="15.081404"><ele>226.02</ele></trkpt>
      <trkpt lat="48.187205" lon="15.081582"><ele>226.06</ele></trkpt>
      <trkpt lat="48.187217" lon="15.081835"><ele>226.61</ele></trkpt>
      <trkpt lat="48.187261" lon="15.082033"><ele>227.23</ele></trkpt>
      <trkpt lat="48.187025999999996" lon="15.082298"><ele>226.24</ele></trkpt>
      <trkpt lat="48.186795" lon="15.082483"><ele>225.43</ele></trkpt>
      <trkpt lat="48.18654" lon="15.082628"><ele>224.75</ele></trkpt>
      <trkpt lat="48.186381" lon="15.082758"><ele>224.87</ele></trkpt>
      <trkpt lat="48.186107" lon="15.083072999999999"><ele>225.01</ele></trkpt>
      <trkpt lat="48.185860999999996" lon="15.083399"><ele>225.06</ele></trkpt>
      <trkpt lat="48.185551" lon="15.084029999999998"><ele>224.95</ele></trkpt>
      <trkpt lat="48.185500999999995" lon="15.084175"><ele>224.6</ele></trkpt>
      <trkpt lat="48.185313" lon="15.084653"><ele>224.71</ele></trkpt>
      <trkpt lat="48.185159" lon="15.085106999999999"><ele>224.63</ele></trkpt>
      <trkpt lat="48.185117" lon="15.085348999999999"><ele>224.45</ele></trkpt>
      <trkpt lat="48.185103" lon="15.085583999999999"><ele>224.47</ele></trkpt>
      <trkpt lat="48.185016" lon="15.085545999999999"><ele>224.03</ele></trkpt>
      <trkpt lat="48.184346" lon="15.084980999999999"><ele>221.05</ele></trkpt>
      <trkpt lat="48.184203" lon="15.084945"><ele>220.83</ele></trkpt>
      <trkpt lat="48.183938" lon="15.085092999999999"><ele>220.5</ele></trkpt>
      <trkpt lat="48.183606999999995" lon="15.085445"><ele>219.98</ele></trkpt>
      <trkpt lat="48.183367" lon="15.085721"><ele>219.82</ele></trkpt>
      <trkpt lat="48.18306" lon="15.0862"><ele>219.66</ele></trkpt>
      <trkpt lat="48.182519" lon="15.086901999999998"><ele>219.98</ele></trkpt>
      <trkpt lat="48.182002999999995" lon="15.087496999999999"><ele>220.42</ele></trkpt>
      <trkpt lat="48.181791999999994" lon="15.087819999999999"><ele>220.45</ele></trkpt>
      <trkpt lat="48.181315999999995" lon="15.08849"><ele>220.19</ele></trkpt>
      <trkpt lat="48.18076" lon="15.089205999999999"><ele>220</ele></trkpt>
      <trkpt lat="48.180175999999996" lon="15.089922999999999"><ele>219.41</ele></trkpt>
      <trkpt lat="48.17986" lon="15.090330999999999"><ele>219.06</ele></trkpt>
      <trkpt lat="48.179418999999996" lon="15.091033"><ele>219.03</ele></trkpt>
      <trkpt lat="48.178678" lon="15.092061"><ele>219.15</ele></trkpt>
      <trkpt lat="48.178419" lon="15.092347"><ele>219.13</ele></trkpt>
      <trkpt lat="48.177952" lon="15.092746"><ele>219.08</ele></trkpt>
      <trkpt lat="48.177357" lon="15.093361"><ele>219.29</ele></trkpt>
      <trkpt lat="48.176992999999996" lon="15.093670999999999"><ele>219.29</ele></trkpt>
      <trkpt lat="48.176764999999996" lon="15.093957999999999"><ele>219.23</ele></trkpt>
      <trkpt lat="48.176632" lon="15.09418"><ele>219.08</ele></trkpt>
      <trkpt lat="48.176362" lon="15.094743"><ele>219.01</ele></trkpt>
      <trkpt lat="48.176313" lon="15.094831999999998"><ele>219.11</ele></trkpt>
      <trkpt lat="48.176175" lon="15.095013"><ele>219.78</ele></trkpt>
      <trkpt lat="48.175844999999995" lon="15.095350999999999"><ele>219.99</ele></trkpt>
      <trkpt lat="48.175698999999994" lon="15.095481999999999"><ele>219.87</ele></trkpt>
      <trkpt lat="48.175101" lon="15.0961"><ele>219.65</ele></trkpt>
      <trkpt lat="48.174383" lon="15.096945999999999"><ele>219.31</ele></trkpt>
      <trkpt lat="48.174261" lon="15.097102"><ele>219.48</ele></trkpt>
      <trkpt lat="48.174195999999995" lon="15.097232"><ele>219.14</ele></trkpt>
      <trkpt lat="48.174178" lon="15.097294999999999"><ele>219.04</ele></trkpt>
      <trkpt lat="48.174181" lon="15.097398"><ele>219.07</ele></trkpt>
      <trkpt lat="48.1742" lon="15.09747"><ele>219.21</ele></trkpt>
      <trkpt lat="48.174234999999996" lon="15.097555"><ele>219.43</ele></trkpt>
      <trkpt lat="48.174273" lon="15.097622"><ele>219.57</ele></trkpt>
      <trkpt lat="48.174338" lon="15.097703999999998"><ele>219.82</ele></trkpt>
      <trkpt lat="48.174406" lon="15.097764999999999"><ele>220.12</ele></trkpt>
      <trkpt lat="48.174468" lon="15.097805999999999"><ele>220.33</ele></trkpt>
      <trkpt lat="48.174639" lon="15.097871"><ele>220.94</ele></trkpt>
      <trkpt lat="48.174780999999996" lon="15.097957999999998"><ele>221.65</ele></trkpt>
      <trkpt lat="48.174859" lon="15.098023999999999"><ele>221.85</ele></trkpt>
      <trkpt lat="48.175033" lon="15.098142999999999"><ele>221.96</ele></trkpt>
      <trkpt lat="48.175294" lon="15.098253999999999"><ele>222</ele></trkpt>
      <trkpt lat="48.175335999999994" lon="15.098282999999999"><ele>222</ele></trkpt>
      <trkpt lat="48.175377" lon="15.098329999999999"><ele>222</ele></trkpt>
      <trkpt lat="48.175466" lon="15.098455999999999"><ele>222</ele></trkpt>
      <trkpt lat="48.175415" lon="15.098510999999998"><ele>222</ele></trkpt>
      <trkpt lat="48.175394" lon="15.098550999999999"><ele>222.04</ele></trkpt>
      <trkpt lat="48.175311" lon="15.098899999999999"><ele>222.53</ele></trkpt>
      <trkpt lat="48.175247999999996" lon="15.099101999999998"><ele>222.21</ele></trkpt>
      <trkpt lat="48.175031999999995" lon="15.099711999999998"><ele>222.04</ele></trkpt>
      <trkpt lat="48.174941" lon="15.099881"><ele>222.02</ele></trkpt>
      <trkpt lat="48.174887" lon="15.09995"><ele>222.01</ele></trkpt>
      <trkpt lat="48.174842" lon="15.09999"><ele>222.01</ele></trkpt>
      <trkpt lat="48.174744999999994" lon="15.100035"><ele>222</ele></trkpt>
      <trkpt lat="48.174690999999996" lon="15.100041"><ele>222</ele></trkpt>
      <trkpt lat="48.174564" lon="15.100024"><ele>222</ele></trkpt>
      <trkpt lat="48.174493" lon="15.100047"><ele>222</ele></trkpt>
      <trkpt lat="48.17445" lon="15.100105"><ele>221.99</ele></trkpt>
      <trkpt lat="48.174436" lon="15.100156"><ele>221.96</ele></trkpt>
      <trkpt lat="48.174361" lon="15.100655"><ele>221.7</ele></trkpt>
      <trkpt lat="48.174226999999995" lon="15.101659999999999"><ele>222</ele></trkpt>
      <trkpt lat="48.174209" lon="15.101939"><ele>222</ele></trkpt>
      <trkpt lat="48.174209" lon="15.102844"><ele>221.96</ele></trkpt>
      <trkpt lat="48.1742" lon="15.103352999999998"><ele>221.88</ele></trkpt>
      <trkpt lat="48.17417" lon="15.104033"><ele>221.95</ele></trkpt>
      <trkpt lat="48.174167" lon="15.104197999999998"><ele>221.95</ele></trkpt>
      <trkpt lat="48.174175" lon="15.104346"><ele>221.94</ele></trkpt>
      <trkpt lat="48.174392999999995" lon="15.106586"><ele>221.75</ele></trkpt>
      <trkpt lat="48.174419" lon="15.106727999999999"><ele>221.71</ele></trkpt>
      <trkpt lat="48.175368999999996" lon="15.109943999999999"><ele>220.43</ele></trkpt>
      <trkpt lat="48.175442" lon="15.110102999999999"><ele>220.44</ele></trkpt>
      <trkpt lat="48.176459" lon="15.111851999999999"><ele>221</ele></trkpt>
      <trkpt lat="48.176545999999995" lon="15.111968"><ele>221</ele></trkpt>
      <trkpt lat="48.176697999999995" lon="15.112127"><ele>220.99</ele></trkpt>
      <trkpt lat="48.176868" lon="15.112245"><ele>220.94</ele></trkpt>
      <trkpt lat="48.177715" lon="15.112717"><ele>220.17</ele></trkpt>
      <trkpt lat="48.177938" lon="15.11282"><ele>220.03</ele></trkpt>
      <trkpt lat="48.178273999999995" lon="15.112948"><ele>220.1</ele></trkpt>
      <trkpt lat="48.178411999999994" lon="15.112974999999999"><ele>220.16</ele></trkpt>
      <trkpt lat="48.178733" lon="15.113012"><ele>220.25</ele></trkpt>
      <trkpt lat="48.178858999999996" lon="15.113014"><ele>220.27</ele></trkpt>
      <trkpt lat="48.178996999999995" lon="15.113002"><ele>220.28</ele></trkpt>
      <trkpt lat="48.179994" lon="15.112872999999999"><ele>220.02</ele></trkpt>
      <trkpt lat="48.180153" lon="15.112834"><ele>220</ele></trkpt>
      <trkpt lat="48.180448999999996" lon="15.112729999999999"><ele>220</ele></trkpt>
      <trkpt lat="48.180462999999996" lon="15.112824999999999"><ele>219.99</ele></trkpt>
      <trkpt lat="48.181179" lon="15.115499999999999"><ele>218.77</ele></trkpt>
      <trkpt lat="48.181214" lon="15.115552"><ele>218.63</ele></trkpt>
      <trkpt lat="48.181239999999995" lon="15.115559"><ele>218.54</ele></trkpt>
      <trkpt lat="48.182407999999995" lon="15.115018"><ele>218.1</ele></trkpt>
      <trkpt lat="48.182704" lon="15.11483"><ele>218.08</ele></trkpt>
      <trkpt lat="48.183246" lon="15.114455"><ele>218.07</ele></trkpt>
      <trkpt lat="48.183889" lon="15.114054999999999"><ele>218.21</ele></trkpt>
      <trkpt lat="48.184098" lon="15.113944"><ele>218.34</ele></trkpt>
      <trkpt lat="48.184624" lon="15.113702"><ele>218.75</ele></trkpt>
      <trkpt lat="48.184846" lon="15.113531"><ele>219</ele></trkpt>
      <trkpt lat="48.184923" lon="15.113477999999999"><ele>219.07</ele></trkpt>
      <trkpt lat="48.185075999999995" lon="15.113396"><ele>219.24</ele></trkpt>
      <trkpt lat="48.185145" lon="15.113344999999999"><ele>219.3</ele></trkpt>
      <trkpt lat="48.185286999999995" lon="15.113208"><ele>219.36</ele></trkpt>
      <trkpt lat="48.185407999999995" lon="15.113057"><ele>219.52</ele></trkpt>
      <trkpt lat="48.185454" lon="15.113007999999999"><ele>219.42</ele></trkpt>
      <trkpt lat="48.186048" lon="15.112535999999999"><ele>218.8</ele></trkpt>
      <trkpt lat="48.186591" lon="15.112074999999999"><ele>217.63</ele></trkpt>
      <trkpt lat="48.187065" lon="15.111609999999999"><ele>217.08</ele></trkpt>
      <trkpt lat="48.187362" lon="15.111222"><ele>217.73</ele></trkpt>
      <trkpt lat="48.187439" lon="15.111137999999999"><ele>217.77</ele></trkpt>
      <trkpt lat="48.187518999999995" lon="15.111075999999999"><ele>217.81</ele></trkpt>
      <trkpt lat="48.188002999999995" lon="15.110750999999999"><ele>217.82</ele></trkpt>
      <trkpt lat="48.189481" lon="15.109592"><ele>219.8</ele></trkpt>
      <trkpt lat="48.189886" lon="15.109193"><ele>219.89</ele></trkpt>
      <trkpt lat="48.190149999999996" lon="15.109052"><ele>218.24</ele></trkpt>
      <trkpt lat="48.19039" lon="15.108910999999999"><ele>218.6</ele></trkpt>
      <trkpt lat="48.190490999999994" lon="15.108832"><ele>218.72</ele></trkpt>
      <trkpt lat="48.190839" lon="15.108469"><ele>218.99</ele></trkpt>
      <trkpt lat="48.190988999999995" lon="15.108307"><ele>219.02</ele></trkpt>
      <trkpt lat="48.191074" lon="15.108229999999999"><ele>219.05</ele></trkpt>
      <trkpt lat="48.191767" lon="15.107733999999999"><ele>218.97</ele></trkpt>
      <trkpt lat="48.191972" lon="15.107629"><ele>218.93</ele></trkpt>
      <trkpt lat="48.192128" lon="15.107576"><ele>218.82</ele></trkpt>
      <trkpt lat="48.192871" lon="15.107382999999999"><ele>218.31</ele></trkpt>
      <trkpt lat="48.19301" lon="15.107337999999999"><ele>218.22</ele></trkpt>
      <trkpt lat="48.193146" lon="15.107282999999999"><ele>218.08</ele></trkpt>
      <trkpt lat="48.193683" lon="15.107014999999999"><ele>218.55</ele></trkpt>
      <trkpt lat="48.193757" lon="15.106988999999999"><ele>218.38</ele></trkpt>
      <trkpt lat="48.19392" lon="15.106955"><ele>217.89</ele></trkpt>
      <trkpt lat="48.194528" lon="15.106893"><ele>217.57</ele></trkpt>
      <trkpt lat="48.194736" lon="15.106848"><ele>217.64</ele></trkpt>
      <trkpt lat="48.194862" lon="15.106805999999999"><ele>217.74</ele></trkpt>
      <trkpt lat="48.195477" lon="15.106541"><ele>218.45</ele></trkpt>
      <trkpt lat="48.195696" lon="15.106425999999999"><ele>218.87</ele></trkpt>
      <trkpt lat="48.195783999999996" lon="15.106356"><ele>218.97</ele></trkpt>
      <trkpt lat="48.195913" lon="15.106192"><ele>218.92</ele></trkpt>
      <trkpt lat="48.195932" lon="15.106819"><ele>217.81</ele></trkpt>
      <trkpt lat="48.196265" lon="15.106874"><ele>218.11</ele></trkpt>
      <trkpt lat="48.196469" lon="15.106952"><ele>217.97</ele></trkpt>
      <trkpt lat="48.196749999999994" lon="15.107099"><ele>217.74</ele></trkpt>
      <trkpt lat="48.197027999999996" lon="15.107216"><ele>218</ele></trkpt>
      <trkpt lat="48.197126999999995" lon="15.107287"><ele>217.93</ele></trkpt>
      <trkpt lat="48.197309" lon="15.10747"><ele>217.84</ele></trkpt>
      <trkpt lat="48.197483" lon="15.107612"><ele>217.79</ele></trkpt>
      <trkpt lat="48.197686" lon="15.107726"><ele>217.75</ele></trkpt>
      <trkpt lat="48.197956" lon="15.107809"><ele>218.09</ele></trkpt>
      <trkpt lat="48.197990999999995" lon="15.107807"><ele>218.09</ele></trkpt>
      <trkpt lat="48.198018999999995" lon="15.107790999999999"><ele>218.11</ele></trkpt>
      <trkpt lat="48.198082" lon="15.107705999999999"><ele>218.15</ele></trkpt>
      <trkpt lat="48.198169" lon="15.107522999999999"><ele>218.37</ele></trkpt>
      <trkpt lat="48.198533999999995" lon="15.107831"><ele>218.56</ele></trkpt>
      <trkpt lat="48.198561999999995" lon="15.107878"><ele>218.47</ele></trkpt>
      <trkpt lat="48.198617999999996" lon="15.108089"><ele>217.91</ele></trkpt>
      <trkpt lat="48.198642" lon="15.108146"><ele>217.79</ele></trkpt>
      <trkpt lat="48.198671999999995" lon="15.108189999999999"><ele>217.69</ele></trkpt>
      <trkpt lat="48.198707999999996" lon="15.10822"><ele>217.6</ele></trkpt>
      <trkpt lat="48.199835" lon="15.108806999999999"><ele>216.03</ele></trkpt>
      <trkpt lat="48.200198" lon="15.109017"><ele>216.03</ele></trkpt>
      <trkpt lat="48.200292" lon="15.109031"><ele>216.15</ele></trkpt>
      <trkpt lat="48.200506999999995" lon="15.108974"><ele>216.96</ele></trkpt>
      <trkpt lat="48.200582999999995" lon="15.108986999999999"><ele>216.96</ele></trkpt>
      <trkpt lat="48.200858" lon="15.109183999999999"><ele>216.99</ele></trkpt>
      <trkpt lat="48.201189" lon="15.109449999999999"><ele>216.55</ele></trkpt>
      <trkpt lat="48.201544" lon="15.109784"><ele>216.4</ele></trkpt>
      <trkpt lat="48.201797" lon="15.110057999999999"><ele>216.4</ele></trkpt>
      <trkpt lat="48.202045" lon="15.110365999999999"><ele>216.61</ele></trkpt>
      <trkpt lat="48.202332" lon="15.110766"><ele>216.6</ele></trkpt>
      <trkpt lat="48.202555" lon="15.111127999999999"><ele>216.56</ele></trkpt>
      <trkpt lat="48.202951999999996" lon="15.111854"><ele>216.31</ele></trkpt>
      <trkpt lat="48.203053" lon="15.11206"><ele>216.14</ele></trkpt>
      <trkpt lat="48.203140999999995" lon="15.112174999999999"><ele>215.91</ele></trkpt>
      <trkpt lat="48.203385999999995" lon="15.112587999999999"><ele>216.46</ele></trkpt>
      <trkpt lat="48.203489" lon="15.112734999999999"><ele>216.35</ele></trkpt>
      <trkpt lat="48.204471" lon="15.113918"><ele>216.68</ele></trkpt>
      <trkpt lat="48.205064" lon="15.114669"><ele>216.4</ele></trkpt>
      <trkpt lat="48.205670999999995" lon="15.115489"><ele>216.17</ele></trkpt>
      <trkpt lat="48.206227" lon="15.116313"><ele>216.13</ele></trkpt>
      <trkpt lat="48.206475" lon="15.116695"><ele>216.24</ele></trkpt>
      <trkpt lat="48.207218999999995" lon="15.117946"><ele>216.41</ele></trkpt>
      <trkpt lat="48.207539999999995" lon="15.118566"><ele>216.16</ele></trkpt>
      <trkpt lat="48.20827" lon="15.120146"><ele>215.91</ele></trkpt>
      <trkpt lat="48.208346" lon="15.120235"><ele>216.25</ele></trkpt>
      <trkpt lat="48.208459" lon="15.120451999999998"><ele>216.39</ele></trkpt>
      <trkpt lat="48.208579" lon="15.120716999999999"><ele>216.45</ele></trkpt>
      <trkpt lat="48.209298999999994" lon="15.121929999999999"><ele>215.92</ele></trkpt>
      <trkpt lat="48.209813999999994" lon="15.122993999999998"><ele>215.88</ele></trkpt>
      <trkpt lat="48.210319999999996" lon="15.124137999999999"><ele>215.55</ele></trkpt>
      <trkpt lat="48.210906" lon="15.125919999999999"><ele>215.67</ele></trkpt>
      <trkpt lat="48.211104" lon="15.126652"><ele>215.82</ele></trkpt>
      <trkpt lat="48.211192" lon="15.127018999999999"><ele>215.86</ele></trkpt>
      <trkpt lat="48.211282999999995" lon="15.127476999999999"><ele>215.8</ele></trkpt>
      <trkpt lat="48.211413" lon="15.129112"><ele>215.6</ele></trkpt>
      <trkpt lat="48.211489" lon="15.129645"><ele>215.58</ele></trkpt>
      <trkpt lat="48.211633" lon="15.130383"><ele>215.8</ele></trkpt>
      <trkpt lat="48.211669" lon="15.130479"><ele>216.02</ele></trkpt>
      <trkpt lat="48.211701999999995" lon="15.130533"><ele>216.23</ele></trkpt>
      <trkpt lat="48.211718" lon="15.130588999999999"><ele>216.27</ele></trkpt>
      <trkpt lat="48.211743" lon="15.130754999999999"><ele>216.03</ele></trkpt>
      <trkpt lat="48.211746" lon="15.130872"><ele>215.8</ele></trkpt>
      <trkpt lat="48.211757999999996" lon="15.130963"><ele>215.76</ele></trkpt>
      <trkpt lat="48.211937999999996" lon="15.131933"><ele>215.93</ele></trkpt>
      <trkpt lat="48.212137" lon="15.133132"><ele>216.26</ele></trkpt>
      <trkpt lat="48.212207" lon="15.133683999999999"><ele>216.84</ele></trkpt>
      <trkpt lat="48.212229" lon="15.133963999999999"><ele>217.07</ele></trkpt>
      <trkpt lat="48.212239" lon="15.134331"><ele>216.84</ele></trkpt>
      <trkpt lat="48.212295999999995" lon="15.134860999999999"><ele>216.34</ele></trkpt>
      <trkpt lat="48.212379" lon="15.13546"><ele>215.81</ele></trkpt>
      <trkpt lat="48.212489" lon="15.136002999999999"><ele>216.88</ele></trkpt>
      <trkpt lat="48.212548" lon="15.136394"><ele>216.2</ele></trkpt>
      <trkpt lat="48.212587" lon="15.136533"><ele>215.99</ele></trkpt>
      <trkpt lat="48.212618" lon="15.136598999999999"><ele>215.99</ele></trkpt>
      <trkpt lat="48.212691" lon="15.136662"><ele>216.37</ele></trkpt>
      <trkpt lat="48.212737999999995" lon="15.136769"><ele>216.57</ele></trkpt>
      <trkpt lat="48.212939999999996" lon="15.137448"><ele>216.9</ele></trkpt>
      <trkpt lat="48.213029999999996" lon="15.137792999999999"><ele>217.02</ele></trkpt>
      <trkpt lat="48.213586" lon="15.140492"><ele>217</ele></trkpt>
      <trkpt lat="48.213589" lon="15.140578"><ele>217</ele></trkpt>
      <trkpt lat="48.213549" lon="15.140661999999999"><ele>217</ele></trkpt>
      <trkpt lat="48.213555" lon="15.140844"><ele>216.98</ele></trkpt>
      <trkpt lat="48.213649" lon="15.141328999999999"><ele>216.35</ele></trkpt>
      <trkpt lat="48.213708" lon="15.141674"><ele>215.68</ele></trkpt>
      <trkpt lat="48.214002" lon="15.143730999999999"><ele>215.15</ele></trkpt>
      <trkpt lat="48.214043" lon="15.144083"><ele>215.11</ele></trkpt>
      <trkpt lat="48.214045" lon="15.144283999999999"><ele>215.1</ele></trkpt>
      <trkpt lat="48.214037" lon="15.144371999999999"><ele>215.1</ele></trkpt>
      <trkpt lat="48.214006999999995" lon="15.14457"><ele>215.17</ele></trkpt>
      <trkpt lat="48.213955" lon="15.144777999999999"><ele>215.54</ele></trkpt>
      <trkpt lat="48.21387" lon="15.14501"><ele>216.24</ele></trkpt>
      <trkpt lat="48.213777" lon="15.145221"><ele>215.82</ele></trkpt>
      <trkpt lat="48.213746" lon="15.14536"><ele>215.74</ele></trkpt>
      <trkpt lat="48.213729" lon="15.145541999999999"><ele>215.73</ele></trkpt>
      <trkpt lat="48.213729" lon="15.145688999999999"><ele>215.78</ele></trkpt>
      <trkpt lat="48.213775999999996" lon="15.146312"><ele>215.89</ele></trkpt>
      <trkpt lat="48.213839" lon="15.146588"><ele>216.46</ele></trkpt>
      <trkpt lat="48.21387" lon="15.14692"><ele>216.09</ele></trkpt>
      <trkpt lat="48.213874" lon="15.147034999999999"><ele>215.99</ele></trkpt>
      <trkpt lat="48.213817" lon="15.147639"><ele>215.48</ele></trkpt>
      <trkpt lat="48.213803999999996" lon="15.147753999999999"><ele>215.36</ele></trkpt>
      <trkpt lat="48.213784999999994" lon="15.147834999999999"><ele>215.3</ele></trkpt>
      <trkpt lat="48.21373" lon="15.148902"><ele>215.08</ele></trkpt>
      <trkpt lat="48.213722" lon="15.149483"><ele>215.04</ele></trkpt>
      <trkpt lat="48.213736" lon="15.150205999999999"><ele>215.14</ele></trkpt>
      <trkpt lat="48.21375" lon="15.150514999999999"><ele>215.19</ele></trkpt>
      <trkpt lat="48.213854999999995" lon="15.151758"><ele>215.77</ele></trkpt>
      <trkpt lat="48.213953" lon="15.152597"><ele>215.44</ele></trkpt>
      <trkpt lat="48.214078" lon="15.153393999999999"><ele>215.4</ele></trkpt>
      <trkpt lat="48.21415" lon="15.153944"><ele>215.89</ele></trkpt>
      <trkpt lat="48.214174" lon="15.154031999999999"><ele>216.01</ele></trkpt>
      <trkpt lat="48.214247" lon="15.154231"><ele>216.02</ele></trkpt>
      <trkpt lat="48.214262999999995" lon="15.154302"><ele>216.01</ele></trkpt>
      <trkpt lat="48.214281" lon="15.154442999999999"><ele>215.97</ele></trkpt>
      <trkpt lat="48.214289" lon="15.154632999999999"><ele>215.85</ele></trkpt>
      <trkpt lat="48.214290999999996" lon="15.154945"><ele>215.17</ele></trkpt>
      <trkpt lat="48.21436" lon="15.155261999999999"><ele>215.41</ele></trkpt>
      <trkpt lat="48.214669" lon="15.157210999999998"><ele>216.41</ele></trkpt>
      <trkpt lat="48.214932999999995" lon="15.159312"><ele>216.66</ele></trkpt>
      <trkpt lat="48.215084" lon="15.160886999999999"><ele>215.86</ele></trkpt>
      <trkpt lat="48.215097" lon="15.161202"><ele>215.64</ele></trkpt>
      <trkpt lat="48.21509" lon="15.162619"><ele>215.34</ele></trkpt>
      <trkpt lat="48.215111" lon="15.163326"><ele>215.4</ele></trkpt>
      <trkpt lat="48.215181" lon="15.164124999999999"><ele>214.85</ele></trkpt>
      <trkpt lat="48.215519" lon="15.166583999999999"><ele>215.48</ele></trkpt>
      <trkpt lat="48.215612" lon="15.167124999999999"><ele>215.35</ele></trkpt>
      <trkpt lat="48.215937" lon="15.168871"><ele>214.77</ele></trkpt>
      <trkpt lat="48.216324" lon="15.170554"><ele>215.14</ele></trkpt>
      <trkpt lat="48.216418" lon="15.171063"><ele>215.13</ele></trkpt>
      <trkpt lat="48.216511999999994" lon="15.171880999999999"><ele>215.14</ele></trkpt>
      <trkpt lat="48.216634" lon="15.172557999999999"><ele>214.98</ele></trkpt>
      <trkpt lat="48.216733999999995" lon="15.173008"><ele>215.19</ele></trkpt>
      <trkpt lat="48.216774" lon="15.173119999999999"><ele>214.9</ele></trkpt>
      <trkpt lat="48.21687" lon="15.173281999999999"><ele>214.8</ele></trkpt>
      <trkpt lat="48.216899" lon="15.173345"><ele>214.99</ele></trkpt>
      <trkpt lat="48.216924999999996" lon="15.173435999999999"><ele>215.32</ele></trkpt>
      <trkpt lat="48.217062999999996" lon="15.17405"><ele>215.01</ele></trkpt>
      <trkpt lat="48.217123" lon="15.174387"><ele>214.64</ele></trkpt>
      <trkpt lat="48.217257" lon="15.175313"><ele>215.09</ele></trkpt>
      <trkpt lat="48.217273" lon="15.175491999999998"><ele>215.17</ele></trkpt>
      <trkpt lat="48.217303" lon="15.176103"><ele>215.31</ele></trkpt>
      <trkpt lat="48.217313" lon="15.176179"><ele>215.34</ele></trkpt>
      <trkpt lat="48.217349" lon="15.176266"><ele>215.45</ele></trkpt>
      <trkpt lat="48.217392" lon="15.176309999999999"><ele>215.59</ele></trkpt>
      <trkpt lat="48.217411" lon="15.176347"><ele>215.63</ele></trkpt>
      <trkpt lat="48.217425" lon="15.176447"><ele>215.62</ele></trkpt>
      <trkpt lat="48.217438" lon="15.176597999999998"><ele>215.58</ele></trkpt>
      <trkpt lat="48.217428999999996" lon="15.176717"><ele>215.61</ele></trkpt>
      <trkpt lat="48.217428999999996" lon="15.176838"><ele>215.63</ele></trkpt>
      <trkpt lat="48.217441" lon="15.176959"><ele>215.59</ele></trkpt>
      <trkpt lat="48.217554" lon="15.177766"><ele>215.36</ele></trkpt>
      <trkpt lat="48.217574" lon="15.178097"><ele>215.2</ele></trkpt>
      <trkpt lat="48.217600999999995" lon="15.178334999999999"><ele>215.14</ele></trkpt>
      <trkpt lat="48.217681999999996" lon="15.178816999999999"><ele>215.29</ele></trkpt>
      <trkpt lat="48.217678" lon="15.178922"><ele>215.47</ele></trkpt>
      <trkpt lat="48.217687" lon="15.179079999999999"><ele>215.69</ele></trkpt>
      <trkpt lat="48.217683" lon="15.179511"><ele>215.9</ele></trkpt>
      <trkpt lat="48.217665" lon="15.179936"><ele>216.01</ele></trkpt>
      <trkpt lat="48.217625" lon="15.180551999999999"><ele>216.1</ele></trkpt>
      <trkpt lat="48.217580999999996" lon="15.181401"><ele>216.06</ele></trkpt>
      <trkpt lat="48.217532999999996" lon="15.183133999999999"><ele>215.53</ele></trkpt>
      <trkpt lat="48.217487" lon="15.183983"><ele>215.44</ele></trkpt>
      <trkpt lat="48.217434" lon="15.18461"><ele>215.58</ele></trkpt>
      <trkpt lat="48.217400999999995" lon="15.184911999999999"><ele>215.65</ele></trkpt>
      <trkpt lat="48.217245999999996" lon="15.186081"><ele>215.84</ele></trkpt>
      <trkpt lat="48.21713" lon="15.187104999999999"><ele>216.26</ele></trkpt>
      <trkpt lat="48.217054" lon="15.188004"><ele>216.5</ele></trkpt>
      <trkpt lat="48.217003" lon="15.189034999999999"><ele>215.8</ele></trkpt>
      <trkpt lat="48.216986999999996" lon="15.190017999999998"><ele>215.13</ele></trkpt>
      <trkpt lat="48.216991" lon="15.190406999999999"><ele>215.07</ele></trkpt>
      <trkpt lat="48.217012" lon="15.190916"><ele>215.08</ele></trkpt>
      <trkpt lat="48.217028" lon="15.191749"><ele>215.08</ele></trkpt>
      <trkpt lat="48.217036" lon="15.194536999999999"><ele>215.19</ele></trkpt>
      <trkpt lat="48.21702" lon="15.196124"><ele>215.28</ele></trkpt>
      <trkpt lat="48.217025" lon="15.196273"><ele>215.29</ele></trkpt>
      <trkpt lat="48.217099" lon="15.196406"><ele>215.56</ele></trkpt>
      <trkpt lat="48.217158999999995" lon="15.196482999999999"><ele>215.77</ele></trkpt>
      <trkpt lat="48.217197" lon="15.196532"><ele>215.89</ele></trkpt>
      <trkpt lat="48.217213" lon="15.196608"><ele>216.02</ele></trkpt>
      <trkpt lat="48.217206999999995" lon="15.196831"><ele>216.53</ele></trkpt>
      <trkpt lat="48.21718" lon="15.197166999999999"><ele>216.93</ele></trkpt>
      <trkpt lat="48.217105" lon="15.197595999999999"><ele>216.88</ele></trkpt>
      <trkpt lat="48.216497999999994" lon="15.20115"><ele>216.37</ele></trkpt>
      <trkpt lat="48.21638" lon="15.201886"><ele>217.88</ele></trkpt>
      <trkpt lat="48.216325" lon="15.202427"><ele>216.18</ele></trkpt>
      <trkpt lat="48.216293" lon="15.203024"><ele>215.47</ele></trkpt>
      <trkpt lat="48.216266999999995" lon="15.204372999999999"><ele>215</ele></trkpt>
      <trkpt lat="48.216274999999996" lon="15.206002"><ele>215.06</ele></trkpt>
      <trkpt lat="48.216317" lon="15.207268"><ele>215.97</ele></trkpt>
      <trkpt lat="48.216372" lon="15.208357"><ele>217.05</ele></trkpt>
      <trkpt lat="48.216473" lon="15.209729"><ele>215.89</ele></trkpt>
      <trkpt lat="48.216573" lon="15.210749999999999"><ele>215.61</ele></trkpt>
      <trkpt lat="48.216685" lon="15.211768999999999"><ele>217.24</ele></trkpt>
      <trkpt lat="48.216947" lon="15.212288"><ele>217.74</ele></trkpt>
      <trkpt lat="48.216985" lon="15.212385"><ele>217.1</ele></trkpt>
      <trkpt lat="48.217039" lon="15.212606999999998"><ele>216.56</ele></trkpt>
      <trkpt lat="48.217062" lon="15.212809"><ele>216.54</ele></trkpt>
      <trkpt lat="48.217071999999995" lon="15.21322"><ele>216.55</ele></trkpt>
      <trkpt lat="48.217061" lon="15.213294999999999"><ele>216.6</ele></trkpt>
      <trkpt lat="48.217023999999995" lon="15.213388"><ele>216.71</ele></trkpt>
      <trkpt lat="48.21704" lon="15.213560999999999"><ele>216.74</ele></trkpt>
      <trkpt lat="48.217068999999995" lon="15.213728"><ele>217.09</ele></trkpt>
      <trkpt lat="48.217155999999996" lon="15.214086"><ele>217.76</ele></trkpt>
      <trkpt lat="48.217061" lon="15.214193999999999"><ele>217.45</ele></trkpt>
      <trkpt lat="48.217034" lon="15.214241999999999"><ele>217.39</ele></trkpt>
      <trkpt lat="48.217022" lon="15.2143"><ele>217.3</ele></trkpt>
      <trkpt lat="48.217054" lon="15.214924"><ele>216.5</ele></trkpt>
      <trkpt lat="48.217064" lon="15.215556"><ele>215.99</ele></trkpt>
      <trkpt lat="48.21706" lon="15.215945999999999"><ele>215.88</ele></trkpt>
      <trkpt lat="48.217017999999996" lon="15.216571"><ele>216.25</ele></trkpt>
      <trkpt lat="48.216972999999996" lon="15.216866"><ele>216.93</ele></trkpt>
      <trkpt lat="48.216879999999996" lon="15.217329999999999"><ele>217.04</ele></trkpt>
      <trkpt lat="48.216862" lon="15.21745"><ele>216.8</ele></trkpt>
      <trkpt lat="48.216851" lon="15.217609999999999"><ele>216.4</ele></trkpt>
      <trkpt lat="48.21682" lon="15.221008"><ele>215.55</ele></trkpt>
      <trkpt lat="48.216826999999995" lon="15.221922999999999"><ele>215.57</ele></trkpt>
      <trkpt lat="48.216843" lon="15.222709"><ele>215.79</ele></trkpt>
      <trkpt lat="48.216895" lon="15.224082999999998"><ele>217</ele></trkpt>
      <trkpt lat="48.216941" lon="15.224888"><ele>217.94</ele></trkpt>
      <trkpt lat="48.217028" lon="15.226097999999999"><ele>215.12</ele></trkpt>
      <trkpt lat="48.217141" lon="15.2273"><ele>215.57</ele></trkpt>
      <trkpt lat="48.217206999999995" lon="15.227915999999999"><ele>216.32</ele></trkpt>
      <trkpt lat="48.217368" lon="15.229194999999999"><ele>216.05</ele></trkpt>
      <trkpt lat="48.217476" lon="15.229975999999999"><ele>216.67</ele></trkpt>
      <trkpt lat="48.217653" lon="15.231117999999999"><ele>216.12</ele></trkpt>
      <trkpt lat="48.217745" lon="15.231572"><ele>216.01</ele></trkpt>
      <trkpt lat="48.217954" lon="15.232495"><ele>215.89</ele></trkpt>
      <trkpt lat="48.218145" lon="15.233089999999999"><ele>215.9</ele></trkpt>
      <trkpt lat="48.21821" lon="15.233436999999999"><ele>215.76</ele></trkpt>
      <trkpt lat="48.218292999999996" lon="15.233747999999999"><ele>215.95</ele></trkpt>
      <trkpt lat="48.21846" lon="15.234312"><ele>215.6</ele></trkpt>
      <trkpt lat="48.218666999999996" lon="15.234971999999999"><ele>215.44</ele></trkpt>
      <trkpt lat="48.218834" lon="15.235474"><ele>215.5</ele></trkpt>
      <trkpt lat="48.219584" lon="15.237618999999999"><ele>214.96</ele></trkpt>
      <trkpt lat="48.219781" lon="15.238202"><ele>215</ele></trkpt>
      <trkpt lat="48.220104" lon="15.239198"><ele>215.19</ele></trkpt>
      <trkpt lat="48.220388" lon="15.240134"><ele>215.02</ele></trkpt>
      <trkpt lat="48.220729" lon="15.241332"><ele>215.13</ele></trkpt>
      <trkpt lat="48.221044" lon="15.242555"><ele>215.83</ele></trkpt>
      <trkpt lat="48.221111" lon="15.242711"><ele>216.54</ele></trkpt>
      <trkpt lat="48.221156" lon="15.242778"><ele>216.52</ele></trkpt>
      <trkpt lat="48.221509999999995" lon="15.243186"><ele>216.22</ele></trkpt>
      <trkpt lat="48.221568999999995" lon="15.243265"><ele>216.04</ele></trkpt>
      <trkpt lat="48.221674" lon="15.243426"><ele>215.74</ele></trkpt>
      <trkpt lat="48.22175" lon="15.243602"><ele>215.52</ele></trkpt>
      <trkpt lat="48.222203" lon="15.245362"><ele>215.24</ele></trkpt>
      <trkpt lat="48.222265" lon="15.245635"><ele>215.73</ele></trkpt>
      <trkpt lat="48.222376" lon="15.246281999999999"><ele>215.51</ele></trkpt>
      <trkpt lat="48.222474" lon="15.246905"><ele>215.78</ele></trkpt>
      <trkpt lat="48.222522999999995" lon="15.247382"><ele>215.73</ele></trkpt>
      <trkpt lat="48.222533999999996" lon="15.247707"><ele>215.73</ele></trkpt>
      <trkpt lat="48.222528" lon="15.248794"><ele>215.48</ele></trkpt>
      <trkpt lat="48.222536999999996" lon="15.249189"><ele>215.31</ele></trkpt>
      <trkpt lat="48.222547999999996" lon="15.249398"><ele>215.18</ele></trkpt>
      <trkpt lat="48.222576" lon="15.249702"><ele>214.74</ele></trkpt>
      <trkpt lat="48.222628" lon="15.249991"><ele>214.52</ele></trkpt>
      <trkpt lat="48.222702" lon="15.25034"><ele>214.69</ele></trkpt>
      <trkpt lat="48.223496999999995" lon="15.253794"><ele>214.53</ele></trkpt>
      <trkpt lat="48.223934" lon="15.255835999999999"><ele>214.94</ele></trkpt>
      <trkpt lat="48.224236" lon="15.257382"><ele>214.53</ele></trkpt>
      <trkpt lat="48.224363" lon="15.258087999999999"><ele>214.79</ele></trkpt>
      <trkpt lat="48.224433" lon="15.258223999999998"><ele>215.25</ele></trkpt>
      <trkpt lat="48.224627999999996" lon="15.258695999999999"><ele>212.51</ele></trkpt>
      <trkpt lat="48.2247" lon="15.258887"><ele>211.32</ele></trkpt>
      <trkpt lat="48.224726999999994" lon="15.258887"><ele>210.99</ele></trkpt>
      <trkpt lat="48.224827" lon="15.258844999999999"><ele>210.9</ele></trkpt>
      <trkpt lat="48.224914999999996" lon="15.258821999999999"><ele>210.91</ele></trkpt>
      <trkpt lat="48.22546" lon="15.258559"><ele>211.72</ele></trkpt>
      <trkpt lat="48.225485" lon="15.258571"><ele>211.78</ele></trkpt>
      <trkpt lat="48.225528" lon="15.258628"><ele>211.76</ele></trkpt>
      <trkpt lat="48.225595999999996" lon="15.258806"><ele>211.48</ele></trkpt>
      <trkpt lat="48.225699" lon="15.259129"><ele>211.34</ele></trkpt>
      <trkpt lat="48.225944999999996" lon="15.259988"><ele>211.23</ele></trkpt>
      <trkpt lat="48.226133" lon="15.260786"><ele>211.09</ele></trkpt>
      <trkpt lat="48.226261" lon="15.261432999999998"><ele>211.11</ele></trkpt>
      <trkpt lat="48.226335999999996" lon="15.261887999999999"><ele>211.64</ele></trkpt>
      <trkpt lat="48.226385" lon="15.262106999999999"><ele>211.97</ele></trkpt>
      <trkpt lat="48.226425" lon="15.262414999999999"><ele>212.22</ele></trkpt>
      <trkpt lat="48.226417999999995" lon="15.262462999999999"><ele>212.17</ele></trkpt>
      <trkpt lat="48.226366" lon="15.262550999999998"><ele>211.56</ele></trkpt>
      <trkpt lat="48.226337" lon="15.262618999999999"><ele>211.17</ele></trkpt>
      <trkpt lat="48.226279" lon="15.262804"><ele>210.67</ele></trkpt>
      <trkpt lat="48.226256" lon="15.262910999999999"><ele>210.65</ele></trkpt>
      <trkpt lat="48.226248" lon="15.263062999999999"><ele>210.74</ele></trkpt>
      <trkpt lat="48.226268999999995" lon="15.26318"><ele>210.84</ele></trkpt>
      <trkpt lat="48.226414" lon="15.263568"><ele>210.86</ele></trkpt>
      <trkpt lat="48.22644" lon="15.263701"><ele>210.89</ele></trkpt>
      <trkpt lat="48.226462" lon="15.26391"><ele>211</ele></trkpt>
      <trkpt lat="48.226599" lon="15.266777999999999"><ele>211.02</ele></trkpt>
      <trkpt lat="48.2267" lon="15.268595999999999"><ele>211.17</ele></trkpt>
      <trkpt lat="48.227171" lon="15.275115"><ele>210.88</ele></trkpt>
      <trkpt lat="48.227256" lon="15.276150999999999"><ele>211.2</ele></trkpt>
      <trkpt lat="48.22734" lon="15.276848"><ele>211.22</ele></trkpt>
      <trkpt lat="48.227626" lon="15.279017"><ele>210.79</ele></trkpt>
      <trkpt lat="48.227751" lon="15.280241"><ele>210.82</ele></trkpt>
      <trkpt lat="48.227793999999996" lon="15.28088"><ele>210.3</ele></trkpt>
      <trkpt lat="48.227891" lon="15.282086"><ele>210.61</ele></trkpt>
      <trkpt lat="48.227981" lon="15.283531"><ele>210.47</ele></trkpt>
      <trkpt lat="48.228125999999996" lon="15.284975999999999"><ele>210.12</ele></trkpt>
      <trkpt lat="48.228333" lon="15.286548"><ele>210.4</ele></trkpt>
      <trkpt lat="48.22841" lon="15.287046"><ele>210.47</ele></trkpt>
      <trkpt lat="48.228662" lon="15.288428999999999"><ele>210.36</ele></trkpt>
      <trkpt lat="48.22878" lon="15.289136"><ele>210.18</ele></trkpt>
      <trkpt lat="48.229085" lon="15.291139999999999"><ele>210.74</ele></trkpt>
      <trkpt lat="48.229226" lon="15.292676"><ele>211.12</ele></trkpt>
      <trkpt lat="48.229240999999995" lon="15.29314"><ele>210.78</ele></trkpt>
      <trkpt lat="48.229285" lon="15.293655999999999"><ele>209.94</ele></trkpt>
      <trkpt lat="48.229319" lon="15.29444"><ele>210.18</ele></trkpt>
      <trkpt lat="48.229343" lon="15.294718999999999"><ele>209.91</ele></trkpt>
      <trkpt lat="48.229467" lon="15.295181"><ele>211.03</ele></trkpt>
      <trkpt lat="48.229468" lon="15.295235"><ele>211.07</ele></trkpt>
      <trkpt lat="48.229454" lon="15.295319"><ele>211.03</ele></trkpt>
      <trkpt lat="48.229506" lon="15.295715"><ele>210.55</ele></trkpt>
      <trkpt lat="48.229537" lon="15.296035999999999"><ele>210.62</ele></trkpt>
      <trkpt lat="48.229551" lon="15.2961"><ele>210.75</ele></trkpt>
      <trkpt lat="48.229592" lon="15.296090999999999"><ele>211.02</ele></trkpt>
      <trkpt lat="48.229645999999995" lon="15.296612"><ele>211.45</ele></trkpt>
      <trkpt lat="48.229678" lon="15.296678"><ele>211.53</ele></trkpt>
      <trkpt lat="48.229712" lon="15.297054"><ele>210</ele></trkpt>
      <trkpt lat="48.229803999999994" lon="15.29781"><ele>213.1</ele></trkpt>
      <trkpt lat="48.229796" lon="15.297875999999999"><ele>212.64</ele></trkpt>
      <trkpt lat="48.229757" lon="15.298051999999998"><ele>211.42</ele></trkpt>
      <trkpt lat="48.229715999999996" lon="15.298193999999999"><ele>210.75</ele></trkpt>
      <trkpt lat="48.22967" lon="15.298319999999999"><ele>210.19</ele></trkpt>
      <trkpt lat="48.229496" lon="15.298646999999999"><ele>209.19</ele></trkpt>
      <trkpt lat="48.229485" lon="15.298782"><ele>209.15</ele></trkpt>
      <trkpt lat="48.229549999999996" lon="15.300338"><ele>208.95</ele></trkpt>
      <trkpt lat="48.229704" lon="15.301924999999999"><ele>208.91</ele></trkpt>
      <trkpt lat="48.229744" lon="15.302190999999999"><ele>208.86</ele></trkpt>
      <trkpt lat="48.229805" lon="15.302408999999999"><ele>208.81</ele></trkpt>
      <trkpt lat="48.229879" lon="15.302603"><ele>208.79</ele></trkpt>
      <trkpt lat="48.230261999999996" lon="15.303357"><ele>208.64</ele></trkpt>
      <trkpt lat="48.230331" lon="15.303514999999999"><ele>208.61</ele></trkpt>
      <trkpt lat="48.230382999999996" lon="15.303676999999999"><ele>208.57</ele></trkpt>
      <trkpt lat="48.230413999999996" lon="15.303875999999999"><ele>208.54</ele></trkpt>
      <trkpt lat="48.230441" lon="15.304205"><ele>208.5</ele></trkpt>
      <trkpt lat="48.230453" lon="15.304979"><ele>208.64</ele></trkpt>
      <trkpt lat="48.230466" lon="15.305121"><ele>208.71</ele></trkpt>
      <trkpt lat="48.230488" lon="15.305237"><ele>208.76</ele></trkpt>
      <trkpt lat="48.230551" lon="15.305437999999999"><ele>208.91</ele></trkpt>
      <trkpt lat="48.230874" lon="15.306293"><ele>209.82</ele></trkpt>
      <trkpt lat="48.230948999999995" lon="15.306514"><ele>210.05</ele></trkpt>
      <trkpt lat="48.23099" lon="15.306659"><ele>210.18</ele></trkpt>
      <trkpt lat="48.231029" lon="15.306835"><ele>210.19</ele></trkpt>
      <trkpt lat="48.231305" lon="15.308992"><ele>210.74</ele></trkpt>
      <trkpt lat="48.231427" lon="15.310459"><ele>210.8</ele></trkpt>
      <trkpt lat="48.231587" lon="15.312259"><ele>210.64</ele></trkpt>
      <trkpt lat="48.2316" lon="15.312387999999999"><ele>210.47</ele></trkpt>
      <trkpt lat="48.23168" lon="15.312880999999999"><ele>209.85</ele></trkpt>
      <trkpt lat="48.231707" lon="15.312985"><ele>209.73</ele></trkpt>
      <trkpt lat="48.232036" lon="15.313538999999999"><ele>210.33</ele></trkpt>
      <trkpt lat="48.232118" lon="15.313716"><ele>210.28</ele></trkpt>
      <trkpt lat="48.232265" lon="15.314238999999999"><ele>209.77</ele></trkpt>
      <trkpt lat="48.232623" lon="15.315641999999999"><ele>208.59</ele></trkpt>
      <trkpt lat="48.232856999999996" lon="15.316664"><ele>208.87</ele></trkpt>
      <trkpt lat="48.232938" lon="15.317089999999999"><ele>209.33</ele></trkpt>
      <trkpt lat="48.232966999999995" lon="15.317397999999999"><ele>209.43</ele></trkpt>
      <trkpt lat="48.232968" lon="15.31749"><ele>209.38</ele></trkpt>
      <trkpt lat="48.232948" lon="15.317737"><ele>209.28</ele></trkpt>
      <trkpt lat="48.232946" lon="15.318458999999999"><ele>208.72</ele></trkpt>
      <trkpt lat="48.232969" lon="15.318689"><ele>208.67</ele></trkpt>
      <trkpt lat="48.232997" lon="15.318838999999999"><ele>208.98</ele></trkpt>
      <trkpt lat="48.23308" lon="15.319149999999999"><ele>209.28</ele></trkpt>
      <trkpt lat="48.233137" lon="15.319467999999999"><ele>209.06</ele></trkpt>
      <trkpt lat="48.233185999999996" lon="15.319685999999999"><ele>209.08</ele></trkpt>
      <trkpt lat="48.233275" lon="15.320027"><ele>209.07</ele></trkpt>
      <trkpt lat="48.233371" lon="15.320331"><ele>208.9</ele></trkpt>
      <trkpt lat="48.233425999999994" lon="15.32049"><ele>208.86</ele></trkpt>
      <trkpt lat="48.23348" lon="15.320618999999999"><ele>208.84</ele></trkpt>
      <trkpt lat="48.235099999999996" lon="15.324269"><ele>208.11</ele></trkpt>
      <trkpt lat="48.235579" lon="15.325325999999999"><ele>208.54</ele></trkpt>
      <trkpt lat="48.236121999999995" lon="15.326576"><ele>208.35</ele></trkpt>
      <trkpt lat="48.236455" lon="15.326251999999998"><ele>209.24</ele></trkpt>
      <trkpt lat="48.236788999999995" lon="15.326452999999999"><ele>209.94</ele></trkpt>
      <trkpt lat="48.236821" lon="15.326495999999999"><ele>209.97</ele></trkpt>
      <trkpt lat="48.237114" lon="15.327589999999999"><ele>210.28</ele></trkpt>
      <trkpt lat="48.237356999999996" lon="15.328527999999999"><ele>210.14</ele></trkpt>
      <trkpt lat="48.237517" lon="15.329106"><ele>209.98</ele></trkpt>
      <trkpt lat="48.237722" lon="15.329792999999999"><ele>209.58</ele></trkpt>
      <trkpt lat="48.23793" lon="15.330449"><ele>209.33</ele></trkpt>
      <trkpt lat="48.23811" lon="15.330967999999999"><ele>209.18</ele></trkpt>
      <trkpt lat="48.238338999999996" lon="15.331577999999999"><ele>209.11</ele></trkpt>
      <trkpt lat="48.23871" lon="15.332479"><ele>208.79</ele></trkpt>
      <trkpt lat="48.239343999999996" lon="15.333905"><ele>208.81</ele></trkpt>
      <trkpt lat="48.239491" lon="15.334271"><ele>208.63</ele></trkpt>
      <trkpt lat="48.23975" lon="15.335016"><ele>208.04</ele></trkpt>
      <trkpt lat="48.239954999999995" lon="15.335496"><ele>208.4</ele></trkpt>
      <trkpt lat="48.240384999999996" lon="15.336402"><ele>207.69</ele></trkpt>
      <trkpt lat="48.240414" lon="15.336504"><ele>207.48</ele></trkpt>
      <trkpt lat="48.240589" lon="15.33699"><ele>207.62</ele></trkpt>
      <trkpt lat="48.240707" lon="15.337225"><ele>206.79</ele></trkpt>
      <trkpt lat="48.240733999999996" lon="15.337356"><ele>206.99</ele></trkpt>
      <trkpt lat="48.240781999999996" lon="15.337446"><ele>207.42</ele></trkpt>
      <trkpt lat="48.240936" lon="15.337562"><ele>208.15</ele></trkpt>
      <trkpt lat="48.241248999999996" lon="15.338064999999999"><ele>206.44</ele></trkpt>
      <trkpt lat="48.241555" lon="15.338496999999998"><ele>207.6</ele></trkpt>
      <trkpt lat="48.241678" lon="15.338638999999999"><ele>208.77</ele></trkpt>
      <trkpt lat="48.241747" lon="15.338699"><ele>208.35</ele></trkpt>
      <trkpt lat="48.241771" lon="15.338655"><ele>208.49</ele></trkpt>
      <trkpt lat="48.241910999999995" lon="15.338842999999999"><ele>208.68</ele></trkpt>
      <trkpt lat="48.242152999999995" lon="15.339124"><ele>209</ele></trkpt>
      <trkpt lat="48.24252" lon="15.339519999999998"><ele>209.23</ele></trkpt>
      <trkpt lat="48.243052999999996" lon="15.340069999999999"><ele>209.26</ele></trkpt>
      <trkpt lat="48.243157" lon="15.340193"><ele>209.46</ele></trkpt>
      <trkpt lat="48.243733" lon="15.34079"><ele>209.14</ele></trkpt>
      <trkpt lat="48.244057" lon="15.341161999999999"><ele>209.15</ele></trkpt>
      <trkpt lat="48.244097" lon="15.341258"><ele>209.24</ele></trkpt>
      <trkpt lat="48.244157" lon="15.341460999999999"><ele>209.38</ele></trkpt>
      <trkpt lat="48.244181" lon="15.341501"><ele>209.41</ele></trkpt>
      <trkpt lat="48.244299999999996" lon="15.341626"><ele>209.51</ele></trkpt>
      <trkpt lat="48.244437" lon="15.341362"><ele>210.16</ele></trkpt>
      <trkpt lat="48.244485" lon="15.341292999999999"><ele>210.74</ele></trkpt>
      <trkpt lat="48.244552" lon="15.341336"><ele>210.55</ele></trkpt>
      <trkpt lat="48.244583" lon="15.341342"><ele>210.53</ele></trkpt>
      <trkpt lat="48.244647" lon="15.341308999999999"><ele>210.78</ele></trkpt>
      <trkpt lat="48.244827" lon="15.341066"><ele>212.79</ele></trkpt>
      <trkpt lat="48.24492" lon="15.340966"><ele>213.13</ele></trkpt>
      <trkpt lat="48.244982" lon="15.340914999999999"><ele>213.28</ele></trkpt>
      <trkpt lat="48.24511" lon="15.340850999999999"><ele>213.97</ele></trkpt>
      <trkpt lat="48.245186" lon="15.340831"><ele>214.28</ele></trkpt>
      <trkpt lat="48.245324" lon="15.340833"><ele>214.58</ele></trkpt>
      <trkpt lat="48.245464999999996" lon="15.340888999999999"><ele>215.7</ele></trkpt>
      <trkpt lat="48.245554999999996" lon="15.340955999999998"><ele>216.23</ele></trkpt>
      <trkpt lat="48.245658999999996" lon="15.341061"><ele>217.3</ele></trkpt>
      <trkpt lat="48.245708" lon="15.341132"><ele>217.21</ele></trkpt>
      <trkpt lat="48.245751999999996" lon="15.341222"><ele>216.98</ele></trkpt>
      <trkpt lat="48.24581" lon="15.341401"><ele>217.47</ele></trkpt>
      <trkpt lat="48.245829" lon="15.341512999999999"><ele>218</ele></trkpt>
      <trkpt lat="48.245846" lon="15.341733"><ele>218.41</ele></trkpt>
      <trkpt lat="48.245839" lon="15.341949999999999"><ele>219.02</ele></trkpt>
      <trkpt lat="48.245807" lon="15.342151999999999"><ele>220.07</ele></trkpt>
      <trkpt lat="48.245782999999996" lon="15.342251999999998"><ele>220.26</ele></trkpt>
      <trkpt lat="48.245733" lon="15.342403"><ele>217.8</ele></trkpt>
      <trkpt lat="48.245666" lon="15.342569999999998"><ele>213.57</ele></trkpt>
      <trkpt lat="48.245551" lon="15.342794999999999"><ele>213.76</ele></trkpt>
      <trkpt lat="48.245391999999995" lon="15.343041999999999"><ele>213.98</ele></trkpt>
      <trkpt lat="48.245294" lon="15.343174"><ele>214.1</ele></trkpt>
      <trkpt lat="48.245075" lon="15.343433"><ele>214.35</ele></trkpt>
      <trkpt lat="48.244966" lon="15.343546"><ele>214.47</ele></trkpt>
      <trkpt lat="48.244689" lon="15.343802"><ele>214.75</ele></trkpt>
      <trkpt lat="48.239325" lon="15.348170999999999"><ele>219.96</ele></trkpt>
      <trkpt lat="48.239011999999995" lon="15.348410999999999"><ele>229.76</ele></trkpt>
      <trkpt lat="48.238834999999995" lon="15.348529999999998"><ele>231.96</ele></trkpt>
      <trkpt lat="48.238869" lon="15.348821"><ele>231.81</ele></trkpt>
      <trkpt lat="48.238873" lon="15.348918999999999"><ele>231.41</ele></trkpt>
      <trkpt lat="48.23887" lon="15.349006"><ele>230.7</ele></trkpt>
      <trkpt lat="48.238853999999996" lon="15.349079"><ele>229.95</ele></trkpt>
      <trkpt lat="48.238681" lon="15.349476"><ele>226.42</ele></trkpt>
      <trkpt lat="48.238492" lon="15.349815999999999"><ele>222.88</ele></trkpt>
      <trkpt lat="48.238474" lon="15.349867"><ele>222.38</ele></trkpt>
      <trkpt lat="48.238476999999996" lon="15.349927"><ele>221.82</ele></trkpt>
      <trkpt lat="48.238506" lon="15.349943"><ele>221.39</ele></trkpt>
      <trkpt lat="48.238541" lon="15.349915"><ele>220.89</ele></trkpt>
      <trkpt lat="48.238893999999995" lon="15.349535"><ele>215.08</ele></trkpt>
      <trkpt lat="48.238941999999994" lon="15.34952"><ele>214.33</ele></trkpt>
      <trkpt lat="48.238993" lon="15.34954"><ele>213.03</ele></trkpt>
      <trkpt lat="48.239231" lon="15.349105"><ele>211.82</ele></trkpt>
      <trkpt lat="48.239567" lon="15.348547"><ele>210.95</ele></trkpt>
      <trkpt lat="48.239729999999994" lon="15.348251999999999"><ele>209.97</ele></trkpt>
      <trkpt lat="48.239923" lon="15.348503"><ele>209.9</ele></trkpt>
      <trkpt lat="48.239957" lon="15.348538999999999"><ele>209.71</ele></trkpt>
      <trkpt lat="48.240029" lon="15.34859"><ele>209.37</ele></trkpt>
      <trkpt lat="48.240083" lon="15.348654999999999"><ele>208.28</ele></trkpt>
      <trkpt lat="48.240550999999996" lon="15.349269999999999"><ele>209.66</ele></trkpt>
      <trkpt lat="48.240556" lon="15.349305999999999"><ele>209.93</ele></trkpt>
      <trkpt lat="48.240548999999994" lon="15.349340999999999"><ele>210.18</ele></trkpt>
      <trkpt lat="48.240531999999995" lon="15.349364999999999"><ele>210.27</ele></trkpt>
      <trkpt lat="48.240468" lon="15.349421999999999"><ele>210.44</ele></trkpt>
      <trkpt lat="48.240423" lon="15.349447999999999"><ele>210.29</ele></trkpt>
      <trkpt lat="48.240356" lon="15.349449"><ele>209.44</ele></trkpt>
      <trkpt lat="48.240334" lon="15.349419999999999"><ele>209.13</ele></trkpt>
      <trkpt lat="48.240324" lon="15.349374"><ele>208.84</ele></trkpt>
      <trkpt lat="48.240325" lon="15.349326"><ele>208.62</ele></trkpt>
      <trkpt lat="48.240368" lon="15.349226999999999"><ele>208.22</ele></trkpt>
      <trkpt lat="48.240528" lon="15.349024"><ele>206.94</ele></trkpt>
      <trkpt lat="48.240561" lon="15.349006999999999"><ele>206.91</ele></trkpt>
      <trkpt lat="48.240611" lon="15.349020999999999"><ele>206.93</ele></trkpt>
      <trkpt lat="48.240846" lon="15.349307999999999"><ele>208.88</ele></trkpt>
      <trkpt lat="48.241147999999995" lon="15.349641"><ele>208.72</ele></trkpt>
      <trkpt lat="48.241344999999995" lon="15.349824"><ele>208.61</ele></trkpt>
      <trkpt lat="48.241498" lon="15.349931"><ele>208.52</ele></trkpt>
      <trkpt lat="48.241996" lon="15.350214"><ele>208.15</ele></trkpt>
      <trkpt lat="48.242065" lon="15.35028"><ele>208.19</ele></trkpt>
      <trkpt lat="48.242114" lon="15.350356"><ele>208.78</ele></trkpt>
      <trkpt lat="48.242239" lon="15.350455"><ele>208.94</ele></trkpt>
      <trkpt lat="48.242421" lon="15.350506999999999"><ele>208.17</ele></trkpt>
      <trkpt lat="48.242554999999996" lon="15.350627"><ele>208.1</ele></trkpt>
      <trkpt lat="48.242776" lon="15.350916999999999"><ele>208.03</ele></trkpt>
      <trkpt lat="48.242947" lon="15.351173999999999"><ele>208.08</ele></trkpt>
      <trkpt lat="48.243232" lon="15.351650999999999"><ele>208.27</ele></trkpt>
      <trkpt lat="48.243389" lon="15.351882"><ele>208.45</ele></trkpt>
      <trkpt lat="48.243682" lon="15.352229999999999"><ele>208.92</ele></trkpt>
      <trkpt lat="48.244015" lon="15.352651999999999"><ele>209.09</ele></trkpt>
      <trkpt lat="48.244668" lon="15.353403"><ele>208.87</ele></trkpt>
      <trkpt lat="48.245114" lon="15.353987"><ele>208.97</ele></trkpt>
      <trkpt lat="48.245383" lon="15.354369"><ele>209.2</ele></trkpt>
      <trkpt lat="48.245706" lon="15.354878"><ele>209.29</ele></trkpt>
      <trkpt lat="48.245776" lon="15.355011999999999"><ele>209.45</ele></trkpt>
      <trkpt lat="48.24581" lon="15.35511"><ele>209.86</ele></trkpt>
      <trkpt lat="48.245923999999995" lon="15.355352"><ele>209.47</ele></trkpt>
      <trkpt lat="48.246030999999995" lon="15.355537"><ele>209.34</ele></trkpt>
      <trkpt lat="48.246204" lon="15.355872999999999"><ele>209.38</ele></trkpt>
      <trkpt lat="48.246725" lon="15.356931999999999"><ele>209.44</ele></trkpt>
      <trkpt lat="48.247533" lon="15.358813999999999"><ele>208.59</ele></trkpt>
      <trkpt lat="48.248683" lon="15.361799999999999"><ele>208.52</ele></trkpt>
      <trkpt lat="48.24884" lon="15.362152"><ele>208.65</ele></trkpt>
      <trkpt lat="48.248987" lon="15.362527"><ele>208.87</ele></trkpt>
      <trkpt lat="48.249074" lon="15.362713999999999"><ele>208.91</ele></trkpt>
      <trkpt lat="48.249382999999995" lon="15.363271999999998"><ele>208.83</ele></trkpt>
      <trkpt lat="48.250073" lon="15.364322"><ele>208.72</ele></trkpt>
      <trkpt lat="48.250445" lon="15.364961"><ele>209.23</ele></trkpt>
      <trkpt lat="48.25081" lon="15.365423"><ele>207.85</ele></trkpt>
      <trkpt lat="48.25105" lon="15.365758999999999"><ele>207.67</ele></trkpt>
      <trkpt lat="48.251374" lon="15.366304"><ele>207.27</ele></trkpt>
      <trkpt lat="48.25159" lon="15.366693"><ele>206.99</ele></trkpt>
      <trkpt lat="48.252162999999996" lon="15.367669"><ele>206.95</ele></trkpt>
      <trkpt lat="48.252174" lon="15.367706"><ele>207.17</ele></trkpt>
      <trkpt lat="48.252176" lon="15.367759999999999"><ele>207.9</ele></trkpt>
      <trkpt lat="48.252165999999995" lon="15.367808"><ele>208.24</ele></trkpt>
      <trkpt lat="48.251929" lon="15.368214"><ele>210.24</ele></trkpt>
      <trkpt lat="48.252081999999994" lon="15.368407"><ele>210.17</ele></trkpt>
      <trkpt lat="48.252404999999996" lon="15.368779"><ele>209.81</ele></trkpt>
      <trkpt lat="48.253007" lon="15.369447"><ele>209.25</ele></trkpt>
      <trkpt lat="48.253183" lon="15.369676"><ele>209.38</ele></trkpt>
      <trkpt lat="48.253299999999996" lon="15.369845999999999"><ele>209.35</ele></trkpt>
      <trkpt lat="48.253457999999995" lon="15.370097999999999"><ele>209</ele></trkpt>
      <trkpt lat="48.253623999999995" lon="15.370394"><ele>209.04</ele></trkpt>
      <trkpt lat="48.253952" lon="15.371056999999999"><ele>209.62</ele></trkpt>
      <trkpt lat="48.254155999999995" lon="15.371433999999999"><ele>209.04</ele></trkpt>
      <trkpt lat="48.254292" lon="15.371645"><ele>209</ele></trkpt>
      <trkpt lat="48.254421" lon="15.371825"><ele>209</ele></trkpt>
      <trkpt lat="48.254518999999995" lon="15.371945"><ele>209</ele></trkpt>
      <trkpt lat="48.254622999999995" lon="15.372050999999999"><ele>209</ele></trkpt>
      <trkpt lat="48.254787" lon="15.372195"><ele>209.09</ele></trkpt>
      <trkpt lat="48.255164" lon="15.372459999999998"><ele>209.77</ele></trkpt>
      <trkpt lat="48.255429" lon="15.372611"><ele>209.9</ele></trkpt>
      <trkpt lat="48.255544" lon="15.372653"><ele>209.68</ele></trkpt>
      <trkpt lat="48.255593" lon="15.372689999999999"><ele>209.53</ele></trkpt>
      <trkpt lat="48.255966" lon="15.373099"><ele>208.19</ele></trkpt>
      <trkpt lat="48.255995999999996" lon="15.373107999999998"><ele>208.03</ele></trkpt>
      <trkpt lat="48.256119999999996" lon="15.373057"><ele>207.17</ele></trkpt>
      <trkpt lat="48.256153" lon="15.373071"><ele>207.26</ele></trkpt>
      <trkpt lat="48.256172" lon="15.373118"><ele>207.61</ele></trkpt>
      <trkpt lat="48.256201" lon="15.373417"><ele>209.1</ele></trkpt>
      <trkpt lat="48.25619" lon="15.373458999999999"><ele>209.11</ele></trkpt>
      <trkpt lat="48.256094999999995" lon="15.373584"><ele>209</ele></trkpt>
      <trkpt lat="48.256293" lon="15.373956"><ele>211.01</ele></trkpt>
      <trkpt lat="48.256384999999995" lon="15.374167"><ele>212.27</ele></trkpt>
      <trkpt lat="48.25647" lon="15.374369"><ele>213.46</ele></trkpt>
      <trkpt lat="48.25665" lon="15.374873"><ele>216.15</ele></trkpt>
      <trkpt lat="48.256938" lon="15.375798999999999"><ele>221.22</ele></trkpt>
      <trkpt lat="48.257241" lon="15.376890999999999"><ele>227.29</ele></trkpt>
      <trkpt lat="48.25738" lon="15.377332"><ele>229.56</ele></trkpt>
      <trkpt lat="48.257515" lon="15.377651"><ele>231.47</ele></trkpt>
      <trkpt lat="48.257594999999995" lon="15.377808"><ele>232.39</ele></trkpt>
      <trkpt lat="48.257762" lon="15.378084999999999"><ele>234.12</ele></trkpt>
      <trkpt lat="48.257872" lon="15.378238999999999"><ele>235.17</ele></trkpt>
      <trkpt lat="48.258098999999994" lon="15.378497"><ele>236.82</ele></trkpt>
      <trkpt lat="48.258202" lon="15.378592"><ele>237.41</ele></trkpt>
      <trkpt lat="48.258314" lon="15.378687999999999"><ele>238.08</ele></trkpt>
      <trkpt lat="48.258545999999996" lon="15.378836"><ele>239.16</ele></trkpt>
      <trkpt lat="48.258773999999995" lon="15.378933"><ele>239.92</ele></trkpt>
      <trkpt lat="48.258983" lon="15.378991999999998"><ele>240.38</ele></trkpt>
      <trkpt lat="48.259201999999995" lon="15.379024"><ele>240.69</ele></trkpt>
      <trkpt lat="48.259403999999996" lon="15.379021999999999"><ele>241.12</ele></trkpt>
      <trkpt lat="48.25951" lon="15.379009"><ele>241.04</ele></trkpt>
      <trkpt lat="48.259747" lon="15.378955"><ele>240.21</ele></trkpt>
      <trkpt lat="48.25998" lon="15.378862"><ele>239.62</ele></trkpt>
      <trkpt lat="48.260276999999995" lon="15.378682999999999"><ele>239.51</ele></trkpt>
      <trkpt lat="48.260664999999996" lon="15.378416"><ele>240.13</ele></trkpt>
      <trkpt lat="48.260791" lon="15.378343999999998"><ele>240.38</ele></trkpt>
      <trkpt lat="48.261119" lon="15.378193"><ele>240.84</ele></trkpt>
      <trkpt lat="48.261255999999996" lon="15.378141999999999"><ele>241</ele></trkpt>
      <trkpt lat="48.261333" lon="15.378124999999999"><ele>240.66</ele></trkpt>
      <trkpt lat="48.261367" lon="15.378126"><ele>240.54</ele></trkpt>
      <trkpt lat="48.261430999999995" lon="15.378162"><ele>240.67</ele></trkpt>
      <trkpt lat="48.261486" lon="15.378174999999999"><ele>240.75</ele></trkpt>
      <trkpt lat="48.261525999999996" lon="15.37821"><ele>240.81</ele></trkpt>
      <trkpt lat="48.261582999999995" lon="15.378228"><ele>240.78</ele></trkpt>
      <trkpt lat="48.262111999999995" lon="15.378172"><ele>241.82</ele></trkpt>
      <trkpt lat="48.262442" lon="15.378172"><ele>242.08</ele></trkpt>
      <trkpt lat="48.262527999999996" lon="15.37816"><ele>242.06</ele></trkpt>
      <trkpt lat="48.262563" lon="15.378143"><ele>241.77</ele></trkpt>
      <trkpt lat="48.262606999999996" lon="15.378072999999999"><ele>240.8</ele></trkpt>
      <trkpt lat="48.262654999999995" lon="15.378048"><ele>240.66</ele></trkpt>
      <trkpt lat="48.262926" lon="15.378098999999999"><ele>241.38</ele></trkpt>
      <trkpt lat="48.263065" lon="15.37814"><ele>241.52</ele></trkpt>
      <trkpt lat="48.263307999999995" lon="15.378257999999999"><ele>242.13</ele></trkpt>
      <trkpt lat="48.263555" lon="15.378430999999999"><ele>242.62</ele></trkpt>
      <trkpt lat="48.263678999999996" lon="15.378542999999999"><ele>243.12</ele></trkpt>
      <trkpt lat="48.263807" lon="15.378715"><ele>243.59</ele></trkpt>
      <trkpt lat="48.264252" lon="15.379116"><ele>241.45</ele></trkpt>
      <trkpt lat="48.264666" lon="15.379441"><ele>240.35</ele></trkpt>
      <trkpt lat="48.26488" lon="15.379624999999999"><ele>240.02</ele></trkpt>
      <trkpt lat="48.264979" lon="15.379717999999999"><ele>239.89</ele></trkpt>
      <trkpt lat="48.265271999999996" lon="15.38003"><ele>239.51</ele></trkpt>
      <trkpt lat="48.26544" lon="15.380170999999999"><ele>239.48</ele></trkpt>
      <trkpt lat="48.265587" lon="15.380253999999999"><ele>239.49</ele></trkpt>
      <trkpt lat="48.266002" lon="15.380398"><ele>239.24</ele></trkpt>
      <trkpt lat="48.266149999999996" lon="15.380471"><ele>239</ele></trkpt>
      <trkpt lat="48.266273999999996" lon="15.380547"><ele>238.79</ele></trkpt>
      <trkpt lat="48.266338999999995" lon="15.3806"><ele>238.68</ele></trkpt>
      <trkpt lat="48.266452" lon="15.380716999999999"><ele>238.44</ele></trkpt>
      <trkpt lat="48.26659" lon="15.380898"><ele>238.12</ele></trkpt>
      <trkpt lat="48.266777" lon="15.381167999999999"><ele>237.64</ele></trkpt>
      <trkpt lat="48.266895" lon="15.381309"><ele>237.37</ele></trkpt>
      <trkpt lat="48.267074" lon="15.381442999999999"><ele>236.9</ele></trkpt>
      <trkpt lat="48.267770999999996" lon="15.381901"><ele>235.45</ele></trkpt>
      <trkpt lat="48.267936999999996" lon="15.382031"><ele>235.03</ele></trkpt>
      <trkpt lat="48.268097" lon="15.382211"><ele>234.7</ele></trkpt>
      <trkpt lat="48.268167" lon="15.382308"><ele>234.6</ele></trkpt>
      <trkpt lat="48.268463999999994" lon="15.382824999999999"><ele>234.07</ele></trkpt>
      <trkpt lat="48.269385" lon="15.38434"><ele>232.99</ele></trkpt>
      <trkpt lat="48.2697" lon="15.384832999999999"><ele>233.06</ele></trkpt>
      <trkpt lat="48.269763" lon="15.384736"><ele>229.31</ele></trkpt>
      <trkpt lat="48.269856" lon="15.384896"><ele>229.33</ele></trkpt>
      <trkpt lat="48.269936" lon="15.385062"><ele>229.45</ele></trkpt>
      <trkpt lat="48.270103" lon="15.385491"><ele>225.45</ele></trkpt>
      <trkpt lat="48.270168" lon="15.385634999999999"><ele>224.7</ele></trkpt>
      <trkpt lat="48.270238" lon="15.385764"><ele>223.88</ele></trkpt>
      <trkpt lat="48.270508" lon="15.386185999999999"><ele>221</ele></trkpt>
      <trkpt lat="48.271027" lon="15.38694"><ele>215.93</ele></trkpt>
      <trkpt lat="48.272586" lon="15.389071"><ele>208.84</ele></trkpt>
      <trkpt lat="48.272818" lon="15.389413"><ele>208.91</ele></trkpt>
      <trkpt lat="48.272946999999995" lon="15.389626999999999"><ele>209.15</ele></trkpt>
      <trkpt lat="48.273177999999994" lon="15.390049999999999"><ele>209.37</ele></trkpt>
      <trkpt lat="48.273285" lon="15.390267"><ele>209.6</ele></trkpt>
      <trkpt lat="48.273616999999994" lon="15.391039"><ele>209.85</ele></trkpt>
      <trkpt lat="48.273751" lon="15.391309"><ele>209.95</ele></trkpt>
      <trkpt lat="48.273883999999995" lon="15.391532999999999"><ele>209.81</ele></trkpt>
      <trkpt lat="48.273928999999995" lon="15.391589999999999"><ele>209.45</ele></trkpt>
      <trkpt lat="48.273955" lon="15.39161"><ele>209.34</ele></trkpt>
      <trkpt lat="48.273996999999994" lon="15.391601999999999"><ele>209.08</ele></trkpt>
      <trkpt lat="48.274057" lon="15.391509"><ele>208.58</ele></trkpt>
      <trkpt lat="48.274097" lon="15.391485999999999"><ele>208.38</ele></trkpt>
      <trkpt lat="48.274139" lon="15.391484"><ele>208.26</ele></trkpt>
      <trkpt lat="48.274175" lon="15.391504999999999"><ele>208.18</ele></trkpt>
      <trkpt lat="48.274367" lon="15.391772999999999"><ele>208</ele></trkpt>
      <trkpt lat="48.274724" lon="15.392223"><ele>207.31</ele></trkpt>
      <trkpt lat="48.275045999999996" lon="15.392752"><ele>206.92</ele></trkpt>
      <trkpt lat="48.275552999999995" lon="15.393360999999999"><ele>206.35</ele></trkpt>
      <trkpt lat="48.275749999999995" lon="15.393562"><ele>206.35</ele></trkpt>
      <trkpt lat="48.275802" lon="15.393626"><ele>206.35</ele></trkpt>
      <trkpt lat="48.275953" lon="15.393839999999999"><ele>206.36</ele></trkpt>
      <trkpt lat="48.276362" lon="15.394371999999999"><ele>206.3</ele></trkpt>
      <trkpt lat="48.276889" lon="15.394948999999999"><ele>206.25</ele></trkpt>
      <trkpt lat="48.277564" lon="15.395859"><ele>206.86</ele></trkpt>
      <trkpt lat="48.277743" lon="15.39603"><ele>206.92</ele></trkpt>
      <trkpt lat="48.277924999999996" lon="15.396244"><ele>206.89</ele></trkpt>
      <trkpt lat="48.278107999999996" lon="15.396500999999999"><ele>206.76</ele></trkpt>
      <trkpt lat="48.278495" lon="15.397086999999999"><ele>206.61</ele></trkpt>
      <trkpt lat="48.278741" lon="15.397438999999999"><ele>206.69</ele></trkpt>
      <trkpt lat="48.279154999999996" lon="15.398123"><ele>206.85</ele></trkpt>
      <trkpt lat="48.279526999999995" lon="15.39866"><ele>206.91</ele></trkpt>
      <trkpt lat="48.279785" lon="15.398985999999999"><ele>206.69</ele></trkpt>
      <trkpt lat="48.280122999999996" lon="15.399458999999998"><ele>206.63</ele></trkpt>
      <trkpt lat="48.28042" lon="15.399839"><ele>206.54</ele></trkpt>
      <trkpt lat="48.280746" lon="15.400286999999999"><ele>206.65</ele></trkpt>
      <trkpt lat="48.281036" lon="15.400661"><ele>206.91</ele></trkpt>
      <trkpt lat="48.281196" lon="15.400896999999999"><ele>207.03</ele></trkpt>
      <trkpt lat="48.281293" lon="15.401024"><ele>207.09</ele></trkpt>
      <trkpt lat="48.281645" lon="15.401439"><ele>207.27</ele></trkpt>
      <trkpt lat="48.281861" lon="15.401677"><ele>207.24</ele></trkpt>
      <trkpt lat="48.282081" lon="15.401879999999998"><ele>207.06</ele></trkpt>
      <trkpt lat="48.282388999999995" lon="15.402118"><ele>206.85</ele></trkpt>
      <trkpt lat="48.282578" lon="15.402239"><ele>206.72</ele></trkpt>
      <trkpt lat="48.282838999999996" lon="15.402382"><ele>206.57</ele></trkpt>
      <trkpt lat="48.284451" lon="15.403585"><ele>206.15</ele></trkpt>
      <trkpt lat="48.284942" lon="15.403915999999999"><ele>205.73</ele></trkpt>
      <trkpt lat="48.285455" lon="15.404278999999999"><ele>205.38</ele></trkpt>
      <trkpt lat="48.285683" lon="15.404413"><ele>205.15</ele></trkpt>
      <trkpt lat="48.285726" lon="15.404449999999999"><ele>205.1</ele></trkpt>
      <trkpt lat="48.285923999999994" lon="15.404684"><ele>204.79</ele></trkpt>
      <trkpt lat="48.286260999999996" lon="15.404981"><ele>204.24</ele></trkpt>
      <trkpt lat="48.286516" lon="15.405225999999999"><ele>203.55</ele></trkpt>
      <trkpt lat="48.286589" lon="15.405311"><ele>203.35</ele></trkpt>
      <trkpt lat="48.286702" lon="15.405469"><ele>202.83</ele></trkpt>
      <trkpt lat="48.286891" lon="15.405757"><ele>204.54</ele></trkpt>
      <trkpt lat="48.286961" lon="15.405854999999999"><ele>205.86</ele></trkpt>
      <trkpt lat="48.286998999999994" lon="15.405878999999999"><ele>205.97</ele></trkpt>
      <trkpt lat="48.287116" lon="15.40589"><ele>205.39</ele></trkpt>
      <trkpt lat="48.287175" lon="15.405908"><ele>205.3</ele></trkpt>
      <trkpt lat="48.287687999999996" lon="15.406155"><ele>205.53</ele></trkpt>
      <trkpt lat="48.287849" lon="15.406222"><ele>205.64</ele></trkpt>
      <trkpt lat="48.288005999999996" lon="15.406267999999999"><ele>205.83</ele></trkpt>
      <trkpt lat="48.288303" lon="15.406301"><ele>206.01</ele></trkpt>
      <trkpt lat="48.288346" lon="15.406321"><ele>206.13</ele></trkpt>
      <trkpt lat="48.28838" lon="15.406365"><ele>206.64</ele></trkpt>
      <trkpt lat="48.288458999999996" lon="15.406421"><ele>207.41</ele></trkpt>
      <trkpt lat="48.288965999999995" lon="15.406469999999999"><ele>207.15</ele></trkpt>
      <trkpt lat="48.289379" lon="15.40649"><ele>206.49</ele></trkpt>
      <trkpt lat="48.290143" lon="15.4066"><ele>206.05</ele></trkpt>
      <trkpt lat="48.290749999999996" lon="15.406642999999999"><ele>205.52</ele></trkpt>
      <trkpt lat="48.290862999999995" lon="15.40667"><ele>205.49</ele></trkpt>
      <trkpt lat="48.291368999999996" lon="15.406958"><ele>207.05</ele></trkpt>
      <trkpt lat="48.292007" lon="15.407369999999998"><ele>206.78</ele></trkpt>
      <trkpt lat="48.292263999999996" lon="15.40747"><ele>203.96</ele></trkpt>
      <trkpt lat="48.292504" lon="15.407499"><ele>205.59</ele></trkpt>
      <trkpt lat="48.292652" lon="15.407499"><ele>205.72</ele></trkpt>
      <trkpt lat="48.29297" lon="15.407425"><ele>204.85</ele></trkpt>
      <trkpt lat="48.293174" lon="15.407399"><ele>204.67</ele></trkpt>
      <trkpt lat="48.293271999999995" lon="15.407397"><ele>204.6</ele></trkpt>
      <trkpt lat="48.293459" lon="15.407426"><ele>204.81</ele></trkpt>
      <trkpt lat="48.293766999999995" lon="15.407518999999999"><ele>205.54</ele></trkpt>
      <trkpt lat="48.293862" lon="15.407580999999999"><ele>205.61</ele></trkpt>
      <trkpt lat="48.294382" lon="15.407819"><ele>205.33</ele></trkpt>
      <trkpt lat="48.294457" lon="15.407843999999999"><ele>205.31</ele></trkpt>
      <trkpt lat="48.294627" lon="15.407879999999999"><ele>205.29</ele></trkpt>
      <trkpt lat="48.294975" lon="15.407898"><ele>205.42</ele></trkpt>
      <trkpt lat="48.295459" lon="15.407964999999999"><ele>205.52</ele></trkpt>
      <trkpt lat="48.295747" lon="15.408031999999999"><ele>205.48</ele></trkpt>
      <trkpt lat="48.296008" lon="15.408113"><ele>205.46</ele></trkpt>
      <trkpt lat="48.296808" lon="15.408529999999999"><ele>205.52</ele></trkpt>
      <trkpt lat="48.297094" lon="15.408698999999999"><ele>205.63</ele></trkpt>
      <trkpt lat="48.297291" lon="15.408828999999999"><ele>205.59</ele></trkpt>
      <trkpt lat="48.297658" lon="15.409097"><ele>205.38</ele></trkpt>
      <trkpt lat="48.297897" lon="15.409244"><ele>205.23</ele></trkpt>
      <trkpt lat="48.298032" lon="15.409314"><ele>205.17</ele></trkpt>
      <trkpt lat="48.298268" lon="15.409422"><ele>205.18</ele></trkpt>
      <trkpt lat="48.298631" lon="15.409564999999999"><ele>205.25</ele></trkpt>
      <trkpt lat="48.298817" lon="15.409625"><ele>205.21</ele></trkpt>
      <trkpt lat="48.299178" lon="15.40969"><ele>205.14</ele></trkpt>
      <trkpt lat="48.29944" lon="15.409804"><ele>205.19</ele></trkpt>
      <trkpt lat="48.299923" lon="15.409951999999999"><ele>204.98</ele></trkpt>
      <trkpt lat="48.300838" lon="15.410421"><ele>204.99</ele></trkpt>
      <trkpt lat="48.300968999999995" lon="15.41047"><ele>205.04</ele></trkpt>
      <trkpt lat="48.301111" lon="15.410544"><ele>205.13</ele></trkpt>
      <trkpt lat="48.301635999999995" lon="15.410727"><ele>205.85</ele></trkpt>
      <trkpt lat="48.30202" lon="15.41086"><ele>205.72</ele></trkpt>
      <trkpt lat="48.30303" lon="15.411081999999999"><ele>205.28</ele></trkpt>
      <trkpt lat="48.303843" lon="15.411328999999999"><ele>205.15</ele></trkpt>
      <trkpt lat="48.304427" lon="15.411482"><ele>204.94</ele></trkpt>
      <trkpt lat="48.304770999999995" lon="15.411557"><ele>205.17</ele></trkpt>
      <trkpt lat="48.308423" lon="15.411923"><ele>204.84</ele></trkpt>
      <trkpt lat="48.308757" lon="15.411966"><ele>205.01</ele></trkpt>
      <trkpt lat="48.308952999999995" lon="15.412011999999999"><ele>205.1</ele></trkpt>
      <trkpt lat="48.309058" lon="15.412049"><ele>204.87</ele></trkpt>
      <trkpt lat="48.309155" lon="15.412097999999999"><ele>204.84</ele></trkpt>
      <trkpt lat="48.309441" lon="15.412306"><ele>207.26</ele></trkpt>
      <trkpt lat="48.309548" lon="15.412402"><ele>207.89</ele></trkpt>
      <trkpt lat="48.309951999999996" lon="15.412854999999999"><ele>209</ele></trkpt>
      <trkpt lat="48.310061" lon="15.412965999999999"><ele>208.96</ele></trkpt>
      <trkpt lat="48.310204999999996" lon="15.413051999999999"><ele>208.94</ele></trkpt>
      <trkpt lat="48.310551" lon="15.413323"><ele>208.58</ele></trkpt>
      <trkpt lat="48.310734" lon="15.413387"><ele>208.44</ele></trkpt>
      <trkpt lat="48.310927" lon="15.413414"><ele>208.3</ele></trkpt>
      <trkpt lat="48.311035" lon="15.413414999999999"><ele>208.23</ele></trkpt>
      <trkpt lat="48.31125" lon="15.413387"><ele>208.09</ele></trkpt>
      <trkpt lat="48.311509" lon="15.413295999999999"><ele>207.99</ele></trkpt>
      <trkpt lat="48.311946999999996" lon="15.413082"><ele>207.97</ele></trkpt>
      <trkpt lat="48.311997" lon="15.413022999999999"><ele>207.94</ele></trkpt>
      <trkpt lat="48.312019" lon="15.412949"><ele>207.89</ele></trkpt>
      <trkpt lat="48.312107" lon="15.412866999999999"><ele>207.57</ele></trkpt>
      <trkpt lat="48.312132999999996" lon="15.412707999999999"><ele>206.53</ele></trkpt>
      <trkpt lat="48.312152999999995" lon="15.412688"><ele>206.49</ele></trkpt>
      <trkpt lat="48.312174999999996" lon="15.412685"><ele>206.36</ele></trkpt>
      <trkpt lat="48.312346" lon="15.412728999999999"><ele>206.41</ele></trkpt>
      <trkpt lat="48.312549" lon="15.412732"><ele>206.42</ele></trkpt>
      <trkpt lat="48.314189" lon="15.413146999999999"><ele>205.44</ele></trkpt>
      <trkpt lat="48.314454" lon="15.413234"><ele>205.55</ele></trkpt>
      <trkpt lat="48.314675" lon="15.413329"><ele>205.41</ele></trkpt>
      <trkpt lat="48.314744999999995" lon="15.413338999999999"><ele>205.36</ele></trkpt>
      <trkpt lat="48.314826" lon="15.413329999999998"><ele>205.34</ele></trkpt>
      <trkpt lat="48.314909" lon="15.413340999999999"><ele>205.4</ele></trkpt>
      <trkpt lat="48.315279" lon="15.41343"><ele>204.71</ele></trkpt>
      <trkpt lat="48.315669" lon="15.413556"><ele>205.28</ele></trkpt>
      <trkpt lat="48.315788999999995" lon="15.413578"><ele>205.08</ele></trkpt>
      <trkpt lat="48.316341" lon="15.413606999999999"><ele>204.85</ele></trkpt>
      <trkpt lat="48.316533" lon="15.413594"><ele>204.77</ele></trkpt>
      <trkpt lat="48.316773" lon="15.413611"><ele>204.91</ele></trkpt>
      <trkpt lat="48.317026" lon="15.413587"><ele>204.79</ele></trkpt>
      <trkpt lat="48.317319" lon="15.413606999999999"><ele>204.83</ele></trkpt>
      <trkpt lat="48.317512" lon="15.413606"><ele>204.87</ele></trkpt>
      <trkpt lat="48.317678" lon="15.413632"><ele>204.87</ele></trkpt>
      <trkpt lat="48.317809999999994" lon="15.413639"><ele>205.01</ele></trkpt>
      <trkpt lat="48.318827999999996" lon="15.413571999999998"><ele>205.53</ele></trkpt>
      <trkpt lat="48.319294" lon="15.413459999999999"><ele>205.42</ele></trkpt>
      <trkpt lat="48.319922999999996" lon="15.413262999999999"><ele>205.29</ele></trkpt>
      <trkpt lat="48.320132" lon="15.413208"><ele>205.32</ele></trkpt>
      <trkpt lat="48.320522999999994" lon="15.413077999999999"><ele>205.51</ele></trkpt>
      <trkpt lat="48.321552" lon="15.412811"><ele>205.28</ele></trkpt>
      <trkpt lat="48.321802999999996" lon="15.412759"><ele>205.26</ele></trkpt>
      <trkpt lat="48.322483999999996" lon="15.412683999999999"><ele>205.26</ele></trkpt>
      <trkpt lat="48.322835" lon="15.412562"><ele>205.48</ele></trkpt>
      <trkpt lat="48.322992" lon="15.412522"><ele>205.48</ele></trkpt>
      <trkpt lat="48.323338" lon="15.412472"><ele>205.3</ele></trkpt>
      <trkpt lat="48.32356" lon="15.412427999999998"><ele>205.31</ele></trkpt>
      <trkpt lat="48.323817" lon="15.412360999999999"><ele>205.4</ele></trkpt>
      <trkpt lat="48.324452" lon="15.412108"><ele>205.19</ele></trkpt>
      <trkpt lat="48.324664" lon="15.412042"><ele>204.92</ele></trkpt>
      <trkpt lat="48.324799999999996" lon="15.412035"><ele>204.76</ele></trkpt>
      <trkpt lat="48.324925" lon="15.412063999999999"><ele>204.55</ele></trkpt>
      <trkpt lat="48.325075" lon="15.412125999999999"><ele>205.62</ele></trkpt>
      <trkpt lat="48.325126" lon="15.41213"><ele>206.12</ele></trkpt>
      <trkpt lat="48.325272" lon="15.412094"><ele>206.07</ele></trkpt>
      <trkpt lat="48.325617" lon="15.411956"><ele>205.43</ele></trkpt>
      <trkpt lat="48.326147999999996" lon="15.411785"><ele>205.08</ele></trkpt>
      <trkpt lat="48.326226" lon="15.411753"><ele>205.1</ele></trkpt>
      <trkpt lat="48.326525" lon="15.411591999999999"><ele>205.18</ele></trkpt>
      <trkpt lat="48.32685" lon="15.411537"><ele>205.14</ele></trkpt>
      <trkpt lat="48.327771" lon="15.411199"><ele>205.06</ele></trkpt>
      <trkpt lat="48.328268" lon="15.41109"><ele>205.07</ele></trkpt>
      <trkpt lat="48.328644" lon="15.410955"><ele>205.07</ele></trkpt>
      <trkpt lat="48.329083999999995" lon="15.410779"><ele>205.15</ele></trkpt>
      <trkpt lat="48.329543" lon="15.410687999999999"><ele>205.14</ele></trkpt>
      <trkpt lat="48.329812999999994" lon="15.410606"><ele>205.22</ele></trkpt>
      <trkpt lat="48.329995" lon="15.410566"><ele>205.2</ele></trkpt>
      <trkpt lat="48.330956" lon="15.410421999999999"><ele>204.59</ele></trkpt>
      <trkpt lat="48.331362" lon="15.410276999999999"><ele>204.48</ele></trkpt>
      <trkpt lat="48.331578" lon="15.410276999999999"><ele>204.46</ele></trkpt>
      <trkpt lat="48.331956999999996" lon="15.410212"><ele>204.56</ele></trkpt>
      <trkpt lat="48.332497" lon="15.410055"><ele>204.93</ele></trkpt>
      <trkpt lat="48.332913" lon="15.40992"><ele>204.83</ele></trkpt>
      <trkpt lat="48.333059999999996" lon="15.409863"><ele>204.86</ele></trkpt>
      <trkpt lat="48.333365" lon="15.409714999999998"><ele>205.01</ele></trkpt>
      <trkpt lat="48.333912999999995" lon="15.409661999999999"><ele>205.41</ele></trkpt>
      <trkpt lat="48.334213999999996" lon="15.409649"><ele>205.96</ele></trkpt>
      <trkpt lat="48.335283" lon="15.409654"><ele>205.37</ele></trkpt>
      <trkpt lat="48.335839" lon="15.409531999999999"><ele>204.04</ele></trkpt>
      <trkpt lat="48.336239" lon="15.409492"><ele>203.44</ele></trkpt>
      <trkpt lat="48.337388" lon="15.409035999999999"><ele>202.9</ele></trkpt>
      <trkpt lat="48.337478999999995" lon="15.409018999999999"><ele>202.84</ele></trkpt>
      <trkpt lat="48.337866999999996" lon="15.409075"><ele>203.59</ele></trkpt>
      <trkpt lat="48.338175" lon="15.409144999999999"><ele>203.94</ele></trkpt>
      <trkpt lat="48.338843" lon="15.409206"><ele>204.06</ele></trkpt>
      <trkpt lat="48.339281" lon="15.409308"><ele>203.85</ele></trkpt>
      <trkpt lat="48.339638" lon="15.409351"><ele>203.99</ele></trkpt>
      <trkpt lat="48.340114" lon="15.409441999999999"><ele>204.13</ele></trkpt>
      <trkpt lat="48.341003" lon="15.409564"><ele>203.91</ele></trkpt>
      <trkpt lat="48.341308" lon="15.409588999999999"><ele>203.74</ele></trkpt>
      <trkpt lat="48.341837" lon="15.409593"><ele>203.8</ele></trkpt>
      <trkpt lat="48.342377" lon="15.40963"><ele>204.19</ele></trkpt>
      <trkpt lat="48.34269" lon="15.409688999999998"><ele>204.49</ele></trkpt>
      <trkpt lat="48.342951" lon="15.409716"><ele>204.54</ele></trkpt>
      <trkpt lat="48.343157" lon="15.409702999999999"><ele>204.57</ele></trkpt>
      <trkpt lat="48.343809" lon="15.409623999999999"><ele>203.96</ele></trkpt>
      <trkpt lat="48.343925999999996" lon="15.40963"><ele>204.08</ele></trkpt>
      <trkpt lat="48.344052" lon="15.409657999999999"><ele>204.2</ele></trkpt>
      <trkpt lat="48.344204999999995" lon="15.409707"><ele>204.09</ele></trkpt>
      <trkpt lat="48.344372" lon="15.409732"><ele>203.97</ele></trkpt>
      <trkpt lat="48.344884" lon="15.40969"><ele>203.8</ele></trkpt>
      <trkpt lat="48.345138999999996" lon="15.409711999999999"><ele>203.56</ele></trkpt>
      <trkpt lat="48.345405" lon="15.409758"><ele>203.37</ele></trkpt>
      <trkpt lat="48.346381" lon="15.409830999999999"><ele>202.7</ele></trkpt>
      <trkpt lat="48.347251" lon="15.409911"><ele>203.14</ele></trkpt>
      <trkpt lat="48.347521" lon="15.409918999999999"><ele>203.3</ele></trkpt>
      <trkpt lat="48.348338" lon="15.410029"><ele>203.18</ele></trkpt>
      <trkpt lat="48.348931" lon="15.410138"><ele>203.06</ele></trkpt>
      <trkpt lat="48.349394" lon="15.41024"><ele>203.48</ele></trkpt>
      <trkpt lat="48.349548" lon="15.410262999999999"><ele>203.39</ele></trkpt>
      <trkpt lat="48.350065" lon="15.410406"><ele>203.02</ele></trkpt>
      <trkpt lat="48.350575" lon="15.41053"><ele>203.47</ele></trkpt>
      <trkpt lat="48.350888999999995" lon="15.410591"><ele>203.08</ele></trkpt>
      <trkpt lat="48.351208" lon="15.410635"><ele>203</ele></trkpt>
      <trkpt lat="48.35235" lon="15.410969"><ele>202.54</ele></trkpt>
      <trkpt lat="48.352584" lon="15.411"><ele>202.4</ele></trkpt>
      <trkpt lat="48.353074" lon="15.411028"><ele>202.51</ele></trkpt>
      <trkpt lat="48.353308999999996" lon="15.411059999999999"><ele>203.03</ele></trkpt>
      <trkpt lat="48.353432999999995" lon="15.411093"><ele>203.25</ele></trkpt>
      <trkpt lat="48.353572" lon="15.411154"><ele>203.27</ele></trkpt>
      <trkpt lat="48.353742999999994" lon="15.41124"><ele>203.13</ele></trkpt>
      <trkpt lat="48.354065999999996" lon="15.411508"><ele>202.93</ele></trkpt>
      <trkpt lat="48.354163" lon="15.411605999999999"><ele>203.09</ele></trkpt>
      <trkpt lat="48.354268" lon="15.411764"><ele>202.69</ele></trkpt>
      <trkpt lat="48.354309" lon="15.411781999999999"><ele>202.33</ele></trkpt>
      <trkpt lat="48.354332" lon="15.411804"><ele>202.2</ele></trkpt>
      <trkpt lat="48.354727" lon="15.412215"><ele>203.81</ele></trkpt>
      <trkpt lat="48.355509" lon="15.412984"><ele>203.81</ele></trkpt>
      <trkpt lat="48.355556" lon="15.413037999999998"><ele>203.87</ele></trkpt>
      <trkpt lat="48.355658" lon="15.41321"><ele>203.97</ele></trkpt>
      <trkpt lat="48.355726999999995" lon="15.413293999999999"><ele>203.88</ele></trkpt>
      <trkpt lat="48.356258999999994" lon="15.413846"><ele>203.5</ele></trkpt>
      <trkpt lat="48.356398999999996" lon="15.414007999999999"><ele>203.34</ele></trkpt>
      <trkpt lat="48.356722" lon="15.414449"><ele>202.96</ele></trkpt>
      <trkpt lat="48.35718" lon="15.415052"><ele>202.53</ele></trkpt>
      <trkpt lat="48.357476999999996" lon="15.415548"><ele>202.45</ele></trkpt>
      <trkpt lat="48.358008" lon="15.416352"><ele>202.62</ele></trkpt>
      <trkpt lat="48.358354999999996" lon="15.416913999999998"><ele>202.82</ele></trkpt>
      <trkpt lat="48.358588" lon="15.417244"><ele>202.91</ele></trkpt>
      <trkpt lat="48.358875" lon="15.417696999999999"><ele>202.78</ele></trkpt>
      <trkpt lat="48.35908" lon="15.417969999999999"><ele>202.68</ele></trkpt>
      <trkpt lat="48.360268" lon="15.419851"><ele>202.7</ele></trkpt>
      <trkpt lat="48.360554" lon="15.420337"><ele>203.09</ele></trkpt>
      <trkpt lat="48.360658" lon="15.420463"><ele>202.62</ele></trkpt>
      <trkpt lat="48.360696999999995" lon="15.420603999999999"><ele>202.87</ele></trkpt>
      <trkpt lat="48.361121999999995" lon="15.421453999999999"><ele>203.26</ele></trkpt>
      <trkpt lat="48.361284999999995" lon="15.421752"><ele>203.36</ele></trkpt>
      <trkpt lat="48.361588999999995" lon="15.422263"><ele>203.47</ele></trkpt>
      <trkpt lat="48.361810999999996" lon="15.422656"><ele>203.16</ele></trkpt>
      <trkpt lat="48.362109" lon="15.423255999999999"><ele>203.17</ele></trkpt>
      <trkpt lat="48.362342999999996" lon="15.42368"><ele>203.13</ele></trkpt>
      <trkpt lat="48.363146" lon="15.425241"><ele>203.38</ele></trkpt>
      <trkpt lat="48.363507" lon="15.425994"><ele>203</ele></trkpt>
      <trkpt lat="48.363611" lon="15.426146999999998"><ele>202.92</ele></trkpt>
      <trkpt lat="48.363676" lon="15.426215"><ele>202.88</ele></trkpt>
      <trkpt lat="48.36394" lon="15.426444"><ele>202.64</ele></trkpt>
      <trkpt lat="48.364052" lon="15.426566999999999"><ele>202.47</ele></trkpt>
      <trkpt lat="48.364273999999995" lon="15.426929"><ele>202.29</ele></trkpt>
      <trkpt lat="48.364407" lon="15.427176"><ele>202</ele></trkpt>
      <trkpt lat="48.364801" lon="15.427976999999998"><ele>202.12</ele></trkpt>
      <trkpt lat="48.364835" lon="15.428052999999998"><ele>202.16</ele></trkpt>
      <trkpt lat="48.364855999999996" lon="15.428123"><ele>202.21</ele></trkpt>
      <trkpt lat="48.364888" lon="15.428336"><ele>202.17</ele></trkpt>
      <trkpt lat="48.364909" lon="15.428567"><ele>201.95</ele></trkpt>
      <trkpt lat="48.364892" lon="15.428875999999999"><ele>203.48</ele></trkpt>
      <trkpt lat="48.364909" lon="15.428946"><ele>203.44</ele></trkpt>
      <trkpt lat="48.365063" lon="15.429414999999999"><ele>202.64</ele></trkpt>
      <trkpt lat="48.365305" lon="15.430342"><ele>202.39</ele></trkpt>
      <trkpt lat="48.365514" lon="15.430971999999999"><ele>202.37</ele></trkpt>
      <trkpt lat="48.365674" lon="15.431521"><ele>202.32</ele></trkpt>
      <trkpt lat="48.365756" lon="15.431840999999999"><ele>202.42</ele></trkpt>
      <trkpt lat="48.365896" lon="15.43249"><ele>202.51</ele></trkpt>
      <trkpt lat="48.365956" lon="15.432709"><ele>202.46</ele></trkpt>
      <trkpt lat="48.366054999999996" lon="15.432993"><ele>202.48</ele></trkpt>
      <trkpt lat="48.366228" lon="15.433408"><ele>202.02</ele></trkpt>
      <trkpt lat="48.366361" lon="15.433750999999999"><ele>201.86</ele></trkpt>
      <trkpt lat="48.366374" lon="15.433826999999999"><ele>202.48</ele></trkpt>
      <trkpt lat="48.366475" lon="15.434012"><ele>201.67</ele></trkpt>
      <trkpt lat="48.366527" lon="15.434144"><ele>201.42</ele></trkpt>
      <trkpt lat="48.366628999999996" lon="15.434484999999999"><ele>201.21</ele></trkpt>
      <trkpt lat="48.366682" lon="15.434778999999999"><ele>202.92</ele></trkpt>
      <trkpt lat="48.366726" lon="15.434949"><ele>202.65</ele></trkpt>
      <trkpt lat="48.366910999999995" lon="15.436079999999999"><ele>203.03</ele></trkpt>
      <trkpt lat="48.366991" lon="15.436437"><ele>203.14</ele></trkpt>
      <trkpt lat="48.367245999999994" lon="15.437268"><ele>203.2</ele></trkpt>
      <trkpt lat="48.36761" lon="15.438383"><ele>202.99</ele></trkpt>
      <trkpt lat="48.368058" lon="15.439708"><ele>202.2</ele></trkpt>
      <trkpt lat="48.368441" lon="15.440878999999999"><ele>202.09</ele></trkpt>
      <trkpt lat="48.36857" lon="15.441187999999999"><ele>202.07</ele></trkpt>
      <trkpt lat="48.369046999999995" lon="15.442177"><ele>201.83</ele></trkpt>
      <trkpt lat="48.369333999999995" lon="15.442682"><ele>201.43</ele></trkpt>
      <trkpt lat="48.369493" lon="15.443016"><ele>201.32</ele></trkpt>
      <trkpt lat="48.369637" lon="15.443496"><ele>201.16</ele></trkpt>
      <trkpt lat="48.369716" lon="15.443722"><ele>201.22</ele></trkpt>
      <trkpt lat="48.369782" lon="15.443855999999998"><ele>201.18</ele></trkpt>
      <trkpt lat="48.36989" lon="15.444035"><ele>201.36</ele></trkpt>
      <trkpt lat="48.369927" lon="15.444123"><ele>201.37</ele></trkpt>
      <trkpt lat="48.369955999999995" lon="15.44421"><ele>201.21</ele></trkpt>
      <trkpt lat="48.37001" lon="15.444431999999999"><ele>201.72</ele></trkpt>
      <trkpt lat="48.37001" lon="15.444554"><ele>202.2</ele></trkpt>
      <trkpt lat="48.370118999999995" lon="15.445189999999998"><ele>201.62</ele></trkpt>
      <trkpt lat="48.370363" lon="15.446344999999999"><ele>201.93</ele></trkpt>
      <trkpt lat="48.370466" lon="15.446802"><ele>202.19</ele></trkpt>
      <trkpt lat="48.370579" lon="15.447201999999999"><ele>202.36</ele></trkpt>
      <trkpt lat="48.370788999999995" lon="15.447776999999999"><ele>202.6</ele></trkpt>
      <trkpt lat="48.371009" lon="15.448252"><ele>202.63</ele></trkpt>
      <trkpt lat="48.371317999999995" lon="15.448863"><ele>202.76</ele></trkpt>
      <trkpt lat="48.371511" lon="15.449178999999999"><ele>202.9</ele></trkpt>
      <trkpt lat="48.371750999999996" lon="15.449489999999999"><ele>203.01</ele></trkpt>
      <trkpt lat="48.371801" lon="15.449567"><ele>203.01</ele></trkpt>
      <trkpt lat="48.371932" lon="15.449831"><ele>202.99</ele></trkpt>
      <trkpt lat="48.372295" lon="15.450441"><ele>202.29</ele></trkpt>
      <trkpt lat="48.372492" lon="15.450733999999999"><ele>201.88</ele></trkpt>
      <trkpt lat="48.372887" lon="15.451412"><ele>202.53</ele></trkpt>
      <trkpt lat="48.373051" lon="15.451659999999999"><ele>202.92</ele></trkpt>
      <trkpt lat="48.373208999999996" lon="15.451868"><ele>203.42</ele></trkpt>
      <trkpt lat="48.373411999999995" lon="15.452233"><ele>204.43</ele></trkpt>
      <trkpt lat="48.374050999999994" lon="15.453075"><ele>207.36</ele></trkpt>
      <trkpt lat="48.374538" lon="15.453685"><ele>206.36</ele></trkpt>
      <trkpt lat="48.374705999999996" lon="15.45388"><ele>206.27</ele></trkpt>
      <trkpt lat="48.375035999999994" lon="15.454212"><ele>205.66</ele></trkpt>
      <trkpt lat="48.376782" lon="15.455708999999999"><ele>205.13</ele></trkpt>
      <trkpt lat="48.377033" lon="15.455962999999999"><ele>204.45</ele></trkpt>
      <trkpt lat="48.377258" lon="15.456254999999999"><ele>203.78</ele></trkpt>
      <trkpt lat="48.378665" lon="15.458274"><ele>202.06</ele></trkpt>
      <trkpt lat="48.379042999999996" lon="15.458789999999999"><ele>202.35</ele></trkpt>
      <trkpt lat="48.379124" lon="15.458884"><ele>202.47</ele></trkpt>
      <trkpt lat="48.379179" lon="15.458929"><ele>202.54</ele></trkpt>
      <trkpt lat="48.379283" lon="15.459057999999999"><ele>202.64</ele></trkpt>
      <trkpt lat="48.379354" lon="15.459183"><ele>202.6</ele></trkpt>
      <trkpt lat="48.381325" lon="15.461684"><ele>206.19</ele></trkpt>
      <trkpt lat="48.381491999999994" lon="15.461907"><ele>206.51</ele></trkpt>
      <trkpt lat="48.381719" lon="15.462247"><ele>206.9</ele></trkpt>
      <trkpt lat="48.383471" lon="15.465057999999999"><ele>208.82</ele></trkpt>
      <trkpt lat="48.383835999999995" lon="15.465627"><ele>209.32</ele></trkpt>
      <trkpt lat="48.384156" lon="15.466080999999999"><ele>209.93</ele></trkpt>
      <trkpt lat="48.384401" lon="15.466396"><ele>210.4</ele></trkpt>
      <trkpt lat="48.384536999999995" lon="15.466552"><ele>210.73</ele></trkpt>
      <trkpt lat="48.384868" lon="15.466897"><ele>211.62</ele></trkpt>
      <trkpt lat="48.385369999999995" lon="15.467457"><ele>209.9</ele></trkpt>
      <trkpt lat="48.385628999999994" lon="15.467725"><ele>209.3</ele></trkpt>
      <trkpt lat="48.386834" lon="15.468779999999999"><ele>208.45</ele></trkpt>
      <trkpt lat="48.387766" lon="15.469532999999998"><ele>207.48</ele></trkpt>
      <trkpt lat="48.388283" lon="15.469973999999999"><ele>207.17</ele></trkpt>
      <trkpt lat="48.388307" lon="15.469928999999999"><ele>206.13</ele></trkpt>
      <trkpt lat="48.38838" lon="15.469873"><ele>204.3</ele></trkpt>
      <trkpt lat="48.38841" lon="15.469873999999999"><ele>203.89</ele></trkpt>
      <trkpt lat="48.388445999999995" lon="15.469892999999999"><ele>203.34</ele></trkpt>
      <trkpt lat="48.388476999999995" lon="15.46993"><ele>202.68</ele></trkpt>
      <trkpt lat="48.388664999999996" lon="15.470229"><ele>201.95</ele></trkpt>
      <trkpt lat="48.388807" lon="15.470429"><ele>201.67</ele></trkpt>
      <trkpt lat="48.389083" lon="15.470756999999999"><ele>201.57</ele></trkpt>
      <trkpt lat="48.38989" lon="15.471622"><ele>201.48</ele></trkpt>
      <trkpt lat="48.390933" lon="15.472760999999998"><ele>201.12</ele></trkpt>
      <trkpt lat="48.391182" lon="15.473021"><ele>201.07</ele></trkpt>
      <trkpt lat="48.391492" lon="15.473391"><ele>201.03</ele></trkpt>
      <trkpt lat="48.391673" lon="15.473614999999999"><ele>201.03</ele></trkpt>
      <trkpt lat="48.391883" lon="15.473932999999999"><ele>201.16</ele></trkpt>
      <trkpt lat="48.392292" lon="15.474518"><ele>201.42</ele></trkpt>
      <trkpt lat="48.392444" lon="15.474705"><ele>201.41</ele></trkpt>
      <trkpt lat="48.392616" lon="15.474893999999999"><ele>201.45</ele></trkpt>
      <trkpt lat="48.392979" lon="15.475273"><ele>201.33</ele></trkpt>
      <trkpt lat="48.393001" lon="15.475318999999999"><ele>201.4</ele></trkpt>
      <trkpt lat="48.393012" lon="15.475385999999999"><ele>201.61</ele></trkpt>
      <trkpt lat="48.393007" lon="15.475449"><ele>201.88</ele></trkpt>
      <trkpt lat="48.393014" lon="15.475498"><ele>201.98</ele></trkpt>
      <trkpt lat="48.39304" lon="15.475555"><ele>202.05</ele></trkpt>
      <trkpt lat="48.393611" lon="15.476405999999999"><ele>202.19</ele></trkpt>
      <trkpt lat="48.393693999999996" lon="15.476547"><ele>202.18</ele></trkpt>
      <trkpt lat="48.393727" lon="15.476624999999999"><ele>202.17</ele></trkpt>
      <trkpt lat="48.393803" lon="15.476934"><ele>202.16</ele></trkpt>
      <trkpt lat="48.393831999999996" lon="15.477018999999999"><ele>202.16</ele></trkpt>
      <trkpt lat="48.394239" lon="15.477825999999999"><ele>202.36</ele></trkpt>
      <trkpt lat="48.39441" lon="15.478114"><ele>202.53</ele></trkpt>
      <trkpt lat="48.39451" lon="15.478308"><ele>202.59</ele></trkpt>
      <trkpt lat="48.394523" lon="15.478359"><ele>202.61</ele></trkpt>
      <trkpt lat="48.39452" lon="15.478563"><ele>202.66</ele></trkpt>
      <trkpt lat="48.394526" lon="15.478622"><ele>202.68</ele></trkpt>
      <trkpt lat="48.394574999999996" lon="15.478831999999999"><ele>202.71</ele></trkpt>
      <trkpt lat="48.394656" lon="15.479279"><ele>202.86</ele></trkpt>
      <trkpt lat="48.394735999999995" lon="15.479536999999999"><ele>202.85</ele></trkpt>
      <trkpt lat="48.394973" lon="15.480125"><ele>202.71</ele></trkpt>
      <trkpt lat="48.395025999999994" lon="15.480227"><ele>202.7</ele></trkpt>
      <trkpt lat="48.395319" lon="15.48067"><ele>202.55</ele></trkpt>
      <trkpt lat="48.395437" lon="15.480801"><ele>202.51</ele></trkpt>
      <trkpt lat="48.396032" lon="15.481577999999999"><ele>202.19</ele></trkpt>
      <trkpt lat="48.396271" lon="15.481864"><ele>202.01</ele></trkpt>
      <trkpt lat="48.396381" lon="15.481961"><ele>201.94</ele></trkpt>
      <trkpt lat="48.396518" lon="15.482052999999999"><ele>201.84</ele></trkpt>
      <trkpt lat="48.396750999999995" lon="15.482164"><ele>201.63</ele></trkpt>
      <trkpt lat="48.396992999999995" lon="15.482258"><ele>201.31</ele></trkpt>
      <trkpt lat="48.397071999999994" lon="15.482322"><ele>200.85</ele></trkpt>
      <trkpt lat="48.397278" lon="15.482574"><ele>201.03</ele></trkpt>
      <trkpt lat="48.397580999999995" lon="15.482878999999999"><ele>201.38</ele></trkpt>
      <trkpt lat="48.397872" lon="15.483213"><ele>201.75</ele></trkpt>
      <trkpt lat="48.397973" lon="15.483312"><ele>202.01</ele></trkpt>
      <trkpt lat="48.398084" lon="15.483398"><ele>202.12</ele></trkpt>
      <trkpt lat="48.398294" lon="15.483554"><ele>202.05</ele></trkpt>
      <trkpt lat="48.398523" lon="15.483763999999999"><ele>201.63</ele></trkpt>
      <trkpt lat="48.398616" lon="15.483887"><ele>201.81</ele></trkpt>
      <trkpt lat="48.398634" lon="15.483925999999999"><ele>201.76</ele></trkpt>
      <trkpt lat="48.398643" lon="15.483989999999999"><ele>201.96</ele></trkpt>
      <trkpt lat="48.39863" lon="15.484164"><ele>202.85</ele></trkpt>
      <trkpt lat="48.398685" lon="15.484179"><ele>202.5</ele></trkpt>
      <trkpt lat="48.398886" lon="15.484338999999999"><ele>201.66</ele></trkpt>
      <trkpt lat="48.399012" lon="15.484466"><ele>201.67</ele></trkpt>
      <trkpt lat="48.399336" lon="15.484826"><ele>202.01</ele></trkpt>
      <trkpt lat="48.399865999999996" lon="15.485617"><ele>202.21</ele></trkpt>
      <trkpt lat="48.399997" lon="15.485845"><ele>202.18</ele></trkpt>
      <trkpt lat="48.400089" lon="15.485954999999999"><ele>202.15</ele></trkpt>
      <trkpt lat="48.400481" lon="15.486312"><ele>202.01</ele></trkpt>
      <trkpt lat="48.400501" lon="15.486355"><ele>202.08</ele></trkpt>
      <trkpt lat="48.400504" lon="15.486416"><ele>202.17</ele></trkpt>
      <trkpt lat="48.400490999999995" lon="15.486472"><ele>202.25</ele></trkpt>
      <trkpt lat="48.400417" lon="15.486599"><ele>202.34</ele></trkpt>
      <trkpt lat="48.400115" lon="15.48692"><ele>202.32</ele></trkpt>
      <trkpt lat="48.400102999999994" lon="15.486958"><ele>202.34</ele></trkpt>
      <trkpt lat="48.400107" lon="15.486998"><ele>202.36</ele></trkpt>
      <trkpt lat="48.400375999999994" lon="15.487684"><ele>202.68</ele></trkpt>
      <trkpt lat="48.400475" lon="15.487884"><ele>202.86</ele></trkpt>
      <trkpt lat="48.400679" lon="15.488377999999999"><ele>203.09</ele></trkpt>
      <trkpt lat="48.40074" lon="15.488439"><ele>202.83</ele></trkpt>
      <trkpt lat="48.40076" lon="15.488482999999999"><ele>202.81</ele></trkpt>
      <trkpt lat="48.400844" lon="15.488766"><ele>202.89</ele></trkpt>
      <trkpt lat="48.400887" lon="15.488957"><ele>202.84</ele></trkpt>
      <trkpt lat="48.400895" lon="15.489052"><ele>202.85</ele></trkpt>
      <trkpt lat="48.400887" lon="15.489393"><ele>202.84</ele></trkpt>
      <trkpt lat="48.400873" lon="15.489462999999999"><ele>202.88</ele></trkpt>
      <trkpt lat="48.400822999999995" lon="15.489555"><ele>203</ele></trkpt>
      <trkpt lat="48.400858" lon="15.490784"><ele>202.92</ele></trkpt>
      <trkpt lat="48.400862" lon="15.491242"><ele>202.89</ele></trkpt>
      <trkpt lat="48.40087" lon="15.491337"><ele>202.87</ele></trkpt>
      <trkpt lat="48.400945" lon="15.491681"><ele>202.24</ele></trkpt>
      <trkpt lat="48.401137" lon="15.492391999999999"><ele>202.22</ele></trkpt>
      <trkpt lat="48.401258" lon="15.492778999999999"><ele>202.24</ele></trkpt>
      <trkpt lat="48.401357" lon="15.493041999999999"><ele>202.24</ele></trkpt>
      <trkpt lat="48.401499" lon="15.49348"><ele>202.24</ele></trkpt>
      <trkpt lat="48.401571999999994" lon="15.493768999999999"><ele>202.24</ele></trkpt>
      <trkpt lat="48.401759999999996" lon="15.494634"><ele>201.99</ele></trkpt>
      <trkpt lat="48.401804" lon="15.49481"><ele>201.99</ele></trkpt>
      <trkpt lat="48.402131" lon="15.495923999999999"><ele>201.9</ele></trkpt>
      <trkpt lat="48.402307" lon="15.496639"><ele>201.76</ele></trkpt>
      <trkpt lat="48.402331" lon="15.496763"><ele>201.75</ele></trkpt>
      <trkpt lat="48.402349" lon="15.496925"><ele>201.74</ele></trkpt>
      <trkpt lat="48.402345" lon="15.497119999999999"><ele>201.74</ele></trkpt>
      <trkpt lat="48.402319999999996" lon="15.497361999999999"><ele>201.73</ele></trkpt>
      <trkpt lat="48.402254" lon="15.497843"><ele>201.73</ele></trkpt>
      <trkpt lat="48.402245" lon="15.498175999999999"><ele>201.69</ele></trkpt>
      <trkpt lat="48.402280999999995" lon="15.498781"><ele>201.48</ele></trkpt>
      <trkpt lat="48.402359999999994" lon="15.49954"><ele>201</ele></trkpt>
      <trkpt lat="48.402363" lon="15.499652"><ele>201</ele></trkpt>
      <trkpt lat="48.402356" lon="15.499749"><ele>201</ele></trkpt>
      <trkpt lat="48.402318" lon="15.499785999999999"><ele>201</ele></trkpt>
      <trkpt lat="48.402241" lon="15.499830999999999"><ele>201.01</ele></trkpt>
      <trkpt lat="48.40193" lon="15.499941999999999"><ele>201.41</ele></trkpt>
      <trkpt lat="48.401841" lon="15.500012"><ele>201.78</ele></trkpt>
      <trkpt lat="48.401776999999996" lon="15.500119999999999"><ele>202.47</ele></trkpt>
      <trkpt lat="48.401764" lon="15.500197"><ele>202.68</ele></trkpt>
      <trkpt lat="48.401682" lon="15.501031"><ele>202.29</ele></trkpt>
      <trkpt lat="48.401657" lon="15.501206999999999"><ele>202.23</ele></trkpt>
      <trkpt lat="48.401637" lon="15.501289"><ele>202.23</ele></trkpt>
      <trkpt lat="48.401581" lon="15.501434"><ele>202.15</ele></trkpt>
      <trkpt lat="48.401568" lon="15.501614"><ele>201.63</ele></trkpt>
      <trkpt lat="48.401513" lon="15.502004999999999"><ele>201.21</ele></trkpt>
      <trkpt lat="48.401466" lon="15.502196"><ele>201.16</ele></trkpt>
      <trkpt lat="48.401122" lon="15.50339"><ele>201.1</ele></trkpt>
      <trkpt lat="48.401008" lon="15.503692"><ele>201.05</ele></trkpt>
      <trkpt lat="48.400639999999996" lon="15.50447"><ele>200.53</ele></trkpt>
      <trkpt lat="48.400554" lon="15.504693999999999"><ele>200.36</ele></trkpt>
      <trkpt lat="48.400465" lon="15.504968"><ele>199.73</ele></trkpt>
      <trkpt lat="48.400397" lon="15.505125999999999"><ele>199.57</ele></trkpt>
      <trkpt lat="48.400362" lon="15.505196"><ele>199.67</ele></trkpt>
      <trkpt lat="48.400175" lon="15.505479"><ele>199.68</ele></trkpt>
      <trkpt lat="48.399789999999996" lon="15.506186"><ele>200.04</ele></trkpt>
      <trkpt lat="48.399136" lon="15.507587"><ele>199.65</ele></trkpt>
      <trkpt lat="48.399089" lon="15.507653999999999"><ele>199.71</ele></trkpt>
      <trkpt lat="48.398987999999996" lon="15.507733"><ele>199.81</ele></trkpt>
      <trkpt lat="48.398908999999996" lon="15.507765"><ele>199.87</ele></trkpt>
      <trkpt lat="48.398568999999995" lon="15.507859"><ele>200.26</ele></trkpt>
      <trkpt lat="48.39837" lon="15.507942"><ele>200.49</ele></trkpt>
      <trkpt lat="48.398069" lon="15.508097999999999"><ele>200.99</ele></trkpt>
      <trkpt lat="48.397984" lon="15.508104"><ele>201.19</ele></trkpt>
      <trkpt lat="48.397898" lon="15.508137999999999"><ele>201.4</ele></trkpt>
      <trkpt lat="48.397819999999996" lon="15.508203"><ele>201.37</ele></trkpt>
      <trkpt lat="48.397545" lon="15.508512"><ele>200.82</ele></trkpt>
      <trkpt lat="48.397376" lon="15.508681999999999"><ele>200.78</ele></trkpt>
      <trkpt lat="48.397225999999996" lon="15.508873999999999"><ele>200.9</ele></trkpt>
      <trkpt lat="48.396051" lon="15.510786999999999"><ele>200.75</ele></trkpt>
      <trkpt lat="48.395824" lon="15.511097999999999"><ele>200.89</ele></trkpt>
      <trkpt lat="48.395554999999995" lon="15.511515"><ele>201.34</ele></trkpt>
      <trkpt lat="48.395295999999995" lon="15.511854"><ele>201.16</ele></trkpt>
      <trkpt lat="48.395089999999996" lon="15.512156999999998"><ele>201.15</ele></trkpt>
      <trkpt lat="48.394946999999995" lon="15.51235"><ele>201.05</ele></trkpt>
      <trkpt lat="48.394712" lon="15.512633999999998"><ele>200.88</ele></trkpt>
      <trkpt lat="48.394385" lon="15.512967"><ele>200.77</ele></trkpt>
      <trkpt lat="48.393875" lon="15.513387999999999"><ele>200.37</ele></trkpt>
      <trkpt lat="48.393335" lon="15.513777999999999"><ele>200.19</ele></trkpt>
      <trkpt lat="48.392447999999995" lon="15.514467999999999"><ele>200.31</ele></trkpt>
      <trkpt lat="48.392395" lon="15.514522999999999"><ele>200.37</ele></trkpt>
      <trkpt lat="48.39232" lon="15.514624999999999"><ele>200.23</ele></trkpt>
      <trkpt lat="48.392128" lon="15.514849"><ele>199.98</ele></trkpt>
      <trkpt lat="48.392025" lon="15.514954"><ele>199.82</ele></trkpt>
      <trkpt lat="48.391842" lon="15.515129"><ele>199.6</ele></trkpt>
      <trkpt lat="48.391656" lon="15.515282"><ele>199.06</ele></trkpt>
      <trkpt lat="48.391762" lon="15.515611999999999"><ele>198</ele></trkpt>
      <trkpt lat="48.391369999999995" lon="15.515929999999999"><ele>198.09</ele></trkpt>
      <trkpt lat="48.390947" lon="15.516183999999999"><ele>198.35</ele></trkpt>
      <trkpt lat="48.390556" lon="15.516497999999999"><ele>198.65</ele></trkpt>
      <trkpt lat="48.390018" lon="15.516905999999999"><ele>199.07</ele></trkpt>
      <trkpt lat="48.389832" lon="15.517019999999999"><ele>198.73</ele></trkpt>
      <trkpt lat="48.389680999999996" lon="15.517107999999999"><ele>198.63</ele></trkpt>
      <trkpt lat="48.389531999999996" lon="15.517123"><ele>198.98</ele></trkpt>
      <trkpt lat="48.388673" lon="15.517648999999999"><ele>198.59</ele></trkpt>
      <trkpt lat="48.388031999999995" lon="15.518053"><ele>199.01</ele></trkpt>
      <trkpt lat="48.387608" lon="15.518210999999999"><ele>199.27</ele></trkpt>
      <trkpt lat="48.38724" lon="15.518438"><ele>198.63</ele></trkpt>
      <trkpt lat="48.386962999999994" lon="15.518647"><ele>198.32</ele></trkpt>
      <trkpt lat="48.386427" lon="15.519024"><ele>197.99</ele></trkpt>
      <trkpt lat="48.385959" lon="15.519314999999999"><ele>198.27</ele></trkpt>
      <trkpt lat="48.385909999999996" lon="15.519326"><ele>198.32</ele></trkpt>
      <trkpt lat="48.385853" lon="15.519302999999999"><ele>198.4</ele></trkpt>
      <trkpt lat="48.385687999999995" lon="15.519025"><ele>199.81</ele></trkpt>
      <trkpt lat="48.385618" lon="15.51893"><ele>200.61</ele></trkpt>
      <trkpt lat="48.385551" lon="15.518858"><ele>201.81</ele></trkpt>
      <trkpt lat="48.385507" lon="15.518839"><ele>202.19</ele></trkpt>
      <trkpt lat="48.385470999999995" lon="15.518851999999999"><ele>202.38</ele></trkpt>
      <trkpt lat="48.385439" lon="15.518877999999999"><ele>202.52</ele></trkpt>
      <trkpt lat="48.385182" lon="15.519200999999999"><ele>203.01</ele></trkpt>
      <trkpt lat="48.384713999999995" lon="15.519858999999999"><ele>203.57</ele></trkpt>
      <trkpt lat="48.384550999999995" lon="15.520048999999998"><ele>203.65</ele></trkpt>
      <trkpt lat="48.384377" lon="15.520226999999998"><ele>203.8</ele></trkpt>
      <trkpt lat="48.38408" lon="15.520496"><ele>204.25</ele></trkpt>
      <trkpt lat="48.383931" lon="15.5207"><ele>204.33</ele></trkpt>
      <trkpt lat="48.38375" lon="15.520980999999999"><ele>204.07</ele></trkpt>
      <trkpt lat="48.383562999999995" lon="15.521348999999999"><ele>203.44</ele></trkpt>
      <trkpt lat="48.383421" lon="15.521700999999998"><ele>203.12</ele></trkpt>
      <trkpt lat="48.383344" lon="15.521937"><ele>202.75</ele></trkpt>
      <trkpt lat="48.38326" lon="15.522286"><ele>202.53</ele></trkpt>
      <trkpt lat="48.383202999999995" lon="15.522592"><ele>202.34</ele></trkpt>
      <trkpt lat="48.382808999999995" lon="15.525065"><ele>201.43</ele></trkpt>
      <trkpt lat="48.382639999999995" lon="15.526292"><ele>201.39</ele></trkpt>
      <trkpt lat="48.382571999999996" lon="15.526883"><ele>201.66</ele></trkpt>
      <trkpt lat="48.382403" lon="15.528604999999999"><ele>201.25</ele></trkpt>
      <trkpt lat="48.382382" lon="15.528995"><ele>201.22</ele></trkpt>
      <trkpt lat="48.382374999999996" lon="15.529798999999999"><ele>202.04</ele></trkpt>
      <trkpt lat="48.382405999999996" lon="15.532846"><ele>201.08</ele></trkpt>
      <trkpt lat="48.382425999999995" lon="15.53384"><ele>202.1</ele></trkpt>
      <trkpt lat="48.382445" lon="15.534201999999999"><ele>202.34</ele></trkpt>
      <trkpt lat="48.382487" lon="15.534716999999999"><ele>202.52</ele></trkpt>
      <trkpt lat="48.382538" lon="15.535181999999999"><ele>202.67</ele></trkpt>
      <trkpt lat="48.382691" lon="15.536289"><ele>202.36</ele></trkpt>
      <trkpt lat="48.382821" lon="15.537163"><ele>201.12</ele></trkpt>
      <trkpt lat="48.382968" lon="15.537993"><ele>199.86</ele></trkpt>
      <trkpt lat="48.383136" lon="15.538844999999998"><ele>200.96</ele></trkpt>
      <trkpt lat="48.383212" lon="15.539318999999999"><ele>201.28</ele></trkpt>
      <trkpt lat="48.383309" lon="15.540237"><ele>201.28</ele></trkpt>
      <trkpt lat="48.383468" lon="15.541912"><ele>201.04</ele></trkpt>
      <trkpt lat="48.383548999999995" lon="15.542517"><ele>201.43</ele></trkpt>
      <trkpt lat="48.383592" lon="15.542788"><ele>201.67</ele></trkpt>
      <trkpt lat="48.383797" lon="15.543904"><ele>201.75</ele></trkpt>
      <trkpt lat="48.384240999999996" lon="15.54623"><ele>199.23</ele></trkpt>
      <trkpt lat="48.384358" lon="15.546764999999999"><ele>199.2</ele></trkpt>
      <trkpt lat="48.384451" lon="15.547132999999999"><ele>199.3</ele></trkpt>
      <trkpt lat="48.384589" lon="15.54758"><ele>199.57</ele></trkpt>
      <trkpt lat="48.384738999999996" lon="15.547974"><ele>199.73</ele></trkpt>
      <trkpt lat="48.384896999999995" lon="15.548344"><ele>199.85</ele></trkpt>
      <trkpt lat="48.385323" lon="15.549278"><ele>198.48</ele></trkpt>
      <trkpt lat="48.385467999999996" lon="15.549633"><ele>198.34</ele></trkpt>
      <trkpt lat="48.385594" lon="15.549996"><ele>197.45</ele></trkpt>
      <trkpt lat="48.386731" lon="15.553726"><ele>197.69</ele></trkpt>
      <trkpt lat="48.386632999999996" lon="15.553795"><ele>198.67</ele></trkpt>
      <trkpt lat="48.386702" lon="15.554011"><ele>198.6</ele></trkpt>
      <trkpt lat="48.386738" lon="15.554193999999999"><ele>198.57</ele></trkpt>
      <trkpt lat="48.386775" lon="15.55457"><ele>198.61</ele></trkpt>
      <trkpt lat="48.386773" lon="15.554722"><ele>198.62</ele></trkpt>
      <trkpt lat="48.386734999999994" lon="15.554839"><ele>199.16</ele></trkpt>
      <trkpt lat="48.386725" lon="15.554962999999999"><ele>199.43</ele></trkpt>
      <trkpt lat="48.386736" lon="15.555128"><ele>199.7</ele></trkpt>
      <trkpt lat="48.386765999999994" lon="15.555332"><ele>199.71</ele></trkpt>
      <trkpt lat="48.387080999999995" lon="15.556692"><ele>199.25</ele></trkpt>
      <trkpt lat="48.387297" lon="15.557754"><ele>199.05</ele></trkpt>
      <trkpt lat="48.387423999999996" lon="15.55824"><ele>199.14</ele></trkpt>
      <trkpt lat="48.387513999999996" lon="15.558504999999998"><ele>199.02</ele></trkpt>
      <trkpt lat="48.387567" lon="15.558629999999999"><ele>199</ele></trkpt>
      <trkpt lat="48.388014999999996" lon="15.559529999999999"><ele>199</ele></trkpt>
      <trkpt lat="48.388255" lon="15.560032999999999"><ele>198.98</ele></trkpt>
      <trkpt lat="48.388351" lon="15.560312999999999"><ele>198.98</ele></trkpt>
      <trkpt lat="48.388559" lon="15.56129"><ele>199</ele></trkpt>
      <trkpt lat="48.388607" lon="15.561423999999999"><ele>199.01</ele></trkpt>
      <trkpt lat="48.388884999999995" lon="15.561967"><ele>199.99</ele></trkpt>
      <trkpt lat="48.389036999999995" lon="15.562242999999999"><ele>199.93</ele></trkpt>
      <trkpt lat="48.389116" lon="15.562406"><ele>199.4</ele></trkpt>
      <trkpt lat="48.389178" lon="15.562574"><ele>199.3</ele></trkpt>
      <trkpt lat="48.389266" lon="15.562909"><ele>199.12</ele></trkpt>
      <trkpt lat="48.389331999999996" lon="15.563279"><ele>198.64</ele></trkpt>
      <trkpt lat="48.389433999999994" lon="15.563753"><ele>198.52</ele></trkpt>
      <trkpt lat="48.389514999999996" lon="15.564034"><ele>198.61</ele></trkpt>
      <trkpt lat="48.389599" lon="15.56428"><ele>198.67</ele></trkpt>
      <trkpt lat="48.38964" lon="15.564324999999998"><ele>198.7</ele></trkpt>
      <trkpt lat="48.389714999999995" lon="15.564304"><ele>198.49</ele></trkpt>
      <trkpt lat="48.389758" lon="15.564316999999999"><ele>198.4</ele></trkpt>
      <trkpt lat="48.389795" lon="15.564359"><ele>198.33</ele></trkpt>
      <trkpt lat="48.390077999999995" lon="15.56491"><ele>197.97</ele></trkpt>
      <trkpt lat="48.390145999999994" lon="15.564950999999999"><ele>197.72</ele></trkpt>
      <trkpt lat="48.390215999999995" lon="15.564933"><ele>197.52</ele></trkpt>
      <trkpt lat="48.390632" lon="15.564523"><ele>197.2</ele></trkpt>
      <trkpt lat="48.390823999999995" lon="15.564357999999999"><ele>197.85</ele></trkpt>
      <trkpt lat="48.390871" lon="15.564361"><ele>197.95</ele></trkpt>
      <trkpt lat="48.39091" lon="15.564394"><ele>197.99</ele></trkpt>
      <trkpt lat="48.39199" lon="15.567117"><ele>197.13</ele></trkpt>
      <trkpt lat="48.392558" lon="15.568501"><ele>197.36</ele></trkpt>
      <trkpt lat="48.392362999999996" lon="15.568788"><ele>197.4</ele></trkpt>
      <trkpt lat="48.392339" lon="15.568855999999998"><ele>197.46</ele></trkpt>
      <trkpt lat="48.392353" lon="15.568938999999999"><ele>197.53</ele></trkpt>
      <trkpt lat="48.392894999999996" lon="15.569650999999999"><ele>197.66</ele></trkpt>
      <trkpt lat="48.393206" lon="15.570174999999999"><ele>197.96</ele></trkpt>
      <trkpt lat="48.393481" lon="15.570706"><ele>198.29</ele></trkpt>
      <trkpt lat="48.393839" lon="15.571546"><ele>198.87</ele></trkpt>
      <trkpt lat="48.393974" lon="15.571917"><ele>199.18</ele></trkpt>
      <trkpt lat="48.394003999999995" lon="15.572104"><ele>199.5</ele></trkpt>
      <trkpt lat="48.394037999999995" lon="15.572173"><ele>199.88</ele></trkpt>
      <trkpt lat="48.394011" lon="15.572242"><ele>199.76</ele></trkpt>
      <trkpt lat="48.393997999999996" lon="15.572337999999998"><ele>199.48</ele></trkpt>
      <trkpt lat="48.394009" lon="15.572593999999999"><ele>199.05</ele></trkpt>
      <trkpt lat="48.393992" lon="15.572752"><ele>199.02</ele></trkpt>
      <trkpt lat="48.393944" lon="15.572923999999999"><ele>199</ele></trkpt>
      <trkpt lat="48.393819" lon="15.573239999999998"><ele>199</ele></trkpt>
      <trkpt lat="48.393809" lon="15.573338999999999"><ele>199</ele></trkpt>
      <trkpt lat="48.39386" lon="15.573806"><ele>199</ele></trkpt>
      <trkpt lat="48.393893" lon="15.574043"><ele>199.03</ele></trkpt>
      <trkpt lat="48.393933" lon="15.574204"><ele>199.11</ele></trkpt>
      <trkpt lat="48.393932" lon="15.574319"><ele>199.46</ele></trkpt>
      <trkpt lat="48.39318" lon="15.574914"><ele>201.76</ele></trkpt>
      <trkpt lat="48.392846999999996" lon="15.575199999999999"><ele>202.93</ele></trkpt>
      <trkpt lat="48.393066" lon="15.575541"><ele>202.96</ele></trkpt>
      <trkpt lat="48.393212999999996" lon="15.575804"><ele>202.94</ele></trkpt>
      <trkpt lat="48.393485999999996" lon="15.576182"><ele>203</ele></trkpt>
      <trkpt lat="48.393612" lon="15.576512999999998"><ele>202.97</ele></trkpt>
      <trkpt lat="48.393646" lon="15.576564999999999"><ele>202.87</ele></trkpt>
      <trkpt lat="48.393634" lon="15.576609"><ele>202.91</ele></trkpt>
      <trkpt lat="48.393634999999996" lon="15.576671999999999"><ele>202.92</ele></trkpt>
      <trkpt lat="48.393791" lon="15.577439"><ele>203</ele></trkpt>
      <trkpt lat="48.393795" lon="15.577670999999999"><ele>202.98</ele></trkpt>
      <trkpt lat="48.393774" lon="15.577827"><ele>202.82</ele></trkpt>
      <trkpt lat="48.393747" lon="15.577903999999998"><ele>202.57</ele></trkpt>
      <trkpt lat="48.393688" lon="15.577979"><ele>202.4</ele></trkpt>
      <trkpt lat="48.393516999999996" lon="15.578102999999999"><ele>202.31</ele></trkpt>
      <trkpt lat="48.393339999999995" lon="15.578214"><ele>202.42</ele></trkpt>
      <trkpt lat="48.393021999999995" lon="15.578486999999999"><ele>202.51</ele></trkpt>
      <trkpt lat="48.392947" lon="15.578577"><ele>202.51</ele></trkpt>
      <trkpt lat="48.392899" lon="15.578650999999999"><ele>202.52</ele></trkpt>
      <trkpt lat="48.392869999999995" lon="15.578726999999999"><ele>202.53</ele></trkpt>
      <trkpt lat="48.392852999999995" lon="15.578816999999999"><ele>202.39</ele></trkpt>
      <trkpt lat="48.392845" lon="15.578914999999999"><ele>202.24</ele></trkpt>
      <trkpt lat="48.392862" lon="15.579232"><ele>202.3</ele></trkpt>
      <trkpt lat="48.392832" lon="15.579398999999999"><ele>202.19</ele></trkpt>
      <trkpt lat="48.393072" lon="15.579559999999999"><ele>203</ele></trkpt>
      <trkpt lat="48.393094999999995" lon="15.579583999999999"><ele>203</ele></trkpt>
      <trkpt lat="48.393121" lon="15.58123"><ele>202</ele></trkpt>
      <trkpt lat="48.393136" lon="15.581437"><ele>202</ele></trkpt>
      <trkpt lat="48.393178" lon="15.581667999999999"><ele>202</ele></trkpt>
      <trkpt lat="48.393215" lon="15.581802999999999"><ele>202</ele></trkpt>
      <trkpt lat="48.393280999999995" lon="15.581945"><ele>202</ele></trkpt>
      <trkpt lat="48.393665999999996" lon="15.582606"><ele>202</ele></trkpt>
      <trkpt lat="48.393848999999996" lon="15.582936"><ele>201.8</ele></trkpt>
      <trkpt lat="48.394045" lon="15.583387"><ele>201</ele></trkpt>
      <trkpt lat="48.394175" lon="15.583720999999999"><ele>201</ele></trkpt>
      <trkpt lat="48.394354" lon="15.584273999999999"><ele>200.97</ele></trkpt>
      <trkpt lat="48.394512999999996" lon="15.585006"><ele>200.75</ele></trkpt>
      <trkpt lat="48.394537" lon="15.585087"><ele>200.65</ele></trkpt>
      <trkpt lat="48.394580999999995" lon="15.585149999999999"><ele>200.51</ele></trkpt>
      <trkpt lat="48.39461" lon="15.585166"><ele>200.41</ele></trkpt>
      <trkpt lat="48.394867999999995" lon="15.58522"><ele>199.22</ele></trkpt>
      <trkpt lat="48.394898" lon="15.585239"><ele>199.19</ele></trkpt>
      <trkpt lat="48.394932" lon="15.585293"><ele>199.17</ele></trkpt>
      <trkpt lat="48.394942" lon="15.585372999999999"><ele>199.18</ele></trkpt>
      <trkpt lat="48.394785999999996" lon="15.586951"><ele>200.46</ele></trkpt>
      <trkpt lat="48.394768" lon="15.587257999999999"><ele>200.52</ele></trkpt>
      <trkpt lat="48.394762" lon="15.58883"><ele>200.24</ele></trkpt>
      <trkpt lat="48.394712999999996" lon="15.589362999999999"><ele>200.16</ele></trkpt>
      <trkpt lat="48.394647" lon="15.589965999999999"><ele>200.18</ele></trkpt>
      <trkpt lat="48.394593" lon="15.590694"><ele>200.2</ele></trkpt>
      <trkpt lat="48.394524999999994" lon="15.591296"><ele>200.23</ele></trkpt>
      <trkpt lat="48.394466" lon="15.591740999999999"><ele>200.67</ele></trkpt>
      <trkpt lat="48.394434999999994" lon="15.592236"><ele>200.95</ele></trkpt>
      <trkpt lat="48.394334" lon="15.59316"><ele>199.98</ele></trkpt>
      <trkpt lat="48.394174" lon="15.594289"><ele>199.82</ele></trkpt>
      <trkpt lat="48.394093999999996" lon="15.594774999999998"><ele>199.83</ele></trkpt>
      <trkpt lat="48.394000999999996" lon="15.595277"><ele>199.77</ele></trkpt>
      <trkpt lat="48.393958999999995" lon="15.595412"><ele>199.77</ele></trkpt>
      <trkpt lat="48.393876999999996" lon="15.595562"><ele>199.92</ele></trkpt>
      <trkpt lat="48.393789999999996" lon="15.595680999999999"><ele>200</ele></trkpt>
      <trkpt lat="48.393645" lon="15.595822"><ele>200.02</ele></trkpt>
      <trkpt lat="48.393456" lon="15.596044"><ele>199.92</ele></trkpt>
      <trkpt lat="48.393367" lon="15.596269999999999"><ele>199.76</ele></trkpt>
      <trkpt lat="48.393339999999995" lon="15.596478"><ele>199.53</ele></trkpt>
      <trkpt lat="48.393346" lon="15.596646"><ele>199.17</ele></trkpt>
      <trkpt lat="48.393383" lon="15.596769"><ele>199</ele></trkpt>
      <trkpt lat="48.39344" lon="15.596934999999998"><ele>199</ele></trkpt>
      <trkpt lat="48.393656" lon="15.597391"><ele>197.99</ele></trkpt>
      <trkpt lat="48.393667" lon="15.59752"><ele>197.83</ele></trkpt>
      <trkpt lat="48.393617" lon="15.597975"><ele>197.31</ele></trkpt>
      <trkpt lat="48.393594" lon="15.598123"><ele>197.16</ele></trkpt>
      <trkpt lat="48.393547" lon="15.598215"><ele>197.07</ele></trkpt>
      <trkpt lat="48.393476" lon="15.598308"><ele>197.04</ele></trkpt>
      <trkpt lat="48.393521" lon="15.598460999999999"><ele>197.43</ele></trkpt>
      <trkpt lat="48.393539999999994" lon="15.598609"><ele>197.65</ele></trkpt>
      <trkpt lat="48.393488999999995" lon="15.599188"><ele>197.55</ele></trkpt>
      <trkpt lat="48.393485999999996" lon="15.599321"><ele>197.41</ele></trkpt>
      <trkpt lat="48.393494" lon="15.599461"><ele>197.32</ele></trkpt>
      <trkpt lat="48.393529" lon="15.59966"><ele>197.16</ele></trkpt>
      <trkpt lat="48.393615999999994" lon="15.599962"><ele>196.92</ele></trkpt>
      <trkpt lat="48.393724" lon="15.600278999999999"><ele>196.68</ele></trkpt>
      <trkpt lat="48.393812" lon="15.600570999999999"><ele>196.43</ele></trkpt>
      <trkpt lat="48.39387" lon="15.600893"><ele>196.59</ele></trkpt>
      <trkpt lat="48.393898" lon="15.601232"><ele>196.87</ele></trkpt>
      <trkpt lat="48.393933999999994" lon="15.601524"><ele>197.43</ele></trkpt>
      <trkpt lat="48.393961999999995" lon="15.601678999999999"><ele>197.04</ele></trkpt>
      <trkpt lat="48.394037" lon="15.601963"><ele>196.86</ele></trkpt>
      <trkpt lat="48.394062999999996" lon="15.60212"><ele>196.9</ele></trkpt>
      <trkpt lat="48.394068" lon="15.602364999999999"><ele>196.88</ele></trkpt>
      <trkpt lat="48.394064" lon="15.602877"><ele>196.66</ele></trkpt>
      <trkpt lat="48.394051" lon="15.603321999999999"><ele>196.57</ele></trkpt>
      <trkpt lat="48.394017" lon="15.603866"><ele>196.43</ele></trkpt>
      <trkpt lat="48.393946" lon="15.604268"><ele>196.37</ele></trkpt>
      <trkpt lat="48.393651999999996" lon="15.605557"><ele>196.92</ele></trkpt>
      <trkpt lat="48.393584999999995" lon="15.605912"><ele>196.85</ele></trkpt>
      <trkpt lat="48.393121" lon="15.609509999999998"><ele>195.65</ele></trkpt>
      <trkpt lat="48.39255" lon="15.609401"><ele>195.53</ele></trkpt>
      <trkpt lat="48.392281" lon="15.609376999999999"><ele>195.77</ele></trkpt>
      <trkpt lat="48.391419" lon="15.609418"><ele>196.48</ele></trkpt>
      <trkpt lat="48.390893999999996" lon="15.609423"><ele>196.82</ele></trkpt>
      <trkpt lat="48.390383" lon="15.609399999999999"><ele>197.47</ele></trkpt>
      <trkpt lat="48.390245" lon="15.609418999999999"><ele>197.93</ele></trkpt>
      <trkpt lat="48.390035999999995" lon="15.609485999999999"><ele>198.59</ele></trkpt>
      <trkpt lat="48.390035999999995" lon="15.610014"><ele>198.78</ele></trkpt>
      <trkpt lat="48.390043999999996" lon="15.610365"><ele>197</ele></trkpt>
      <trkpt lat="48.390085" lon="15.610322"><ele>197.04</ele></trkpt>
      <trkpt lat="48.390142999999995" lon="15.61023"><ele>197.25</ele></trkpt>
      <trkpt lat="48.390212" lon="15.610168999999999"><ele>197.43</ele></trkpt>
      <trkpt lat="48.390273" lon="15.610154"><ele>197.45</ele></trkpt>
      <trkpt lat="48.391270999999996" lon="15.610202"><ele>196.24</ele></trkpt>
      <trkpt lat="48.391644" lon="15.610256"><ele>195.37</ele></trkpt>
      <trkpt lat="48.392117999999996" lon="15.610418999999998"><ele>195.67</ele></trkpt>
      <trkpt lat="48.393195" lon="15.610572"><ele>195.21</ele></trkpt>
      <trkpt lat="48.393595" lon="15.610643999999999"><ele>195.24</ele></trkpt>
      <trkpt lat="48.394059999999996" lon="15.610755"><ele>195.38</ele></trkpt>
      <trkpt lat="48.394639" lon="15.610928"><ele>195.92</ele></trkpt>
      <trkpt lat="48.394999999999996" lon="15.611053"><ele>195.76</ele></trkpt>
      <trkpt lat="48.395596" lon="15.611288"><ele>195.76</ele></trkpt>
      <trkpt lat="48.396435" lon="15.611647"><ele>195.45</ele></trkpt>
      <trkpt lat="48.396873" lon="15.611818999999999"><ele>196.08</ele></trkpt>
      <trkpt lat="48.397034999999995" lon="15.611905"><ele>196.38</ele></trkpt>
      <trkpt lat="48.397155" lon="15.611911"><ele>196.69</ele></trkpt>
      <trkpt lat="48.397524999999995" lon="15.611970999999999"><ele>197.57</ele></trkpt>
      <trkpt lat="48.398019" lon="15.612096999999999"><ele>195.77</ele></trkpt>
      <trkpt lat="48.398320999999996" lon="15.612193999999999"><ele>194.98</ele></trkpt>
      <trkpt lat="48.398436" lon="15.612271999999999"><ele>195.03</ele></trkpt>
      <trkpt lat="48.398767" lon="15.612596"><ele>195.3</ele></trkpt>
      <trkpt lat="48.400217999999995" lon="15.613729"><ele>195.28</ele></trkpt>
      <trkpt lat="48.401019" lon="15.614407"><ele>194.84</ele></trkpt>
      <trkpt lat="48.401185999999996" lon="15.614557"><ele>194.68</ele></trkpt>
      <trkpt lat="48.401227999999996" lon="15.614612999999999"><ele>194.6</ele></trkpt>
      <trkpt lat="48.401250999999995" lon="15.614669999999998"><ele>194.51</ele></trkpt>
      <trkpt lat="48.401266" lon="15.614754999999999"><ele>194.44</ele></trkpt>
      <trkpt lat="48.401452" lon="15.622036999999999"><ele>195.63</ele></trkpt>
      <trkpt lat="48.401472" lon="15.623168999999999"><ele>195.96</ele></trkpt>
      <trkpt lat="48.401455999999996" lon="15.625107999999999"><ele>195.98</ele></trkpt>
      <trkpt lat="48.401441999999996" lon="15.625898999999999"><ele>195.82</ele></trkpt>
      <trkpt lat="48.401419" lon="15.626118"><ele>195.8</ele></trkpt>
      <trkpt lat="48.401340999999995" lon="15.626588"><ele>195.96</ele></trkpt>
      <trkpt lat="48.401306999999996" lon="15.62671"><ele>196.05</ele></trkpt>
      <trkpt lat="48.401081" lon="15.627116"><ele>196.74</ele></trkpt>
      <trkpt lat="48.400966" lon="15.627377999999998"><ele>196.89</ele></trkpt>
      <trkpt lat="48.400886" lon="15.627644"><ele>196.88</ele></trkpt>
      <trkpt lat="48.400822999999995" lon="15.628102"><ele>196.53</ele></trkpt>
      <trkpt lat="48.400602" lon="15.629881"><ele>195.71</ele></trkpt>
      <trkpt lat="48.4006" lon="15.630042999999999"><ele>195.84</ele></trkpt>
      <trkpt lat="48.400621" lon="15.630170999999999"><ele>195.94</ele></trkpt>
      <trkpt lat="48.400805999999996" lon="15.63064"><ele>196.31</ele></trkpt>
      <trkpt lat="48.400845999999994" lon="15.630764"><ele>196.39</ele></trkpt>
      <trkpt lat="48.400861" lon="15.630885999999999"><ele>196.49</ele></trkpt>
      <trkpt lat="48.400856" lon="15.631025999999999"><ele>196.65</ele></trkpt>
      <trkpt lat="48.400752999999995" lon="15.631727999999999"><ele>196.56</ele></trkpt>
      <trkpt lat="48.400745" lon="15.632385999999999"><ele>195.62</ele></trkpt>
      <trkpt lat="48.400709" lon="15.632757999999999"><ele>195.7</ele></trkpt>
      <trkpt lat="48.400407" lon="15.63422"><ele>195.74</ele></trkpt>
      <trkpt lat="48.400178999999994" lon="15.635223"><ele>195.35</ele></trkpt>
      <trkpt lat="48.399733999999995" lon="15.636973"><ele>195.51</ele></trkpt>
      <trkpt lat="48.399257" lon="15.638608"><ele>195.54</ele></trkpt>
      <trkpt lat="48.398849999999996" lon="15.639885"><ele>195.06</ele></trkpt>
      <trkpt lat="48.398339" lon="15.641331"><ele>195.34</ele></trkpt>
      <trkpt lat="48.397849" lon="15.642595"><ele>195.59</ele></trkpt>
      <trkpt lat="48.397358" lon="15.643699999999999"><ele>195.45</ele></trkpt>
      <trkpt lat="48.39729" lon="15.643830999999999"><ele>195.67</ele></trkpt>
      <trkpt lat="48.397175999999995" lon="15.643970999999999"><ele>195.66</ele></trkpt>
      <trkpt lat="48.397054999999995" lon="15.644089"><ele>195.88</ele></trkpt>
      <trkpt lat="48.396898" lon="15.644216"><ele>196.28</ele></trkpt>
      <trkpt lat="48.396651" lon="15.644694"><ele>196.56</ele></trkpt>
      <trkpt lat="48.396383" lon="15.645164"><ele>196.45</ele></trkpt>
      <trkpt lat="48.396059" lon="15.645683"><ele>196.35</ele></trkpt>
      <trkpt lat="48.395767" lon="15.646120999999999"><ele>196.13</ele></trkpt>
      <trkpt lat="48.395381" lon="15.646652999999999"><ele>195.83</ele></trkpt>
      <trkpt lat="48.394754" lon="15.647431"><ele>196.2</ele></trkpt>
      <trkpt lat="48.39331" lon="15.649028"><ele>195.87</ele></trkpt>
      <trkpt lat="48.388445999999995" lon="15.654307999999999"><ele>195.04</ele></trkpt>
      <trkpt lat="48.384553" lon="15.658563"><ele>195.25</ele></trkpt>
      <trkpt lat="48.384263999999995" lon="15.658904999999999"><ele>195.27</ele></trkpt>
      <trkpt lat="48.383708999999996" lon="15.659612999999998"><ele>195.3</ele></trkpt>
      <trkpt lat="48.383247999999995" lon="15.660248999999999"><ele>195.29</ele></trkpt>
      <trkpt lat="48.382996999999996" lon="15.660618"><ele>195.2</ele></trkpt>
      <trkpt lat="48.382737" lon="15.661019"><ele>195.27</ele></trkpt>
      <trkpt lat="48.382452" lon="15.661475"><ele>195.3</ele></trkpt>
      <trkpt lat="48.382182" lon="15.66193"><ele>195.28</ele></trkpt>
      <trkpt lat="48.381795" lon="15.662626999999999"><ele>195.01</ele></trkpt>
      <trkpt lat="48.381555" lon="15.663089"><ele>194.83</ele></trkpt>
      <trkpt lat="48.381246999999995" lon="15.663746"><ele>195.03</ele></trkpt>
      <trkpt lat="48.381060999999995" lon="15.664164"><ele>195.28</ele></trkpt>
      <trkpt lat="48.380832" lon="15.664726"><ele>195.38</ele></trkpt>
      <trkpt lat="48.38052" lon="15.665595"><ele>195.14</ele></trkpt>
      <trkpt lat="48.380147" lon="15.666867"><ele>194.52</ele></trkpt>
      <trkpt lat="48.379929" lon="15.667713"><ele>194.26</ele></trkpt>
      <trkpt lat="48.379821" lon="15.668184"><ele>194.41</ele></trkpt>
      <trkpt lat="48.379705" lon="15.668752999999999"><ele>194.38</ele></trkpt>
      <trkpt lat="48.379554" lon="15.669611"><ele>194.63</ele></trkpt>
      <trkpt lat="48.379417" lon="15.670632999999999"><ele>194.67</ele></trkpt>
      <trkpt lat="48.379341" lon="15.671370999999999"><ele>194.71</ele></trkpt>
      <trkpt lat="48.379301999999996" lon="15.671949999999999"><ele>194.66</ele></trkpt>
      <trkpt lat="48.379255" lon="15.672868999999999"><ele>195.11</ele></trkpt>
      <trkpt lat="48.379251" lon="15.673212999999999"><ele>195.21</ele></trkpt>
      <trkpt lat="48.379259" lon="15.673483999999998"><ele>195.25</ele></trkpt>
      <trkpt lat="48.379275" lon="15.673719"><ele>195.28</ele></trkpt>
      <trkpt lat="48.379386" lon="15.674788999999999"><ele>195.47</ele></trkpt>
      <trkpt lat="48.379535" lon="15.675929"><ele>195.7</ele></trkpt>
      <trkpt lat="48.379698" lon="15.676938999999999"><ele>195.47</ele></trkpt>
      <trkpt lat="48.38021" lon="15.679877999999999"><ele>195.56</ele></trkpt>
      <trkpt lat="48.380387999999996" lon="15.681019"><ele>195.59</ele></trkpt>
      <trkpt lat="48.380629" lon="15.682701"><ele>195.25</ele></trkpt>
      <trkpt lat="48.380755" lon="15.683674"><ele>195.14</ele></trkpt>
      <trkpt lat="48.380893" lon="15.684899999999999"><ele>195.14</ele></trkpt>
      <trkpt lat="48.380917" lon="15.685016999999998"><ele>195.12</ele></trkpt>
      <trkpt lat="48.380956999999995" lon="15.685137999999998"><ele>195.1</ele></trkpt>
      <trkpt lat="48.381277999999995" lon="15.685989"><ele>194.81</ele></trkpt>
      <trkpt lat="48.38155" lon="15.686596"><ele>194.88</ele></trkpt>
      <trkpt lat="48.381937" lon="15.687386"><ele>195.57</ele></trkpt>
      <trkpt lat="48.382785" lon="15.689070999999998"><ele>194.47</ele></trkpt>
      <trkpt lat="48.383022" lon="15.689578"><ele>194.41</ele></trkpt>
      <trkpt lat="48.383216" lon="15.689960999999998"><ele>194.34</ele></trkpt>
      <trkpt lat="48.383387" lon="15.690323"><ele>194.39</ele></trkpt>
      <trkpt lat="48.383492999999994" lon="15.690593999999999"><ele>194.38</ele></trkpt>
      <trkpt lat="48.383607" lon="15.690937"><ele>194.38</ele></trkpt>
      <trkpt lat="48.383832999999996" lon="15.691815"><ele>194.39</ele></trkpt>
      <trkpt lat="48.383927" lon="15.692110999999999"><ele>194.31</ele></trkpt>
      <trkpt lat="48.38402" lon="15.692359999999999"><ele>194.31</ele></trkpt>
      <trkpt lat="48.384128999999994" lon="15.692611"><ele>194.36</ele></trkpt>
      <trkpt lat="48.384586999999996" lon="15.693589999999999"><ele>194.49</ele></trkpt>
      <trkpt lat="48.38492" lon="15.694403"><ele>194.65</ele></trkpt>
      <trkpt lat="48.385352999999995" lon="15.695630999999999"><ele>194.71</ele></trkpt>
      <trkpt lat="48.386027999999996" lon="15.697927"><ele>194.59</ele></trkpt>
      <trkpt lat="48.386126999999995" lon="15.698317"><ele>194.46</ele></trkpt>
      <trkpt lat="48.386261" lon="15.698919"><ele>194.49</ele></trkpt>
      <trkpt lat="48.386378" lon="15.699586"><ele>194.28</ele></trkpt>
      <trkpt lat="48.386449999999996" lon="15.700078999999999"><ele>194.24</ele></trkpt>
      <trkpt lat="48.386542999999996" lon="15.700949999999999"><ele>193.95</ele></trkpt>
      <trkpt lat="48.386593999999995" lon="15.701640999999999"><ele>194.09</ele></trkpt>
      <trkpt lat="48.386644999999994" lon="15.702592999999998"><ele>194.51</ele></trkpt>
      <trkpt lat="48.386679" lon="15.704104999999998"><ele>194.92</ele></trkpt>
      <trkpt lat="48.386672999999995" lon="15.704830999999999"><ele>194.92</ele></trkpt>
      <trkpt lat="48.386609" lon="15.707751"><ele>193.89</ele></trkpt>
      <trkpt lat="48.386562" lon="15.708713999999999"><ele>193.89</ele></trkpt>
      <trkpt lat="48.386466" lon="15.709950999999998"><ele>194.3</ele></trkpt>
      <trkpt lat="48.386398" lon="15.710548999999999"><ele>194.35</ele></trkpt>
      <trkpt lat="48.386257" lon="15.711573"><ele>194.22</ele></trkpt>
      <trkpt lat="48.386123" lon="15.712437"><ele>193.96</ele></trkpt>
      <trkpt lat="48.385994" lon="15.713123"><ele>193.97</ele></trkpt>
      <trkpt lat="48.385884999999995" lon="15.713657"><ele>193.9</ele></trkpt>
      <trkpt lat="48.385760999999995" lon="15.714169"><ele>193.94</ele></trkpt>
      <trkpt lat="48.385604" lon="15.714758"><ele>193.94</ele></trkpt>
      <trkpt lat="48.385346" lon="15.715613999999999"><ele>193.92</ele></trkpt>
      <trkpt lat="48.38512" lon="15.716258"><ele>193.93</ele></trkpt>
      <trkpt lat="48.384924" lon="15.716766"><ele>194.08</ele></trkpt>
      <trkpt lat="48.384744999999995" lon="15.7172"><ele>194.11</ele></trkpt>
      <trkpt lat="48.384414" lon="15.717934999999999"><ele>194.14</ele></trkpt>
      <trkpt lat="48.384066" lon="15.718618"><ele>193.96</ele></trkpt>
      <trkpt lat="48.38223" lon="15.721853"><ele>194</ele></trkpt>
      <trkpt lat="48.381721999999996" lon="15.722584"><ele>194.06</ele></trkpt>
      <trkpt lat="48.381367999999995" lon="15.723189999999999"><ele>193.96</ele></trkpt>
      <trkpt lat="48.379877" lon="15.725980999999999"><ele>193.61</ele></trkpt>
      <trkpt lat="48.378751" lon="15.728064"><ele>193.69</ele></trkpt>
      <trkpt lat="48.378402" lon="15.728639999999999"><ele>194</ele></trkpt>
      <trkpt lat="48.378097" lon="15.729099999999999"><ele>194.23</ele></trkpt>
      <trkpt lat="48.373304999999995" lon="15.735849"><ele>194.16</ele></trkpt>
      <trkpt lat="48.372913" lon="15.736443"><ele>193.7</ele></trkpt>
      <trkpt lat="48.372634" lon="15.736918"><ele>193.41</ele></trkpt>
      <trkpt lat="48.372170999999994" lon="15.737755"><ele>193.29</ele></trkpt>
      <trkpt lat="48.371534" lon="15.738942999999999"><ele>193</ele></trkpt>
      <trkpt lat="48.371288" lon="15.739455"><ele>193.17</ele></trkpt>
      <trkpt lat="48.371075" lon="15.739956"><ele>193.42</ele></trkpt>
      <trkpt lat="48.370898999999994" lon="15.740395999999999"><ele>193.56</ele></trkpt>
      <trkpt lat="48.370781" lon="15.740727999999999"><ele>193.7</ele></trkpt>
      <trkpt lat="48.370531" lon="15.741515"><ele>193.67</ele></trkpt>
      <trkpt lat="48.370432" lon="15.741878999999999"><ele>193.65</ele></trkpt>
      <trkpt lat="48.370326999999996" lon="15.742308999999999"><ele>193.59</ele></trkpt>
      <trkpt lat="48.370219" lon="15.742802999999999"><ele>193.59</ele></trkpt>
      <trkpt lat="48.370059" lon="15.743666999999999"><ele>193.71</ele></trkpt>
      <trkpt lat="48.369938" lon="15.744532999999999"><ele>193.58</ele></trkpt>
      <trkpt lat="48.369889" lon="15.744976999999999"><ele>193.37</ele></trkpt>
      <trkpt lat="48.369845999999995" lon="15.745439999999999"><ele>193.18</ele></trkpt>
      <trkpt lat="48.369817" lon="15.745875"><ele>193.31</ele></trkpt>
      <trkpt lat="48.369796" lon="15.746331999999999"><ele>193.51</ele></trkpt>
      <trkpt lat="48.369777" lon="15.747221999999999"><ele>193.78</ele></trkpt>
      <trkpt lat="48.369783" lon="15.747694"><ele>193.7</ele></trkpt>
      <trkpt lat="48.3698" lon="15.748223999999999"><ele>193.44</ele></trkpt>
      <trkpt lat="48.369834" lon="15.748802999999999"><ele>193.16</ele></trkpt>
      <trkpt lat="48.36992" lon="15.749744999999999"><ele>193.04</ele></trkpt>
      <trkpt lat="48.370585" lon="15.755521"><ele>194.93</ele></trkpt>
      <trkpt lat="48.370584" lon="15.755654999999999"><ele>194.92</ele></trkpt>
      <trkpt lat="48.370554999999996" lon="15.755832999999999"><ele>194.98</ele></trkpt>
      <trkpt lat="48.370335999999995" lon="15.756647"><ele>194.3</ele></trkpt>
      <trkpt lat="48.370286" lon="15.75687"><ele>194.72</ele></trkpt>
      <trkpt lat="48.37027" lon="15.757095"><ele>194.9</ele></trkpt>
      <trkpt lat="48.370286" lon="15.757351"><ele>194.97</ele></trkpt>
      <trkpt lat="48.370523999999996" lon="15.759412"><ele>193.54</ele></trkpt>
      <trkpt lat="48.370568999999996" lon="15.759746999999999"><ele>194.87</ele></trkpt>
      <trkpt lat="48.370602" lon="15.759853"><ele>194.47</ele></trkpt>
      <trkpt lat="48.370643" lon="15.759946"><ele>194.22</ele></trkpt>
      <trkpt lat="48.370737999999996" lon="15.760083"><ele>193.99</ele></trkpt>
      <trkpt lat="48.370984" lon="15.760252999999999"><ele>194.45</ele></trkpt>
      <trkpt lat="48.371046" lon="15.760321"><ele>194.4</ele></trkpt>
      <trkpt lat="48.371095999999994" lon="15.760406"><ele>194.49</ele></trkpt>
      <trkpt lat="48.371136" lon="15.760506999999999"><ele>194.7</ele></trkpt>
      <trkpt lat="48.371162" lon="15.760608999999999"><ele>194.73</ele></trkpt>
      <trkpt lat="48.371179999999995" lon="15.760724999999999"><ele>194.71</ele></trkpt>
      <trkpt lat="48.371218999999996" lon="15.761108"><ele>194.62</ele></trkpt>
      <trkpt lat="48.371249" lon="15.761548"><ele>194.55</ele></trkpt>
      <trkpt lat="48.371277" lon="15.762469999999999"><ele>194.39</ele></trkpt>
      <trkpt lat="48.371297" lon="15.762901"><ele>194.18</ele></trkpt>
      <trkpt lat="48.371364" lon="15.763506"><ele>194.35</ele></trkpt>
      <trkpt lat="48.371511999999996" lon="15.764349999999999"><ele>193.63</ele></trkpt>
      <trkpt lat="48.371812999999996" lon="15.765597999999999"><ele>193.43</ele></trkpt>
      <trkpt lat="48.37184" lon="15.765742"><ele>193.45</ele></trkpt>
      <trkpt lat="48.371863999999995" lon="15.766205999999999"><ele>193.41</ele></trkpt>
      <trkpt lat="48.371882" lon="15.76629"><ele>193.41</ele></trkpt>
      <trkpt lat="48.372001999999995" lon="15.766523999999999"><ele>193.46</ele></trkpt>
      <trkpt lat="48.372049999999994" lon="15.766649"><ele>193.49</ele></trkpt>
      <trkpt lat="48.372104" lon="15.766860999999999"><ele>193.54</ele></trkpt>
      <trkpt lat="48.372279999999996" lon="15.767691999999998"><ele>193.48</ele></trkpt>
      <trkpt lat="48.373494" lon="15.772886"><ele>193.29</ele></trkpt>
      <trkpt lat="48.373580999999994" lon="15.773207"><ele>193.38</ele></trkpt>
      <trkpt lat="48.374044" lon="15.775079"><ele>193.37</ele></trkpt>
      <trkpt lat="48.374234" lon="15.775808"><ele>193.56</ele></trkpt>
      <trkpt lat="48.374407999999995" lon="15.77644"><ele>193.76</ele></trkpt>
      <trkpt lat="48.374798999999996" lon="15.777799"><ele>193.83</ele></trkpt>
      <trkpt lat="48.375173" lon="15.779003999999999"><ele>193.29</ele></trkpt>
      <trkpt lat="48.375899999999994" lon="15.781151"><ele>193.48</ele></trkpt>
      <trkpt lat="48.3763" lon="15.782238"><ele>193.22</ele></trkpt>
      <trkpt lat="48.376782" lon="15.783479"><ele>193.29</ele></trkpt>
      <trkpt lat="48.378201999999995" lon="15.786899"><ele>193.02</ele></trkpt>
      <trkpt lat="48.378398999999995" lon="15.787433"><ele>193.16</ele></trkpt>
      <trkpt lat="48.378524" lon="15.787811"><ele>193.17</ele></trkpt>
      <trkpt lat="48.378761999999995" lon="15.788625999999999"><ele>193.49</ele></trkpt>
      <trkpt lat="48.378966" lon="15.789451999999999"><ele>193.44</ele></trkpt>
      <trkpt lat="48.379109" lon="15.790168"><ele>193.57</ele></trkpt>
      <trkpt lat="48.379236" lon="15.790991"><ele>193.42</ele></trkpt>
      <trkpt lat="48.379301" lon="15.791514999999999"><ele>193.25</ele></trkpt>
      <trkpt lat="48.379348" lon="15.792046"><ele>193.04</ele></trkpt>
      <trkpt lat="48.379481" lon="15.794022"><ele>193.63</ele></trkpt>
      <trkpt lat="48.379556" lon="15.795423999999999"><ele>193</ele></trkpt>
      <trkpt lat="48.379573" lon="15.796567"><ele>192.65</ele></trkpt>
      <trkpt lat="48.379566" lon="15.797645"><ele>192.52</ele></trkpt>
      <trkpt lat="48.379535999999995" lon="15.798649999999999"><ele>192.9</ele></trkpt>
      <trkpt lat="48.379456" lon="15.799871999999999"><ele>193.45</ele></trkpt>
      <trkpt lat="48.379348" lon="15.801079999999999"><ele>193.15</ele></trkpt>
      <trkpt lat="48.379231" lon="15.802074"><ele>193.15</ele></trkpt>
      <trkpt lat="48.379061" lon="15.80321"><ele>192.9</ele></trkpt>
      <trkpt lat="48.377849999999995" lon="15.809937999999999"><ele>192.95</ele></trkpt>
      <trkpt lat="48.377702" lon="15.810834999999999"><ele>192.78</ele></trkpt>
      <trkpt lat="48.377598" lon="15.811819999999999"><ele>192.83</ele></trkpt>
      <trkpt lat="48.377556999999996" lon="15.812688999999999"><ele>193.05</ele></trkpt>
      <trkpt lat="48.377559" lon="15.813409"><ele>193.03</ele></trkpt>
      <trkpt lat="48.377587999999996" lon="15.814117"><ele>192.74</ele></trkpt>
      <trkpt lat="48.377817" lon="15.817044"><ele>194</ele></trkpt>
      <trkpt lat="48.377953" lon="15.818532"><ele>192.96</ele></trkpt>
      <trkpt lat="48.37815" lon="15.820288"><ele>192.83</ele></trkpt>
      <trkpt lat="48.378614" lon="15.823488999999999"><ele>194.69</ele></trkpt>
      <trkpt lat="48.378710999999996" lon="15.824209"><ele>194.66</ele></trkpt>
      <trkpt lat="48.37878" lon="15.824853999999998"><ele>194.51</ele></trkpt>
      <trkpt lat="48.379017999999995" lon="15.827414999999998"><ele>194.57</ele></trkpt>
      <trkpt lat="48.379151" lon="15.829220999999999"><ele>194.85</ele></trkpt>
      <trkpt lat="48.379242" lon="15.831268999999999"><ele>194.74</ele></trkpt>
      <trkpt lat="48.37927" lon="15.833530999999999"><ele>194.65</ele></trkpt>
      <trkpt lat="48.379244" lon="15.835479"><ele>194.72</ele></trkpt>
      <trkpt lat="48.3791" lon="15.838562"><ele>194.36</ele></trkpt>
      <trkpt lat="48.378938" lon="15.840389"><ele>194.72</ele></trkpt>
      <trkpt lat="48.378704" lon="15.842215999999999"><ele>194.72</ele></trkpt>
      <trkpt lat="48.378352" lon="15.844073"><ele>194.86</ele></trkpt>
      <trkpt lat="48.377865" lon="15.845759"><ele>194.61</ele></trkpt>
      <trkpt lat="48.377382999999995" lon="15.846979"><ele>194.4</ele></trkpt>
      <trkpt lat="48.377109999999995" lon="15.847586999999999"><ele>194.47</ele></trkpt>
      <trkpt lat="48.376984" lon="15.847838"><ele>194.47</ele></trkpt>
      <trkpt lat="48.376332" lon="15.849065"><ele>194.47</ele></trkpt>
      <trkpt lat="48.37549" lon="15.850499999999998"><ele>194.39</ele></trkpt>
      <trkpt lat="48.374375" lon="15.849673999999998"><ele>193.16</ele></trkpt>
      <trkpt lat="48.374294" lon="15.849554999999999"><ele>192.7</ele></trkpt>
      <trkpt lat="48.373872999999996" lon="15.8487"><ele>188.47</ele></trkpt>
      <trkpt lat="48.373777999999994" lon="15.848564"><ele>188</ele></trkpt>
      <trkpt lat="48.371711999999995" lon="15.846243"><ele>188</ele></trkpt>
      <trkpt lat="48.371607" lon="15.846214999999999"><ele>187.99</ele></trkpt>
      <trkpt lat="48.371567999999996" lon="15.846235"><ele>187.98</ele></trkpt>
      <trkpt lat="48.371002" lon="15.846665999999999"><ele>187.17</ele></trkpt>
      <trkpt lat="48.370895" lon="15.846793"><ele>186.95</ele></trkpt>
      <trkpt lat="48.370805" lon="15.846978"><ele>186.55</ele></trkpt>
      <trkpt lat="48.370675" lon="15.847365"><ele>185.29</ele></trkpt>
      <trkpt lat="48.370822" lon="15.848173"><ele>186.97</ele></trkpt>
      <trkpt lat="48.370829" lon="15.848548999999998"><ele>187.19</ele></trkpt>
      <trkpt lat="48.370756" lon="15.849297"><ele>187.42</ele></trkpt>
      <trkpt lat="48.370523" lon="15.851408"><ele>187.3</ele></trkpt>
      <trkpt lat="48.370428" lon="15.852573999999999"><ele>186.87</ele></trkpt>
      <trkpt lat="48.370394" lon="15.853606"><ele>186.8</ele></trkpt>
      <trkpt lat="48.370388999999996" lon="15.854446"><ele>186.81</ele></trkpt>
      <trkpt lat="48.3704" lon="15.854759"><ele>188.37</ele></trkpt>
      <trkpt lat="48.369066" lon="15.854864"><ele>184.92</ele></trkpt>
      <trkpt lat="48.368575" lon="15.854921999999998"><ele>187.47</ele></trkpt>
      <trkpt lat="48.368579" lon="15.855049999999999"><ele>187.6</ele></trkpt>
      <trkpt lat="48.368617" lon="15.855163"><ele>186.8</ele></trkpt>
      <trkpt lat="48.368714" lon="15.855193"><ele>186.15</ele></trkpt>
      <trkpt lat="48.369036" lon="15.855231999999999"><ele>184.34</ele></trkpt>
      <trkpt lat="48.369124" lon="15.855279"><ele>184</ele></trkpt>
      <trkpt lat="48.369316999999995" lon="15.857106"><ele>182.81</ele></trkpt>
      <trkpt lat="48.369527999999995" lon="15.858407"><ele>183.18</ele></trkpt>
      <trkpt lat="48.369651999999995" lon="15.859029999999999"><ele>182.89</ele></trkpt>
      <trkpt lat="48.369814999999996" lon="15.859696999999999"><ele>182.9</ele></trkpt>
      <trkpt lat="48.369974" lon="15.860313"><ele>183.08</ele></trkpt>
      <trkpt lat="48.370124" lon="15.860838"><ele>183.49</ele></trkpt>
      <trkpt lat="48.370218" lon="15.861137999999999"><ele>183.56</ele></trkpt>
      <trkpt lat="48.370826" lon="15.862765999999999"><ele>182.88</ele></trkpt>
      <trkpt lat="48.371477" lon="15.864576999999999"><ele>181.52</ele></trkpt>
      <trkpt lat="48.371576999999995" lon="15.864996999999999"><ele>181.22</ele></trkpt>
      <trkpt lat="48.371628" lon="15.865487"><ele>180.98</ele></trkpt>
      <trkpt lat="48.371573" lon="15.866083999999999"><ele>181.16</ele></trkpt>
      <trkpt lat="48.371434" lon="15.866824999999999"><ele>181.34</ele></trkpt>
      <trkpt lat="48.371342" lon="15.867218999999999"><ele>181.65</ele></trkpt>
      <trkpt lat="48.371258" lon="15.867533"><ele>181.73</ele></trkpt>
      <trkpt lat="48.371117999999996" lon="15.867961999999999"><ele>181.66</ele></trkpt>
      <trkpt lat="48.370931999999996" lon="15.868431"><ele>181.81</ele></trkpt>
      <trkpt lat="48.37057" lon="15.869254"><ele>181.88</ele></trkpt>
      <trkpt lat="48.369853" lon="15.870576999999999"><ele>181.57</ele></trkpt>
      <trkpt lat="48.369003" lon="15.871977999999999"><ele>181.26</ele></trkpt>
      <trkpt lat="48.368114" lon="15.873266999999998"><ele>181.46</ele></trkpt>
      <trkpt lat="48.367546999999995" lon="15.874022"><ele>181.55</ele></trkpt>
      <trkpt lat="48.367152999999995" lon="15.874505"><ele>181.61</ele></trkpt>
      <trkpt lat="48.366403999999996" lon="15.875371999999999"><ele>181.8</ele></trkpt>
      <trkpt lat="48.366147" lon="15.875625999999999"><ele>181.87</ele></trkpt>
      <trkpt lat="48.366062" lon="15.875686"><ele>181.84</ele></trkpt>
      <trkpt lat="48.365966" lon="15.875677999999999"><ele>182.37</ele></trkpt>
      <trkpt lat="48.365897999999994" lon="15.875642"><ele>182.78</ele></trkpt>
      <trkpt lat="48.365542999999995" lon="15.874822"><ele>180.06</ele></trkpt>
      <trkpt lat="48.365468" lon="15.874692999999999"><ele>180.9</ele></trkpt>
      <trkpt lat="48.365362999999995" lon="15.874568"><ele>181.71</ele></trkpt>
      <trkpt lat="48.365311" lon="15.874566"><ele>181.84</ele></trkpt>
      <trkpt lat="48.365237" lon="15.874606"><ele>181.98</ele></trkpt>
      <trkpt lat="48.365080999999996" lon="15.874830999999999"><ele>182.23</ele></trkpt>
      <trkpt lat="48.36446" lon="15.875532999999999"><ele>182.71</ele></trkpt>
      <trkpt lat="48.364391" lon="15.875561999999999"><ele>182.69</ele></trkpt>
      <trkpt lat="48.364312" lon="15.875542"><ele>182.66</ele></trkpt>
      <trkpt lat="48.364269" lon="15.875463"><ele>182.63</ele></trkpt>
      <trkpt lat="48.364241" lon="15.875281999999999"><ele>182.57</ele></trkpt>
      <trkpt lat="48.364239999999995" lon="15.874426"><ele>182.21</ele></trkpt>
      <trkpt lat="48.364224" lon="15.874181"><ele>182.09</ele></trkpt>
      <trkpt lat="48.364165" lon="15.873857"><ele>182.02</ele></trkpt>
      <trkpt lat="48.364084999999996" lon="15.873533"><ele>182.03</ele></trkpt>
      <trkpt lat="48.363988" lon="15.873213"><ele>182.1</ele></trkpt>
      <trkpt lat="48.363875" lon="15.872950999999999"><ele>182.18</ele></trkpt>
      <trkpt lat="48.363394" lon="15.872053"><ele>182.95</ele></trkpt>
      <trkpt lat="48.363318" lon="15.871829"><ele>182.69</ele></trkpt>
      <trkpt lat="48.363246" lon="15.871723"><ele>182.54</ele></trkpt>
      <trkpt lat="48.363166" lon="15.871692"><ele>182.45</ele></trkpt>
      <trkpt lat="48.363073" lon="15.871713999999999"><ele>182.28</ele></trkpt>
      <trkpt lat="48.363008" lon="15.871779"><ele>182.1</ele></trkpt>
      <trkpt lat="48.362983" lon="15.871825999999999"><ele>182.03</ele></trkpt>
      <trkpt lat="48.362959" lon="15.87191"><ele>182</ele></trkpt>
      <trkpt lat="48.362925" lon="15.872065999999998"><ele>182</ele></trkpt>
      <trkpt lat="48.362818999999995" lon="15.872558999999999"><ele>182.03</ele></trkpt>
      <trkpt lat="48.362783" lon="15.872713999999998"><ele>182.01</ele></trkpt>
      <trkpt lat="48.362764999999996" lon="15.872828"><ele>182</ele></trkpt>
      <trkpt lat="48.362763" lon="15.872910999999998"><ele>182</ele></trkpt>
      <trkpt lat="48.36278" lon="15.873005999999998"><ele>182</ele></trkpt>
      <trkpt lat="48.362879" lon="15.873230999999999"><ele>182.18</ele></trkpt>
      <trkpt lat="48.362894" lon="15.873299"><ele>182.2</ele></trkpt>
      <trkpt lat="48.362897" lon="15.873443"><ele>182.2</ele></trkpt>
      <trkpt lat="48.362863999999995" lon="15.873588999999999"><ele>182.15</ele></trkpt>
      <trkpt lat="48.362776" lon="15.873759"><ele>182.07</ele></trkpt>
      <trkpt lat="48.362381" lon="15.874376999999999"><ele>181.6</ele></trkpt>
      <trkpt lat="48.362269" lon="15.874621999999999"><ele>181.33</ele></trkpt>
      <trkpt lat="48.362109" lon="15.875036"><ele>181.8</ele></trkpt>
      <trkpt lat="48.362052" lon="15.875141"><ele>181.69</ele></trkpt>
      <trkpt lat="48.36183" lon="15.875428999999999"><ele>181.35</ele></trkpt>
      <trkpt lat="48.361725" lon="15.875594999999999"><ele>181.4</ele></trkpt>
      <trkpt lat="48.361601" lon="15.875834999999999"><ele>181.9</ele></trkpt>
      <trkpt lat="48.361505" lon="15.876142"><ele>181.93</ele></trkpt>
      <trkpt lat="48.361380999999994" lon="15.876657"><ele>181.85</ele></trkpt>
      <trkpt lat="48.361118999999995" lon="15.87825"><ele>182.04</ele></trkpt>
      <trkpt lat="48.360977" lon="15.879036"><ele>181.85</ele></trkpt>
      <trkpt lat="48.360906" lon="15.879382999999999"><ele>181.8</ele></trkpt>
      <trkpt lat="48.360841" lon="15.879586"><ele>181.74</ele></trkpt>
      <trkpt lat="48.360744999999994" lon="15.879643"><ele>181.69</ele></trkpt>
      <trkpt lat="48.360043999999995" lon="15.879672"><ele>181.64</ele></trkpt>
      <trkpt lat="48.35951" lon="15.879773"><ele>181.39</ele></trkpt>
      <trkpt lat="48.359392" lon="15.879733"><ele>181.35</ele></trkpt>
      <trkpt lat="48.359282" lon="15.879669"><ele>181.28</ele></trkpt>
      <trkpt lat="48.35915" lon="15.879676"><ele>181.14</ele></trkpt>
      <trkpt lat="48.358987" lon="15.879731"><ele>181.12</ele></trkpt>
      <trkpt lat="48.358847" lon="15.879811"><ele>181.16</ele></trkpt>
      <trkpt lat="48.358762" lon="15.879921"><ele>181.26</ele></trkpt>
      <trkpt lat="48.358542" lon="15.880282999999999"><ele>181.2</ele></trkpt>
      <trkpt lat="48.358385999999996" lon="15.880396"><ele>181.09</ele></trkpt>
      <trkpt lat="48.358142" lon="15.880486999999999"><ele>181.72</ele></trkpt>
      <trkpt lat="48.358075" lon="15.880555999999999"><ele>181.86</ele></trkpt>
      <trkpt lat="48.357986" lon="15.880764999999998"><ele>181.23</ele></trkpt>
      <trkpt lat="48.35794" lon="15.88084"><ele>181.24</ele></trkpt>
      <trkpt lat="48.357817999999995" lon="15.881329"><ele>182.28</ele></trkpt>
      <trkpt lat="48.357606999999994" lon="15.881874"><ele>182.96</ele></trkpt>
      <trkpt lat="48.357551" lon="15.882112"><ele>183.34</ele></trkpt>
      <trkpt lat="48.357509" lon="15.882425"><ele>183.59</ele></trkpt>
      <trkpt lat="48.357332" lon="15.883071999999999"><ele>183.32</ele></trkpt>
      <trkpt lat="48.35727" lon="15.883241"><ele>183.27</ele></trkpt>
      <trkpt lat="48.357198999999994" lon="15.883398"><ele>183.18</ele></trkpt>
      <trkpt lat="48.355246" lon="15.886569"><ele>182.67</ele></trkpt>
      <trkpt lat="48.355107" lon="15.886719"><ele>183.01</ele></trkpt>
      <trkpt lat="48.354881999999996" lon="15.886871999999999"><ele>184.43</ele></trkpt>
      <trkpt lat="48.354369" lon="15.887094999999999"><ele>185.13</ele></trkpt>
      <trkpt lat="48.353778999999996" lon="15.888105999999999"><ele>183.75</ele></trkpt>
      <trkpt lat="48.353907" lon="15.888359999999999"><ele>183.36</ele></trkpt>
      <trkpt lat="48.353997" lon="15.888603999999999"><ele>182.64</ele></trkpt>
      <trkpt lat="48.354023999999995" lon="15.888698999999999"><ele>182.66</ele></trkpt>
      <trkpt lat="48.354039" lon="15.888793"><ele>182.67</ele></trkpt>
      <trkpt lat="48.354031" lon="15.888886"><ele>182.69</ele></trkpt>
      <trkpt lat="48.353977" lon="15.889019"><ele>182.68</ele></trkpt>
      <trkpt lat="48.353564999999996" lon="15.889698"><ele>182.44</ele></trkpt>
      <trkpt lat="48.353178" lon="15.890393999999999"><ele>182.1</ele></trkpt>
      <trkpt lat="48.352652" lon="15.891407"><ele>181.87</ele></trkpt>
      <trkpt lat="48.352481" lon="15.891805999999999"><ele>182.01</ele></trkpt>
      <trkpt lat="48.35236" lon="15.892156"><ele>182.08</ele></trkpt>
      <trkpt lat="48.352216" lon="15.892695999999999"><ele>181.97</ele></trkpt>
      <trkpt lat="48.352058" lon="15.893343999999999"><ele>182.27</ele></trkpt>
      <trkpt lat="48.351921999999995" lon="15.894070999999999"><ele>182.49</ele></trkpt>
      <trkpt lat="48.350956" lon="15.898812"><ele>181.18</ele></trkpt>
      <trkpt lat="48.350691" lon="15.899866"><ele>181.45</ele></trkpt>
      <trkpt lat="48.350055999999995" lon="15.901966"><ele>182.32</ele></trkpt>
      <trkpt lat="48.349726999999994" lon="15.903791"><ele>182.92</ele></trkpt>
      <trkpt lat="48.349666" lon="15.904067999999999"><ele>181.77</ele></trkpt>
      <trkpt lat="48.349551999999996" lon="15.90449"><ele>180.56</ele></trkpt>
      <trkpt lat="48.349526999999995" lon="15.904693"><ele>181.26</ele></trkpt>
      <trkpt lat="48.349295" lon="15.905488"><ele>181.08</ele></trkpt>
      <trkpt lat="48.348814" lon="15.90719"><ele>180.98</ele></trkpt>
      <trkpt lat="48.348416" lon="15.908275999999999"><ele>181.19</ele></trkpt>
      <trkpt lat="48.348133999999995" lon="15.909018999999999"><ele>181.05</ele></trkpt>
      <trkpt lat="48.347848" lon="15.909702"><ele>181.09</ele></trkpt>
      <trkpt lat="48.347476" lon="15.910537"><ele>181.06</ele></trkpt>
      <trkpt lat="48.347437" lon="15.910639999999999"><ele>180.88</ele></trkpt>
      <trkpt lat="48.347232999999996" lon="15.911289"><ele>181.15</ele></trkpt>
      <trkpt lat="48.347124" lon="15.911572"><ele>181.09</ele></trkpt>
      <trkpt lat="48.347061" lon="15.911665"><ele>180.83</ele></trkpt>
      <trkpt lat="48.346917999999995" lon="15.911845999999999"><ele>181</ele></trkpt>
      <trkpt lat="48.346951" lon="15.912308"><ele>181.12</ele></trkpt>
      <trkpt lat="48.34701" lon="15.912699"><ele>181.15</ele></trkpt>
      <trkpt lat="48.34695" lon="15.913717"><ele>180.9</ele></trkpt>
      <trkpt lat="48.346526" lon="15.917788"><ele>180.03</ele></trkpt>
      <trkpt lat="48.346433" lon="15.918484"><ele>180.37</ele></trkpt>
      <trkpt lat="48.346117" lon="15.920264999999999"><ele>180</ele></trkpt>
      <trkpt lat="48.345915" lon="15.921066"><ele>180.12</ele></trkpt>
      <trkpt lat="48.345174" lon="15.924116"><ele>179.24</ele></trkpt>
      <trkpt lat="48.344623" lon="15.923772999999999"><ele>181</ele></trkpt>
      <trkpt lat="48.343972" lon="15.923387"><ele>181.7</ele></trkpt>
      <trkpt lat="48.343399" lon="15.925633"><ele>180.98</ele></trkpt>
      <trkpt lat="48.343323999999996" lon="15.925872"><ele>180.96</ele></trkpt>
      <trkpt lat="48.343225" lon="15.926051"><ele>180.95</ele></trkpt>
      <trkpt lat="48.342735" lon="15.926611999999999"><ele>181</ele></trkpt>
      <trkpt lat="48.342003999999996" lon="15.927413999999999"><ele>182.31</ele></trkpt>
      <trkpt lat="48.341938" lon="15.927551"><ele>182.38</ele></trkpt>
      <trkpt lat="48.341688999999995" lon="15.9287"><ele>182.19</ele></trkpt>
      <trkpt lat="48.34159" lon="15.929065999999999"><ele>182.14</ele></trkpt>
      <trkpt lat="48.341114" lon="15.930546"><ele>182.98</ele></trkpt>
      <trkpt lat="48.340841999999995" lon="15.931356"><ele>182.85</ele></trkpt>
      <trkpt lat="48.340378" lon="15.933224999999998"><ele>182.16</ele></trkpt>
      <trkpt lat="48.339993" lon="15.934545"><ele>182.36</ele></trkpt>
      <trkpt lat="48.339915999999995" lon="15.934871"><ele>181.86</ele></trkpt>
      <trkpt lat="48.339768" lon="15.935927"><ele>182.72</ele></trkpt>
      <trkpt lat="48.339552999999995" lon="15.936791999999999"><ele>182.27</ele></trkpt>
      <trkpt lat="48.339365" lon="15.937465"><ele>182.36</ele></trkpt>
      <trkpt lat="48.339092" lon="15.938251999999999"><ele>182.24</ele></trkpt>
      <trkpt lat="48.338435" lon="15.940315"><ele>181.93</ele></trkpt>
      <trkpt lat="48.338384" lon="15.940392999999998"><ele>181.95</ele></trkpt>
      <trkpt lat="48.338316999999996" lon="15.940425"><ele>181.98</ele></trkpt>
      <trkpt lat="48.338248" lon="15.940399"><ele>182.01</ele></trkpt>
      <trkpt lat="48.338125" lon="15.940316999999999"><ele>182.07</ele></trkpt>
      <trkpt lat="48.337916" lon="15.940216"><ele>182.28</ele></trkpt>
      <trkpt lat="48.337492999999995" lon="15.940078"><ele>182.86</ele></trkpt>
      <trkpt lat="48.337272" lon="15.939926999999999"><ele>183.22</ele></trkpt>
      <trkpt lat="48.336743" lon="15.939362999999998"><ele>184.51</ele></trkpt>
      <trkpt lat="48.336445999999995" lon="15.939668999999999"><ele>184.22</ele></trkpt>
      <trkpt lat="48.336318" lon="15.939744"><ele>183.59</ele></trkpt>
      <trkpt lat="48.335805" lon="15.940225"><ele>183.06</ele></trkpt>
      <trkpt lat="48.335747999999995" lon="15.940299"><ele>184</ele></trkpt>
      <trkpt lat="48.335307" lon="15.940728"><ele>183.83</ele></trkpt>
      <trkpt lat="48.334948999999995" lon="15.941058"><ele>183.6</ele></trkpt>
      <trkpt lat="48.334682" lon="15.941332"><ele>183.52</ele></trkpt>
      <trkpt lat="48.334564" lon="15.941474999999999"><ele>183.5</ele></trkpt>
      <trkpt lat="48.33425" lon="15.941892"><ele>183.57</ele></trkpt>
      <trkpt lat="48.333537" lon="15.942927999999998"><ele>183.54</ele></trkpt>
      <trkpt lat="48.333166999999996" lon="15.943537"><ele>183.46</ele></trkpt>
      <trkpt lat="48.332622" lon="15.944258"><ele>183.32</ele></trkpt>
      <trkpt lat="48.332338" lon="15.944659999999999"><ele>183.21</ele></trkpt>
      <trkpt lat="48.332186" lon="15.944923"><ele>183.13</ele></trkpt>
      <trkpt lat="48.332125999999995" lon="15.945053"><ele>183.12</ele></trkpt>
      <trkpt lat="48.332088" lon="15.945205"><ele>183.12</ele></trkpt>
      <trkpt lat="48.332068" lon="15.945426999999999"><ele>183</ele></trkpt>
      <trkpt lat="48.332012" lon="15.945561999999999"><ele>183</ele></trkpt>
      <trkpt lat="48.331966" lon="15.945779"><ele>183</ele></trkpt>
      <trkpt lat="48.331945" lon="15.945817"><ele>183</ele></trkpt>
      <trkpt lat="48.331865" lon="15.945822999999999"><ele>183</ele></trkpt>
      <trkpt lat="48.331665" lon="15.945810999999999"><ele>183</ele></trkpt>
      <trkpt lat="48.33161" lon="15.945841999999999"><ele>182.99</ele></trkpt>
      <trkpt lat="48.331489999999995" lon="15.945984999999999"><ele>182.96</ele></trkpt>
      <trkpt lat="48.33128" lon="15.946288"><ele>182.96</ele></trkpt>
      <trkpt lat="48.331109" lon="15.946572999999999"><ele>182.94</ele></trkpt>
      <trkpt lat="48.330987" lon="15.94675"><ele>182.95</ele></trkpt>
      <trkpt lat="48.330735" lon="15.947068999999999"><ele>182.84</ele></trkpt>
      <trkpt lat="48.330791999999995" lon="15.947845"><ele>182.86</ele></trkpt>
      <trkpt lat="48.330791999999995" lon="15.947985"><ele>182.85</ele></trkpt>
      <trkpt lat="48.330782" lon="15.948129"><ele>182.83</ele></trkpt>
      <trkpt lat="48.330724" lon="15.948509999999999"><ele>182.78</ele></trkpt>
      <trkpt lat="48.33042" lon="15.949660999999999"><ele>182.69</ele></trkpt>
      <trkpt lat="48.330397999999995" lon="15.949802"><ele>182.64</ele></trkpt>
      <trkpt lat="48.330391" lon="15.949926"><ele>182.6</ele></trkpt>
      <trkpt lat="48.330391999999996" lon="15.949997999999999"><ele>182.57</ele></trkpt>
      <trkpt lat="48.330425999999996" lon="15.95028"><ele>182.49</ele></trkpt>
      <trkpt lat="48.33043" lon="15.950363999999999"><ele>182.47</ele></trkpt>
      <trkpt lat="48.330417999999995" lon="15.950476"><ele>182.46</ele></trkpt>
      <trkpt lat="48.330391999999996" lon="15.950574999999999"><ele>182.39</ele></trkpt>
      <trkpt lat="48.330313" lon="15.950683999999999"><ele>182.22</ele></trkpt>
      <trkpt lat="48.329989999999995" lon="15.951016"><ele>182</ele></trkpt>
      <trkpt lat="48.329932" lon="15.951149"><ele>182</ele></trkpt>
      <trkpt lat="48.329665999999996" lon="15.952736999999999"><ele>181.83</ele></trkpt>
      <trkpt lat="48.329947999999995" lon="15.952909"><ele>181.7</ele></trkpt>
      <trkpt lat="48.330003" lon="15.952995"><ele>181.59</ele></trkpt>
      <trkpt lat="48.330042999999996" lon="15.953092999999999"><ele>181.52</ele></trkpt>
      <trkpt lat="48.330059" lon="15.953204"><ele>181.47</ele></trkpt>
      <trkpt lat="48.330045999999996" lon="15.953738"><ele>181.3</ele></trkpt>
      <trkpt lat="48.330065999999995" lon="15.953876999999999"><ele>181.25</ele></trkpt>
      <trkpt lat="48.330134" lon="15.95397"><ele>181.2</ele></trkpt>
      <trkpt lat="48.330208999999996" lon="15.954025"><ele>181.16</ele></trkpt>
      <trkpt lat="48.331163" lon="15.954585"><ele>181.18</ele></trkpt>
      <trkpt lat="48.331154" lon="15.954967"><ele>180.65</ele></trkpt>
      <trkpt lat="48.331302" lon="15.955015"><ele>180.04</ele></trkpt>
      <trkpt lat="48.331357" lon="15.955053999999999"><ele>180.11</ele></trkpt>
      <trkpt lat="48.331393" lon="15.955093"><ele>180.2</ele></trkpt>
      <trkpt lat="48.331528999999996" lon="15.955278"><ele>180.67</ele></trkpt>
      <trkpt lat="48.331593999999996" lon="15.955444"><ele>180.91</ele></trkpt>
      <trkpt lat="48.331618999999996" lon="15.955587"><ele>181.17</ele></trkpt>
      <trkpt lat="48.331604999999996" lon="15.95571"><ele>181.41</ele></trkpt>
      <trkpt lat="48.331536" lon="15.955817"><ele>181.65</ele></trkpt>
      <trkpt lat="48.331444" lon="15.955843999999999"><ele>181.82</ele></trkpt>
      <trkpt lat="48.331334" lon="15.955822"><ele>182.26</ele></trkpt>
      <trkpt lat="48.331244" lon="15.955893"><ele>182.1</ele></trkpt>
      <trkpt lat="48.331087" lon="15.956071999999999"><ele>181.54</ele></trkpt>
      <trkpt lat="48.330895999999996" lon="15.956221999999999"><ele>181.43</ele></trkpt>
      <trkpt lat="48.330749" lon="15.956304"><ele>181.29</ele></trkpt>
      <trkpt lat="48.330611999999995" lon="15.956330999999999"><ele>181.18</ele></trkpt>
      <trkpt lat="48.330537" lon="15.956574999999999"><ele>181.15</ele></trkpt>
      <trkpt lat="48.330490999999995" lon="15.956767"><ele>181.17</ele></trkpt>
      <trkpt lat="48.330484999999996" lon="15.956938"><ele>181.2</ele></trkpt>
      <trkpt lat="48.330543999999996" lon="15.957374"><ele>181.33</ele></trkpt>
      <trkpt lat="48.330650999999996" lon="15.957718999999999"><ele>181.37</ele></trkpt>
      <trkpt lat="48.330856999999995" lon="15.958217"><ele>181.6</ele></trkpt>
      <trkpt lat="48.330937999999996" lon="15.958307999999999"><ele>181.61</ele></trkpt>
      <trkpt lat="48.331027" lon="15.958383"><ele>181.6</ele></trkpt>
      <trkpt lat="48.331205" lon="15.958487"><ele>181.58</ele></trkpt>
      <trkpt lat="48.331405" lon="15.958549"><ele>181.64</ele></trkpt>
      <trkpt lat="48.331466999999996" lon="15.958582"><ele>181.65</ele></trkpt>
      <trkpt lat="48.33152" lon="15.958639"><ele>181.66</ele></trkpt>
      <trkpt lat="48.331554999999994" lon="15.958791999999999"><ele>181.7</ele></trkpt>
      <trkpt lat="48.331559999999996" lon="15.958872"><ele>181.74</ele></trkpt>
      <trkpt lat="48.331545" lon="15.958998"><ele>181.79</ele></trkpt>
      <trkpt lat="48.331512" lon="15.959052999999999"><ele>181.82</ele></trkpt>
      <trkpt lat="48.331454" lon="15.959123"><ele>181.85</ele></trkpt>
      <trkpt lat="48.331322" lon="15.959244"><ele>181.84</ele></trkpt>
      <trkpt lat="48.331072" lon="15.959411999999999"><ele>181.91</ele></trkpt>
      <trkpt lat="48.330906" lon="15.959499"><ele>181.92</ele></trkpt>
      <trkpt lat="48.330788999999996" lon="15.959591"><ele>181.82</ele></trkpt>
      <trkpt lat="48.330656" lon="15.959738999999999"><ele>181.75</ele></trkpt>
      <trkpt lat="48.330554" lon="15.95998"><ele>181.75</ele></trkpt>
      <trkpt lat="48.330503" lon="15.960201"><ele>181.79</ele></trkpt>
      <trkpt lat="48.330476999999995" lon="15.960427999999999"><ele>181.88</ele></trkpt>
      <trkpt lat="48.330509" lon="15.960674999999998"><ele>182.03</ele></trkpt>
      <trkpt lat="48.330585" lon="15.961018"><ele>182.18</ele></trkpt>
      <trkpt lat="48.330807" lon="15.961701999999999"><ele>182.29</ele></trkpt>
      <trkpt lat="48.330872" lon="15.961787999999999"><ele>182.21</ele></trkpt>
      <trkpt lat="48.331199" lon="15.962038"><ele>181.86</ele></trkpt>
      <trkpt lat="48.331359" lon="15.962085"><ele>181.73</ele></trkpt>
      <trkpt lat="48.331939999999996" lon="15.962428999999998"><ele>181.43</ele></trkpt>
      <trkpt lat="48.331961" lon="15.962470999999999"><ele>181.46</ele></trkpt>
      <trkpt lat="48.331972" lon="15.962542"><ele>181.49</ele></trkpt>
      <trkpt lat="48.331682" lon="15.963515999999998"><ele>181.25</ele></trkpt>
      <trkpt lat="48.33155" lon="15.963854999999999"><ele>181.21</ele></trkpt>
      <trkpt lat="48.331244999999996" lon="15.964521"><ele>181.09</ele></trkpt>
      <trkpt lat="48.33106" lon="15.965138999999999"><ele>181.14</ele></trkpt>
      <trkpt lat="48.330881999999995" lon="15.965855"><ele>180.92</ele></trkpt>
      <trkpt lat="48.33076" lon="15.966501"><ele>180.76</ele></trkpt>
      <trkpt lat="48.330607" lon="15.967721999999998"><ele>180.9</ele></trkpt>
      <trkpt lat="48.330551" lon="15.968345"><ele>181.06</ele></trkpt>
      <trkpt lat="48.330532" lon="15.968662"><ele>181.1</ele></trkpt>
      <trkpt lat="48.330532" lon="15.968971"><ele>181.06</ele></trkpt>
      <trkpt lat="48.330549999999995" lon="15.969206999999999"><ele>181</ele></trkpt>
      <trkpt lat="48.330751" lon="15.970464999999999"><ele>180.26</ele></trkpt>
      <trkpt lat="48.330996" lon="15.971606"><ele>180.03</ele></trkpt>
      <trkpt lat="48.331043" lon="15.971767999999999"><ele>180.11</ele></trkpt>
      <trkpt lat="48.331151999999996" lon="15.972078"><ele>180.3</ele></trkpt>
      <trkpt lat="48.33133" lon="15.972456999999999"><ele>180.71</ele></trkpt>
      <trkpt lat="48.331409" lon="15.972686999999999"><ele>181.34</ele></trkpt>
      <trkpt lat="48.331421999999996" lon="15.972748999999999"><ele>181.3</ele></trkpt>
      <trkpt lat="48.331419" lon="15.972919999999998"><ele>181.06</ele></trkpt>
      <trkpt lat="48.331303" lon="15.973903"><ele>179.61</ele></trkpt>
      <trkpt lat="48.331139" lon="15.974215999999998"><ele>179.9</ele></trkpt>
      <trkpt lat="48.330759" lon="15.975187"><ele>180.43</ele></trkpt>
      <trkpt lat="48.330642999999995" lon="15.975563"><ele>180.68</ele></trkpt>
      <trkpt lat="48.330548" lon="15.975988999999998"><ele>180.4</ele></trkpt>
      <trkpt lat="48.330506" lon="15.976121"><ele>180.18</ele></trkpt>
      <trkpt lat="48.330514" lon="15.97621"><ele>180.17</ele></trkpt>
      <trkpt lat="48.33036" lon="15.977153999999999"><ele>180.64</ele></trkpt>
      <trkpt lat="48.330172999999995" lon="15.979191"><ele>180.63</ele></trkpt>
      <trkpt lat="48.330152" lon="15.980027"><ele>180.44</ele></trkpt>
      <trkpt lat="48.330121" lon="15.980234"><ele>180.37</ele></trkpt>
      <trkpt lat="48.33003" lon="15.98054"><ele>180.28</ele></trkpt>
      <trkpt lat="48.32974" lon="15.981378999999999"><ele>180</ele></trkpt>
      <trkpt lat="48.329588" lon="15.981643"><ele>180</ele></trkpt>
      <trkpt lat="48.329493" lon="15.981897"><ele>180.01</ele></trkpt>
      <trkpt lat="48.329391" lon="15.982289999999999"><ele>180.3</ele></trkpt>
      <trkpt lat="48.329315" lon="15.982489999999999"><ele>180.43</ele></trkpt>
      <trkpt lat="48.329184" lon="15.982745999999999"><ele>180.55</ele></trkpt>
      <trkpt lat="48.328905" lon="15.983096999999999"><ele>180.69</ele></trkpt>
      <trkpt lat="48.328694" lon="15.983495"><ele>180.6</ele></trkpt>
      <trkpt lat="48.328095" lon="15.984288"><ele>179.93</ele></trkpt>
      <trkpt lat="48.327836" lon="15.984561999999999"><ele>179.61</ele></trkpt>
      <trkpt lat="48.327647" lon="15.984727"><ele>179.47</ele></trkpt>
      <trkpt lat="48.327483" lon="15.984855999999999"><ele>180</ele></trkpt>
      <trkpt lat="48.327935" lon="15.98621"><ele>178.77</ele></trkpt>
      <trkpt lat="48.328053999999995" lon="15.986538"><ele>179.69</ele></trkpt>
      <trkpt lat="48.328109" lon="15.986758"><ele>179.85</ele></trkpt>
      <trkpt lat="48.328123" lon="15.986877"><ele>179.99</ele></trkpt>
      <trkpt lat="48.328095" lon="15.988152"><ele>179.28</ele></trkpt>
      <trkpt lat="48.328112" lon="15.988404999999998"><ele>179.18</ele></trkpt>
      <trkpt lat="48.328198" lon="15.988679"><ele>179.12</ele></trkpt>
      <trkpt lat="48.328419" lon="15.989142"><ele>179.01</ele></trkpt>
      <trkpt lat="48.328475999999995" lon="15.989298"><ele>179</ele></trkpt>
      <trkpt lat="48.328516" lon="15.989457999999999"><ele>179</ele></trkpt>
      <trkpt lat="48.328537" lon="15.989597999999999"><ele>179</ele></trkpt>
      <trkpt lat="48.328644999999995" lon="15.990504999999999"><ele>179</ele></trkpt>
      <trkpt lat="48.328685" lon="15.990670999999999"><ele>179</ele></trkpt>
      <trkpt lat="48.328739" lon="15.990812"><ele>179</ele></trkpt>
      <trkpt lat="48.328837" lon="15.990979999999999"><ele>178.98</ele></trkpt>
      <trkpt lat="48.329015" lon="15.991164"><ele>178.81</ele></trkpt>
      <trkpt lat="48.329274" lon="15.991325999999999"><ele>178.63</ele></trkpt>
      <trkpt lat="48.32989" lon="15.991484999999999"><ele>178.53</ele></trkpt>
      <trkpt lat="48.330275" lon="15.991674999999999"><ele>178.57</ele></trkpt>
      <trkpt lat="48.330521999999995" lon="15.991869"><ele>178.6</ele></trkpt>
      <trkpt lat="48.330738" lon="15.992077"><ele>178.54</ele></trkpt>
      <trkpt lat="48.33087" lon="15.992225"><ele>178.5</ele></trkpt>
      <trkpt lat="48.330934" lon="15.992317"><ele>178.45</ele></trkpt>
      <trkpt lat="48.33101" lon="15.992488"><ele>178.02</ele></trkpt>
      <trkpt lat="48.331030999999996" lon="15.992583"><ele>177.78</ele></trkpt>
      <trkpt lat="48.331043" lon="15.992718"><ele>177.48</ele></trkpt>
      <trkpt lat="48.331036999999995" lon="15.992821"><ele>177.42</ele></trkpt>
      <trkpt lat="48.330853999999995" lon="15.994731999999999"><ele>178.71</ele></trkpt>
      <trkpt lat="48.330774" lon="15.995372999999999"><ele>178.06</ele></trkpt>
      <trkpt lat="48.330709" lon="15.995657999999999"><ele>177.8</ele></trkpt>
      <trkpt lat="48.330658" lon="15.995781999999998"><ele>177.73</ele></trkpt>
      <trkpt lat="48.330580999999995" lon="15.995885999999999"><ele>177.69</ele></trkpt>
      <trkpt lat="48.329938" lon="15.9965"><ele>177.78</ele></trkpt>
      <trkpt lat="48.329792999999995" lon="15.996661"><ele>177.75</ele></trkpt>
      <trkpt lat="48.329707" lon="15.996777999999999"><ele>177.68</ele></trkpt>
      <trkpt lat="48.32949" lon="15.997122"><ele>177.66</ele></trkpt>
      <trkpt lat="48.329361" lon="15.997423"><ele>177.77</ele></trkpt>
      <trkpt lat="48.329285999999996" lon="15.99766"><ele>177.87</ele></trkpt>
      <trkpt lat="48.329245" lon="15.997879"><ele>177.94</ele></trkpt>
      <trkpt lat="48.329214" lon="15.998161999999999"><ele>177.98</ele></trkpt>
      <trkpt lat="48.3292" lon="15.998491999999999"><ele>178.23</ele></trkpt>
      <trkpt lat="48.329204" lon="15.999284999999999"><ele>178.56</ele></trkpt>
      <trkpt lat="48.329190999999994" lon="15.999524999999998"><ele>178.46</ele></trkpt>
      <trkpt lat="48.329161" lon="15.999725999999999"><ele>178.36</ele></trkpt>
      <trkpt lat="48.329119999999996" lon="15.999908"><ele>178.27</ele></trkpt>
      <trkpt lat="48.329042" lon="16.000144"><ele>178.16</ele></trkpt>
      <trkpt lat="48.328837" lon="16.000594"><ele>177.93</ele></trkpt>
      <trkpt lat="48.32855" lon="16.001138"><ele>177.89</ele></trkpt>
      <trkpt lat="48.328165" lon="16.001797"><ele>178.02</ele></trkpt>
      <trkpt lat="48.327928" lon="16.00223"><ele>177.94</ele></trkpt>
      <trkpt lat="48.32767" lon="16.002747"><ele>177.91</ele></trkpt>
      <trkpt lat="48.327476999999995" lon="16.003209"><ele>178.49</ele></trkpt>
      <trkpt lat="48.32731" lon="16.003678999999998"><ele>178.18</ele></trkpt>
      <trkpt lat="48.327155999999995" lon="16.004241999999998"><ele>177.68</ele></trkpt>
      <trkpt lat="48.327000999999996" lon="16.005048"><ele>178.26</ele></trkpt>
      <trkpt lat="48.326581" lon="16.008074999999998"><ele>177.36</ele></trkpt>
      <trkpt lat="48.326505999999995" lon="16.008564"><ele>177.86</ele></trkpt>
      <trkpt lat="48.326462" lon="16.009192"><ele>177.89</ele></trkpt>
      <trkpt lat="48.326446999999995" lon="16.010161999999998"><ele>177.81</ele></trkpt>
      <trkpt lat="48.326477" lon="16.011133"><ele>177.68</ele></trkpt>
      <trkpt lat="48.326453" lon="16.01165"><ele>177.76</ele></trkpt>
      <trkpt lat="48.326211" lon="16.01363"><ele>177.96</ele></trkpt>
      <trkpt lat="48.326147999999996" lon="16.014012"><ele>177.98</ele></trkpt>
      <trkpt lat="48.326102" lon="16.014172"><ele>177.99</ele></trkpt>
      <trkpt lat="48.325823" lon="16.014653"><ele>177.99</ele></trkpt>
      <trkpt lat="48.325764" lon="16.014823"><ele>178</ele></trkpt>
      <trkpt lat="48.325725999999996" lon="16.014993"><ele>178</ele></trkpt>
      <trkpt lat="48.325683999999995" lon="16.015346"><ele>178</ele></trkpt>
      <trkpt lat="48.325669" lon="16.015708"><ele>178</ele></trkpt>
      <trkpt lat="48.325694" lon="16.01614"><ele>178</ele></trkpt>
      <trkpt lat="48.325955" lon="16.018092"><ele>178</ele></trkpt>
      <trkpt lat="48.325993999999994" lon="16.018293"><ele>178</ele></trkpt>
      <trkpt lat="48.326904" lon="16.02178"><ele>177.73</ele></trkpt>
      <trkpt lat="48.326969" lon="16.022071"><ele>177.55</ele></trkpt>
      <trkpt lat="48.327132" lon="16.023042999999998"><ele>177.31</ele></trkpt>
      <trkpt lat="48.327223" lon="16.023449"><ele>177.37</ele></trkpt>
      <trkpt lat="48.327439" lon="16.024183999999998"><ele>177.72</ele></trkpt>
      <trkpt lat="48.327466" lon="16.024331999999998"><ele>177.86</ele></trkpt>
      <trkpt lat="48.327479" lon="16.024459"><ele>178</ele></trkpt>
      <trkpt lat="48.327484" lon="16.024617"><ele>178</ele></trkpt>
      <trkpt lat="48.327479" lon="16.024763"><ele>177.99</ele></trkpt>
      <trkpt lat="48.327458" lon="16.024967"><ele>177.88</ele></trkpt>
      <trkpt lat="48.327307999999995" lon="16.026031"><ele>177.62</ele></trkpt>
      <trkpt lat="48.327307999999995" lon="16.026118999999998"><ele>177.6</ele></trkpt>
      <trkpt lat="48.327324999999995" lon="16.026204"><ele>177.59</ele></trkpt>
      <trkpt lat="48.32738" lon="16.026374999999998"><ele>177.57</ele></trkpt>
      <trkpt lat="48.327394999999996" lon="16.026446"><ele>177.58</ele></trkpt>
      <trkpt lat="48.327399" lon="16.026522"><ele>177.58</ele></trkpt>
      <trkpt lat="48.327389" lon="16.026599"><ele>177.57</ele></trkpt>
      <trkpt lat="48.327368" lon="16.026659"><ele>177.58</ele></trkpt>
      <trkpt lat="48.327337" lon="16.026716"><ele>177.63</ele></trkpt>
      <trkpt lat="48.3273" lon="16.026754999999998"><ele>177.72</ele></trkpt>
      <trkpt lat="48.327222" lon="16.026799999999998"><ele>177.95</ele></trkpt>
      <trkpt lat="48.32701" lon="16.026805"><ele>177.64</ele></trkpt>
      <trkpt lat="48.326961999999995" lon="16.02683"><ele>177.69</ele></trkpt>
      <trkpt lat="48.326921" lon="16.026867"><ele>177.84</ele></trkpt>
      <trkpt lat="48.326792" lon="16.027122"><ele>178.33</ele></trkpt>
      <trkpt lat="48.326758" lon="16.027158"><ele>178.34</ele></trkpt>
      <trkpt lat="48.326707" lon="16.027179999999998"><ele>178.34</ele></trkpt>
      <trkpt lat="48.326122999999995" lon="16.027231999999998"><ele>178.15</ele></trkpt>
      <trkpt lat="48.325866999999995" lon="16.027306"><ele>178.45</ele></trkpt>
      <trkpt lat="48.325795" lon="16.02731"><ele>178.52</ele></trkpt>
      <trkpt lat="48.325759999999995" lon="16.0273"><ele>178.52</ele></trkpt>
      <trkpt lat="48.325658999999995" lon="16.027236"><ele>178.34</ele></trkpt>
      <trkpt lat="48.325572" lon="16.027197"><ele>178.63</ele></trkpt>
      <trkpt lat="48.325167" lon="16.027082"><ele>178.72</ele></trkpt>
      <trkpt lat="48.325106" lon="16.027089999999998"><ele>178.81</ele></trkpt>
      <trkpt lat="48.325142" lon="16.027141999999998"><ele>178.84</ele></trkpt>
      <trkpt lat="48.325585" lon="16.027533"><ele>178.85</ele></trkpt>
      <trkpt lat="48.326268999999996" lon="16.028026999999998"><ele>178.72</ele></trkpt>
      <trkpt lat="48.326639" lon="16.028335"><ele>179.02</ele></trkpt>
      <trkpt lat="48.326791" lon="16.028381"><ele>179.5</ele></trkpt>
      <trkpt lat="48.326907" lon="16.028397"><ele>180.08</ele></trkpt>
      <trkpt lat="48.326933999999994" lon="16.028318"><ele>180.77</ele></trkpt>
      <trkpt lat="48.326724" lon="16.028152"><ele>180.04</ele></trkpt>
      <trkpt lat="48.326634" lon="16.028287"><ele>179.1</ele></trkpt>
      <trkpt lat="48.326319" lon="16.028816"><ele>179.84</ele></trkpt>
      <trkpt lat="48.326437" lon="16.028888"><ele>180.48</ele></trkpt>
      <trkpt lat="48.326508999999994" lon="16.028989"><ele>180.33</ele></trkpt>
      <trkpt lat="48.326687" lon="16.029192"><ele>180.86</ele></trkpt>
      <trkpt lat="48.326809" lon="16.029317"><ele>180.64</ele></trkpt>
      <trkpt lat="48.32695" lon="16.029426"><ele>180.48</ele></trkpt>
      <trkpt lat="48.327183" lon="16.029541"><ele>180.32</ele></trkpt>
      <trkpt lat="48.327498999999996" lon="16.029676"><ele>180.51</ele></trkpt>
      <trkpt lat="48.328219999999995" lon="16.029973"><ele>179.61</ele></trkpt>
      <trkpt lat="48.329062" lon="16.030155"><ele>179.14</ele></trkpt>
      <trkpt lat="48.329831" lon="16.030182"><ele>179.09</ele></trkpt>
      <trkpt lat="48.330421" lon="16.030145"><ele>179.08</ele></trkpt>
      <trkpt lat="48.330721999999994" lon="16.030146"><ele>179.16</ele></trkpt>
      <trkpt lat="48.331005" lon="16.030169"><ele>179.28</ele></trkpt>
      <trkpt lat="48.331472999999995" lon="16.030264"><ele>179.9</ele></trkpt>
      <trkpt lat="48.331970999999996" lon="16.030434"><ele>179.52</ele></trkpt>
      <trkpt lat="48.33248" lon="16.030701"><ele>179.37</ele></trkpt>
      <trkpt lat="48.332975999999995" lon="16.031063"><ele>179.16</ele></trkpt>
      <trkpt lat="48.333096999999995" lon="16.031171999999998"><ele>179.16</ele></trkpt>
      <trkpt lat="48.33316" lon="16.031252"><ele>179.17</ele></trkpt>
      <trkpt lat="48.333217" lon="16.031354999999998"><ele>179.17</ele></trkpt>
      <trkpt lat="48.333251999999995" lon="16.031475999999998"><ele>179.16</ele></trkpt>
      <trkpt lat="48.333273999999996" lon="16.031603"><ele>179.16</ele></trkpt>
      <trkpt lat="48.333368" lon="16.036065999999998"><ele>179.63</ele></trkpt>
      <trkpt lat="48.333393" lon="16.036822"><ele>179.22</ele></trkpt>
      <trkpt lat="48.333455" lon="16.037122999999998"><ele>178.69</ele></trkpt>
      <trkpt lat="48.3334" lon="16.037471"><ele>178.6</ele></trkpt>
      <trkpt lat="48.333538999999995" lon="16.044733"><ele>178.65</ele></trkpt>
      <trkpt lat="48.333532999999996" lon="16.04488"><ele>178.71</ele></trkpt>
      <trkpt lat="48.333518" lon="16.044984"><ele>178.77</ele></trkpt>
      <trkpt lat="48.33349" lon="16.045082999999998"><ele>178.86</ele></trkpt>
      <trkpt lat="48.333425999999996" lon="16.045208"><ele>179.01</ele></trkpt>
      <trkpt lat="48.333352999999995" lon="16.045327999999998"><ele>179.15</ele></trkpt>
      <trkpt lat="48.33318" lon="16.04556"><ele>179.39</ele></trkpt>
      <trkpt lat="48.33314" lon="16.045645"><ele>179.52</ele></trkpt>
      <trkpt lat="48.333109" lon="16.045742999999998"><ele>179.63</ele></trkpt>
      <trkpt lat="48.333092" lon="16.045837"><ele>179.59</ele></trkpt>
      <trkpt lat="48.333084" lon="16.045942"><ele>179.62</ele></trkpt>
      <trkpt lat="48.333102" lon="16.046236"><ele>179.79</ele></trkpt>
      <trkpt lat="48.333132" lon="16.046421"><ele>179.38</ele></trkpt>
      <trkpt lat="48.333211999999996" lon="16.046802"><ele>179.68</ele></trkpt>
      <trkpt lat="48.333234" lon="16.046941"><ele>179.81</ele></trkpt>
      <trkpt lat="48.333268999999994" lon="16.047293"><ele>180.16</ele></trkpt>
      <trkpt lat="48.333265" lon="16.047874999999998"><ele>179.82</ele></trkpt>
      <trkpt lat="48.33325" lon="16.048296999999998"><ele>178.11</ele></trkpt>
      <trkpt lat="48.333233" lon="16.048443"><ele>177.99</ele></trkpt>
      <trkpt lat="48.333233" lon="16.0487"><ele>178.75</ele></trkpt>
      <trkpt lat="48.333248999999995" lon="16.049098"><ele>178.97</ele></trkpt>
      <trkpt lat="48.333268" lon="16.049317"><ele>179</ele></trkpt>
      <trkpt lat="48.333318999999996" lon="16.049601"><ele>179.53</ele></trkpt>
      <trkpt lat="48.333478" lon="16.050244"><ele>179.06</ele></trkpt>
      <trkpt lat="48.333527" lon="16.05049"><ele>179.38</ele></trkpt>
      <trkpt lat="48.333551" lon="16.050653999999998"><ele>179.4</ele></trkpt>
      <trkpt lat="48.33359" lon="16.051130999999998"><ele>179.85</ele></trkpt>
      <trkpt lat="48.333600999999994" lon="16.051637"><ele>179.96</ele></trkpt>
      <trkpt lat="48.333649" lon="16.052839"><ele>179.59</ele></trkpt>
      <trkpt lat="48.333683" lon="16.053414"><ele>179.27</ele></trkpt>
      <trkpt lat="48.333757999999996" lon="16.054132"><ele>179</ele></trkpt>
      <trkpt lat="48.333873" lon="16.054847"><ele>179.39</ele></trkpt>
      <trkpt lat="48.333968" lon="16.055296"><ele>178.43</ele></trkpt>
      <trkpt lat="48.334008999999995" lon="16.055422"><ele>178.13</ele></trkpt>
      <trkpt lat="48.334114" lon="16.056499"><ele>178</ele></trkpt>
      <trkpt lat="48.334118" lon="16.056668"><ele>178</ele></trkpt>
      <trkpt lat="48.334081999999995" lon="16.057624"><ele>177.86</ele></trkpt>
      <trkpt lat="48.334055" lon="16.057648999999998"><ele>177.78</ele></trkpt>
      <trkpt lat="48.333884" lon="16.057966999999998"><ele>177.04</ele></trkpt>
      <trkpt lat="48.333811" lon="16.058122"><ele>177.66</ele></trkpt>
      <trkpt lat="48.33368" lon="16.058427"><ele>178.05</ele></trkpt>
      <trkpt lat="48.333664999999996" lon="16.058483"><ele>178.1</ele></trkpt>
      <trkpt lat="48.333650999999996" lon="16.058606"><ele>178.14</ele></trkpt>
      <trkpt lat="48.333574" lon="16.059212"><ele>178.27</ele></trkpt>
      <trkpt lat="48.33349" lon="16.05925"><ele>178.88</ele></trkpt>
      <trkpt lat="48.332856" lon="16.059134999999998"><ele>180.3</ele></trkpt>
      <trkpt lat="48.332429" lon="16.0591"><ele>179.71</ele></trkpt>
      <trkpt lat="48.332356999999995" lon="16.059062"><ele>179.88</ele></trkpt>
      <trkpt lat="48.333295" lon="16.059029"><ele>182.25</ele></trkpt>
      <trkpt lat="48.333377" lon="16.059039"><ele>181.62</ele></trkpt>
      <trkpt lat="48.333441" lon="16.059076"><ele>180.27</ele></trkpt>
      <trkpt lat="48.333467" lon="16.059077"><ele>179.87</ele></trkpt>
      <trkpt lat="48.337446" lon="16.059209"><ele>181.99</ele></trkpt>
      <trkpt lat="48.337889999999994" lon="16.05922"><ele>182.47</ele></trkpt>
      <trkpt lat="48.337917" lon="16.059282"><ele>181.64</ele></trkpt>
      <trkpt lat="48.337961" lon="16.059342"><ele>181.61</ele></trkpt>
      <trkpt lat="48.338077" lon="16.059459999999998"><ele>181.21</ele></trkpt>
      <trkpt lat="48.338325999999995" lon="16.059649999999998"><ele>179.7</ele></trkpt>
      <trkpt lat="48.338623999999996" lon="16.059897"><ele>178.26</ele></trkpt>
      <trkpt lat="48.338660999999995" lon="16.060029"><ele>177.83</ele></trkpt>
      <trkpt lat="48.337942999999996" lon="16.060323999999998"><ele>177.24</ele></trkpt>
      <trkpt lat="48.337683" lon="16.060402"><ele>176.81</ele></trkpt>
      <trkpt lat="48.337289999999996" lon="16.060499999999998"><ele>176.95</ele></trkpt>
      <trkpt lat="48.337252" lon="16.060574"><ele>176.99</ele></trkpt>
      <trkpt lat="48.337221" lon="16.060665"><ele>176.99</ele></trkpt>
      <trkpt lat="48.337106" lon="16.061199"><ele>177</ele></trkpt>
      <trkpt lat="48.337115" lon="16.061463"><ele>177.04</ele></trkpt>
      <trkpt lat="48.337148" lon="16.061992"><ele>177.65</ele></trkpt>
      <trkpt lat="48.337379" lon="16.064377999999998"><ele>177.69</ele></trkpt>
      <trkpt lat="48.337452" lon="16.065386999999998"><ele>178.17</ele></trkpt>
      <trkpt lat="48.337506999999995" lon="16.066396"><ele>178.72</ele></trkpt>
      <trkpt lat="48.337542" lon="16.067308"><ele>178.6</ele></trkpt>
      <trkpt lat="48.337556" lon="16.068785"><ele>177.87</ele></trkpt>
      <trkpt lat="48.337540999999995" lon="16.070342"><ele>177.63</ele></trkpt>
      <trkpt lat="48.3375" lon="16.073386"><ele>177.94</ele></trkpt>
      <trkpt lat="48.337450999999994" lon="16.075499"><ele>178.11</ele></trkpt>
      <trkpt lat="48.337485" lon="16.075784"><ele>178.16</ele></trkpt>
      <trkpt lat="48.337561" lon="16.076052999999998"><ele>178.21</ele></trkpt>
      <trkpt lat="48.338035" lon="16.077102"><ele>178.02</ele></trkpt>
      <trkpt lat="48.338114999999995" lon="16.077331"><ele>177.98</ele></trkpt>
      <trkpt lat="48.338159999999995" lon="16.077583999999998"><ele>177.94</ele></trkpt>
      <trkpt lat="48.338159999999995" lon="16.077795"><ele>177.91</ele></trkpt>
      <trkpt lat="48.338125" lon="16.078177999999998"><ele>177.84</ele></trkpt>
      <trkpt lat="48.337829" lon="16.080391"><ele>177.23</ele></trkpt>
      <trkpt lat="48.337616" lon="16.081449"><ele>176.5</ele></trkpt>
      <trkpt lat="48.337087" lon="16.083699"><ele>176.78</ele></trkpt>
      <trkpt lat="48.336918" lon="16.084653"><ele>177.24</ele></trkpt>
      <trkpt lat="48.336552" lon="16.088162999999998"><ele>176.24</ele></trkpt>
      <trkpt lat="48.336188" lon="16.092066"><ele>177.11</ele></trkpt>
      <trkpt lat="48.335896999999996" lon="16.096867"><ele>177.42</ele></trkpt>
      <trkpt lat="48.335854999999995" lon="16.097441"><ele>177.76</ele></trkpt>
      <trkpt lat="48.335789" lon="16.098744"><ele>177.58</ele></trkpt>
      <trkpt lat="48.335729" lon="16.100264"><ele>176.38</ele></trkpt>
      <trkpt lat="48.335668" lon="16.103607999999998"><ele>176.16</ele></trkpt>
      <trkpt lat="48.335699" lon="16.104989"><ele>176.11</ele></trkpt>
      <trkpt lat="48.335730999999996" lon="16.105793"><ele>176.45</ele></trkpt>
      <trkpt lat="48.335913" lon="16.108394"><ele>176.14</ele></trkpt>
      <trkpt lat="48.336985999999996" lon="16.121889"><ele>176.65</ele></trkpt>
      <trkpt lat="48.337244999999996" lon="16.124882"><ele>177.45</ele></trkpt>
      <trkpt lat="48.337505" lon="16.128301"><ele>177.9</ele></trkpt>
      <trkpt lat="48.337654" lon="16.130122"><ele>175.93</ele></trkpt>
      <trkpt lat="48.337958" lon="16.134113"><ele>176.95</ele></trkpt>
      <trkpt lat="48.337990999999995" lon="16.134460999999998"><ele>177.81</ele></trkpt>
      <trkpt lat="48.338024999999995" lon="16.134697"><ele>178.7</ele></trkpt>
      <trkpt lat="48.338059" lon="16.134802"><ele>178.52</ele></trkpt>
      <trkpt lat="48.338175" lon="16.135029"><ele>177.23</ele></trkpt>
      <trkpt lat="48.338614" lon="16.135651"><ele>176.98</ele></trkpt>
      <trkpt lat="48.338775999999996" lon="16.135921"><ele>176.91</ele></trkpt>
      <trkpt lat="48.33882" lon="16.136042"><ele>176.88</ele></trkpt>
      <trkpt lat="48.338843" lon="16.136217"><ele>176.84</ele></trkpt>
      <trkpt lat="48.338836" lon="16.136412"><ele>176.8</ele></trkpt>
      <trkpt lat="48.338438" lon="16.138063"><ele>176.65</ele></trkpt>
      <trkpt lat="48.338362" lon="16.138495"><ele>177.44</ele></trkpt>
      <trkpt lat="48.338356999999995" lon="16.138572"><ele>177.57</ele></trkpt>
      <trkpt lat="48.338356999999995" lon="16.138704"><ele>177.53</ele></trkpt>
      <trkpt lat="48.338377" lon="16.138974"><ele>177.37</ele></trkpt>
      <trkpt lat="48.338733999999995" lon="16.142374999999998"><ele>176.48</ele></trkpt>
      <trkpt lat="48.338784999999994" lon="16.142695"><ele>176.32</ele></trkpt>
      <trkpt lat="48.338847" lon="16.142985"><ele>176.27</ele></trkpt>
      <trkpt lat="48.339047" lon="16.143669"><ele>176.89</ele></trkpt>
      <trkpt lat="48.339121999999996" lon="16.144012"><ele>176.91</ele></trkpt>
      <trkpt lat="48.339183" lon="16.144486"><ele>176.92</ele></trkpt>
      <trkpt lat="48.339227" lon="16.144903"><ele>177.13</ele></trkpt>
      <trkpt lat="48.339248" lon="16.145329999999998"><ele>177.17</ele></trkpt>
      <trkpt lat="48.339186" lon="16.146075"><ele>177.26</ele></trkpt>
      <trkpt lat="48.339192999999995" lon="16.146459"><ele>177.42</ele></trkpt>
      <trkpt lat="48.339681999999996" lon="16.151211"><ele>177.26</ele></trkpt>
      <trkpt lat="48.339926999999996" lon="16.153516"><ele>176.89</ele></trkpt>
      <trkpt lat="48.340298999999995" lon="16.156094"><ele>177.27</ele></trkpt>
      <trkpt lat="48.340339" lon="16.156283"><ele>177.25</ele></trkpt>
      <trkpt lat="48.340416" lon="16.15646"><ele>177.22</ele></trkpt>
      <trkpt lat="48.340505" lon="16.156624"><ele>177.18</ele></trkpt>
      <trkpt lat="48.341170999999996" lon="16.157526999999998"><ele>176.46</ele></trkpt>
      <trkpt lat="48.341224999999994" lon="16.157628"><ele>176.36</ele></trkpt>
      <trkpt lat="48.341256" lon="16.157729"><ele>176.28</ele></trkpt>
      <trkpt lat="48.341286" lon="16.157919"><ele>176.15</ele></trkpt>
      <trkpt lat="48.341243999999996" lon="16.163806"><ele>175.57</ele></trkpt>
      <trkpt lat="48.341252" lon="16.16431"><ele>175.57</ele></trkpt>
      <trkpt lat="48.341287" lon="16.165073"><ele>176.17</ele></trkpt>
      <trkpt lat="48.341392" lon="16.166342999999998"><ele>177.15</ele></trkpt>
      <trkpt lat="48.341561999999996" lon="16.167616"><ele>176.45</ele></trkpt>
      <trkpt lat="48.341977" lon="16.170019"><ele>176.99</ele></trkpt>
      <trkpt lat="48.342164999999994" lon="16.170955"><ele>176.65</ele></trkpt>
      <trkpt lat="48.342324" lon="16.171703"><ele>175.64</ele></trkpt>
      <trkpt lat="48.342617999999995" lon="16.172904"><ele>175.65</ele></trkpt>
      <trkpt lat="48.344836" lon="16.1813"><ele>176.11</ele></trkpt>
      <trkpt lat="48.345124" lon="16.182420999999998"><ele>175.9</ele></trkpt>
      <trkpt lat="48.345347" lon="16.183377"><ele>176.06</ele></trkpt>
      <trkpt lat="48.345673" lon="16.184881999999998"><ele>175.56</ele></trkpt>
      <trkpt lat="48.347536999999996" lon="16.193925"><ele>177.27</ele></trkpt>
      <trkpt lat="48.347604999999994" lon="16.194202999999998"><ele>177.45</ele></trkpt>
      <trkpt lat="48.347657" lon="16.194318"><ele>177.53</ele></trkpt>
      <trkpt lat="48.347707" lon="16.194375"><ele>177.57</ele></trkpt>
      <trkpt lat="48.347826" lon="16.194456"><ele>177.65</ele></trkpt>
      <trkpt lat="48.348774999999996" lon="16.194727"><ele>177.01</ele></trkpt>
      <trkpt lat="48.348904999999995" lon="16.194806"><ele>176.82</ele></trkpt>
      <trkpt lat="48.348993" lon="16.194906"><ele>176.68</ele></trkpt>
      <trkpt lat="48.349053" lon="16.195055"><ele>176.55</ele></trkpt>
      <trkpt lat="48.34908" lon="16.195256999999998"><ele>176.4</ele></trkpt>
      <trkpt lat="48.349047" lon="16.199015"><ele>176</ele></trkpt>
      <trkpt lat="48.349118999999995" lon="16.200053999999998"><ele>176.37</ele></trkpt>
      <trkpt lat="48.349256999999994" lon="16.200817999999998"><ele>176.8</ele></trkpt>
      <trkpt lat="48.349413" lon="16.201399"><ele>176.75</ele></trkpt>
      <trkpt lat="48.349609" lon="16.202030999999998"><ele>177.28</ele></trkpt>
      <trkpt lat="48.349967" lon="16.202986"><ele>177.99</ele></trkpt>
      <trkpt lat="48.350189" lon="16.203801"><ele>178.27</ele></trkpt>
      <trkpt lat="48.350336" lon="16.204601"><ele>178.03</ele></trkpt>
      <trkpt lat="48.350387999999995" lon="16.20503"><ele>177.97</ele></trkpt>
      <trkpt lat="48.350451" lon="16.206333"><ele>178.26</ele></trkpt>
      <trkpt lat="48.350511" lon="16.207265"><ele>178.52</ele></trkpt>
      <trkpt lat="48.350640999999996" lon="16.208112"><ele>177.8</ele></trkpt>
      <trkpt lat="48.351172" lon="16.210839"><ele>178</ele></trkpt>
      <trkpt lat="48.351616" lon="16.213255"><ele>178.56</ele></trkpt>
      <trkpt lat="48.352416999999996" lon="16.217918"><ele>178.44</ele></trkpt>
      <trkpt lat="48.352717" lon="16.219784999999998"><ele>178.55</ele></trkpt>
      <trkpt lat="48.353578" lon="16.225362"><ele>178.76</ele></trkpt>
      <trkpt lat="48.353702" lon="16.226131"><ele>178.28</ele></trkpt>
      <trkpt lat="48.353947999999995" lon="16.227491"><ele>178.2</ele></trkpt>
      <trkpt lat="48.354174" lon="16.228634"><ele>178.46</ele></trkpt>
      <trkpt lat="48.354485999999994" lon="16.230075"><ele>178.29</ele></trkpt>
      <trkpt lat="48.355121" lon="16.232899"><ele>178.19</ele></trkpt>
      <trkpt lat="48.355297" lon="16.233721"><ele>178.27</ele></trkpt>
      <trkpt lat="48.355436" lon="16.234424999999998"><ele>178.29</ele></trkpt>
      <trkpt lat="48.355658999999996" lon="16.235664"><ele>178.31</ele></trkpt>
      <trkpt lat="48.355826" lon="16.236687"><ele>178.5</ele></trkpt>
      <trkpt lat="48.355975" lon="16.237751"><ele>178.06</ele></trkpt>
      <trkpt lat="48.356494" lon="16.237666"><ele>178.51</ele></trkpt>
      <trkpt lat="48.356612999999996" lon="16.237685"><ele>178.18</ele></trkpt>
      <trkpt lat="48.356677" lon="16.237726"><ele>178.13</ele></trkpt>
      <trkpt lat="48.356753999999995" lon="16.237821999999998"><ele>178.04</ele></trkpt>
      <trkpt lat="48.357349" lon="16.238667"><ele>175.54</ele></trkpt>
      <trkpt lat="48.357409" lon="16.238720999999998"><ele>175.43</ele></trkpt>
      <trkpt lat="48.357472" lon="16.238743"><ele>175.35</ele></trkpt>
      <trkpt lat="48.357530999999994" lon="16.238747999999998"><ele>175.28</ele></trkpt>
      <trkpt lat="48.357600999999995" lon="16.238737"><ele>175.22</ele></trkpt>
      <trkpt lat="48.35826" lon="16.23847"><ele>174.64</ele></trkpt>
      <trkpt lat="48.359414" lon="16.237966999999998"><ele>174.63</ele></trkpt>
      <trkpt lat="48.359483999999995" lon="16.237946"><ele>174.53</ele></trkpt>
      <trkpt lat="48.35957" lon="16.237949"><ele>174.34</ele></trkpt>
      <trkpt lat="48.35915" lon="16.240619"><ele>175</ele></trkpt>
      <trkpt lat="48.359047" lon="16.241355"><ele>174.95</ele></trkpt>
      <trkpt lat="48.358959999999996" lon="16.241877"><ele>174.81</ele></trkpt>
      <trkpt lat="48.358867" lon="16.242196"><ele>174.64</ele></trkpt>
      <trkpt lat="48.358624999999996" lon="16.242848"><ele>174.25</ele></trkpt>
      <trkpt lat="48.358509999999995" lon="16.243077"><ele>174.02</ele></trkpt>
      <trkpt lat="48.358337999999996" lon="16.243336"><ele>173.77</ele></trkpt>
      <trkpt lat="48.35812" lon="16.243617"><ele>173.6</ele></trkpt>
      <trkpt lat="48.357931" lon="16.243814999999998"><ele>173.57</ele></trkpt>
      <trkpt lat="48.357783" lon="16.243913"><ele>173.52</ele></trkpt>
      <trkpt lat="48.357659" lon="16.244017"><ele>173.49</ele></trkpt>
      <trkpt lat="48.357592" lon="16.244153"><ele>173.52</ele></trkpt>
      <trkpt lat="48.357513999999995" lon="16.244467"><ele>173.65</ele></trkpt>
      <trkpt lat="48.357394" lon="16.245016"><ele>174</ele></trkpt>
      <trkpt lat="48.357332" lon="16.245117"><ele>174</ele></trkpt>
      <trkpt lat="48.357245999999996" lon="16.245158"><ele>173.95</ele></trkpt>
      <trkpt lat="48.357032" lon="16.245181"><ele>173.77</ele></trkpt>
      <trkpt lat="48.356918" lon="16.245241999999998"><ele>173.65</ele></trkpt>
      <trkpt lat="48.356829999999995" lon="16.245354"><ele>173.56</ele></trkpt>
      <trkpt lat="48.35677" lon="16.245495"><ele>173.47</ele></trkpt>
      <trkpt lat="48.356716999999996" lon="16.245842"><ele>173.25</ele></trkpt>
      <trkpt lat="48.356637" lon="16.246261999999998"><ele>173.02</ele></trkpt>
      <trkpt lat="48.356364" lon="16.247373"><ele>170.6</ele></trkpt>
      <trkpt lat="48.356297999999995" lon="16.248252"><ele>170.14</ele></trkpt>
      <trkpt lat="48.355532" lon="16.254936"><ele>169.58</ele></trkpt>
      <trkpt lat="48.355439999999994" lon="16.255772"><ele>169.67</ele></trkpt>
      <trkpt lat="48.355253" lon="16.257638999999998"><ele>169.05</ele></trkpt>
      <trkpt lat="48.354391" lon="16.27011"><ele>168.23</ele></trkpt>
      <trkpt lat="48.354319" lon="16.27148"><ele>167.27</ele></trkpt>
      <trkpt lat="48.354290999999996" lon="16.272501"><ele>166.99</ele></trkpt>
      <trkpt lat="48.354282" lon="16.273651"><ele>167.25</ele></trkpt>
      <trkpt lat="48.354332" lon="16.274541"><ele>167.34</ele></trkpt>
      <trkpt lat="48.354324" lon="16.275055"><ele>167.27</ele></trkpt>
      <trkpt lat="48.354268999999995" lon="16.276108999999998"><ele>167.1</ele></trkpt>
      <trkpt lat="48.35416" lon="16.277514999999998"><ele>168.41</ele></trkpt>
      <trkpt lat="48.354105" lon="16.278679999999998"><ele>168.15</ele></trkpt>
      <trkpt lat="48.354051" lon="16.280096"><ele>167.31</ele></trkpt>
      <trkpt lat="48.354014" lon="16.280634"><ele>166.95</ele></trkpt>
      <trkpt lat="48.353873" lon="16.28183"><ele>167.95</ele></trkpt>
      <trkpt lat="48.353639" lon="16.283264"><ele>167.69</ele></trkpt>
      <trkpt lat="48.353494" lon="16.283929999999998"><ele>167.82</ele></trkpt>
      <trkpt lat="48.353308999999996" lon="16.28473"><ele>168.07</ele></trkpt>
      <trkpt lat="48.352951999999995" lon="16.286006"><ele>167.78</ele></trkpt>
      <trkpt lat="48.352689999999996" lon="16.286759"><ele>167.57</ele></trkpt>
      <trkpt lat="48.352377999999995" lon="16.287579"><ele>167.41</ele></trkpt>
      <trkpt lat="48.352005" lon="16.288484999999998"><ele>167.26</ele></trkpt>
      <trkpt lat="48.350190999999995" lon="16.29279"><ele>166.85</ele></trkpt>
      <trkpt lat="48.34918" lon="16.295118"><ele>166.88</ele></trkpt>
      <trkpt lat="48.348009999999995" lon="16.297997"><ele>167.13</ele></trkpt>
      <trkpt lat="48.347944999999996" lon="16.298130999999998"><ele>167.18</ele></trkpt>
      <trkpt lat="48.34787" lon="16.298313999999998"><ele>167.27</ele></trkpt>
      <trkpt lat="48.347777" lon="16.298607999999998"><ele>167.39</ele></trkpt>
      <trkpt lat="48.34768" lon="16.298861"><ele>167.41</ele></trkpt>
      <trkpt lat="48.347305999999996" lon="16.299677"><ele>167.34</ele></trkpt>
      <trkpt lat="48.345940999999996" lon="16.302889"><ele>167.07</ele></trkpt>
      <trkpt lat="48.34562" lon="16.303701"><ele>167.28</ele></trkpt>
      <trkpt lat="48.344648" lon="16.305955"><ele>167.04</ele></trkpt>
      <trkpt lat="48.344668999999996" lon="16.306113"><ele>167.45</ele></trkpt>
      <trkpt lat="48.344716" lon="16.306285"><ele>167.56</ele></trkpt>
      <trkpt lat="48.344739" lon="16.30642"><ele>167.39</ele></trkpt>
      <trkpt lat="48.344742" lon="16.306575"><ele>167.21</ele></trkpt>
      <trkpt lat="48.344722999999995" lon="16.307102999999998"><ele>167.03</ele></trkpt>
      <trkpt lat="48.344693" lon="16.307275"><ele>166.97</ele></trkpt>
      <trkpt lat="48.344547" lon="16.307733"><ele>166.85</ele></trkpt>
      <trkpt lat="48.344466" lon="16.307952"><ele>166.86</ele></trkpt>
      <trkpt lat="48.344438" lon="16.308142"><ele>166.85</ele></trkpt>
      <trkpt lat="48.344435" lon="16.308379"><ele>166.8</ele></trkpt>
      <trkpt lat="48.344442" lon="16.308505999999998"><ele>166.81</ele></trkpt>
      <trkpt lat="48.344488" lon="16.30882"><ele>166.88</ele></trkpt>
      <trkpt lat="48.344687" lon="16.309697"><ele>167.79</ele></trkpt>
      <trkpt lat="48.344803" lon="16.310164"><ele>165.82</ele></trkpt>
      <trkpt lat="48.344936999999994" lon="16.310762999999998"><ele>166.47</ele></trkpt>
      <trkpt lat="48.344961999999995" lon="16.310921999999998"><ele>167.72</ele></trkpt>
      <trkpt lat="48.344390999999995" lon="16.311336999999998"><ele>167.28</ele></trkpt>
      <trkpt lat="48.344283999999995" lon="16.311428"><ele>167.24</ele></trkpt>
      <trkpt lat="48.344229999999996" lon="16.311524"><ele>167.2</ele></trkpt>
      <trkpt lat="48.344111999999996" lon="16.31182"><ele>167.17</ele></trkpt>
      <trkpt lat="48.344001999999996" lon="16.312032"><ele>167.25</ele></trkpt>
      <trkpt lat="48.343475" lon="16.312634"><ele>167.69</ele></trkpt>
      <trkpt lat="48.343227" lon="16.312893"><ele>168.05</ele></trkpt>
      <trkpt lat="48.34319" lon="16.312942"><ele>168.14</ele></trkpt>
      <trkpt lat="48.343117" lon="16.313283"><ele>168.14</ele></trkpt>
      <trkpt lat="48.343151999999996" lon="16.313444"><ele>168.26</ele></trkpt>
      <trkpt lat="48.343219" lon="16.313617999999998"><ele>168.26</ele></trkpt>
      <trkpt lat="48.34328" lon="16.31381"><ele>168.15</ele></trkpt>
      <trkpt lat="48.343661999999995" lon="16.314605"><ele>167.65</ele></trkpt>
      <trkpt lat="48.343543" lon="16.314826999999998"><ele>167.63</ele></trkpt>
      <trkpt lat="48.343924" lon="16.315796"><ele>167.61</ele></trkpt>
      <trkpt lat="48.344156999999996" lon="16.316481"><ele>168</ele></trkpt>
      <trkpt lat="48.344366" lon="16.317016"><ele>168</ele></trkpt>
      <trkpt lat="48.344905" lon="16.318331"><ele>168</ele></trkpt>
      <trkpt lat="48.344521" lon="16.318587"><ele>168</ele></trkpt>
      <trkpt lat="48.344243999999996" lon="16.318817"><ele>168</ele></trkpt>
      <trkpt lat="48.342358999999995" lon="16.321557"><ele>167.9</ele></trkpt>
      <trkpt lat="48.341518" lon="16.322831"><ele>167.37</ele></trkpt>
      <trkpt lat="48.340885" lon="16.321845"><ele>167.19</ele></trkpt>
      <trkpt lat="48.340232" lon="16.322816"><ele>167.95</ele></trkpt>
      <trkpt lat="48.340039" lon="16.322401"><ele>167</ele></trkpt>
      <trkpt lat="48.3399" lon="16.322145"><ele>167.11</ele></trkpt>
      <trkpt lat="48.339822" lon="16.322032999999998"><ele>167.16</ele></trkpt>
      <trkpt lat="48.339695999999996" lon="16.321911"><ele>167</ele></trkpt>
      <trkpt lat="48.339538" lon="16.321792"><ele>167</ele></trkpt>
      <trkpt lat="48.339357" lon="16.321706"><ele>167.04</ele></trkpt>
      <trkpt lat="48.339223" lon="16.321683999999998"><ele>167.22</ele></trkpt>
      <trkpt lat="48.339106" lon="16.321693"><ele>167.28</ele></trkpt>
      <trkpt lat="48.339011" lon="16.321728"><ele>167.27</ele></trkpt>
      <trkpt lat="48.338238" lon="16.322269"><ele>166.98</ele></trkpt>
      <trkpt lat="48.338142" lon="16.322381999999998"><ele>166.99</ele></trkpt>
      <trkpt lat="48.337756999999996" lon="16.323059999999998"><ele>166.94</ele></trkpt>
      <trkpt lat="48.337013999999996" lon="16.324794999999998"><ele>166.45</ele></trkpt>
      <trkpt lat="48.335859" lon="16.326899"><ele>165.78</ele></trkpt>
      <trkpt lat="48.335625" lon="16.327481"><ele>167</ele></trkpt>
      <trkpt lat="48.335552" lon="16.327683"><ele>167</ele></trkpt>
      <trkpt lat="48.335432" lon="16.32798"><ele>167</ele></trkpt>
      <trkpt lat="48.335148" lon="16.328613999999998"><ele>166.91</ele></trkpt>
      <trkpt lat="48.334823" lon="16.329166999999998"><ele>166.79</ele></trkpt>
      <trkpt lat="48.334632" lon="16.329411"><ele>167</ele></trkpt>
      <trkpt lat="48.334092999999996" lon="16.330038"><ele>166.89</ele></trkpt>
      <trkpt lat="48.333808999999995" lon="16.330337999999998"><ele>166.8</ele></trkpt>
      <trkpt lat="48.333555" lon="16.330593"><ele>166.68</ele></trkpt>
      <trkpt lat="48.333411999999996" lon="16.330693999999998"><ele>166.5</ele></trkpt>
      <trkpt lat="48.333349" lon="16.330807999999998"><ele>166.73</ele></trkpt>
      <trkpt lat="48.333133" lon="16.330983"><ele>166.55</ele></trkpt>
      <trkpt lat="48.332733" lon="16.331339"><ele>166.49</ele></trkpt>
      <trkpt lat="48.332654" lon="16.331443"><ele>166.78</ele></trkpt>
      <trkpt lat="48.332539999999995" lon="16.33156"><ele>166.86</ele></trkpt>
      <trkpt lat="48.332459" lon="16.331606999999998"><ele>166.88</ele></trkpt>
      <trkpt lat="48.33237" lon="16.331629"><ele>166.9</ele></trkpt>
      <trkpt lat="48.3323" lon="16.331622"><ele>166.92</ele></trkpt>
      <trkpt lat="48.332212999999996" lon="16.33157"><ele>166.96</ele></trkpt>
      <trkpt lat="48.332088" lon="16.331466"><ele>167.04</ele></trkpt>
      <trkpt lat="48.332015" lon="16.331433"><ele>167.07</ele></trkpt>
      <trkpt lat="48.331858999999994" lon="16.331416"><ele>167.05</ele></trkpt>
      <trkpt lat="48.331716" lon="16.331418"><ele>166.99</ele></trkpt>
      <trkpt lat="48.331461" lon="16.331468"><ele>166.94</ele></trkpt>
      <trkpt lat="48.33134" lon="16.331512999999998"><ele>166.93</ele></trkpt>
      <trkpt lat="48.331219999999995" lon="16.331587"><ele>166.91</ele></trkpt>
      <trkpt lat="48.331119" lon="16.331697"><ele>166.88</ele></trkpt>
      <trkpt lat="48.331075" lon="16.331784"><ele>166.87</ele></trkpt>
      <trkpt lat="48.330985" lon="16.331848"><ele>166.83</ele></trkpt>
      <trkpt lat="48.330918999999994" lon="16.331858"><ele>166.77</ele></trkpt>
      <trkpt lat="48.330864" lon="16.331841999999998"><ele>166.67</ele></trkpt>
      <trkpt lat="48.33078" lon="16.331749"><ele>166.29</ele></trkpt>
      <trkpt lat="48.3307" lon="16.331701"><ele>166.17</ele></trkpt>
      <trkpt lat="48.330656" lon="16.331698"><ele>166.13</ele></trkpt>
      <trkpt lat="48.33056" lon="16.331747"><ele>166.16</ele></trkpt>
      <trkpt lat="48.330503" lon="16.331798"><ele>166.22</ele></trkpt>
      <trkpt lat="48.33045" lon="16.331874"><ele>166.29</ele></trkpt>
      <trkpt lat="48.329772" lon="16.332494"><ele>166.62</ele></trkpt>
      <trkpt lat="48.329625" lon="16.332611"><ele>166.58</ele></trkpt>
      <trkpt lat="48.329529" lon="16.33271"><ele>166.62</ele></trkpt>
      <trkpt lat="48.329043999999996" lon="16.333154999999998"><ele>166.49</ele></trkpt>
      <trkpt lat="48.328970999999996" lon="16.333188"><ele>166.31</ele></trkpt>
      <trkpt lat="48.328911999999995" lon="16.333233"><ele>166.34</ele></trkpt>
      <trkpt lat="48.328551" lon="16.333558999999997"><ele>165.98</ele></trkpt>
      <trkpt lat="48.328340999999995" lon="16.333775"><ele>165.97</ele></trkpt>
      <trkpt lat="48.328255999999996" lon="16.33388"><ele>165.93</ele></trkpt>
      <trkpt lat="48.328238999999996" lon="16.333882"><ele>165.92</ele></trkpt>
      <trkpt lat="48.328188" lon="16.333804"><ele>165.58</ele></trkpt>
      <trkpt lat="48.32817" lon="16.33381"><ele>165.63</ele></trkpt>
      <trkpt lat="48.328033" lon="16.333984"><ele>166.08</ele></trkpt>
      <trkpt lat="48.327945" lon="16.334113"><ele>166.05</ele></trkpt>
      <trkpt lat="48.327874" lon="16.334172"><ele>165.99</ele></trkpt>
      <trkpt lat="48.327777999999995" lon="16.334201999999998"><ele>165.96</ele></trkpt>
      <trkpt lat="48.32758" lon="16.334229"><ele>165.93</ele></trkpt>
      <trkpt lat="48.327422999999996" lon="16.334311"><ele>165.8</ele></trkpt>
      <trkpt lat="48.327234" lon="16.334374"><ele>166</ele></trkpt>
      <trkpt lat="48.327028999999996" lon="16.334409"><ele>166.38</ele></trkpt>
      <trkpt lat="48.326927999999995" lon="16.334443"><ele>166.22</ele></trkpt>
      <trkpt lat="48.326713999999996" lon="16.334553"><ele>166.16</ele></trkpt>
      <trkpt lat="48.326161" lon="16.334979"><ele>165.84</ele></trkpt>
      <trkpt lat="48.325527" lon="16.335392"><ele>165.66</ele></trkpt>
      <trkpt lat="48.324884999999995" lon="16.335781"><ele>165.76</ele></trkpt>
      <trkpt lat="48.324628999999995" lon="16.33598"><ele>165.89</ele></trkpt>
      <trkpt lat="48.324251" lon="16.336374"><ele>166.14</ele></trkpt>
      <trkpt lat="48.323935" lon="16.336554"><ele>165.64</ele></trkpt>
      <trkpt lat="48.323473" lon="16.336864"><ele>165.28</ele></trkpt>
      <trkpt lat="48.323085" lon="16.337142999999998"><ele>165.18</ele></trkpt>
      <trkpt lat="48.31881" lon="16.340094"><ele>165.17</ele></trkpt>
      <trkpt lat="48.316204" lon="16.34192"><ele>164.55</ele></trkpt>
      <trkpt lat="48.315799999999996" lon="16.342176"><ele>165.02</ele></trkpt>
      <trkpt lat="48.315661" lon="16.342247"><ele>164.86</ele></trkpt>
      <trkpt lat="48.315121999999995" lon="16.342575999999998"><ele>164.77</ele></trkpt>
      <trkpt lat="48.314775999999995" lon="16.342766"><ele>164.84</ele></trkpt>
      <trkpt lat="48.314364" lon="16.342989"><ele>165.04</ele></trkpt>
      <trkpt lat="48.313739999999996" lon="16.343291"><ele>165.02</ele></trkpt>
      <trkpt lat="48.312998" lon="16.343619"><ele>164.89</ele></trkpt>
      <trkpt lat="48.311654" lon="16.344162"><ele>164.88</ele></trkpt>
      <trkpt lat="48.310542" lon="16.34451"><ele>164.32</ele></trkpt>
      <trkpt lat="48.310046" lon="16.344635999999998"><ele>164.36</ele></trkpt>
      <trkpt lat="48.309833999999995" lon="16.344668"><ele>164.49</ele></trkpt>
      <trkpt lat="48.309625999999994" lon="16.344675"><ele>164.64</ele></trkpt>
      <trkpt lat="48.308384" lon="16.344662"><ele>165.37</ele></trkpt>
      <trkpt lat="48.307911999999995" lon="16.344666999999998"><ele>165.2</ele></trkpt>
      <trkpt lat="48.307175" lon="16.344722"><ele>164.85</ele></trkpt>
      <trkpt lat="48.306739" lon="16.344784999999998"><ele>165.13</ele></trkpt>
      <trkpt lat="48.306321999999994" lon="16.344859"><ele>165.13</ele></trkpt>
      <trkpt lat="48.305904" lon="16.344958"><ele>164.9</ele></trkpt>
      <trkpt lat="48.305062" lon="16.345209"><ele>164.7</ele></trkpt>
      <trkpt lat="48.304193999999995" lon="16.345556"><ele>165.35</ele></trkpt>
      <trkpt lat="48.303259999999995" lon="16.346028"><ele>166.13</ele></trkpt>
      <trkpt lat="48.302687" lon="16.346356999999998"><ele>165.81</ele></trkpt>
      <trkpt lat="48.302307" lon="16.346591"><ele>165.93</ele></trkpt>
      <trkpt lat="48.301766" lon="16.346932"><ele>165.91</ele></trkpt>
      <trkpt lat="48.301559999999995" lon="16.347144999999998"><ele>166.99</ele></trkpt>
      <trkpt lat="48.301395" lon="16.347292"><ele>167.54</ele></trkpt>
      <trkpt lat="48.301272999999995" lon="16.347369"><ele>167.32</ele></trkpt>
      <trkpt lat="48.301055999999996" lon="16.347383999999998"><ele>166.93</ele></trkpt>
      <trkpt lat="48.301016" lon="16.347399"><ele>166.86</ele></trkpt>
      <trkpt lat="48.300982999999995" lon="16.34744"><ele>166.88</ele></trkpt>
      <trkpt lat="48.300947" lon="16.347623"><ele>168.01</ele></trkpt>
      <trkpt lat="48.300869" lon="16.347723"><ele>168.34</ele></trkpt>
      <trkpt lat="48.299976" lon="16.348435"><ele>167.9</ele></trkpt>
      <trkpt lat="48.299402" lon="16.348872999999998"><ele>168.49</ele></trkpt>
      <trkpt lat="48.299347" lon="16.349151"><ele>168.65</ele></trkpt>
      <trkpt lat="48.298907" lon="16.349629"><ele>170.23</ele></trkpt>
      <trkpt lat="48.298024999999996" lon="16.347222"><ele>165.56</ele></trkpt>
      <trkpt lat="48.297948999999996" lon="16.347096999999998"><ele>168.48</ele></trkpt>
      <trkpt lat="48.297864" lon="16.347067"><ele>169.49</ele></trkpt>
      <trkpt lat="48.297792" lon="16.347061"><ele>169.8</ele></trkpt>
      <trkpt lat="48.297509" lon="16.347165999999998"><ele>169.5</ele></trkpt>
      <trkpt lat="48.295936999999995" lon="16.347703"><ele>168.5</ele></trkpt>
      <trkpt lat="48.295758" lon="16.347794"><ele>168.7</ele></trkpt>
      <trkpt lat="48.294902" lon="16.348496"><ele>168.78</ele></trkpt>
      <trkpt lat="48.294328" lon="16.348986"><ele>169.53</ele></trkpt>
      <trkpt lat="48.293892" lon="16.349391"><ele>169.97</ele></trkpt>
      <trkpt lat="48.293436" lon="16.349864999999998"><ele>170.13</ele></trkpt>
      <trkpt lat="48.293144" lon="16.350134999999998"><ele>170.14</ele></trkpt>
      <trkpt lat="48.292181" lon="16.3509"><ele>170.32</ele></trkpt>
      <trkpt lat="48.291039" lon="16.351785"><ele>170.26</ele></trkpt>
      <trkpt lat="48.290569" lon="16.352111999999998"><ele>170.37</ele></trkpt>
      <trkpt lat="48.290441" lon="16.352141"><ele>170.6</ele></trkpt>
      <trkpt lat="48.290155999999996" lon="16.352231"><ele>170.82</ele></trkpt>
      <trkpt lat="48.289491999999996" lon="16.352335"><ele>170.89</ele></trkpt>
      <trkpt lat="48.289321" lon="16.352373999999998"><ele>170.89</ele></trkpt>
      <trkpt lat="48.289117999999995" lon="16.352443"><ele>170.82</ele></trkpt>
      <trkpt lat="48.288923999999994" lon="16.352536999999998"><ele>170.98</ele></trkpt>
      <trkpt lat="48.288669" lon="16.35271"><ele>170.81</ele></trkpt>
      <trkpt lat="48.286922" lon="16.353967"><ele>169.66</ele></trkpt>
      <trkpt lat="48.284749999999995" lon="16.355591999999998"><ele>169.7</ele></trkpt>
      <trkpt lat="48.284327" lon="16.355893"><ele>169.16</ele></trkpt>
      <trkpt lat="48.284000999999996" lon="16.356151999999998"><ele>168.97</ele></trkpt>
      <trkpt lat="48.283645" lon="16.356465999999998"><ele>168.89</ele></trkpt>
      <trkpt lat="48.283057" lon="16.357021"><ele>168.67</ele></trkpt>
      <trkpt lat="48.282931999999995" lon="16.357124"><ele>168.61</ele></trkpt>
      <trkpt lat="48.282612" lon="16.357374"><ele>168.4</ele></trkpt>
      <trkpt lat="48.2814" lon="16.358255"><ele>167.96</ele></trkpt>
      <trkpt lat="48.28095" lon="16.358598999999998"><ele>167.88</ele></trkpt>
      <trkpt lat="48.279153" lon="16.360076"><ele>167.81</ele></trkpt>
      <trkpt lat="48.279081999999995" lon="16.360143"><ele>167.84</ele></trkpt>
      <trkpt lat="48.278987" lon="16.360259"><ele>167.88</ele></trkpt>
      <trkpt lat="48.278915" lon="16.360374999999998"><ele>167.97</ele></trkpt>
      <trkpt lat="48.278144" lon="16.361793"><ele>169.85</ele></trkpt>
      <trkpt lat="48.277995999999995" lon="16.361931"><ele>169.94</ele></trkpt>
      <trkpt lat="48.277853" lon="16.362023999999998"><ele>169.96</ele></trkpt>
      <trkpt lat="48.277176" lon="16.362317"><ele>169.55</ele></trkpt>
      <trkpt lat="48.276917999999995" lon="16.362437"><ele>169.1</ele></trkpt>
      <trkpt lat="48.276775" lon="16.362519"><ele>168.95</ele></trkpt>
      <trkpt lat="48.276517999999996" lon="16.362709"><ele>168.69</ele></trkpt>
      <trkpt lat="48.275697" lon="16.36338"><ele>167.91</ele></trkpt>
      <trkpt lat="48.274667" lon="16.364243"><ele>168.64</ele></trkpt>
      <trkpt lat="48.274377" lon="16.364587999999998"><ele>168.56</ele></trkpt>
      <trkpt lat="48.274221" lon="16.364815999999998"><ele>168.67</ele></trkpt>
      <trkpt lat="48.274017" lon="16.365183"><ele>168.21</ele></trkpt>
      <trkpt lat="48.273351999999996" lon="16.36644"><ele>168.51</ele></trkpt>
      <trkpt lat="48.273263" lon="16.366571999999998"><ele>168.42</ele></trkpt>
      <trkpt lat="48.273151" lon="16.366712"><ele>168.31</ele></trkpt>
      <trkpt lat="48.272952" lon="16.366925"><ele>168.17</ele></trkpt>
      <trkpt lat="48.272312" lon="16.367476"><ele>168</ele></trkpt>
      <trkpt lat="48.270880999999996" lon="16.368506"><ele>168.38</ele></trkpt>
      <trkpt lat="48.26838" lon="16.370558"><ele>169</ele></trkpt>
      <trkpt lat="48.267629" lon="16.37113"><ele>168.96</ele></trkpt>
      <trkpt lat="48.267351" lon="16.371305"><ele>168.84</ele></trkpt>
      <trkpt lat="48.267247999999995" lon="16.371322"><ele>169.11</ele></trkpt>
      <trkpt lat="48.266189999999995" lon="16.370979"><ele>169.11</ele></trkpt>
      <trkpt lat="48.266047" lon="16.370952"><ele>169</ele></trkpt>
      <trkpt lat="48.265443" lon="16.371195999999998"><ele>168.67</ele></trkpt>
      <trkpt lat="48.26504" lon="16.371412"><ele>168.21</ele></trkpt>
      <trkpt lat="48.264109999999995" lon="16.372208"><ele>168.71</ele></trkpt>
      <trkpt lat="48.262277999999995" lon="16.37362"><ele>168.94</ele></trkpt>
      <trkpt lat="48.260297" lon="16.375377999999998"><ele>168.79</ele></trkpt>
      <trkpt lat="48.259066999999995" lon="16.37641"><ele>168.67</ele></trkpt>
      <trkpt lat="48.257788" lon="16.377453"><ele>167.35</ele></trkpt>
      <trkpt lat="48.257345" lon="16.377831999999998"><ele>167.32</ele></trkpt>
      <trkpt lat="48.257079999999995" lon="16.378092"><ele>167.43</ele></trkpt>
      <trkpt lat="48.256822" lon="16.378382"><ele>167.58</ele></trkpt>
      <trkpt lat="48.256229999999995" lon="16.379118"><ele>167.51</ele></trkpt>
      <trkpt lat="48.256074999999996" lon="16.379296"><ele>167.33</ele></trkpt>
      <trkpt lat="48.255905999999996" lon="16.379464"><ele>167.07</ele></trkpt>
      <trkpt lat="48.255317" lon="16.379987"><ele>166.12</ele></trkpt>
      <trkpt lat="48.254545" lon="16.380717999999998"><ele>166.39</ele></trkpt>
      <trkpt lat="48.254266" lon="16.381013"><ele>166</ele></trkpt>
      <trkpt lat="48.253816" lon="16.381439"><ele>166.18</ele></trkpt>
      <trkpt lat="48.253899" lon="16.381612"><ele>166.69</ele></trkpt>
      <trkpt lat="48.253955" lon="16.381688999999998"><ele>166.78</ele></trkpt>
      <trkpt lat="48.254027" lon="16.381746"><ele>166.9</ele></trkpt>
      <trkpt lat="48.25407" lon="16.381768"><ele>166.9</ele></trkpt>
      <trkpt lat="48.254151" lon="16.381771999999998"><ele>166.98</ele></trkpt>
      <trkpt lat="48.254208999999996" lon="16.381757999999998"><ele>167.34</ele></trkpt>
      <trkpt lat="48.25474" lon="16.381534"><ele>170.68</ele></trkpt>
      <trkpt lat="48.254858" lon="16.382089999999998"><ele>165.72</ele></trkpt>
      <trkpt lat="48.255033999999995" lon="16.382742999999998"><ele>165.31</ele></trkpt>
      <trkpt lat="48.255212" lon="16.383305"><ele>164.95</ele></trkpt>
      <trkpt lat="48.255407" lon="16.383834"><ele>164.61</ele></trkpt>
      <trkpt lat="48.255635" lon="16.384349999999998"><ele>164.26</ele></trkpt>
      <trkpt lat="48.255939999999995" lon="16.384975999999998"><ele>163.84</ele></trkpt>
      <trkpt lat="48.255131" lon="16.385759"><ele>165.02</ele></trkpt>
      <trkpt lat="48.255117" lon="16.385789"><ele>165.03</ele></trkpt>
      <trkpt lat="48.255117999999996" lon="16.385835999999998"><ele>165.07</ele></trkpt>
      <trkpt lat="48.255151" lon="16.385965"><ele>164.99</ele></trkpt>
      <trkpt lat="48.254864" lon="16.38627"><ele>164.29</ele></trkpt>
      <trkpt lat="48.254025" lon="16.38705"><ele>164.55</ele></trkpt>
      <trkpt lat="48.251539" lon="16.389467"><ele>164.52</ele></trkpt>
      <trkpt lat="48.251086" lon="16.389891"><ele>165.32</ele></trkpt>
      <trkpt lat="48.250426999999995" lon="16.390218"><ele>163.39</ele></trkpt>
      <trkpt lat="48.25013" lon="16.390451"><ele>162.68</ele></trkpt>
      <trkpt lat="48.249646" lon="16.390923"><ele>162.38</ele></trkpt>
      <trkpt lat="48.249466" lon="16.391106"><ele>162.49</ele></trkpt>
      <trkpt lat="48.249207999999996" lon="16.391388"><ele>163.43</ele></trkpt>
      <trkpt lat="48.248940999999995" lon="16.391813"><ele>165.23</ele></trkpt>
      <trkpt lat="48.248875" lon="16.391942"><ele>165.88</ele></trkpt>
      <trkpt lat="48.247246" lon="16.393597"><ele>164.82</ele></trkpt>
      <trkpt lat="48.246992" lon="16.393779"><ele>164.63</ele></trkpt>
      <trkpt lat="48.246562" lon="16.393936999999998"><ele>162.85</ele></trkpt>
      <trkpt lat="48.246382" lon="16.394046"><ele>162.1</ele></trkpt>
      <trkpt lat="48.245948" lon="16.394455"><ele>162.33</ele></trkpt>
      <trkpt lat="48.245948999999996" lon="16.394508"><ele>162.75</ele></trkpt>
      <trkpt lat="48.245934999999996" lon="16.394564"><ele>162.96</ele></trkpt>
      <trkpt lat="48.245804" lon="16.3948"><ele>163.68</ele></trkpt>
      <trkpt lat="48.245757999999995" lon="16.394913"><ele>164.26</ele></trkpt>
      <trkpt lat="48.245720999999996" lon="16.395038"><ele>164.9</ele></trkpt>
      <trkpt lat="48.245703" lon="16.395152"><ele>165.36</ele></trkpt>
      <trkpt lat="48.245585" lon="16.395265"><ele>165.8</ele></trkpt>
      <trkpt lat="48.245526" lon="16.39534"><ele>165.83</ele></trkpt>
      <trkpt lat="48.245536" lon="16.395417"><ele>165.93</ele></trkpt>
      <trkpt lat="48.245577999999995" lon="16.395499"><ele>166.06</ele></trkpt>
      <trkpt lat="48.245059" lon="16.396086"><ele>166.19</ele></trkpt>
      <trkpt lat="48.245034999999994" lon="16.396224"><ele>166.48</ele></trkpt>
      <trkpt lat="48.244977999999996" lon="16.396361"><ele>166.68</ele></trkpt>
      <trkpt lat="48.244885" lon="16.396476"><ele>166.63</ele></trkpt>
      <trkpt lat="48.244777" lon="16.396539"><ele>166.66</ele></trkpt>
      <trkpt lat="48.244676999999996" lon="16.396541"><ele>166.47</ele></trkpt>
      <trkpt lat="48.244581" lon="16.396516"><ele>166.22</ele></trkpt>
      <trkpt lat="48.244493" lon="16.396577999999998"><ele>166.09</ele></trkpt>
      <trkpt lat="48.244257" lon="16.396815999999998"><ele>165.83</ele></trkpt>
      <trkpt lat="48.244189" lon="16.396912"><ele>165.81</ele></trkpt>
      <trkpt lat="48.244139" lon="16.397015"><ele>165.44</ele></trkpt>
      <trkpt lat="48.243905999999996" lon="16.397333"><ele>164.86</ele></trkpt>
      <trkpt lat="48.243449" lon="16.397824"><ele>164.72</ele></trkpt>
      <trkpt lat="48.242708" lon="16.398645"><ele>164.84</ele></trkpt>
      <trkpt lat="48.241882" lon="16.399528999999998"><ele>164.93</ele></trkpt>
      <trkpt lat="48.241732" lon="16.399713"><ele>164.06</ele></trkpt>
      <trkpt lat="48.239187" lon="16.402642"><ele>165.21</ele></trkpt>
      <trkpt lat="48.238568" lon="16.403359"><ele>164.84</ele></trkpt>
      <trkpt lat="48.238324999999996" lon="16.403622"><ele>164.86</ele></trkpt>
      <trkpt lat="48.237593999999994" lon="16.404474"><ele>164.48</ele></trkpt>
      <trkpt lat="48.23632" lon="16.405845"><ele>164.93</ele></trkpt>
      <trkpt lat="48.236148" lon="16.405929"><ele>165.11</ele></trkpt>
      <trkpt lat="48.236050999999996" lon="16.405988999999998"><ele>165.24</ele></trkpt>
      <trkpt lat="48.235980999999995" lon="16.406071999999998"><ele>165.25</ele></trkpt>
      <trkpt lat="48.235895" lon="16.406254"><ele>164.82</ele></trkpt>
      <trkpt lat="48.235839999999996" lon="16.406339"><ele>164.83</ele></trkpt>
      <trkpt lat="48.235378999999995" lon="16.406793999999998"><ele>164.33</ele></trkpt>
      <trkpt lat="48.235163" lon="16.406986"><ele>164.98</ele></trkpt>
      <trkpt lat="48.234922" lon="16.40723"><ele>165.22</ele></trkpt>
      <trkpt lat="48.234275" lon="16.407826999999997"><ele>164.98</ele></trkpt>
      <trkpt lat="48.234168" lon="16.407871"><ele>164.79</ele></trkpt>
      <trkpt lat="48.234038999999996" lon="16.407878"><ele>164.48</ele></trkpt>
      <trkpt lat="48.233937" lon="16.407922"><ele>164.2</ele></trkpt>
      <trkpt lat="48.233906999999995" lon="16.407947"><ele>164.27</ele></trkpt>
      <trkpt lat="48.233323" lon="16.408611"><ele>164.96</ele></trkpt>
      <trkpt lat="48.233286" lon="16.408677"><ele>164.87</ele></trkpt>
      <trkpt lat="48.233247999999996" lon="16.408803"><ele>164.89</ele></trkpt>
      <trkpt lat="48.232802" lon="16.409256"><ele>164.99</ele></trkpt>
      <trkpt lat="48.232617999999995" lon="16.409503"><ele>165.09</ele></trkpt>
      <trkpt lat="48.232583" lon="16.40951"><ele>165.07</ele></trkpt>
      <trkpt lat="48.232299" lon="16.409748"><ele>164.34</ele></trkpt>
      <trkpt lat="48.232119" lon="16.409914"><ele>164.15</ele></trkpt>
      <trkpt lat="48.231649" lon="16.41076"><ele>164.93</ele></trkpt>
      <trkpt lat="48.231606" lon="16.411043"><ele>165.59</ele></trkpt>
      <trkpt lat="48.231358" lon="16.411423"><ele>165.33</ele></trkpt>
      <trkpt lat="48.230669" lon="16.412267"><ele>164.89</ele></trkpt>
      <trkpt lat="48.23059" lon="16.412603999999998"><ele>164.73</ele></trkpt>
      <trkpt lat="48.230449" lon="16.412222"><ele>164.23</ele></trkpt>
      <trkpt lat="48.230427" lon="16.412063"><ele>164.07</ele></trkpt>
      <trkpt lat="48.229731" lon="16.412938999999998"><ele>163.02</ele></trkpt>
      <trkpt lat="48.229489" lon="16.413258"><ele>163.69</ele></trkpt>
      <trkpt lat="48.229372999999995" lon="16.413442"><ele>164.09</ele></trkpt>
      <trkpt lat="48.229099999999995" lon="16.413802999999998"><ele>164.85</ele></trkpt>
      <trkpt lat="48.228769" lon="16.414217999999998"><ele>164.75</ele></trkpt>
      <trkpt lat="48.228519" lon="16.414559999999998"><ele>164.81</ele></trkpt>
      <trkpt lat="48.227579999999996" lon="16.415913"><ele>164.67</ele></trkpt>
      <trkpt lat="48.22676" lon="16.417147"><ele>165.24</ele></trkpt>
      <trkpt lat="48.226229" lon="16.417979"><ele>165</ele></trkpt>
      <trkpt lat="48.225539" lon="16.419031"><ele>165</ele></trkpt>
      <trkpt lat="48.224678" lon="16.420282"><ele>165.01</ele></trkpt>
      <trkpt lat="48.223681" lon="16.421651999999998"><ele>165.24</ele></trkpt>
      <trkpt lat="48.220611999999996" lon="16.425801"><ele>164.36</ele></trkpt>
      <trkpt lat="48.220045999999996" lon="16.426578"><ele>163.67</ele></trkpt>
      <trkpt lat="48.218868" lon="16.42842"><ele>163.71</ele></trkpt>
      <trkpt lat="48.218573" lon="16.428942"><ele>163.7</ele></trkpt>
      <trkpt lat="48.218454" lon="16.429174"><ele>163.14</ele></trkpt>
      <trkpt lat="48.218142" lon="16.429883999999998"><ele>162.6</ele></trkpt>
      <trkpt lat="48.217914" lon="16.430301"><ele>162.47</ele></trkpt>
      <trkpt lat="48.217605999999996" lon="16.430758"><ele>162.36</ele></trkpt>
      <trkpt lat="48.215714999999996" lon="16.433395"><ele>161.59</ele></trkpt>
      <trkpt lat="48.215305" lon="16.433998"><ele>162.32</ele></trkpt>
      <trkpt lat="48.213873" lon="16.436032"><ele>162.58</ele></trkpt>
      <trkpt lat="48.213789" lon="16.43619"><ele>161.86</ele></trkpt>
      <trkpt lat="48.213727999999996" lon="16.436386"><ele>162.13</ele></trkpt>
      <trkpt lat="48.213653" lon="16.436547"><ele>162.37</ele></trkpt>
      <trkpt lat="48.213442" lon="16.436864"><ele>162.18</ele></trkpt>
      <trkpt lat="48.213221999999995" lon="16.43715"><ele>162.21</ele></trkpt>
      <trkpt lat="48.213024999999995" lon="16.437344"><ele>162.06</ele></trkpt>
      <trkpt lat="48.212447999999995" lon="16.438316999999998"><ele>162.17</ele></trkpt>
      <trkpt lat="48.212322" lon="16.438468999999998"><ele>162.28</ele></trkpt>
      <trkpt lat="48.212008" lon="16.438737"><ele>163.14</ele></trkpt>
      <trkpt lat="48.211929999999995" lon="16.438834"><ele>163.07</ele></trkpt>
      <trkpt lat="48.211697" lon="16.439215"><ele>162.43</ele></trkpt>
      <trkpt lat="48.211574" lon="16.439360999999998"><ele>162.15</ele></trkpt>
      <trkpt lat="48.211414999999995" lon="16.439425"><ele>162.4</ele></trkpt>
      <trkpt lat="48.211361" lon="16.439474999999998"><ele>162.34</ele></trkpt>
      <trkpt lat="48.211209" lon="16.439733"><ele>161.42</ele></trkpt>
      <trkpt lat="48.211057" lon="16.439933"><ele>161.53</ele></trkpt>
      <trkpt lat="48.210505" lon="16.440731"><ele>161.17</ele></trkpt>
      <trkpt lat="48.210080999999995" lon="16.44138"><ele>161.81</ele></trkpt>
      <trkpt lat="48.209768999999994" lon="16.441789"><ele>161.19</ele></trkpt>
      <trkpt lat="48.209578" lon="16.441966999999998"><ele>160.61</ele></trkpt>
      <trkpt lat="48.209373" lon="16.442372"><ele>161.23</ele></trkpt>
      <trkpt lat="48.208987" lon="16.442947999999998"><ele>161.56</ele></trkpt>
      <trkpt lat="48.208911" lon="16.443096999999998"><ele>161.58</ele></trkpt>
      <trkpt lat="48.208842" lon="16.443281"><ele>161.6</ele></trkpt>
      <trkpt lat="48.208774999999996" lon="16.443409"><ele>161.62</ele></trkpt>
      <trkpt lat="48.206337999999995" lon="16.447081999999998"><ele>162.36</ele></trkpt>
      <trkpt lat="48.205751" lon="16.447945"><ele>162.35</ele></trkpt>
      <trkpt lat="48.205611999999995" lon="16.448178"><ele>162.46</ele></trkpt>
      <trkpt lat="48.205587" lon="16.448280999999998"><ele>162.56</ele></trkpt>
      <trkpt lat="48.205594" lon="16.44838"><ele>162.56</ele></trkpt>
      <trkpt lat="48.205493999999995" lon="16.448574"><ele>162.24</ele></trkpt>
      <trkpt lat="48.205265" lon="16.448785"><ele>161.99</ele></trkpt>
      <trkpt lat="48.205117" lon="16.449012"><ele>162.02</ele></trkpt>
      <trkpt lat="48.204893" lon="16.449437"><ele>162.33</ele></trkpt>
      <trkpt lat="48.204795999999995" lon="16.449544"><ele>162.55</ele></trkpt>
      <trkpt lat="48.204612999999995" lon="16.449659999999998"><ele>162.74</ele></trkpt>
      <trkpt lat="48.202372" lon="16.453015"><ele>162.81</ele></trkpt>
      <trkpt lat="48.201552" lon="16.454186"><ele>162.62</ele></trkpt>
      <trkpt lat="48.200097" lon="16.456376"><ele>162.88</ele></trkpt>
      <trkpt lat="48.19809" lon="16.459350999999998"><ele>162.62</ele></trkpt>
      <trkpt lat="48.196081" lon="16.462267999999998"><ele>161.69</ele></trkpt>
      <trkpt lat="48.194845" lon="16.464097"><ele>161.41</ele></trkpt>
      <trkpt lat="48.194793" lon="16.464178999999998"><ele>161.81</ele></trkpt>
      <trkpt lat="48.194694" lon="16.464371"><ele>161.67</ele></trkpt>
      <trkpt lat="48.194185999999995" lon="16.465218"><ele>164.41</ele></trkpt>
      <trkpt lat="48.193408" lon="16.466407"><ele>161.98</ele></trkpt>
      <trkpt lat="48.193253" lon="16.466604"><ele>161.51</ele></trkpt>
      <trkpt lat="48.193225999999996" lon="16.466784999999998"><ele>161.78</ele></trkpt>
      <trkpt lat="48.193073" lon="16.467195999999998"><ele>161.94</ele></trkpt>
      <trkpt lat="48.192586" lon="16.467912"><ele>161.84</ele></trkpt>
      <trkpt lat="48.192178" lon="16.468563"><ele>161.51</ele></trkpt>
      <trkpt lat="48.191900999999994" lon="16.468688999999998"><ele>161.54</ele></trkpt>
      <trkpt lat="48.19181" lon="16.468747"><ele>161.44</ele></trkpt>
      <trkpt lat="48.191689" lon="16.468929"><ele>161.72</ele></trkpt>
      <trkpt lat="48.191573999999996" lon="16.469274"><ele>161.77</ele></trkpt>
      <trkpt lat="48.189107" lon="16.473056"><ele>161.68</ele></trkpt>
      <trkpt lat="48.189011" lon="16.473159"><ele>161.56</ele></trkpt>
      <trkpt lat="48.188824" lon="16.473235"><ele>161.08</ele></trkpt>
      <trkpt lat="48.188739" lon="16.473332"><ele>161.07</ele></trkpt>
      <trkpt lat="48.188347" lon="16.473948"><ele>161.99</ele></trkpt>
      <trkpt lat="48.188109" lon="16.474342999999998"><ele>161.73</ele></trkpt>
      <trkpt lat="48.187933" lon="16.474784"><ele>161.68</ele></trkpt>
      <trkpt lat="48.187622999999995" lon="16.475227999999998"><ele>160.96</ele></trkpt>
      <trkpt lat="48.187109" lon="16.476053999999998"><ele>160.78</ele></trkpt>
      <trkpt lat="48.186220999999996" lon="16.477392"><ele>160.58</ele></trkpt>
      <trkpt lat="48.185959999999994" lon="16.477869"><ele>160.54</ele></trkpt>
      <trkpt lat="48.185628" lon="16.478289"><ele>160.6</ele></trkpt>
      <trkpt lat="48.184971" lon="16.479367"><ele>160.63</ele></trkpt>
      <trkpt lat="48.184084999999996" lon="16.480677"><ele>160.55</ele></trkpt>
      <trkpt lat="48.183519999999994" lon="16.481333"><ele>160.83</ele></trkpt>
      <trkpt lat="48.183065" lon="16.482084999999998"><ele>161.51</ele></trkpt>
      <trkpt lat="48.182882" lon="16.48259"><ele>161.49</ele></trkpt>
      <trkpt lat="48.181207" lon="16.485191999999998"><ele>160.83</ele></trkpt>
      <trkpt lat="48.180011" lon="16.487026"><ele>160.31</ele></trkpt>
      <trkpt lat="48.179288" lon="16.488184"><ele>160.47</ele></trkpt>
      <trkpt lat="48.179023" lon="16.488585999999998"><ele>160.98</ele></trkpt>
      <trkpt lat="48.178959" lon="16.488654"><ele>161.16</ele></trkpt>
      <trkpt lat="48.178827999999996" lon="16.488715"><ele>161.02</ele></trkpt>
      <trkpt lat="48.178751999999996" lon="16.488804"><ele>160.65</ele></trkpt>
      <trkpt lat="48.178725" lon="16.488887"><ele>161.22</ele></trkpt>
      <trkpt lat="48.178703999999996" lon="16.48915"><ele>161.33</ele></trkpt>
      <trkpt lat="48.178677" lon="16.489335999999998"><ele>161.56</ele></trkpt>
      <trkpt lat="48.178615" lon="16.489466999999998"><ele>161.59</ele></trkpt>
      <trkpt lat="48.177682" lon="16.490914"><ele>160.95</ele></trkpt>
      <trkpt lat="48.17763" lon="16.490968"><ele>160.94</ele></trkpt>
      <trkpt lat="48.177574" lon="16.490993"><ele>160.93</ele></trkpt>
      <trkpt lat="48.177329" lon="16.490999"><ele>160.16</ele></trkpt>
      <trkpt lat="48.17717" lon="16.491258"><ele>160.18</ele></trkpt>
      <trkpt lat="48.177107" lon="16.491615"><ele>160.37</ele></trkpt>
      <trkpt lat="48.177233" lon="16.491865999999998"><ele>159.94</ele></trkpt>
      <trkpt lat="48.177304" lon="16.49215"><ele>159.94</ele></trkpt>
      <trkpt lat="48.177353" lon="16.492268"><ele>160.26</ele></trkpt>
      <trkpt lat="48.17745" lon="16.492454"><ele>160.41</ele></trkpt>
      <trkpt lat="48.178466" lon="16.493883"><ele>159.26</ele></trkpt>
      <trkpt lat="48.178675" lon="16.494191999999998"><ele>158.62</ele></trkpt>
      <trkpt lat="48.178987" lon="16.494581"><ele>157.15</ele></trkpt>
      <trkpt lat="48.179123999999995" lon="16.494725"><ele>156.84</ele></trkpt>
      <trkpt lat="48.17931" lon="16.494989"><ele>156.51</ele></trkpt>
      <trkpt lat="48.179359" lon="16.495072999999998"><ele>156.36</ele></trkpt>
      <trkpt lat="48.179413" lon="16.495191"><ele>156.24</ele></trkpt>
      <trkpt lat="48.179471" lon="16.495375"><ele>156.09</ele></trkpt>
      <trkpt lat="48.179486999999995" lon="16.495554"><ele>155.95</ele></trkpt>
      <trkpt lat="48.17948" lon="16.495665"><ele>155.65</ele></trkpt>
      <trkpt lat="48.179449999999996" lon="16.495863"><ele>155.94</ele></trkpt>
      <trkpt lat="48.17942" lon="16.49595"><ele>155.95</ele></trkpt>
      <trkpt lat="48.179227" lon="16.496268999999998"><ele>155.65</ele></trkpt>
      <trkpt lat="48.177988" lon="16.49822"><ele>155.62</ele></trkpt>
      <trkpt lat="48.176418" lon="16.500726999999998"><ele>155.08</ele></trkpt>
      <trkpt lat="48.173086999999995" lon="16.505929"><ele>155.05</ele></trkpt>
      <trkpt lat="48.173075" lon="16.505933"><ele>155.05</ele></trkpt>
      <trkpt lat="48.173021" lon="16.505861"><ele>155</ele></trkpt>
      <trkpt lat="48.173007999999996" lon="16.505861"><ele>155</ele></trkpt>
      <trkpt lat="48.171667" lon="16.507977"><ele>155</ele></trkpt>
      <trkpt lat="48.171558999999995" lon="16.508131"><ele>154.83</ele></trkpt>
      <trkpt lat="48.171264" lon="16.508633"><ele>155.1</ele></trkpt>
      <trkpt lat="48.171172" lon="16.508732"><ele>155.53</ele></trkpt>
      <trkpt lat="48.170943" lon="16.5089"><ele>157.57</ele></trkpt>
      <trkpt lat="48.170727" lon="16.509541"><ele>156.2</ele></trkpt>
      <trkpt lat="48.169939" lon="16.511167"><ele>155.93</ele></trkpt>
      <trkpt lat="48.169764" lon="16.511546"><ele>156.46</ele></trkpt>
      <trkpt lat="48.169733" lon="16.511687"><ele>156.57</ele></trkpt>
      <trkpt lat="48.169748" lon="16.511765999999998"><ele>156.58</ele></trkpt>
      <trkpt lat="48.169846" lon="16.511847"><ele>156.53</ele></trkpt>
      <trkpt lat="48.170476" lon="16.511995"><ele>156.11</ele></trkpt>
      <trkpt lat="48.170567" lon="16.512071"><ele>155.96</ele></trkpt>
      <trkpt lat="48.1706" lon="16.512159"><ele>155.88</ele></trkpt>
      <trkpt lat="48.170590999999995" lon="16.512277"><ele>155.83</ele></trkpt>
      <trkpt lat="48.168153" lon="16.517269"><ele>156.38</ele></trkpt>
      <trkpt lat="48.165589" lon="16.522478"><ele>155.93</ele></trkpt>
      <trkpt lat="48.16547" lon="16.522783"><ele>157.18</ele></trkpt>
      <trkpt lat="48.165239" lon="16.523203"><ele>156.21</ele></trkpt>
      <trkpt lat="48.165093999999996" lon="16.523277"><ele>156.3</ele></trkpt>
      <trkpt lat="48.164685" lon="16.523388999999998"><ele>156.24</ele></trkpt>
      <trkpt lat="48.164148" lon="16.523592999999998"><ele>156.13</ele></trkpt>
      <trkpt lat="48.163607" lon="16.523841"><ele>155.87</ele></trkpt>
      <trkpt lat="48.162942" lon="16.524206"><ele>155.98</ele></trkpt>
      <trkpt lat="48.162231999999996" lon="16.524636"><ele>156.1</ele></trkpt>
      <trkpt lat="48.161711999999994" lon="16.525052"><ele>156.01</ele></trkpt>
      <trkpt lat="48.160498999999994" lon="16.526018999999998"><ele>156.38</ele></trkpt>
      <trkpt lat="48.156276" lon="16.529529999999998"><ele>155.51</ele></trkpt>
      <trkpt lat="48.156166" lon="16.529633"><ele>155.46</ele></trkpt>
      <trkpt lat="48.156088" lon="16.529766"><ele>155.42</ele></trkpt>
      <trkpt lat="48.155812" lon="16.530379"><ele>155.24</ele></trkpt>
      <trkpt lat="48.154771" lon="16.532443999999998"><ele>155.32</ele></trkpt>
      <trkpt lat="48.154609" lon="16.532752"><ele>155.78</ele></trkpt>
      <trkpt lat="48.153276999999996" lon="16.535428"><ele>155.14</ele></trkpt>
      <trkpt lat="48.153106" lon="16.535866"><ele>155.27</ele></trkpt>
      <trkpt lat="48.152946" lon="16.536192"><ele>155.41</ele></trkpt>
      <trkpt lat="48.152774" lon="16.536475"><ele>155.5</ele></trkpt>
      <trkpt lat="48.152338" lon="16.537338"><ele>155.41</ele></trkpt>
      <trkpt lat="48.152175" lon="16.53773"><ele>155.39</ele></trkpt>
      <trkpt lat="48.151979" lon="16.538058"><ele>155.4</ele></trkpt>
      <trkpt lat="48.150568" lon="16.540903999999998"><ele>155.38</ele></trkpt>
      <trkpt lat="48.150473999999996" lon="16.541042"><ele>155.23</ele></trkpt>
      <trkpt lat="48.148500999999996" lon="16.545353"><ele>155.12</ele></trkpt>
      <trkpt lat="48.147200999999995" lon="16.5485"><ele>154.13</ele></trkpt>
      <trkpt lat="48.146339999999995" lon="16.550850999999998"><ele>154.47</ele></trkpt>
      <trkpt lat="48.146131999999994" lon="16.551498"><ele>154.9</ele></trkpt>
      <trkpt lat="48.145781" lon="16.552388"><ele>154.55</ele></trkpt>
      <trkpt lat="48.145295" lon="16.553793"><ele>154.47</ele></trkpt>
      <trkpt lat="48.144678" lon="16.555747999999998"><ele>154.06</ele></trkpt>
      <trkpt lat="48.143721" lon="16.558885"><ele>154.36</ele></trkpt>
      <trkpt lat="48.142472999999995" lon="16.563378"><ele>154.11</ele></trkpt>
      <trkpt lat="48.140578999999995" lon="16.571306"><ele>153.91</ele></trkpt>
      <trkpt lat="48.139672999999995" lon="16.575542"><ele>154.16</ele></trkpt>
      <trkpt lat="48.138593" lon="16.581407"><ele>153.94</ele></trkpt>
      <trkpt lat="48.138090999999996" lon="16.584937"><ele>153.68</ele></trkpt>
      <trkpt lat="48.137893" lon="16.586408"><ele>153.38</ele></trkpt>
      <trkpt lat="48.137671999999995" lon="16.588224"><ele>153.22</ele></trkpt>
      <trkpt lat="48.137268" lon="16.592359"><ele>153.82</ele></trkpt>
      <trkpt lat="48.137094" lon="16.594863"><ele>153.31</ele></trkpt>
      <trkpt lat="48.136927" lon="16.598143"><ele>153</ele></trkpt>
      <trkpt lat="48.136759" lon="16.603697999999998"><ele>153.47</ele></trkpt>
      <trkpt lat="48.136444" lon="16.613478999999998"><ele>152.21</ele></trkpt>
      <trkpt lat="48.136435" lon="16.613792999999998"><ele>152.34</ele></trkpt>
      <trkpt lat="48.137802" lon="16.613908"><ele>149.09</ele></trkpt>
      <trkpt lat="48.138155999999995" lon="16.613946"><ele>150.07</ele></trkpt>
      <trkpt lat="48.138239999999996" lon="16.614010999999998"><ele>150.35</ele></trkpt>
      <trkpt lat="48.138337" lon="16.614162"><ele>150.71</ele></trkpt>
      <trkpt lat="48.138498999999996" lon="16.614774999999998"><ele>150.75</ele></trkpt>
      <trkpt lat="48.138666" lon="16.615284"><ele>150.72</ele></trkpt>
      <trkpt lat="48.138833999999996" lon="16.615485"><ele>150.61</ele></trkpt>
      <trkpt lat="48.139071" lon="16.615558"><ele>150.56</ele></trkpt>
      <trkpt lat="48.139281999999994" lon="16.615569999999998"><ele>150.5</ele></trkpt>
      <trkpt lat="48.139517999999995" lon="16.615641999999998"><ele>150.53</ele></trkpt>
      <trkpt lat="48.13961" lon="16.615648999999998"><ele>150.64</ele></trkpt>
      <trkpt lat="48.139683999999995" lon="16.615631"><ele>150.98</ele></trkpt>
      <trkpt lat="48.139741" lon="16.615572"><ele>151.12</ele></trkpt>
      <trkpt lat="48.139764" lon="16.615538"><ele>151.17</ele></trkpt>
      <trkpt lat="48.1399" lon="16.614953"><ele>153.22</ele></trkpt>
      <trkpt lat="48.139969" lon="16.614726"><ele>154.39</ele></trkpt>
      <trkpt lat="48.140024999999994" lon="16.614705999999998"><ele>154.44</ele></trkpt>
      <trkpt lat="48.139863" lon="16.615638999999998"><ele>151.5</ele></trkpt>
      <trkpt lat="48.139548" lon="16.617373999999998"><ele>151.93</ele></trkpt>
      <trkpt lat="48.139232" lon="16.619215"><ele>152.4</ele></trkpt>
      <trkpt lat="48.138988999999995" lon="16.620546"><ele>151.81</ele></trkpt>
      <trkpt lat="48.138292" lon="16.625857"><ele>153.14</ele></trkpt>
      <trkpt lat="48.137809" lon="16.629096999999998"><ele>152.77</ele></trkpt>
      <trkpt lat="48.137398" lon="16.631726"><ele>151.98</ele></trkpt>
      <trkpt lat="48.137305999999995" lon="16.632071"><ele>152.11</ele></trkpt>
      <trkpt lat="48.137146" lon="16.632379999999998"><ele>152.32</ele></trkpt>
      <trkpt lat="48.135815" lon="16.634242999999998"><ele>153.74</ele></trkpt>
      <trkpt lat="48.135718" lon="16.634487999999997"><ele>152.64</ele></trkpt>
      <trkpt lat="48.135698" lon="16.634574"><ele>152.34</ele></trkpt>
      <trkpt lat="48.135661" lon="16.634888"><ele>151.78</ele></trkpt>
      <trkpt lat="48.135542" lon="16.639066"><ele>154.8</ele></trkpt>
      <trkpt lat="48.135447" lon="16.641823"><ele>151.87</ele></trkpt>
      <trkpt lat="48.135337" lon="16.645402"><ele>153.14</ele></trkpt>
      <trkpt lat="48.135208" lon="16.649276"><ele>152.24</ele></trkpt>
      <trkpt lat="48.135099" lon="16.652941"><ele>151.94</ele></trkpt>
      <trkpt lat="48.134406" lon="16.674857"><ele>151.67</ele></trkpt>
      <trkpt lat="48.134266" lon="16.679745999999998"><ele>152.22</ele></trkpt>
      <trkpt lat="48.134149" lon="16.684043"><ele>152.57</ele></trkpt>
      <trkpt lat="48.134032999999995" lon="16.689909999999998"><ele>149.81</ele></trkpt>
      <trkpt lat="48.133933" lon="16.697694"><ele>151.1</ele></trkpt>
      <trkpt lat="48.133899" lon="16.70547"><ele>151.99</ele></trkpt>
      <trkpt lat="48.13388" lon="16.705645"><ele>152.04</ele></trkpt>
      <trkpt lat="48.133879" lon="16.706291999999998"><ele>152.5</ele></trkpt>
      <trkpt lat="48.133894" lon="16.706887"><ele>152.12</ele></trkpt>
      <trkpt lat="48.133885" lon="16.718327"><ele>151.93</ele></trkpt>
      <trkpt lat="48.133857" lon="16.732889"><ele>151.01</ele></trkpt>
      <trkpt lat="48.133843" lon="16.736036"><ele>149.76</ele></trkpt>
      <trkpt lat="48.133803" lon="16.758212999999998"><ele>148.51</ele></trkpt>
      <trkpt lat="48.133770999999996" lon="16.770353"><ele>147.05</ele></trkpt>
      <trkpt lat="48.133759" lon="16.780753"><ele>147.51</ele></trkpt>
      <trkpt lat="48.133725999999996" lon="16.791114"><ele>146.68</ele></trkpt>
      <trkpt lat="48.133711999999996" lon="16.800155"><ele>147.29</ele></trkpt>
      <trkpt lat="48.133724" lon="16.804937"><ele>147.1</ele></trkpt>
      <trkpt lat="48.133869999999995" lon="16.812279"><ele>148.84</ele></trkpt>
      <trkpt lat="48.134139999999995" lon="16.819768"><ele>147.64</ele></trkpt>
      <trkpt lat="48.134339999999995" lon="16.823762"><ele>145.97</ele></trkpt>
      <trkpt lat="48.134643" lon="16.828689999999998"><ele>145.62</ele></trkpt>
      <trkpt lat="48.134868999999995" lon="16.831856"><ele>145.36</ele></trkpt>
      <trkpt lat="48.135332" lon="16.837701"><ele>146.73</ele></trkpt>
      <trkpt lat="48.135735999999994" lon="16.842017"><ele>146.11</ele></trkpt>
      <trkpt lat="48.135922" lon="16.843906999999998"><ele>145.5</ele></trkpt>
      <trkpt lat="48.136264999999995" lon="16.847086"><ele>144.69</ele></trkpt>
      <trkpt lat="48.136677999999996" lon="16.850783"><ele>147.02</ele></trkpt>
      <trkpt lat="48.137234" lon="16.855245999999998"><ele>146.86</ele></trkpt>
      <trkpt lat="48.137501" lon="16.857094"><ele>146.99</ele></trkpt>
      <trkpt lat="48.137671999999995" lon="16.858145999999998"><ele>145.92</ele></trkpt>
      <trkpt lat="48.138" lon="16.859970999999998"><ele>145.91</ele></trkpt>
      <trkpt lat="48.138335" lon="16.861615"><ele>145.83</ele></trkpt>
      <trkpt lat="48.138873" lon="16.864001"><ele>146.26</ele></trkpt>
      <trkpt lat="48.139316" lon="16.86574"><ele>144.87</ele></trkpt>
      <trkpt lat="48.139665" lon="16.867022"><ele>145.28</ele></trkpt>
      <trkpt lat="48.140043" lon="16.868299"><ele>145.26</ele></trkpt>
      <trkpt lat="48.140446" lon="16.86959"><ele>144.85</ele></trkpt>
      <trkpt lat="48.140809999999995" lon="16.870656999999998"><ele>144.82</ele></trkpt>
      <trkpt lat="48.140964" lon="16.871161"><ele>144.74</ele></trkpt>
      <trkpt lat="48.141269" lon="16.872032"><ele>145.01</ele></trkpt>
      <trkpt lat="48.141383999999995" lon="16.872276"><ele>146.92</ele></trkpt>
      <trkpt lat="48.141434" lon="16.872476"><ele>146.51</ele></trkpt>
      <trkpt lat="48.141644" lon="16.873051999999998"><ele>146.41</ele></trkpt>
      <trkpt lat="48.142534" lon="16.875348"><ele>145.97</ele></trkpt>
      <trkpt lat="48.143232999999995" lon="16.877064"><ele>144.8</ele></trkpt>
      <trkpt lat="48.143885999999995" lon="16.878622999999997"><ele>145.47</ele></trkpt>
      <trkpt lat="48.144354" lon="16.879665"><ele>145.12</ele></trkpt>
      <trkpt lat="48.144475" lon="16.879849"><ele>145.67</ele></trkpt>
      <trkpt lat="48.145067" lon="16.881166999999998"><ele>145.45</ele></trkpt>
      <trkpt lat="48.14577" lon="16.882797999999998"><ele>145.09</ele></trkpt>
      <trkpt lat="48.146001999999996" lon="16.883264999999998"><ele>144.96</ele></trkpt>
      <trkpt lat="48.146004999999995" lon="16.883172"><ele>144.6</ele></trkpt>
      <trkpt lat="48.146038" lon="16.882013999999998"><ele>145.03</ele></trkpt>
      <trkpt lat="48.146149" lon="16.882144999999998"><ele>145.06</ele></trkpt>
      <trkpt lat="48.146636" lon="16.882997"><ele>144.73</ele></trkpt>
      <trkpt lat="48.147486" lon="16.884660999999998"><ele>144.69</ele></trkpt>
      <trkpt lat="48.149291999999996" lon="16.888061999999998"><ele>143.69</ele></trkpt>
      <trkpt lat="48.15052" lon="16.890311999999998"><ele>144.46</ele></trkpt>
      <trkpt lat="48.151689999999995" lon="16.892423"><ele>144.83</ele></trkpt>
      <trkpt lat="48.156296999999995" lon="16.900675"><ele>143.62</ele></trkpt>
      <trkpt lat="48.156493999999995" lon="16.900799"><ele>144.08</ele></trkpt>
      <trkpt lat="48.156621" lon="16.900724"><ele>143.6</ele></trkpt>
      <trkpt lat="48.156797999999995" lon="16.900588"><ele>145.08</ele></trkpt>
      <trkpt lat="48.157328" lon="16.900263"><ele>146.63</ele></trkpt>
      <trkpt lat="48.157382" lon="16.900239"><ele>146.74</ele></trkpt>
      <trkpt lat="48.157402" lon="16.900243"><ele>146.82</ele></trkpt>
      <trkpt lat="48.157412" lon="16.90027"><ele>147.04</ele></trkpt>
      <trkpt lat="48.157395" lon="16.900311"><ele>147.16</ele></trkpt>
      <trkpt lat="48.140668" lon="16.911891999999998"><ele>157.53</ele></trkpt>
      <trkpt lat="48.140361999999996" lon="16.912036"><ele>158.52</ele></trkpt>
      <trkpt lat="48.140198" lon="16.912029"><ele>158.27</ele></trkpt>
      <trkpt lat="48.140155" lon="16.911988"><ele>158.08</ele></trkpt>
      <trkpt lat="48.140121" lon="16.911908"><ele>157.72</ele></trkpt>
      <trkpt lat="48.140102999999996" lon="16.911793"><ele>157.85</ele></trkpt>
      <trkpt lat="48.14045" lon="16.911747"><ele>157.06</ele></trkpt>
      <trkpt lat="48.140594" lon="16.911704999999998"><ele>156.68</ele></trkpt>
      <trkpt lat="48.14076" lon="16.91163"><ele>155.72</ele></trkpt>
      <trkpt lat="48.141019" lon="16.911442"><ele>154.34</ele></trkpt>
      <trkpt lat="48.14122" lon="16.911224"><ele>153.02</ele></trkpt>
      <trkpt lat="48.141338" lon="16.911063"><ele>151.79</ele></trkpt>
      <trkpt lat="48.141453" lon="16.910818"><ele>150.76</ele></trkpt>
      <trkpt lat="48.141504" lon="16.910799"><ele>150.53</ele></trkpt>
      <trkpt lat="48.141659999999995" lon="16.910777"><ele>149.92</ele></trkpt>
      <trkpt lat="48.141701999999995" lon="16.910707"><ele>149.81</ele></trkpt>
      <trkpt lat="48.141662" lon="16.910341"><ele>150</ele></trkpt>
      <trkpt lat="48.141777" lon="16.910249"><ele>148.81</ele></trkpt>
      <trkpt lat="48.141923999999996" lon="16.910154"><ele>147.44</ele></trkpt>
      <trkpt lat="48.142064" lon="16.910104999999998"><ele>146.91</ele></trkpt>
      <trkpt lat="48.142784999999996" lon="16.909928"><ele>145.26</ele></trkpt>
      <trkpt lat="48.143057999999996" lon="16.909817"><ele>145.64</ele></trkpt>
      <trkpt lat="48.143325999999995" lon="16.90965"><ele>145.8</ele></trkpt>
      <trkpt lat="48.143488" lon="16.909575"><ele>145.75</ele></trkpt>
      <trkpt lat="48.143578999999995" lon="16.909556"><ele>145.63</ele></trkpt>
      <trkpt lat="48.143625" lon="16.90957"><ele>145.52</ele></trkpt>
      <trkpt lat="48.143702999999995" lon="16.909762"><ele>144.9</ele></trkpt>
      <trkpt lat="48.143799" lon="16.910057"><ele>144.68</ele></trkpt>
      <trkpt lat="48.144842999999995" lon="16.912655"><ele>143.1</ele></trkpt>
      <trkpt lat="48.144959" lon="16.913005"><ele>142.96</ele></trkpt>
      <trkpt lat="48.145088" lon="16.913724"><ele>142.77</ele></trkpt>
      <trkpt lat="48.145146" lon="16.914253"><ele>142.65</ele></trkpt>
      <trkpt lat="48.145156" lon="16.918585"><ele>142.01</ele></trkpt>
      <trkpt lat="48.145269" lon="16.921695"><ele>142.97</ele></trkpt>
      <trkpt lat="48.145199999999996" lon="16.923286"><ele>143.23</ele></trkpt>
      <trkpt lat="48.145188999999995" lon="16.923907"><ele>142.41</ele></trkpt>
      <trkpt lat="48.145193" lon="16.924157"><ele>142.31</ele></trkpt>
      <trkpt lat="48.145368" lon="16.925114999999998"><ele>143.07</ele></trkpt>
      <trkpt lat="48.145337" lon="16.926873"><ele>143.12</ele></trkpt>
      <trkpt lat="48.145295" lon="16.927449"><ele>142.82</ele></trkpt>
      <trkpt lat="48.145221" lon="16.928784999999998"><ele>142.36</ele></trkpt>
      <trkpt lat="48.145216" lon="16.929249"><ele>142.34</ele></trkpt>
      <trkpt lat="48.145230999999995" lon="16.929788"><ele>142.46</ele></trkpt>
      <trkpt lat="48.145254" lon="16.931568"><ele>143.06</ele></trkpt>
      <trkpt lat="48.145298999999994" lon="16.931891999999998"><ele>142.86</ele></trkpt>
      <trkpt lat="48.145362" lon="16.93218"><ele>143.18</ele></trkpt>
      <trkpt lat="48.145452999999996" lon="16.932451"><ele>143.26</ele></trkpt>
      <trkpt lat="48.146448" lon="16.934659"><ele>142.58</ele></trkpt>
      <trkpt lat="48.146505" lon="16.934866"><ele>142.34</ele></trkpt>
      <trkpt lat="48.148075999999996" lon="16.937504"><ele>142.72</ele></trkpt>
      <trkpt lat="48.148134" lon="16.937661"><ele>142.67</ele></trkpt>
      <trkpt lat="48.148374" lon="16.938193"><ele>142.77</ele></trkpt>
      <trkpt lat="48.148785" lon="16.939254"><ele>142.37</ele></trkpt>
      <trkpt lat="48.149145999999995" lon="16.940244"><ele>142.07</ele></trkpt>
      <trkpt lat="48.149829999999994" lon="16.942080999999998"><ele>141.72</ele></trkpt>
      <trkpt lat="48.149981" lon="16.942667999999998"><ele>141.45</ele></trkpt>
      <trkpt lat="48.150031" lon="16.943009"><ele>142.41</ele></trkpt>
      <trkpt lat="48.150344" lon="16.943663"><ele>142.32</ele></trkpt>
      <trkpt lat="48.15036" lon="16.943713"><ele>142.27</ele></trkpt>
      <trkpt lat="48.150386999999995" lon="16.943872"><ele>142.36</ele></trkpt>
      <trkpt lat="48.150383" lon="16.943963"><ele>142.71</ele></trkpt>
      <trkpt lat="48.150369" lon="16.94402"><ele>143</ele></trkpt>
      <trkpt lat="48.150121999999996" lon="16.944224"><ele>145.54</ele></trkpt>
      <trkpt lat="48.149975" lon="16.944318"><ele>146.26</ele></trkpt>
      <trkpt lat="48.149935" lon="16.944367"><ele>146.36</ele></trkpt>
      <trkpt lat="48.149887" lon="16.944639"><ele>146.47</ele></trkpt>
      <trkpt lat="48.149862" lon="16.944906"><ele>146.83</ele></trkpt>
      <trkpt lat="48.150155999999996" lon="16.944979"><ele>147.45</ele></trkpt>
      <trkpt lat="48.150217999999995" lon="16.945004"><ele>147.76</ele></trkpt>
      <trkpt lat="48.150267" lon="16.945065"><ele>147.95</ele></trkpt>
      <trkpt lat="48.150307" lon="16.945169"><ele>148.09</ele></trkpt>
      <trkpt lat="48.150315" lon="16.945314"><ele>148.31</ele></trkpt>
      <trkpt lat="48.150276" lon="16.945455"><ele>148.64</ele></trkpt>
      <trkpt lat="48.150141999999995" lon="16.945833999999998"><ele>150.51</ele></trkpt>
      <trkpt lat="48.149156999999995" lon="16.948339"><ele>158.93</ele></trkpt>
      <trkpt lat="48.148592" lon="16.949734"><ele>160.97</ele></trkpt>
      <trkpt lat="48.148139" lon="16.951643999999998"><ele>165.94</ele></trkpt>
      <trkpt lat="48.147907" lon="16.952555999999998"><ele>168.24</ele></trkpt>
      <trkpt lat="48.147701999999995" lon="16.953283"><ele>170.5</ele></trkpt>
      <trkpt lat="48.147093" lon="16.953055"><ele>166.07</ele></trkpt>
      <trkpt lat="48.146656" lon="16.956481"><ele>171.69</ele></trkpt>
      <trkpt lat="48.146620999999996" lon="16.956878"><ele>171.84</ele></trkpt>
      <trkpt lat="48.146601999999994" lon="16.956963"><ele>171.82</ele></trkpt>
      <trkpt lat="48.146578999999996" lon="16.957024999999998"><ele>171.87</ele></trkpt>
      <trkpt lat="48.146619" lon="16.957099"><ele>172</ele></trkpt>
      <trkpt lat="48.146639" lon="16.957190999999998"><ele>172.03</ele></trkpt>
      <trkpt lat="48.146651" lon="16.957338999999997"><ele>172.13</ele></trkpt>
      <trkpt lat="48.146651" lon="16.957559"><ele>172.64</ele></trkpt>
      <trkpt lat="48.146685" lon="16.957863"><ele>173.39</ele></trkpt>
      <trkpt lat="48.146806" lon="16.958484"><ele>174.63</ele></trkpt>
      <trkpt lat="48.147507" lon="16.961204"><ele>177.1</ele></trkpt>
      <trkpt lat="48.147881" lon="16.96275"><ele>178.37</ele></trkpt>
      <trkpt lat="48.14863" lon="16.965918"><ele>176.02</ele></trkpt>
      <trkpt lat="48.148841999999995" lon="16.967109999999998"><ele>175</ele></trkpt>
      <trkpt lat="48.148753" lon="16.96713"><ele>174.98</ele></trkpt>
      <trkpt lat="48.145778" lon="16.966376999999998"><ele>171.7</ele></trkpt>
      <trkpt lat="48.145748" lon="16.966388"><ele>171.67</ele></trkpt>
      <trkpt lat="48.145734" lon="16.96641"><ele>171.65</ele></trkpt>
      <trkpt lat="48.145604999999996" lon="16.966821"><ele>171.33</ele></trkpt>
      <trkpt lat="48.144901999999995" lon="16.969523"><ele>170.1</ele></trkpt>
      <trkpt lat="48.14461" lon="16.970776"><ele>169.88</ele></trkpt>
      <trkpt lat="48.144549999999995" lon="16.971117"><ele>169.68</ele></trkpt>
      <trkpt lat="48.144495" lon="16.971496"><ele>169.29</ele></trkpt>
      <trkpt lat="48.144431" lon="16.972201"><ele>168.24</ele></trkpt>
      <trkpt lat="48.144413" lon="16.972648"><ele>167.38</ele></trkpt>
      <trkpt lat="48.144377999999996" lon="16.974289"><ele>164.11</ele></trkpt>
      <trkpt lat="48.144363" lon="16.974539"><ele>163.76</ele></trkpt>
      <trkpt lat="48.144335" lon="16.974733999999998"><ele>163.31</ele></trkpt>
      <trkpt lat="48.143921999999996" lon="16.976910999999998"><ele>160.16</ele></trkpt>
      <trkpt lat="48.143865999999996" lon="16.977244"><ele>159.79</ele></trkpt>
      <trkpt lat="48.14376" lon="16.977959"><ele>159.06</ele></trkpt>
      <trkpt lat="48.143496" lon="16.979854"><ele>157.9</ele></trkpt>
      <trkpt lat="48.143358" lon="16.980762"><ele>156.9</ele></trkpt>
      <trkpt lat="48.143344" lon="16.980895"><ele>156.65</ele></trkpt>
      <trkpt lat="48.143347999999996" lon="16.980957999999998"><ele>156.52</ele></trkpt>
      <trkpt lat="48.143367" lon="16.981047"><ele>156.26</ele></trkpt>
      <trkpt lat="48.143363" lon="16.981175999999998"><ele>156</ele></trkpt>
      <trkpt lat="48.143342" lon="16.98125"><ele>155.98</ele></trkpt>
      <trkpt lat="48.143231" lon="16.981406"><ele>155.64</ele></trkpt>
      <trkpt lat="48.143190999999995" lon="16.981510999999998"><ele>155.43</ele></trkpt>
      <trkpt lat="48.142125" lon="16.986126"><ele>146.68</ele></trkpt>
      <trkpt lat="48.142067999999995" lon="16.986438"><ele>146.62</ele></trkpt>
      <trkpt lat="48.141869" lon="16.987748"><ele>148.17</ele></trkpt>
      <trkpt lat="48.141832" lon="16.987932999999998"><ele>148.48</ele></trkpt>
      <trkpt lat="48.141776" lon="16.988166"><ele>148.85</ele></trkpt>
      <trkpt lat="48.141635" lon="16.988633999999998"><ele>149.47</ele></trkpt>
      <trkpt lat="48.140792" lon="16.991077"><ele>148.72</ele></trkpt>
      <trkpt lat="48.140724999999996" lon="16.991315999999998"><ele>148.16</ele></trkpt>
      <trkpt lat="48.141974999999995" lon="16.992029"><ele>145.71</ele></trkpt>
      <trkpt lat="48.142089" lon="16.992107999999998"><ele>145.31</ele></trkpt>
      <trkpt lat="48.142866" lon="16.992506"><ele>141.35</ele></trkpt>
      <trkpt lat="48.146423" lon="16.996195999999998"><ele>139.88</ele></trkpt>
      <trkpt lat="48.145579" lon="17.000291999999998"><ele>139.98</ele></trkpt>
      <trkpt lat="48.145497" lon="17.000609"><ele>140</ele></trkpt>
      <trkpt lat="48.145452999999996" lon="17.000707"><ele>140</ele></trkpt>
      <trkpt lat="48.145368" lon="17.000804"><ele>140</ele></trkpt>
      <trkpt lat="48.145036999999995" lon="17.001023999999997"><ele>139.9</ele></trkpt>
      <trkpt lat="48.144911" lon="17.001120999999998"><ele>139.92</ele></trkpt>
      <trkpt lat="48.144768" lon="17.001264"><ele>139.93</ele></trkpt>
      <trkpt lat="48.144652" lon="17.001355999999998"><ele>139.92</ele></trkpt>
      <trkpt lat="48.144566" lon="17.001405"><ele>139.91</ele></trkpt>
      <trkpt lat="48.144045" lon="17.001635999999998"><ele>139.84</ele></trkpt>
      <trkpt lat="48.143834999999996" lon="17.001769"><ele>139.69</ele></trkpt>
      <trkpt lat="48.143606999999996" lon="17.001941"><ele>139.51</ele></trkpt>
      <trkpt lat="48.143389" lon="17.002122"><ele>139.34</ele></trkpt>
      <trkpt lat="48.14242" lon="17.003042"><ele>139</ele></trkpt>
      <trkpt lat="48.141431999999995" lon="17.004001"><ele>139.03</ele></trkpt>
      <trkpt lat="48.141135999999996" lon="17.004345999999998"><ele>139.13</ele></trkpt>
      <trkpt lat="48.140789999999996" lon="17.004875"><ele>139.16</ele></trkpt>
      <trkpt lat="48.140651999999996" lon="17.005033"><ele>139.19</ele></trkpt>
      <trkpt lat="48.140434" lon="17.005219"><ele>139.27</ele></trkpt>
      <trkpt lat="48.140304" lon="17.005347"><ele>139.23</ele></trkpt>
      <trkpt lat="48.140066" lon="17.005692"><ele>139.48</ele></trkpt>
      <trkpt lat="48.139939" lon="17.005827"><ele>139.99</ele></trkpt>
      <trkpt lat="48.139877999999996" lon="17.005802"><ele>139.99</ele></trkpt>
      <trkpt lat="48.139793" lon="17.005757"><ele>140.14</ele></trkpt>
      <trkpt lat="48.139340999999995" lon="17.005532"><ele>142.26</ele></trkpt>
      <trkpt lat="48.139283999999996" lon="17.005495"><ele>142.56</ele></trkpt>
      <trkpt lat="48.139162999999996" lon="17.005364"><ele>143.13</ele></trkpt>
      <trkpt lat="48.139067999999995" lon="17.0052"><ele>143.76</ele></trkpt>
      <trkpt lat="48.138996" lon="17.004988"><ele>144.23</ele></trkpt>
      <trkpt lat="48.13896" lon="17.004811999999998"><ele>144.45</ele></trkpt>
      <trkpt lat="48.138915" lon="17.004541"><ele>144.47</ele></trkpt>
      <trkpt lat="48.138785999999996" lon="17.004234"><ele>144.72</ele></trkpt>
      <trkpt lat="48.138476" lon="17.003895999999997"><ele>144.95</ele></trkpt>
      <trkpt lat="48.138157" lon="17.003602"><ele>145</ele></trkpt>
      <trkpt lat="48.137986" lon="17.003769"><ele>145.29</ele></trkpt>
      <trkpt lat="48.137893" lon="17.003802"><ele>145.59</ele></trkpt>
      <trkpt lat="48.137679" lon="17.003778999999998"><ele>146</ele></trkpt>
      <trkpt lat="48.137612999999995" lon="17.004075"><ele>145.73</ele></trkpt>
      <trkpt lat="48.137536" lon="17.004341"><ele>145.92</ele></trkpt>
      <trkpt lat="48.137232" lon="17.005174999999998"><ele>146.99</ele></trkpt>
      <trkpt lat="48.137028" lon="17.006021"><ele>147.7</ele></trkpt>
      <trkpt lat="48.136776" lon="17.007127"><ele>148.21</ele></trkpt>
      <trkpt lat="48.136711" lon="17.007371"><ele>148.03</ele></trkpt>
      <trkpt lat="48.136627" lon="17.007628999999998"><ele>148.08</ele></trkpt>
      <trkpt lat="48.135926" lon="17.009280999999998"><ele>145.86</ele></trkpt>
      <trkpt lat="48.135571999999996" lon="17.010072"><ele>146.97</ele></trkpt>
      <trkpt lat="48.135341" lon="17.010509"><ele>147.28</ele></trkpt>
      <trkpt lat="48.134786" lon="17.011468"><ele>147.55</ele></trkpt>
      <trkpt lat="48.134619" lon="17.011796999999998"><ele>147.57</ele></trkpt>
      <trkpt lat="48.134350999999995" lon="17.012487"><ele>147.04</ele></trkpt>
      <trkpt lat="48.134173999999994" lon="17.013167"><ele>146.46</ele></trkpt>
      <trkpt lat="48.13404" lon="17.013862"><ele>145.59</ele></trkpt>
      <trkpt lat="48.133922" lon="17.01456"><ele>144.28</ele></trkpt>
      <trkpt lat="48.133784999999996" lon="17.015015"><ele>143.9</ele></trkpt>
      <trkpt lat="48.133584" lon="17.015470999999998"><ele>143.45</ele></trkpt>
      <trkpt lat="48.133359999999996" lon="17.015857999999998"><ele>142.69</ele></trkpt>
      <trkpt lat="48.133455999999995" lon="17.016013"><ele>140.62</ele></trkpt>
      <trkpt lat="48.133396" lon="17.016126"><ele>140.76</ele></trkpt>
      <trkpt lat="48.133140999999995" lon="17.016706"><ele>140.81</ele></trkpt>
      <trkpt lat="48.133069" lon="17.016844"><ele>140.73</ele></trkpt>
      <trkpt lat="48.132991" lon="17.016972"><ele>140.74</ele></trkpt>
      <trkpt lat="48.132717" lon="17.017356"><ele>140.93</ele></trkpt>
      <trkpt lat="48.132636999999995" lon="17.017497"><ele>140.97</ele></trkpt>
      <trkpt lat="48.131586" lon="17.019973999999998"><ele>140.28</ele></trkpt>
      <trkpt lat="48.131429" lon="17.020281"><ele>140.4</ele></trkpt>
      <trkpt lat="48.130880999999995" lon="17.021141999999998"><ele>141.2</ele></trkpt>
      <trkpt lat="48.130748" lon="17.021396"><ele>141.45</ele></trkpt>
      <trkpt lat="48.130705" lon="17.021459999999998"><ele>141.51</ele></trkpt>
      <trkpt lat="48.13068" lon="17.021478"><ele>141.54</ele></trkpt>
      <trkpt lat="48.130635999999996" lon="17.021477"><ele>141.57</ele></trkpt>
      <trkpt lat="48.130536" lon="17.021397999999998"><ele>141.83</ele></trkpt>
      <trkpt lat="48.130441" lon="17.021375"><ele>142.73</ele></trkpt>
      <trkpt lat="48.130379999999995" lon="17.021393"><ele>142.79</ele></trkpt>
      <trkpt lat="48.130306999999995" lon="17.021478"><ele>142.26</ele></trkpt>
      <trkpt lat="48.129926999999995" lon="17.02206"><ele>141.48</ele></trkpt>
      <trkpt lat="48.129774999999995" lon="17.022313999999998"><ele>141.4</ele></trkpt>
      <trkpt lat="48.129639" lon="17.022561"><ele>141.29</ele></trkpt>
      <trkpt lat="48.129402999999996" lon="17.023035999999998"><ele>141.27</ele></trkpt>
      <trkpt lat="48.1293" lon="17.023263999999998"><ele>141.17</ele></trkpt>
      <trkpt lat="48.129115999999996" lon="17.023713"><ele>141.09</ele></trkpt>
      <trkpt lat="48.129008" lon="17.024009"><ele>141.07</ele></trkpt>
      <trkpt lat="48.128868999999995" lon="17.024425"><ele>141.04</ele></trkpt>
      <trkpt lat="48.128001" lon="17.027101"><ele>140.88</ele></trkpt>
      <trkpt lat="48.126996999999996" lon="17.030262"><ele>141.62</ele></trkpt>
      <trkpt lat="48.126903" lon="17.030545999999998"><ele>141.21</ele></trkpt>
      <trkpt lat="48.126729" lon="17.031019999999998"><ele>141.18</ele></trkpt>
      <trkpt lat="48.125420999999996" lon="17.035041"><ele>140.64</ele></trkpt>
      <trkpt lat="48.125248" lon="17.035688999999998"><ele>141.4</ele></trkpt>
      <trkpt lat="48.124953" lon="17.036468"><ele>141.05</ele></trkpt>
      <trkpt lat="48.123827" lon="17.039943"><ele>139.95</ele></trkpt>
      <trkpt lat="48.123639" lon="17.040619"><ele>141.42</ele></trkpt>
      <trkpt lat="48.123559" lon="17.040848"><ele>140.68</ele></trkpt>
      <trkpt lat="48.123416999999996" lon="17.041201"><ele>140.4</ele></trkpt>
      <trkpt lat="48.122673999999996" lon="17.043494"><ele>140.33</ele></trkpt>
      <trkpt lat="48.122502999999995" lon="17.044065"><ele>141.97</ele></trkpt>
      <trkpt lat="48.122249" lon="17.044781"><ele>140.63</ele></trkpt>
      <trkpt lat="48.12206" lon="17.045389999999998"><ele>140.51</ele></trkpt>
      <trkpt lat="48.12189" lon="17.046034"><ele>140.61</ele></trkpt>
      <trkpt lat="48.121821" lon="17.046343"><ele>140.84</ele></trkpt>
      <trkpt lat="48.121728999999995" lon="17.046834"><ele>140.8</ele></trkpt>
      <trkpt lat="48.121655" lon="17.047392"><ele>140.62</ele></trkpt>
      <trkpt lat="48.121626" lon="17.047670999999998"><ele>140.51</ele></trkpt>
      <trkpt lat="48.121598" lon="17.048320999999998"><ele>140.01</ele></trkpt>
      <trkpt lat="48.121612999999996" lon="17.049160999999998"><ele>140.62</ele></trkpt>
      <trkpt lat="48.121845" lon="17.055138"><ele>139.93</ele></trkpt>
      <trkpt lat="48.121871" lon="17.055547"><ele>140.18</ele></trkpt>
      <trkpt lat="48.121935" lon="17.056051999999998"><ele>141.65</ele></trkpt>
      <trkpt lat="48.121942" lon="17.056307"><ele>141.26</ele></trkpt>
      <trkpt lat="48.121959" lon="17.05639"><ele>140.9</ele></trkpt>
      <trkpt lat="48.122184" lon="17.056824"><ele>140.5</ele></trkpt>
      <trkpt lat="48.122225" lon="17.056942"><ele>140.51</ele></trkpt>
      <trkpt lat="48.122236" lon="17.057026"><ele>140.51</ele></trkpt>
      <trkpt lat="48.122417999999996" lon="17.061877"><ele>138.95</ele></trkpt>
      <trkpt lat="48.122422" lon="17.062331999999998"><ele>140.41</ele></trkpt>
    </trkseg>
    </trk>
  </gpx>