<?xml version="1.0" encoding="UTF-8"?>
  <gpx version="1.1" creator="VeloPlanner" xmlns="http://www.topografix.com/GPX/1/1">
    
    <trk>
      <name>Drauradweg</name>
      <trkseg>
        <trkpt lat="46.724255" lon="12.226248"><ele>1210.26</ele></trkpt>
      <trkpt lat="46.724269" lon="12.226243"><ele>1210.16</ele></trkpt>
      <trkpt lat="46.724249" lon="12.226358999999999"><ele>1209.9</ele></trkpt>
      <trkpt lat="46.724246" lon="12.226491"><ele>1209.87</ele></trkpt>
      <trkpt lat="46.724089" lon="12.227665"><ele>1210.14</ele></trkpt>
      <trkpt lat="46.724059999999994" lon="12.228074"><ele>1210.15</ele></trkpt>
      <trkpt lat="46.723895999999996" lon="12.229180999999999"><ele>1211.35</ele></trkpt>
      <trkpt lat="46.72383" lon="12.229515"><ele>1211.5</ele></trkpt>
      <trkpt lat="46.723572999999995" lon="12.230336999999999"><ele>1211.77</ele></trkpt>
      <trkpt lat="46.72353" lon="12.230552"><ele>1211.68</ele></trkpt>
      <trkpt lat="46.723526" lon="12.230806"><ele>1211.51</ele></trkpt>
      <trkpt lat="46.723571" lon="12.231337"><ele>1210.88</ele></trkpt>
      <trkpt lat="46.723758" lon="12.232636"><ele>1206.55</ele></trkpt>
      <trkpt lat="46.723762" lon="12.232763"><ele>1206.08</ele></trkpt>
      <trkpt lat="46.723743" lon="12.232857"><ele>1205.73</ele></trkpt>
      <trkpt lat="46.723695" lon="12.232944"><ele>1205.33</ele></trkpt>
      <trkpt lat="46.723552999999995" lon="12.233124"><ele>1204.4</ele></trkpt>
      <trkpt lat="46.723467" lon="12.233317"><ele>1203.65</ele></trkpt>
      <trkpt lat="46.723043" lon="12.234542"><ele>1201.53</ele></trkpt>
      <trkpt lat="46.722767999999995" lon="12.235206999999999"><ele>1201.78</ele></trkpt>
      <trkpt lat="46.72267" lon="12.235586999999999"><ele>1201.78</ele></trkpt>
      <trkpt lat="46.722522999999995" lon="12.236079"><ele>1202.11</ele></trkpt>
      <trkpt lat="46.72247" lon="12.236573"><ele>1202.52</ele></trkpt>
      <trkpt lat="46.722356" lon="12.236958999999999"><ele>1203.25</ele></trkpt>
      <trkpt lat="46.722347" lon="12.237034999999999"><ele>1203.44</ele></trkpt>
      <trkpt lat="46.722394" lon="12.23725"><ele>1203.95</ele></trkpt>
      <trkpt lat="46.722431" lon="12.237623"><ele>1204.99</ele></trkpt>
      <trkpt lat="46.722373" lon="12.237833"><ele>1205.92</ele></trkpt>
      <trkpt lat="46.722359" lon="12.237981"><ele>1206.38</ele></trkpt>
      <trkpt lat="46.722572" lon="12.238608"><ele>1207.15</ele></trkpt>
      <trkpt lat="46.722684" lon="12.238990999999999"><ele>1207.53</ele></trkpt>
      <trkpt lat="46.722784999999995" lon="12.23922"><ele>1207.75</ele></trkpt>
      <trkpt lat="46.722843" lon="12.239288"><ele>1207.4</ele></trkpt>
      <trkpt lat="46.723023" lon="12.239327999999999"><ele>1206.12</ele></trkpt>
      <trkpt lat="46.723062" lon="12.23937"><ele>1205.97</ele></trkpt>
      <trkpt lat="46.723099" lon="12.239486"><ele>1205.72</ele></trkpt>
      <trkpt lat="46.723181" lon="12.239829"><ele>1204.61</ele></trkpt>
      <trkpt lat="46.723611999999996" lon="12.240255"><ele>1201.96</ele></trkpt>
      <trkpt lat="46.723746" lon="12.240269999999999"><ele>1201.24</ele></trkpt>
      <trkpt lat="46.723876999999995" lon="12.240248"><ele>1200.5</ele></trkpt>
      <trkpt lat="46.724163999999995" lon="12.240178"><ele>1198.87</ele></trkpt>
      <trkpt lat="46.724561" lon="12.240129999999999"><ele>1196.88</ele></trkpt>
      <trkpt lat="46.724582" lon="12.240141999999999"><ele>1196.79</ele></trkpt>
      <trkpt lat="46.724593999999996" lon="12.240205999999999"><ele>1196.76</ele></trkpt>
      <trkpt lat="46.724623" lon="12.240217999999999"><ele>1196.65</ele></trkpt>
      <trkpt lat="46.724923" lon="12.240162999999999"><ele>1195.55</ele></trkpt>
      <trkpt lat="46.725044" lon="12.240151"><ele>1195.16</ele></trkpt>
      <trkpt lat="46.72513" lon="12.24016"><ele>1194.98</ele></trkpt>
      <trkpt lat="46.725207" lon="12.240217"><ele>1194.71</ele></trkpt>
      <trkpt lat="46.725299" lon="12.240324999999999"><ele>1194.34</ele></trkpt>
      <trkpt lat="46.725449999999995" lon="12.240457"><ele>1194</ele></trkpt>
      <trkpt lat="46.725528" lon="12.240558"><ele>1193.99</ele></trkpt>
      <trkpt lat="46.725586" lon="12.240651999999999"><ele>1193.96</ele></trkpt>
      <trkpt lat="46.725629999999995" lon="12.240777"><ele>1193.84</ele></trkpt>
      <trkpt lat="46.725853" lon="12.242066999999999"><ele>1193.3</ele></trkpt>
      <trkpt lat="46.726003" lon="12.243032999999999"><ele>1192.66</ele></trkpt>
      <trkpt lat="46.726088999999995" lon="12.244105"><ele>1191.52</ele></trkpt>
      <trkpt lat="46.726116999999995" lon="12.244771"><ele>1190.75</ele></trkpt>
      <trkpt lat="46.726124999999996" lon="12.248759999999999"><ele>1187.95</ele></trkpt>
      <trkpt lat="46.726147999999995" lon="12.252091"><ele>1185.07</ele></trkpt>
      <trkpt lat="46.726161999999995" lon="12.252549"><ele>1184.72</ele></trkpt>
      <trkpt lat="46.726183" lon="12.252962"><ele>1184.55</ele></trkpt>
      <trkpt lat="46.726234999999996" lon="12.253592999999999"><ele>1184.4</ele></trkpt>
      <trkpt lat="46.726299" lon="12.254069"><ele>1184.29</ele></trkpt>
      <trkpt lat="46.726397" lon="12.254679"><ele>1184.02</ele></trkpt>
      <trkpt lat="46.72653" lon="12.255310999999999"><ele>1183.56</ele></trkpt>
      <trkpt lat="46.72676" lon="12.256207"><ele>1183.07</ele></trkpt>
      <trkpt lat="46.726760999999996" lon="12.256297"><ele>1183.07</ele></trkpt>
      <trkpt lat="46.726727" lon="12.25634"><ele>1183.06</ele></trkpt>
      <trkpt lat="46.726588" lon="12.25643"><ele>1182.89</ele></trkpt>
      <trkpt lat="46.726276" lon="12.256547999999999"><ele>1183.44</ele></trkpt>
      <trkpt lat="46.725688" lon="12.256611999999999"><ele>1186.09</ele></trkpt>
      <trkpt lat="46.725631" lon="12.256639"><ele>1186.44</ele></trkpt>
      <trkpt lat="46.725595" lon="12.256693"><ele>1186.71</ele></trkpt>
      <trkpt lat="46.725587" lon="12.256801999999999"><ele>1186.72</ele></trkpt>
      <trkpt lat="46.725587999999995" lon="12.257033"><ele>1186.4</ele></trkpt>
      <trkpt lat="46.725623" lon="12.257384"><ele>1185.77</ele></trkpt>
      <trkpt lat="46.72569" lon="12.257805999999999"><ele>1184.89</ele></trkpt>
      <trkpt lat="46.725787" lon="12.258097"><ele>1184.28</ele></trkpt>
      <trkpt lat="46.72598" lon="12.258524"><ele>1183.46</ele></trkpt>
      <trkpt lat="46.726079" lon="12.258833"><ele>1182.96</ele></trkpt>
      <trkpt lat="46.726195999999995" lon="12.259409999999999"><ele>1182.34</ele></trkpt>
      <trkpt lat="46.726285" lon="12.259692999999999"><ele>1182.09</ele></trkpt>
      <trkpt lat="46.72643" lon="12.260069999999999"><ele>1181.69</ele></trkpt>
      <trkpt lat="46.726583" lon="12.260422"><ele>1181.3</ele></trkpt>
      <trkpt lat="46.726771" lon="12.260955"><ele>1180.85</ele></trkpt>
      <trkpt lat="46.726901999999995" lon="12.261223999999999"><ele>1180.67</ele></trkpt>
      <trkpt lat="46.727101999999995" lon="12.261566"><ele>1180.56</ele></trkpt>
      <trkpt lat="46.727529" lon="12.262063999999999"><ele>1180.57</ele></trkpt>
      <trkpt lat="46.727761" lon="12.262426999999999"><ele>1180.57</ele></trkpt>
      <trkpt lat="46.728162999999995" lon="12.262888"><ele>1180.28</ele></trkpt>
      <trkpt lat="46.728322999999996" lon="12.263055"><ele>1180.08</ele></trkpt>
      <trkpt lat="46.728719" lon="12.263427"><ele>1179.2</ele></trkpt>
      <trkpt lat="46.728919" lon="12.263629"><ele>1178.66</ele></trkpt>
      <trkpt lat="46.729031" lon="12.263817"><ele>1178.02</ele></trkpt>
      <trkpt lat="46.729110999999996" lon="12.264019"><ele>1177.77</ele></trkpt>
      <trkpt lat="46.729184" lon="12.264107"><ele>1177.74</ele></trkpt>
      <trkpt lat="46.729327" lon="12.264634"><ele>1177.42</ele></trkpt>
      <trkpt lat="46.729530999999994" lon="12.265459"><ele>1177.46</ele></trkpt>
      <trkpt lat="46.729848999999994" lon="12.267296"><ele>1176.8</ele></trkpt>
      <trkpt lat="46.72987" lon="12.267475"><ele>1176.51</ele></trkpt>
      <trkpt lat="46.730084" lon="12.267679999999999"><ele>1176.65</ele></trkpt>
      <trkpt lat="46.730180999999995" lon="12.267892999999999"><ele>1176.75</ele></trkpt>
      <trkpt lat="46.730241" lon="12.267947999999999"><ele>1176.84</ele></trkpt>
      <trkpt lat="46.730346" lon="12.267958"><ele>1176.95</ele></trkpt>
      <trkpt lat="46.730391" lon="12.267997"><ele>1176.94</ele></trkpt>
      <trkpt lat="46.730771999999995" lon="12.269193"><ele>1176.27</ele></trkpt>
      <trkpt lat="46.731181" lon="12.270304999999999"><ele>1176</ele></trkpt>
      <trkpt lat="46.731353999999996" lon="12.270766"><ele>1175.98</ele></trkpt>
      <trkpt lat="46.731536" lon="12.271158"><ele>1175.81</ele></trkpt>
      <trkpt lat="46.731854999999996" lon="12.271904"><ele>1175.64</ele></trkpt>
      <trkpt lat="46.732088999999995" lon="12.271687"><ele>1176</ele></trkpt>
      <trkpt lat="46.732177" lon="12.271792999999999"><ele>1176</ele></trkpt>
      <trkpt lat="46.732319" lon="12.272060999999999"><ele>1175.46</ele></trkpt>
      <trkpt lat="46.732544999999995" lon="12.272556999999999"><ele>1175.66</ele></trkpt>
      <trkpt lat="46.732867999999996" lon="12.273371"><ele>1175.51</ele></trkpt>
      <trkpt lat="46.733033999999996" lon="12.273848"><ele>1175.73</ele></trkpt>
      <trkpt lat="46.733529999999995" lon="12.275482"><ele>1175.42</ele></trkpt>
      <trkpt lat="46.733686999999996" lon="12.276010999999999"><ele>1175.44</ele></trkpt>
      <trkpt lat="46.733700999999996" lon="12.276164"><ele>1175.2</ele></trkpt>
      <trkpt lat="46.733788999999994" lon="12.276273999999999"><ele>1175.38</ele></trkpt>
      <trkpt lat="46.734196999999995" lon="12.277092999999999"><ele>1175.55</ele></trkpt>
      <trkpt lat="46.734248" lon="12.277213999999999"><ele>1175.55</ele></trkpt>
      <trkpt lat="46.734299" lon="12.277370999999999"><ele>1175.54</ele></trkpt>
      <trkpt lat="46.734322999999996" lon="12.277515"><ele>1175.48</ele></trkpt>
      <trkpt lat="46.734317999999995" lon="12.27764"><ele>1175.41</ele></trkpt>
      <trkpt lat="46.734294" lon="12.277781"><ele>1175.22</ele></trkpt>
      <trkpt lat="46.734252" lon="12.277921"><ele>1174.47</ele></trkpt>
      <trkpt lat="46.734066" lon="12.278357"><ele>1173.58</ele></trkpt>
      <trkpt lat="46.733878" lon="12.278851999999999"><ele>1173.83</ele></trkpt>
      <trkpt lat="46.733878999999995" lon="12.278896999999999"><ele>1173.94</ele></trkpt>
      <trkpt lat="46.7339" lon="12.278945"><ele>1173.75</ele></trkpt>
      <trkpt lat="46.733993999999996" lon="12.279048"><ele>1173.07</ele></trkpt>
      <trkpt lat="46.734094999999996" lon="12.279207999999999"><ele>1172.74</ele></trkpt>
      <trkpt lat="46.734137" lon="12.279307"><ele>1172.6</ele></trkpt>
      <trkpt lat="46.734525" lon="12.280408999999999"><ele>1172.29</ele></trkpt>
      <trkpt lat="46.73469" lon="12.281188"><ele>1171.54</ele></trkpt>
      <trkpt lat="46.734708999999995" lon="12.28132"><ele>1171.34</ele></trkpt>
      <trkpt lat="46.734707" lon="12.281447"><ele>1171.21</ele></trkpt>
      <trkpt lat="46.734673" lon="12.281569"><ele>1171.1</ele></trkpt>
      <trkpt lat="46.734626999999996" lon="12.281649"><ele>1170.96</ele></trkpt>
      <trkpt lat="46.734303" lon="12.281946999999999"><ele>1171</ele></trkpt>
      <trkpt lat="46.734275" lon="12.282002"><ele>1171</ele></trkpt>
      <trkpt lat="46.734258" lon="12.282062"><ele>1170.93</ele></trkpt>
      <trkpt lat="46.734179999999995" lon="12.282554999999999"><ele>1170.03</ele></trkpt>
      <trkpt lat="46.734159" lon="12.282606999999999"><ele>1170.02</ele></trkpt>
      <trkpt lat="46.734106999999995" lon="12.282637"><ele>1170.11</ele></trkpt>
      <trkpt lat="46.733982" lon="12.282646"><ele>1170.3</ele></trkpt>
      <trkpt lat="46.733959" lon="12.282674"><ele>1170.28</ele></trkpt>
      <trkpt lat="46.733951" lon="12.282739"><ele>1170.13</ele></trkpt>
      <trkpt lat="46.734041" lon="12.283306"><ele>1169.51</ele></trkpt>
      <trkpt lat="46.734179999999995" lon="12.283978"><ele>1169.05</ele></trkpt>
      <trkpt lat="46.734362999999995" lon="12.284607"><ele>1168.29</ele></trkpt>
      <trkpt lat="46.735032" lon="12.286408999999999"><ele>1168.47</ele></trkpt>
      <trkpt lat="46.735102" lon="12.286629"><ele>1169.11</ele></trkpt>
      <trkpt lat="46.735136" lon="12.286800999999999"><ele>1169.71</ele></trkpt>
      <trkpt lat="46.735313" lon="12.286855"><ele>1172.18</ele></trkpt>
      <trkpt lat="46.735807" lon="12.287072"><ele>1176.73</ele></trkpt>
      <trkpt lat="46.735673" lon="12.2877"><ele>1180.92</ele></trkpt>
      <trkpt lat="46.735648" lon="12.287859"><ele>1181.67</ele></trkpt>
      <trkpt lat="46.735583" lon="12.287872"><ele>1180.59</ele></trkpt>
      <trkpt lat="46.734496" lon="12.289729"><ele>1179.02</ele></trkpt>
      <trkpt lat="46.734325" lon="12.290078999999999"><ele>1178.53</ele></trkpt>
      <trkpt lat="46.734221999999995" lon="12.290312"><ele>1178.19</ele></trkpt>
      <trkpt lat="46.734136" lon="12.290542"><ele>1177.94</ele></trkpt>
      <trkpt lat="46.734035999999996" lon="12.290866999999999"><ele>1177.56</ele></trkpt>
      <trkpt lat="46.733968" lon="12.291144"><ele>1177.22</ele></trkpt>
      <trkpt lat="46.73386" lon="12.291696"><ele>1176.55</ele></trkpt>
      <trkpt lat="46.733810999999996" lon="12.292064"><ele>1176.32</ele></trkpt>
      <trkpt lat="46.733731999999996" lon="12.293018"><ele>1175.84</ele></trkpt>
      <trkpt lat="46.733706999999995" lon="12.293467"><ele>1175.85</ele></trkpt>
      <trkpt lat="46.733621" lon="12.294454"><ele>1176.1</ele></trkpt>
      <trkpt lat="46.733574" lon="12.295228999999999"><ele>1176.28</ele></trkpt>
      <trkpt lat="46.733461999999996" lon="12.296662"><ele>1175.41</ele></trkpt>
      <trkpt lat="46.733422999999995" lon="12.297053"><ele>1174.89</ele></trkpt>
      <trkpt lat="46.733343" lon="12.297626"><ele>1174.21</ele></trkpt>
      <trkpt lat="46.733235" lon="12.29819"><ele>1173.93</ele></trkpt>
      <trkpt lat="46.733129999999996" lon="12.298627"><ele>1173.66</ele></trkpt>
      <trkpt lat="46.733064999999996" lon="12.298855"><ele>1173.56</ele></trkpt>
      <trkpt lat="46.732839" lon="12.299501999999999"><ele>1173.21</ele></trkpt>
      <trkpt lat="46.732714" lon="12.299819"><ele>1172.73</ele></trkpt>
      <trkpt lat="46.732358" lon="12.300574"><ele>1171.88</ele></trkpt>
      <trkpt lat="46.731404" lon="12.302380999999999"><ele>1170.55</ele></trkpt>
      <trkpt lat="46.731268" lon="12.302657"><ele>1170.16</ele></trkpt>
      <trkpt lat="46.731179" lon="12.302857999999999"><ele>1169.83</ele></trkpt>
      <trkpt lat="46.730990999999996" lon="12.303353999999999"><ele>1168.96</ele></trkpt>
      <trkpt lat="46.730905" lon="12.303609999999999"><ele>1168.6</ele></trkpt>
      <trkpt lat="46.730785" lon="12.304038"><ele>1168.05</ele></trkpt>
      <trkpt lat="46.730666" lon="12.304535"><ele>1167.8</ele></trkpt>
      <trkpt lat="46.73063" lon="12.304879999999999"><ele>1167.81</ele></trkpt>
      <trkpt lat="46.730638" lon="12.305493"><ele>1167.99</ele></trkpt>
      <trkpt lat="46.730635" lon="12.305695"><ele>1168.06</ele></trkpt>
      <trkpt lat="46.730616999999995" lon="12.30593"><ele>1167.93</ele></trkpt>
      <trkpt lat="46.730604" lon="12.305999"><ele>1167.8</ele></trkpt>
      <trkpt lat="46.73056" lon="12.306056"><ele>1167.1</ele></trkpt>
      <trkpt lat="46.730519" lon="12.306078999999999"><ele>1166.75</ele></trkpt>
      <trkpt lat="46.730483" lon="12.306149999999999"><ele>1166.48</ele></trkpt>
      <trkpt lat="46.730469" lon="12.306277999999999"><ele>1166.22</ele></trkpt>
      <trkpt lat="46.730453999999995" lon="12.306863"><ele>1165.83</ele></trkpt>
      <trkpt lat="46.730464999999995" lon="12.307426"><ele>1165.43</ele></trkpt>
      <trkpt lat="46.730453" lon="12.307962"><ele>1164.54</ele></trkpt>
      <trkpt lat="46.730511" lon="12.30804"><ele>1165.07</ele></trkpt>
      <trkpt lat="46.730498" lon="12.308454999999999"><ele>1163.07</ele></trkpt>
      <trkpt lat="46.730491" lon="12.309061999999999"><ele>1161.53</ele></trkpt>
      <trkpt lat="46.730474" lon="12.309457"><ele>1160.67</ele></trkpt>
      <trkpt lat="46.730412" lon="12.310355999999999"><ele>1159.24</ele></trkpt>
      <trkpt lat="46.73038" lon="12.310708"><ele>1157.94</ele></trkpt>
      <trkpt lat="46.730331" lon="12.310872"><ele>1157.55</ele></trkpt>
      <trkpt lat="46.730205" lon="12.311153"><ele>1157.17</ele></trkpt>
      <trkpt lat="46.730168" lon="12.311271"><ele>1156.89</ele></trkpt>
      <trkpt lat="46.730101" lon="12.311696"><ele>1157.1</ele></trkpt>
      <trkpt lat="46.730064999999996" lon="12.312064999999999"><ele>1156.91</ele></trkpt>
      <trkpt lat="46.730050999999996" lon="12.312733999999999"><ele>1156.42</ele></trkpt>
      <trkpt lat="46.730069" lon="12.313429"><ele>1155.57</ele></trkpt>
      <trkpt lat="46.730073" lon="12.314307"><ele>1154.09</ele></trkpt>
      <trkpt lat="46.730050999999996" lon="12.314810999999999"><ele>1153.11</ele></trkpt>
      <trkpt lat="46.72999" lon="12.315291"><ele>1152.21</ele></trkpt>
      <trkpt lat="46.729718" lon="12.316742"><ele>1150.16</ele></trkpt>
      <trkpt lat="46.729651" lon="12.317174999999999"><ele>1149.78</ele></trkpt>
      <trkpt lat="46.729620999999995" lon="12.317708999999999"><ele>1149.21</ele></trkpt>
      <trkpt lat="46.729651999999994" lon="12.318252"><ele>1148.51</ele></trkpt>
      <trkpt lat="46.729731" lon="12.318755999999999"><ele>1147.82</ele></trkpt>
      <trkpt lat="46.729803" lon="12.319065"><ele>1147.4</ele></trkpt>
      <trkpt lat="46.72988" lon="12.319326"><ele>1146.95</ele></trkpt>
      <trkpt lat="46.730163" lon="12.319955"><ele>1146.06</ele></trkpt>
      <trkpt lat="46.730241" lon="12.320235"><ele>1146.1</ele></trkpt>
      <trkpt lat="46.730291" lon="12.320364999999999"><ele>1146.93</ele></trkpt>
      <trkpt lat="46.73052" lon="12.320782"><ele>1148</ele></trkpt>
      <trkpt lat="46.730564" lon="12.320882"><ele>1148.07</ele></trkpt>
      <trkpt lat="46.730605" lon="12.321017"><ele>1148.14</ele></trkpt>
      <trkpt lat="46.730806" lon="12.321944"><ele>1147.12</ele></trkpt>
      <trkpt lat="46.730892" lon="12.322301"><ele>1146.76</ele></trkpt>
      <trkpt lat="46.731035999999996" lon="12.322878999999999"><ele>1146.82</ele></trkpt>
      <trkpt lat="46.731395" lon="12.324223"><ele>1146.59</ele></trkpt>
      <trkpt lat="46.731694" lon="12.325128999999999"><ele>1144.92</ele></trkpt>
      <trkpt lat="46.731913" lon="12.325712999999999"><ele>1142.61</ele></trkpt>
      <trkpt lat="46.732099" lon="12.326184"><ele>1138.8</ele></trkpt>
      <trkpt lat="46.73215" lon="12.326309"><ele>1137.65</ele></trkpt>
      <trkpt lat="46.732361" lon="12.326925"><ele>1139</ele></trkpt>
      <trkpt lat="46.732451999999995" lon="12.327261"><ele>1139.29</ele></trkpt>
      <trkpt lat="46.732518" lon="12.327592"><ele>1138.97</ele></trkpt>
      <trkpt lat="46.732541999999995" lon="12.32784"><ele>1138.41</ele></trkpt>
      <trkpt lat="46.732563999999996" lon="12.32822"><ele>1137.76</ele></trkpt>
      <trkpt lat="46.732586999999995" lon="12.329448"><ele>1136.91</ele></trkpt>
      <trkpt lat="46.732648" lon="12.330599"><ele>1135.52</ele></trkpt>
      <trkpt lat="46.73269" lon="12.331019"><ele>1134.46</ele></trkpt>
      <trkpt lat="46.732824" lon="12.331805"><ele>1132.33</ele></trkpt>
      <trkpt lat="46.732974" lon="12.332571"><ele>1130.8</ele></trkpt>
      <trkpt lat="46.733025999999995" lon="12.332912"><ele>1130.45</ele></trkpt>
      <trkpt lat="46.733098999999996" lon="12.333656"><ele>1130.06</ele></trkpt>
      <trkpt lat="46.733159" lon="12.334138"><ele>1130.23</ele></trkpt>
      <trkpt lat="46.7332" lon="12.334636"><ele>1130.48</ele></trkpt>
      <trkpt lat="46.733228" lon="12.335049999999999"><ele>1130.38</ele></trkpt>
      <trkpt lat="46.733278999999996" lon="12.336215"><ele>1129.25</ele></trkpt>
      <trkpt lat="46.733292999999996" lon="12.336426999999999"><ele>1129.1</ele></trkpt>
      <trkpt lat="46.733315" lon="12.336594999999999"><ele>1129.03</ele></trkpt>
      <trkpt lat="46.733354" lon="12.336767"><ele>1128.96</ele></trkpt>
      <trkpt lat="46.733605999999995" lon="12.337366"><ele>1128.99</ele></trkpt>
      <trkpt lat="46.73367" lon="12.337703999999999"><ele>1128.48</ele></trkpt>
      <trkpt lat="46.733688" lon="12.337881999999999"><ele>1128.21</ele></trkpt>
      <trkpt lat="46.733996999999995" lon="12.339799"><ele>1126.66</ele></trkpt>
      <trkpt lat="46.734570999999995" lon="12.343238999999999"><ele>1125.16</ele></trkpt>
      <trkpt lat="46.734863999999995" lon="12.34512"><ele>1124.77</ele></trkpt>
      <trkpt lat="46.734984999999995" lon="12.345754"><ele>1124.66</ele></trkpt>
      <trkpt lat="46.735149" lon="12.346805"><ele>1123.77</ele></trkpt>
      <trkpt lat="46.735333" lon="12.347887"><ele>1123.87</ele></trkpt>
      <trkpt lat="46.735403999999996" lon="12.348189"><ele>1123.64</ele></trkpt>
      <trkpt lat="46.73549" lon="12.348524"><ele>1123.25</ele></trkpt>
      <trkpt lat="46.735609" lon="12.348913999999999"><ele>1122.91</ele></trkpt>
      <trkpt lat="46.735727" lon="12.349262"><ele>1122.68</ele></trkpt>
      <trkpt lat="46.735853" lon="12.349578"><ele>1122.47</ele></trkpt>
      <trkpt lat="46.737159" lon="12.352573999999999"><ele>1121.35</ele></trkpt>
      <trkpt lat="46.737503" lon="12.35353"><ele>1121.17</ele></trkpt>
      <trkpt lat="46.737643999999996" lon="12.354064"><ele>1121.24</ele></trkpt>
      <trkpt lat="46.737783" lon="12.354718"><ele>1120.96</ele></trkpt>
      <trkpt lat="46.737826" lon="12.355044999999999"><ele>1120.82</ele></trkpt>
      <trkpt lat="46.737851" lon="12.355352"><ele>1120.72</ele></trkpt>
      <trkpt lat="46.737877" lon="12.355777999999999"><ele>1120.4</ele></trkpt>
      <trkpt lat="46.737907" lon="12.356435"><ele>1120.2</ele></trkpt>
      <trkpt lat="46.737927" lon="12.356570999999999"><ele>1120.18</ele></trkpt>
      <trkpt lat="46.737975" lon="12.356660999999999"><ele>1120.18</ele></trkpt>
      <trkpt lat="46.738032" lon="12.356743999999999"><ele>1120.2</ele></trkpt>
      <trkpt lat="46.738195" lon="12.356937"><ele>1120.36</ele></trkpt>
      <trkpt lat="46.738597999999996" lon="12.357261999999999"><ele>1120.96</ele></trkpt>
      <trkpt lat="46.739076" lon="12.357493"><ele>1122.65</ele></trkpt>
      <trkpt lat="46.739079" lon="12.357642"><ele>1123.02</ele></trkpt>
      <trkpt lat="46.739072" lon="12.357831"><ele>1123.25</ele></trkpt>
      <trkpt lat="46.739064" lon="12.357876"><ele>1123.28</ele></trkpt>
      <trkpt lat="46.738797999999996" lon="12.358888"><ele>1123.45</ele></trkpt>
      <trkpt lat="46.738738" lon="12.359148"><ele>1123.37</ele></trkpt>
      <trkpt lat="46.738724" lon="12.359307999999999"><ele>1123.35</ele></trkpt>
      <trkpt lat="46.738726" lon="12.359639"><ele>1123.42</ele></trkpt>
      <trkpt lat="46.738721999999996" lon="12.359769"><ele>1123.47</ele></trkpt>
      <trkpt lat="46.738707" lon="12.359843"><ele>1123.5</ele></trkpt>
      <trkpt lat="46.738707" lon="12.359976999999999"><ele>1123.61</ele></trkpt>
      <trkpt lat="46.738732999999996" lon="12.360083999999999"><ele>1123.58</ele></trkpt>
      <trkpt lat="46.738766999999996" lon="12.360158"><ele>1123.59</ele></trkpt>
      <trkpt lat="46.738816" lon="12.360221"><ele>1123.8</ele></trkpt>
      <trkpt lat="46.7391" lon="12.360408"><ele>1125.21</ele></trkpt>
      <trkpt lat="46.739404" lon="12.360579999999999"><ele>1126.76</ele></trkpt>
      <trkpt lat="46.739245" lon="12.361403"><ele>1125.25</ele></trkpt>
      <trkpt lat="46.739252" lon="12.361509999999999"><ele>1125.06</ele></trkpt>
      <trkpt lat="46.739292999999996" lon="12.361576999999999"><ele>1124.93</ele></trkpt>
      <trkpt lat="46.739497" lon="12.361744999999999"><ele>1124.83</ele></trkpt>
      <trkpt lat="46.739697" lon="12.36202"><ele>1124.66</ele></trkpt>
      <trkpt lat="46.739731" lon="12.3621"><ele>1124.42</ele></trkpt>
      <trkpt lat="46.739736" lon="12.362231999999999"><ele>1123.84</ele></trkpt>
      <trkpt lat="46.739594" lon="12.362693"><ele>1121.6</ele></trkpt>
      <trkpt lat="46.739405" lon="12.363002"><ele>1120.18</ele></trkpt>
      <trkpt lat="46.739356" lon="12.363114999999999"><ele>1119.74</ele></trkpt>
      <trkpt lat="46.739335999999994" lon="12.363201"><ele>1119.46</ele></trkpt>
      <trkpt lat="46.739491" lon="12.364536"><ele>1116.72</ele></trkpt>
      <trkpt lat="46.739937999999995" lon="12.365969999999999"><ele>1114.89</ele></trkpt>
      <trkpt lat="46.740006" lon="12.366264"><ele>1114.61</ele></trkpt>
      <trkpt lat="46.740052999999996" lon="12.36651"><ele>1114.42</ele></trkpt>
      <trkpt lat="46.740108" lon="12.366888"><ele>1114.15</ele></trkpt>
      <trkpt lat="46.740144" lon="12.367289999999999"><ele>1113.94</ele></trkpt>
      <trkpt lat="46.740179999999995" lon="12.368046999999999"><ele>1113.66</ele></trkpt>
      <trkpt lat="46.740370999999996" lon="12.368207"><ele>1113.72</ele></trkpt>
      <trkpt lat="46.740463999999996" lon="12.368260999999999"><ele>1113.77</ele></trkpt>
      <trkpt lat="46.740535" lon="12.368331"><ele>1113.93</ele></trkpt>
      <trkpt lat="46.740652999999995" lon="12.368717"><ele>1115.67</ele></trkpt>
      <trkpt lat="46.740677999999996" lon="12.3689"><ele>1115.55</ele></trkpt>
      <trkpt lat="46.740704" lon="12.368978"><ele>1115.2</ele></trkpt>
      <trkpt lat="46.740778999999996" lon="12.369150999999999"><ele>1114.83</ele></trkpt>
      <trkpt lat="46.740983" lon="12.369707"><ele>1116.11</ele></trkpt>
      <trkpt lat="46.740835" lon="12.369914999999999"><ele>1114.49</ele></trkpt>
      <trkpt lat="46.740792" lon="12.370014"><ele>1114.2</ele></trkpt>
      <trkpt lat="46.740787" lon="12.370172"><ele>1113.89</ele></trkpt>
      <trkpt lat="46.740829" lon="12.370446"><ele>1113.28</ele></trkpt>
      <trkpt lat="46.741219" lon="12.37218"><ele>1110.12</ele></trkpt>
      <trkpt lat="46.741336999999994" lon="12.37248"><ele>1111.15</ele></trkpt>
      <trkpt lat="46.741366" lon="12.372587999999999"><ele>1111.51</ele></trkpt>
      <trkpt lat="46.741336999999994" lon="12.3726"><ele>1111.28</ele></trkpt>
      <trkpt lat="46.741395" lon="12.372985"><ele>1110.18</ele></trkpt>
      <trkpt lat="46.741496" lon="12.373403"><ele>1109.41</ele></trkpt>
      <trkpt lat="46.741595" lon="12.373650999999999"><ele>1109.04</ele></trkpt>
      <trkpt lat="46.74174" lon="12.373937"><ele>1108.61</ele></trkpt>
      <trkpt lat="46.742419" lon="12.374951"><ele>1107.56</ele></trkpt>
      <trkpt lat="46.742599" lon="12.375290999999999"><ele>1107.26</ele></trkpt>
      <trkpt lat="46.742801" lon="12.375762"><ele>1106.83</ele></trkpt>
      <trkpt lat="46.742967" lon="12.376211"><ele>1106.67</ele></trkpt>
      <trkpt lat="46.743131" lon="12.376783"><ele>1106.77</ele></trkpt>
      <trkpt lat="46.743282" lon="12.377383"><ele>1107.15</ele></trkpt>
      <trkpt lat="46.743423" lon="12.378038"><ele>1107.5</ele></trkpt>
      <trkpt lat="46.74355" lon="12.378758999999999"><ele>1107.21</ele></trkpt>
      <trkpt lat="46.743614" lon="12.379382999999999"><ele>1106.77</ele></trkpt>
      <trkpt lat="46.743637" lon="12.379894"><ele>1106.38</ele></trkpt>
      <trkpt lat="46.743638" lon="12.380412"><ele>1106.2</ele></trkpt>
      <trkpt lat="46.743621" lon="12.380996"><ele>1106.09</ele></trkpt>
      <trkpt lat="46.743632" lon="12.381993"><ele>1105.9</ele></trkpt>
      <trkpt lat="46.743717" lon="12.384609999999999"><ele>1102.88</ele></trkpt>
      <trkpt lat="46.74373" lon="12.385542"><ele>1102.48</ele></trkpt>
      <trkpt lat="46.743722999999996" lon="12.385947"><ele>1102.6</ele></trkpt>
      <trkpt lat="46.743682" lon="12.386875"><ele>1103.42</ele></trkpt>
      <trkpt lat="46.743688" lon="12.387046"><ele>1103.92</ele></trkpt>
      <trkpt lat="46.743680999999995" lon="12.387131"><ele>1104.17</ele></trkpt>
      <trkpt lat="46.743631" lon="12.387157"><ele>1103.91</ele></trkpt>
      <trkpt lat="46.743355" lon="12.387307"><ele>1104.64</ele></trkpt>
      <trkpt lat="46.743238" lon="12.389094"><ele>1101.52</ele></trkpt>
      <trkpt lat="46.743244999999995" lon="12.389379"><ele>1101.76</ele></trkpt>
      <trkpt lat="46.743334999999995" lon="12.390376"><ele>1102.8</ele></trkpt>
      <trkpt lat="46.743421" lon="12.391024999999999"><ele>1101.21</ele></trkpt>
      <trkpt lat="46.743544" lon="12.391757"><ele>1099.16</ele></trkpt>
      <trkpt lat="46.74364" lon="12.39218"><ele>1097.86</ele></trkpt>
      <trkpt lat="46.743745999999994" lon="12.392548"><ele>1096.66</ele></trkpt>
      <trkpt lat="46.743953999999995" lon="12.393104"><ele>1094.51</ele></trkpt>
      <trkpt lat="46.744025" lon="12.393338"><ele>1093.77</ele></trkpt>
      <trkpt lat="46.744071999999996" lon="12.393585"><ele>1092.83</ele></trkpt>
      <trkpt lat="46.744099" lon="12.393944999999999"><ele>1091.44</ele></trkpt>
      <trkpt lat="46.744094999999994" lon="12.394102"><ele>1091.32</ele></trkpt>
      <trkpt lat="46.744015" lon="12.394561"><ele>1090.87</ele></trkpt>
      <trkpt lat="46.743278" lon="12.397698"><ele>1088.34</ele></trkpt>
      <trkpt lat="46.743206" lon="12.398292"><ele>1088.21</ele></trkpt>
      <trkpt lat="46.743164" lon="12.398852"><ele>1088.14</ele></trkpt>
      <trkpt lat="46.743189" lon="12.39959"><ele>1087.99</ele></trkpt>
      <trkpt lat="46.743221" lon="12.399892"><ele>1087.83</ele></trkpt>
      <trkpt lat="46.743320999999995" lon="12.400497"><ele>1087.61</ele></trkpt>
      <trkpt lat="46.743544" lon="12.401990999999999"><ele>1086.4</ele></trkpt>
      <trkpt lat="46.743559" lon="12.402016"><ele>1086.36</ele></trkpt>
      <trkpt lat="46.743584" lon="12.402006"><ele>1086.3</ele></trkpt>
      <trkpt lat="46.743776999999994" lon="12.401933"><ele>1085.38</ele></trkpt>
      <trkpt lat="46.743801" lon="12.401925"><ele>1085.27</ele></trkpt>
      <trkpt lat="46.743868" lon="12.402249999999999"><ele>1086.18</ele></trkpt>
      <trkpt lat="46.743986" lon="12.402721999999999"><ele>1085.42</ele></trkpt>
      <trkpt lat="46.744062" lon="12.403222"><ele>1085.28</ele></trkpt>
      <trkpt lat="46.744113999999996" lon="12.403699"><ele>1085.04</ele></trkpt>
      <trkpt lat="46.744512" lon="12.408304"><ele>1083.34</ele></trkpt>
      <trkpt lat="46.745337" lon="12.412343"><ele>1082.2</ele></trkpt>
      <trkpt lat="46.74539" lon="12.41279"><ele>1081.72</ele></trkpt>
      <trkpt lat="46.745439" lon="12.413414"><ele>1081.21</ele></trkpt>
      <trkpt lat="46.745483" lon="12.414598999999999"><ele>1081.35</ele></trkpt>
      <trkpt lat="46.745506" lon="12.41469"><ele>1081.65</ele></trkpt>
      <trkpt lat="46.745492" lon="12.415445"><ele>1080.81</ele></trkpt>
      <trkpt lat="46.74546" lon="12.416176"><ele>1080.46</ele></trkpt>
      <trkpt lat="46.745466" lon="12.416796"><ele>1080.38</ele></trkpt>
      <trkpt lat="46.74548" lon="12.41728"><ele>1080.39</ele></trkpt>
      <trkpt lat="46.745526" lon="12.418135"><ele>1080.33</ele></trkpt>
      <trkpt lat="46.745571" lon="12.418584"><ele>1080.03</ele></trkpt>
      <trkpt lat="46.745674" lon="12.419673999999999"><ele>1080.02</ele></trkpt>
      <trkpt lat="46.745723999999996" lon="12.419863999999999"><ele>1080.31</ele></trkpt>
      <trkpt lat="46.745695" lon="12.420072"><ele>1080.36</ele></trkpt>
      <trkpt lat="46.745788" lon="12.421797"><ele>1080.21</ele></trkpt>
      <trkpt lat="46.745854" lon="12.422487"><ele>1079.76</ele></trkpt>
      <trkpt lat="46.745940999999995" lon="12.423071"><ele>1079.17</ele></trkpt>
      <trkpt lat="46.746007999999996" lon="12.423435"><ele>1079.14</ele></trkpt>
      <trkpt lat="46.746153" lon="12.424076999999999"><ele>1079.38</ele></trkpt>
      <trkpt lat="46.746369" lon="12.424871"><ele>1080</ele></trkpt>
      <trkpt lat="46.747068" lon="12.42788"><ele>1077.93</ele></trkpt>
      <trkpt lat="46.747375" lon="12.429146999999999"><ele>1077.77</ele></trkpt>
      <trkpt lat="46.747668" lon="12.430480999999999"><ele>1077.55</ele></trkpt>
      <trkpt lat="46.747744999999995" lon="12.431037"><ele>1077.73</ele></trkpt>
      <trkpt lat="46.747777" lon="12.431579"><ele>1077.93</ele></trkpt>
      <trkpt lat="46.747783" lon="12.431961999999999"><ele>1077.93</ele></trkpt>
      <trkpt lat="46.747743" lon="12.432521999999999"><ele>1077.66</ele></trkpt>
      <trkpt lat="46.747692" lon="12.432896999999999"><ele>1077.52</ele></trkpt>
      <trkpt lat="46.74762" lon="12.433332"><ele>1077.48</ele></trkpt>
      <trkpt lat="46.747468999999995" lon="12.434042"><ele>1077.69</ele></trkpt>
      <trkpt lat="46.747437999999995" lon="12.434236"><ele>1077.71</ele></trkpt>
      <trkpt lat="46.747423" lon="12.43445"><ele>1077.44</ele></trkpt>
      <trkpt lat="46.747367" lon="12.434604"><ele>1077.11</ele></trkpt>
      <trkpt lat="46.747279" lon="12.434932"><ele>1076.98</ele></trkpt>
      <trkpt lat="46.747009" lon="12.436143999999999"><ele>1076.56</ele></trkpt>
      <trkpt lat="46.747004999999994" lon="12.43624"><ele>1076.95</ele></trkpt>
      <trkpt lat="46.747031" lon="12.436492999999999"><ele>1077.18</ele></trkpt>
      <trkpt lat="46.747029" lon="12.436625"><ele>1076.66</ele></trkpt>
      <trkpt lat="46.746381" lon="12.439734"><ele>1075.47</ele></trkpt>
      <trkpt lat="46.746317999999995" lon="12.440121999999999"><ele>1075.54</ele></trkpt>
      <trkpt lat="46.746204999999996" lon="12.441222999999999"><ele>1075.59</ele></trkpt>
      <trkpt lat="46.746176999999996" lon="12.44165"><ele>1075.58</ele></trkpt>
      <trkpt lat="46.746172" lon="12.442029999999999"><ele>1075.6</ele></trkpt>
      <trkpt lat="46.746198" lon="12.442504"><ele>1075.76</ele></trkpt>
      <trkpt lat="46.746188" lon="12.442703"><ele>1075.91</ele></trkpt>
      <trkpt lat="46.746151999999995" lon="12.442962999999999"><ele>1076.25</ele></trkpt>
      <trkpt lat="46.746148999999996" lon="12.443031"><ele>1076.59</ele></trkpt>
      <trkpt lat="46.746137999999995" lon="12.443190999999999"><ele>1077.15</ele></trkpt>
      <trkpt lat="46.746148" lon="12.443285999999999"><ele>1077.34</ele></trkpt>
      <trkpt lat="46.746158" lon="12.44334"><ele>1077.2</ele></trkpt>
      <trkpt lat="46.746224999999995" lon="12.443373999999999"><ele>1076.43</ele></trkpt>
      <trkpt lat="46.746415" lon="12.443482"><ele>1076.08</ele></trkpt>
      <trkpt lat="46.746373999999996" lon="12.443664"><ele>1076.9</ele></trkpt>
      <trkpt lat="46.746323" lon="12.444018999999999"><ele>1075.87</ele></trkpt>
      <trkpt lat="46.746292" lon="12.444479"><ele>1075.14</ele></trkpt>
      <trkpt lat="46.746291" lon="12.444953"><ele>1074.43</ele></trkpt>
      <trkpt lat="46.746324" lon="12.445497999999999"><ele>1073.88</ele></trkpt>
      <trkpt lat="46.746486" lon="12.446899"><ele>1072.97</ele></trkpt>
      <trkpt lat="46.746635999999995" lon="12.448286999999999"><ele>1073.07</ele></trkpt>
      <trkpt lat="46.746722999999996" lon="12.448855"><ele>1072.81</ele></trkpt>
      <trkpt lat="46.746826" lon="12.449829"><ele>1072.43</ele></trkpt>
      <trkpt lat="46.746905" lon="12.450728"><ele>1072.92</ele></trkpt>
      <trkpt lat="46.746919" lon="12.451015"><ele>1072.85</ele></trkpt>
      <trkpt lat="46.747223" lon="12.453857"><ele>1070.47</ele></trkpt>
      <trkpt lat="46.747844" lon="12.459208"><ele>1069.73</ele></trkpt>
      <trkpt lat="46.747886" lon="12.459693"><ele>1069.59</ele></trkpt>
      <trkpt lat="46.74792" lon="12.460208999999999"><ele>1069.42</ele></trkpt>
      <trkpt lat="46.747943" lon="12.460735"><ele>1069.35</ele></trkpt>
      <trkpt lat="46.747994" lon="12.462712"><ele>1069.05</ele></trkpt>
      <trkpt lat="46.748013" lon="12.464056999999999"><ele>1068.94</ele></trkpt>
      <trkpt lat="46.747991999999996" lon="12.465093999999999"><ele>1070.56</ele></trkpt>
      <trkpt lat="46.748017" lon="12.465257"><ele>1071.02</ele></trkpt>
      <trkpt lat="46.748045999999995" lon="12.465366999999999"><ele>1071.53</ele></trkpt>
      <trkpt lat="46.748118" lon="12.465518999999999"><ele>1072.63</ele></trkpt>
      <trkpt lat="46.747979" lon="12.465676"><ele>1071.58</ele></trkpt>
      <trkpt lat="46.747924999999995" lon="12.465722999999999"><ele>1070.8</ele></trkpt>
      <trkpt lat="46.747718" lon="12.46588"><ele>1068.94</ele></trkpt>
      <trkpt lat="46.747671" lon="12.465895"><ele>1069.03</ele></trkpt>
      <trkpt lat="46.747554" lon="12.466242999999999"><ele>1070.1</ele></trkpt>
      <trkpt lat="46.747465" lon="12.466422"><ele>1070.24</ele></trkpt>
      <trkpt lat="46.74713" lon="12.466527"><ele>1070</ele></trkpt>
      <trkpt lat="46.747063999999995" lon="12.46614"><ele>1070.51</ele></trkpt>
      <trkpt lat="46.746809" lon="12.466216"><ele>1070.62</ele></trkpt>
      <trkpt lat="46.746871999999996" lon="12.466538"><ele>1070.06</ele></trkpt>
      <trkpt lat="46.746944" lon="12.466811"><ele>1069.94</ele></trkpt>
      <trkpt lat="46.747085" lon="12.467074"><ele>1069.76</ele></trkpt>
      <trkpt lat="46.747138" lon="12.467169"><ele>1069.44</ele></trkpt>
      <trkpt lat="46.747265999999996" lon="12.467476999999999"><ele>1069.79</ele></trkpt>
      <trkpt lat="46.74744" lon="12.467849"><ele>1068.87</ele></trkpt>
      <trkpt lat="46.747484" lon="12.467979999999999"><ele>1068.59</ele></trkpt>
      <trkpt lat="46.747510999999996" lon="12.468107999999999"><ele>1068.33</ele></trkpt>
      <trkpt lat="46.747507999999996" lon="12.468271"><ele>1068.03</ele></trkpt>
      <trkpt lat="46.747295" lon="12.469747"><ele>1066.47</ele></trkpt>
      <trkpt lat="46.747164" lon="12.470559"><ele>1066.25</ele></trkpt>
      <trkpt lat="46.747037999999996" lon="12.471416"><ele>1066.35</ele></trkpt>
      <trkpt lat="46.746672" lon="12.473652999999999"><ele>1065.99</ele></trkpt>
      <trkpt lat="46.745760999999995" lon="12.479533"><ele>1064.26</ele></trkpt>
      <trkpt lat="46.745487" lon="12.481268"><ele>1064.09</ele></trkpt>
      <trkpt lat="46.745405" lon="12.481596"><ele>1064.08</ele></trkpt>
      <trkpt lat="46.745768" lon="12.481753"><ele>1064.51</ele></trkpt>
      <trkpt lat="46.745804" lon="12.481814"><ele>1064.8</ele></trkpt>
      <trkpt lat="46.745829" lon="12.481912"><ele>1064.98</ele></trkpt>
      <trkpt lat="46.745729" lon="12.482432999999999"><ele>1064.99</ele></trkpt>
      <trkpt lat="46.745691" lon="12.482991"><ele>1065</ele></trkpt>
      <trkpt lat="46.745689999999996" lon="12.483284"><ele>1065</ele></trkpt>
      <trkpt lat="46.745709" lon="12.48359"><ele>1065</ele></trkpt>
      <trkpt lat="46.745743999999995" lon="12.483939"><ele>1064.95</ele></trkpt>
      <trkpt lat="46.745763" lon="12.484214"><ele>1064.85</ele></trkpt>
      <trkpt lat="46.745816" lon="12.485666"><ele>1064.04</ele></trkpt>
      <trkpt lat="46.745864" lon="12.486405"><ele>1064.16</ele></trkpt>
      <trkpt lat="46.7459" lon="12.486715"><ele>1064.56</ele></trkpt>
      <trkpt lat="46.745999" lon="12.487389"><ele>1065.44</ele></trkpt>
      <trkpt lat="46.746044" lon="12.487779"><ele>1065.96</ele></trkpt>
      <trkpt lat="46.746072999999996" lon="12.488171999999999"><ele>1066.23</ele></trkpt>
      <trkpt lat="46.746005" lon="12.488529999999999"><ele>1066.06</ele></trkpt>
      <trkpt lat="46.746001" lon="12.488658"><ele>1066.19</ele></trkpt>
      <trkpt lat="46.746021" lon="12.488768"><ele>1066.3</ele></trkpt>
      <trkpt lat="46.746083" lon="12.48892"><ele>1066.42</ele></trkpt>
      <trkpt lat="46.746140999999994" lon="12.489103"><ele>1066.75</ele></trkpt>
      <trkpt lat="46.746159" lon="12.4892"><ele>1066.95</ele></trkpt>
      <trkpt lat="46.746164" lon="12.489267"><ele>1067.34</ele></trkpt>
      <trkpt lat="46.746057" lon="12.489296999999999"><ele>1066.45</ele></trkpt>
      <trkpt lat="46.74585" lon="12.489287"><ele>1064.8</ele></trkpt>
      <trkpt lat="46.745487" lon="12.489372"><ele>1065.17</ele></trkpt>
      <trkpt lat="46.745557" lon="12.489704"><ele>1066.55</ele></trkpt>
      <trkpt lat="46.745616999999996" lon="12.490086"><ele>1067.1</ele></trkpt>
      <trkpt lat="46.745760999999995" lon="12.490746999999999"><ele>1065.7</ele></trkpt>
      <trkpt lat="46.745809" lon="12.491031"><ele>1065.4</ele></trkpt>
      <trkpt lat="46.745854" lon="12.491584"><ele>1065.29</ele></trkpt>
      <trkpt lat="46.745889999999996" lon="12.492502"><ele>1064.96</ele></trkpt>
      <trkpt lat="46.745962" lon="12.493884999999999"><ele>1062.7</ele></trkpt>
      <trkpt lat="46.746033" lon="12.494893"><ele>1061.34</ele></trkpt>
      <trkpt lat="46.746021999999996" lon="12.495308999999999"><ele>1061.29</ele></trkpt>
      <trkpt lat="46.745951999999996" lon="12.495745"><ele>1061.68</ele></trkpt>
      <trkpt lat="46.745931" lon="12.495975"><ele>1062.07</ele></trkpt>
      <trkpt lat="46.745931" lon="12.496219"><ele>1062.51</ele></trkpt>
      <trkpt lat="46.745962" lon="12.497003999999999"><ele>1063.5</ele></trkpt>
      <trkpt lat="46.746015" lon="12.497335"><ele>1063.55</ele></trkpt>
      <trkpt lat="46.746165" lon="12.498024"><ele>1063.14</ele></trkpt>
      <trkpt lat="46.746212" lon="12.499191999999999"><ele>1059.97</ele></trkpt>
      <trkpt lat="46.746334" lon="12.499758"><ele>1057.31</ele></trkpt>
      <trkpt lat="46.746676" lon="12.500509"><ele>1053.57</ele></trkpt>
      <trkpt lat="46.747253" lon="12.501610999999999"><ele>1050.19</ele></trkpt>
      <trkpt lat="46.74749" lon="12.502225"><ele>1047.31</ele></trkpt>
      <trkpt lat="46.747532" lon="12.502374999999999"><ele>1046.83</ele></trkpt>
      <trkpt lat="46.747594" lon="12.502699"><ele>1046.01</ele></trkpt>
      <trkpt lat="46.747602" lon="12.502842999999999"><ele>1045.72</ele></trkpt>
      <trkpt lat="46.747594" lon="12.502882999999999"><ele>1045.64</ele></trkpt>
      <trkpt lat="46.747533" lon="12.50301"><ele>1045.38</ele></trkpt>
      <trkpt lat="46.747493" lon="12.503155"><ele>1045.1</ele></trkpt>
      <trkpt lat="46.747471999999995" lon="12.503325"><ele>1044.83</ele></trkpt>
      <trkpt lat="46.747454" lon="12.50398"><ele>1044.81</ele></trkpt>
      <trkpt lat="46.74755" lon="12.504472"><ele>1042.3</ele></trkpt>
      <trkpt lat="46.747654999999995" lon="12.504734"><ele>1040.47</ele></trkpt>
      <trkpt lat="46.747735999999996" lon="12.505317"><ele>1036.62</ele></trkpt>
      <trkpt lat="46.747813" lon="12.506117999999999"><ele>1033.34</ele></trkpt>
      <trkpt lat="46.747856" lon="12.506333999999999"><ele>1032.77</ele></trkpt>
      <trkpt lat="46.748058" lon="12.506674"><ele>1031.92</ele></trkpt>
      <trkpt lat="46.748289" lon="12.506998999999999"><ele>1031.1</ele></trkpt>
      <trkpt lat="46.748556" lon="12.507401999999999"><ele>1030.27</ele></trkpt>
      <trkpt lat="46.748916" lon="12.508531"><ele>1028.94</ele></trkpt>
      <trkpt lat="46.749137999999995" lon="12.509046999999999"><ele>1022.76</ele></trkpt>
      <trkpt lat="46.749283999999996" lon="12.509557"><ele>1021.02</ele></trkpt>
      <trkpt lat="46.749333" lon="12.509666"><ele>1021.13</ele></trkpt>
      <trkpt lat="46.749381" lon="12.509706"><ele>1020.92</ele></trkpt>
      <trkpt lat="46.749435999999996" lon="12.509713"><ele>1020.02</ele></trkpt>
      <trkpt lat="46.749482" lon="12.509682999999999"><ele>1019.16</ele></trkpt>
      <trkpt lat="46.749672" lon="12.509542"><ele>1018.67</ele></trkpt>
      <trkpt lat="46.749995" lon="12.509307"><ele>1022.64</ele></trkpt>
      <trkpt lat="46.750108999999995" lon="12.509283"><ele>1023.8</ele></trkpt>
      <trkpt lat="46.750187" lon="12.509303"><ele>1024.67</ele></trkpt>
      <trkpt lat="46.750336999999995" lon="12.509399"><ele>1025.96</ele></trkpt>
      <trkpt lat="46.750408" lon="12.509464"><ele>1026.2</ele></trkpt>
      <trkpt lat="46.750564" lon="12.509675"><ele>1027.14</ele></trkpt>
      <trkpt lat="46.750657" lon="12.509834"><ele>1026.98</ele></trkpt>
      <trkpt lat="46.750755" lon="12.510043999999999"><ele>1026.59</ele></trkpt>
      <trkpt lat="46.750845" lon="12.510166"><ele>1025.76</ele></trkpt>
      <trkpt lat="46.750983999999995" lon="12.510314"><ele>1025.79</ele></trkpt>
      <trkpt lat="46.751053" lon="12.510427"><ele>1025.63</ele></trkpt>
      <trkpt lat="46.751174" lon="12.510758"><ele>1023.47</ele></trkpt>
      <trkpt lat="46.751371999999996" lon="12.511208"><ele>1021.38</ele></trkpt>
      <trkpt lat="46.751442999999995" lon="12.511294999999999"><ele>1020.98</ele></trkpt>
      <trkpt lat="46.751765999999996" lon="12.511562"><ele>1019.65</ele></trkpt>
      <trkpt lat="46.752081999999994" lon="12.511963999999999"><ele>1020.45</ele></trkpt>
      <trkpt lat="46.752041" lon="12.51207"><ele>1019.97</ele></trkpt>
      <trkpt lat="46.752035" lon="12.512146"><ele>1019.77</ele></trkpt>
      <trkpt lat="46.752091" lon="12.512495"><ele>1017.79</ele></trkpt>
      <trkpt lat="46.752095999999995" lon="12.512787"><ele>1015.09</ele></trkpt>
      <trkpt lat="46.752068" lon="12.512979"><ele>1013.92</ele></trkpt>
      <trkpt lat="46.752019" lon="12.513174"><ele>1012.7</ele></trkpt>
      <trkpt lat="46.752018" lon="12.513274"><ele>1012.09</ele></trkpt>
      <trkpt lat="46.752041" lon="12.513368999999999"><ele>1011.44</ele></trkpt>
      <trkpt lat="46.752188" lon="12.513807"><ele>1008.37</ele></trkpt>
      <trkpt lat="46.752271" lon="12.5141"><ele>1006.75</ele></trkpt>
      <trkpt lat="46.752326" lon="12.514403"><ele>1005.47</ele></trkpt>
      <trkpt lat="46.752418999999996" lon="12.515348999999999"><ele>1001.01</ele></trkpt>
      <trkpt lat="46.752455999999995" lon="12.515825999999999"><ele>998.82</ele></trkpt>
      <trkpt lat="46.752475999999994" lon="12.516015999999999"><ele>998.04</ele></trkpt>
      <trkpt lat="46.752511999999996" lon="12.51619"><ele>997.35</ele></trkpt>
      <trkpt lat="46.752570999999996" lon="12.516392999999999"><ele>996.57</ele></trkpt>
      <trkpt lat="46.752904" lon="12.517309"><ele>993.63</ele></trkpt>
      <trkpt lat="46.753009" lon="12.517704"><ele>992.64</ele></trkpt>
      <trkpt lat="46.753135" lon="12.518286"><ele>991.06</ele></trkpt>
      <trkpt lat="46.753191" lon="12.518639"><ele>989.77</ele></trkpt>
      <trkpt lat="46.753225" lon="12.518998999999999"><ele>988.55</ele></trkpt>
      <trkpt lat="46.753276" lon="12.52001"><ele>985.72</ele></trkpt>
      <trkpt lat="46.753319" lon="12.520406"><ele>984.69</ele></trkpt>
      <trkpt lat="46.753361" lon="12.520964"><ele>983.26</ele></trkpt>
      <trkpt lat="46.753381" lon="12.521491"><ele>982.05</ele></trkpt>
      <trkpt lat="46.753403999999996" lon="12.521882"><ele>981.41</ele></trkpt>
      <trkpt lat="46.753499999999995" lon="12.522775"><ele>980.61</ele></trkpt>
      <trkpt lat="46.753553" lon="12.523155"><ele>979.97</ele></trkpt>
      <trkpt lat="46.753769" lon="12.524016"><ele>977.81</ele></trkpt>
      <trkpt lat="46.75412" lon="12.525231999999999"><ele>974.49</ele></trkpt>
      <trkpt lat="46.754205" lon="12.525557"><ele>973.56</ele></trkpt>
      <trkpt lat="46.754252" lon="12.525841"><ele>972.87</ele></trkpt>
      <trkpt lat="46.754394999999995" lon="12.526871"><ele>971.12</ele></trkpt>
      <trkpt lat="46.754493" lon="12.527718"><ele>970.35</ele></trkpt>
      <trkpt lat="46.754599" lon="12.528568"><ele>968.08</ele></trkpt>
      <trkpt lat="46.754687999999994" lon="12.529190999999999"><ele>967.18</ele></trkpt>
      <trkpt lat="46.754709999999996" lon="12.529596"><ele>966.58</ele></trkpt>
      <trkpt lat="46.754692999999996" lon="12.530000999999999"><ele>965.75</ele></trkpt>
      <trkpt lat="46.754633" lon="12.530405"><ele>964.85</ele></trkpt>
      <trkpt lat="46.754618" lon="12.530605"><ele>964.5</ele></trkpt>
      <trkpt lat="46.754566" lon="12.530968"><ele>963.67</ele></trkpt>
      <trkpt lat="46.754481" lon="12.531350999999999"><ele>962.95</ele></trkpt>
      <trkpt lat="46.754466" lon="12.5315"><ele>963.02</ele></trkpt>
      <trkpt lat="46.754478" lon="12.531607"><ele>962.93</ele></trkpt>
      <trkpt lat="46.754539" lon="12.531856999999999"><ele>961.77</ele></trkpt>
      <trkpt lat="46.754566999999994" lon="12.531967999999999"><ele>961.74</ele></trkpt>
      <trkpt lat="46.754574" lon="12.53211"><ele>961.66</ele></trkpt>
      <trkpt lat="46.754540999999996" lon="12.532259999999999"><ele>961.39</ele></trkpt>
      <trkpt lat="46.754365" lon="12.532542999999999"><ele>960.47</ele></trkpt>
      <trkpt lat="46.754326" lon="12.532632"><ele>960.26</ele></trkpt>
      <trkpt lat="46.754323" lon="12.532765999999999"><ele>960</ele></trkpt>
      <trkpt lat="46.754445999999994" lon="12.533451999999999"><ele>958.69</ele></trkpt>
      <trkpt lat="46.754649" lon="12.534149999999999"><ele>957.69</ele></trkpt>
      <trkpt lat="46.754898999999995" lon="12.534825"><ele>955.69</ele></trkpt>
      <trkpt lat="46.755095" lon="12.535166"><ele>955.56</ele></trkpt>
      <trkpt lat="46.755429" lon="12.535575"><ele>955.65</ele></trkpt>
      <trkpt lat="46.755638" lon="12.535950999999999"><ele>956.07</ele></trkpt>
      <trkpt lat="46.755872" lon="12.536442"><ele>956.39</ele></trkpt>
      <trkpt lat="46.755987" lon="12.536662"><ele>955.32</ele></trkpt>
      <trkpt lat="46.756265" lon="12.537559"><ele>954.23</ele></trkpt>
      <trkpt lat="46.756322" lon="12.538146999999999"><ele>953.32</ele></trkpt>
      <trkpt lat="46.756605" lon="12.539366999999999"><ele>950.45</ele></trkpt>
      <trkpt lat="46.756899" lon="12.540868"><ele>948.19</ele></trkpt>
      <trkpt lat="46.757006999999994" lon="12.541991"><ele>947.4</ele></trkpt>
      <trkpt lat="46.756994" lon="12.543163"><ele>945.11</ele></trkpt>
      <trkpt lat="46.757284999999996" lon="12.544653"><ele>942.47</ele></trkpt>
      <trkpt lat="46.7574" lon="12.545181999999999"><ele>941.09</ele></trkpt>
      <trkpt lat="46.757484" lon="12.545987"><ele>941.63</ele></trkpt>
      <trkpt lat="46.757571999999996" lon="12.546707"><ele>941.02</ele></trkpt>
      <trkpt lat="46.757735" lon="12.547829"><ele>938.75</ele></trkpt>
      <trkpt lat="46.757881999999995" lon="12.548465"><ele>938.26</ele></trkpt>
      <trkpt lat="46.758074" lon="12.549189"><ele>937.63</ele></trkpt>
      <trkpt lat="46.758137999999995" lon="12.549325999999999"><ele>937.56</ele></trkpt>
      <trkpt lat="46.758213999999995" lon="12.549422"><ele>937.52</ele></trkpt>
      <trkpt lat="46.758527" lon="12.549674"><ele>936.96</ele></trkpt>
      <trkpt lat="46.758734999999994" lon="12.550105"><ele>936.18</ele></trkpt>
      <trkpt lat="46.758824" lon="12.550459"><ele>935.75</ele></trkpt>
      <trkpt lat="46.758829" lon="12.551038"><ele>934.95</ele></trkpt>
      <trkpt lat="46.758762999999995" lon="12.551383999999999"><ele>934.49</ele></trkpt>
      <trkpt lat="46.758829999999996" lon="12.551711"><ele>934.16</ele></trkpt>
      <trkpt lat="46.758776999999995" lon="12.55199"><ele>933.83</ele></trkpt>
      <trkpt lat="46.758661" lon="12.552114"><ele>933.63</ele></trkpt>
      <trkpt lat="46.758291" lon="12.552354999999999"><ele>933.32</ele></trkpt>
      <trkpt lat="46.758351" lon="12.55265"><ele>932.72</ele></trkpt>
      <trkpt lat="46.758469" lon="12.552938"><ele>931.95</ele></trkpt>
      <trkpt lat="46.758742999999996" lon="12.553388"><ele>930.91</ele></trkpt>
      <trkpt lat="46.759305" lon="12.554070999999999"><ele>929.44</ele></trkpt>
      <trkpt lat="46.759414" lon="12.554265"><ele>929.14</ele></trkpt>
      <trkpt lat="46.759505" lon="12.554466"><ele>928.9</ele></trkpt>
      <trkpt lat="46.759584" lon="12.554575"><ele>928.8</ele></trkpt>
      <trkpt lat="46.759809" lon="12.554734"><ele>928.43</ele></trkpt>
      <trkpt lat="46.75994" lon="12.554953"><ele>928.35</ele></trkpt>
      <trkpt lat="46.759982" lon="12.555112999999999"><ele>928.46</ele></trkpt>
      <trkpt lat="46.760014999999996" lon="12.555287"><ele>929.05</ele></trkpt>
      <trkpt lat="46.759975" lon="12.555636999999999"><ele>928.69</ele></trkpt>
      <trkpt lat="46.759994999999996" lon="12.556486999999999"><ele>927.49</ele></trkpt>
      <trkpt lat="46.760056" lon="12.557264"><ele>926.61</ele></trkpt>
      <trkpt lat="46.76001" lon="12.557765999999999"><ele>926.11</ele></trkpt>
      <trkpt lat="46.760056" lon="12.558067"><ele>925.99</ele></trkpt>
      <trkpt lat="46.760171" lon="12.558539"><ele>925.17</ele></trkpt>
      <trkpt lat="46.760193" lon="12.558814"><ele>925.4</ele></trkpt>
      <trkpt lat="46.760217" lon="12.558987"><ele>926.55</ele></trkpt>
      <trkpt lat="46.760034999999995" lon="12.559114"><ele>924.86</ele></trkpt>
      <trkpt lat="46.759947" lon="12.559222"><ele>923.81</ele></trkpt>
      <trkpt lat="46.759865999999995" lon="12.559547"><ele>922.83</ele></trkpt>
      <trkpt lat="46.759875" lon="12.559877"><ele>922.17</ele></trkpt>
      <trkpt lat="46.759947" lon="12.560215"><ele>921.48</ele></trkpt>
      <trkpt lat="46.760149" lon="12.560837"><ele>921.25</ele></trkpt>
      <trkpt lat="46.760321" lon="12.561211"><ele>920.97</ele></trkpt>
      <trkpt lat="46.760563999999995" lon="12.561696999999999"><ele>920.49</ele></trkpt>
      <trkpt lat="46.760968999999996" lon="12.562279"><ele>919.37</ele></trkpt>
      <trkpt lat="46.761176" lon="12.562603"><ele>918.73</ele></trkpt>
      <trkpt lat="46.761316" lon="12.562911"><ele>918.22</ele></trkpt>
      <trkpt lat="46.761447" lon="12.563360999999999"><ele>917.92</ele></trkpt>
      <trkpt lat="46.761438999999996" lon="12.563728"><ele>917.42</ele></trkpt>
      <trkpt lat="46.761413" lon="12.563932999999999"><ele>917.31</ele></trkpt>
      <trkpt lat="46.761378" lon="12.564096"><ele>917.63</ele></trkpt>
      <trkpt lat="46.761207" lon="12.564637"><ele>916.68</ele></trkpt>
      <trkpt lat="46.761112999999995" lon="12.565033"><ele>916.49</ele></trkpt>
      <trkpt lat="46.761075999999996" lon="12.565392"><ele>916.03</ele></trkpt>
      <trkpt lat="46.761083" lon="12.565662"><ele>915.76</ele></trkpt>
      <trkpt lat="46.761122" lon="12.565812"><ele>915.58</ele></trkpt>
      <trkpt lat="46.761227999999996" lon="12.566027"><ele>915.22</ele></trkpt>
      <trkpt lat="46.761739" lon="12.566775999999999"><ele>914.13</ele></trkpt>
      <trkpt lat="46.761919999999996" lon="12.567065999999999"><ele>913.91</ele></trkpt>
      <trkpt lat="46.761956999999995" lon="12.567103999999999"><ele>913.88</ele></trkpt>
      <trkpt lat="46.761998999999996" lon="12.567129"><ele>913.81</ele></trkpt>
      <trkpt lat="46.76213" lon="12.567191"><ele>913.85</ele></trkpt>
      <trkpt lat="46.762260999999995" lon="12.567224"><ele>913.9</ele></trkpt>
      <trkpt lat="46.762583" lon="12.567228"><ele>913.7</ele></trkpt>
      <trkpt lat="46.76295" lon="12.567174999999999"><ele>913.33</ele></trkpt>
      <trkpt lat="46.763213" lon="12.567174999999999"><ele>912.9</ele></trkpt>
      <trkpt lat="46.763349" lon="12.567221"><ele>912.58</ele></trkpt>
      <trkpt lat="46.763583999999994" lon="12.567449"><ele>911.88</ele></trkpt>
      <trkpt lat="46.764022" lon="12.567833"><ele>910.61</ele></trkpt>
      <trkpt lat="46.764182" lon="12.568031"><ele>910.15</ele></trkpt>
      <trkpt lat="46.764337" lon="12.568313"><ele>909.56</ele></trkpt>
      <trkpt lat="46.764457" lon="12.568617"><ele>909.37</ele></trkpt>
      <trkpt lat="46.764641999999995" lon="12.568983999999999"><ele>909.2</ele></trkpt>
      <trkpt lat="46.765018999999995" lon="12.569348"><ele>910.75</ele></trkpt>
      <trkpt lat="46.76674" lon="12.574171999999999"><ele>905.43</ele></trkpt>
      <trkpt lat="46.766881" lon="12.574472"><ele>905.04</ele></trkpt>
      <trkpt lat="46.767053" lon="12.57479"><ele>904.57</ele></trkpt>
      <trkpt lat="46.767368999999995" lon="12.575253"><ele>903.78</ele></trkpt>
      <trkpt lat="46.768116" lon="12.576027999999999"><ele>901.97</ele></trkpt>
      <trkpt lat="46.768482" lon="12.576521"><ele>901.03</ele></trkpt>
      <trkpt lat="46.768743" lon="12.57696"><ele>900.26</ele></trkpt>
      <trkpt lat="46.768927" lon="12.577389"><ele>899.58</ele></trkpt>
      <trkpt lat="46.769008" lon="12.577644999999999"><ele>898.9</ele></trkpt>
      <trkpt lat="46.769134" lon="12.578116"><ele>898.83</ele></trkpt>
      <trkpt lat="46.769175" lon="12.578327999999999"><ele>898.41</ele></trkpt>
      <trkpt lat="46.769217999999995" lon="12.578795"><ele>897.77</ele></trkpt>
      <trkpt lat="46.769224" lon="12.579224"><ele>897.17</ele></trkpt>
      <trkpt lat="46.769197" lon="12.579658"><ele>896.57</ele></trkpt>
      <trkpt lat="46.769144999999995" lon="12.580171"><ele>896.18</ele></trkpt>
      <trkpt lat="46.769102" lon="12.580454999999999"><ele>895.76</ele></trkpt>
      <trkpt lat="46.768882" lon="12.581712"><ele>894</ele></trkpt>
      <trkpt lat="46.768631" lon="12.58296"><ele>892.02</ele></trkpt>
      <trkpt lat="46.768442" lon="12.584036"><ele>890.49</ele></trkpt>
      <trkpt lat="46.768347999999996" lon="12.585049999999999"><ele>889.93</ele></trkpt>
      <trkpt lat="46.76833" lon="12.585144999999999"><ele>890.01</ele></trkpt>
      <trkpt lat="46.768293" lon="12.585249"><ele>890.05</ele></trkpt>
      <trkpt lat="46.768153999999996" lon="12.585234"><ele>890.06</ele></trkpt>
      <trkpt lat="46.768091999999996" lon="12.58525"><ele>889.98</ele></trkpt>
      <trkpt lat="46.768056" lon="12.585313999999999"><ele>889.85</ele></trkpt>
      <trkpt lat="46.768031" lon="12.585626999999999"><ele>889.35</ele></trkpt>
      <trkpt lat="46.768014" lon="12.58574"><ele>889.17</ele></trkpt>
      <trkpt lat="46.767970999999996" lon="12.585889"><ele>888.95</ele></trkpt>
      <trkpt lat="46.767962999999995" lon="12.585953"><ele>888.86</ele></trkpt>
      <trkpt lat="46.767962999999995" lon="12.586084"><ele>888.67</ele></trkpt>
      <trkpt lat="46.767996" lon="12.586509999999999"><ele>887.99</ele></trkpt>
      <trkpt lat="46.768028" lon="12.587083"><ele>887.25</ele></trkpt>
      <trkpt lat="46.768119" lon="12.588087999999999"><ele>886.22</ele></trkpt>
      <trkpt lat="46.768209" lon="12.588904999999999"><ele>885.34</ele></trkpt>
      <trkpt lat="46.768276" lon="12.589414"><ele>884.57</ele></trkpt>
      <trkpt lat="46.768342" lon="12.589691"><ele>884.06</ele></trkpt>
      <trkpt lat="46.768454" lon="12.590067"><ele>883.45</ele></trkpt>
      <trkpt lat="46.768639" lon="12.590594"><ele>882.74</ele></trkpt>
      <trkpt lat="46.768685999999995" lon="12.590760999999999"><ele>882.59</ele></trkpt>
      <trkpt lat="46.768729" lon="12.590957"><ele>882.69</ele></trkpt>
      <trkpt lat="46.768921" lon="12.592106999999999"><ele>880.84</ele></trkpt>
      <trkpt lat="46.768946" lon="12.592388999999999"><ele>880.58</ele></trkpt>
      <trkpt lat="46.76894" lon="12.592626"><ele>880.46</ele></trkpt>
      <trkpt lat="46.768910999999996" lon="12.592889999999999"><ele>880.44</ele></trkpt>
      <trkpt lat="46.768862" lon="12.593204"><ele>880.2</ele></trkpt>
      <trkpt lat="46.768831999999996" lon="12.593509"><ele>879.92</ele></trkpt>
      <trkpt lat="46.768789" lon="12.594211"><ele>879.2</ele></trkpt>
      <trkpt lat="46.768786999999996" lon="12.594434"><ele>878.84</ele></trkpt>
      <trkpt lat="46.768812999999994" lon="12.594676999999999"><ele>878.53</ele></trkpt>
      <trkpt lat="46.76884" lon="12.594878"><ele>878.31</ele></trkpt>
      <trkpt lat="46.768885999999995" lon="12.595077"><ele>877.99</ele></trkpt>
      <trkpt lat="46.768949" lon="12.595276"><ele>878.13</ele></trkpt>
      <trkpt lat="46.769045" lon="12.595516"><ele>878.03</ele></trkpt>
      <trkpt lat="46.769144" lon="12.595734"><ele>877.8</ele></trkpt>
      <trkpt lat="46.769501999999996" lon="12.596356"><ele>877.65</ele></trkpt>
      <trkpt lat="46.769594999999995" lon="12.596580999999999"><ele>877.54</ele></trkpt>
      <trkpt lat="46.769661" lon="12.596777999999999"><ele>877.4</ele></trkpt>
      <trkpt lat="46.769704" lon="12.596983999999999"><ele>877.27</ele></trkpt>
      <trkpt lat="46.769735999999995" lon="12.597223"><ele>877.14</ele></trkpt>
      <trkpt lat="46.769742" lon="12.597434"><ele>876.99</ele></trkpt>
      <trkpt lat="46.769718" lon="12.597749"><ele>876.62</ele></trkpt>
      <trkpt lat="46.769551" lon="12.599103999999999"><ele>875.36</ele></trkpt>
      <trkpt lat="46.76952" lon="12.599452"><ele>874.33</ele></trkpt>
      <trkpt lat="46.769532999999996" lon="12.599896999999999"><ele>874.2</ele></trkpt>
      <trkpt lat="46.769481999999996" lon="12.600888999999999"><ele>872.75</ele></trkpt>
      <trkpt lat="46.769484" lon="12.601106999999999"><ele>873.76</ele></trkpt>
      <trkpt lat="46.769694" lon="12.601351999999999"><ele>873.54</ele></trkpt>
      <trkpt lat="46.769729" lon="12.60149"><ele>873.37</ele></trkpt>
      <trkpt lat="46.769825" lon="12.602141999999999"><ele>872.16</ele></trkpt>
      <trkpt lat="46.769925" lon="12.602526"><ele>871.45</ele></trkpt>
      <trkpt lat="46.770300999999996" lon="12.603511"><ele>870.31</ele></trkpt>
      <trkpt lat="46.770624999999995" lon="12.604434"><ele>869.93</ele></trkpt>
      <trkpt lat="46.770956999999996" lon="12.605191"><ele>869.13</ele></trkpt>
      <trkpt lat="46.771302999999996" lon="12.60625"><ele>867.27</ele></trkpt>
      <trkpt lat="46.771611" lon="12.607082"><ele>865.51</ele></trkpt>
      <trkpt lat="46.771679999999996" lon="12.607379"><ele>865.15</ele></trkpt>
      <trkpt lat="46.771722" lon="12.607690999999999"><ele>864.78</ele></trkpt>
      <trkpt lat="46.771907999999996" lon="12.608105"><ele>864.07</ele></trkpt>
      <trkpt lat="46.771924" lon="12.608213"><ele>863.95</ele></trkpt>
      <trkpt lat="46.771909" lon="12.608839"><ele>863.49</ele></trkpt>
      <trkpt lat="46.771955999999996" lon="12.609069"><ele>863.04</ele></trkpt>
      <trkpt lat="46.772223" lon="12.609891"><ele>862.2</ele></trkpt>
      <trkpt lat="46.772569" lon="12.611044999999999"><ele>860.66</ele></trkpt>
      <trkpt lat="46.77261" lon="12.611305"><ele>860.34</ele></trkpt>
      <trkpt lat="46.772774" lon="12.611863"><ele>859.29</ele></trkpt>
      <trkpt lat="46.773007" lon="12.612421"><ele>858.81</ele></trkpt>
      <trkpt lat="46.773171999999995" lon="12.612852"><ele>858.15</ele></trkpt>
      <trkpt lat="46.773222999999994" lon="12.61303"><ele>857.83</ele></trkpt>
      <trkpt lat="46.773267" lon="12.613137"><ele>857.81</ele></trkpt>
      <trkpt lat="46.773267999999995" lon="12.613474"><ele>857.8</ele></trkpt>
      <trkpt lat="46.773281999999995" lon="12.613631"><ele>857.76</ele></trkpt>
      <trkpt lat="46.773309999999995" lon="12.613774999999999"><ele>857.75</ele></trkpt>
      <trkpt lat="46.773365999999996" lon="12.613959999999999"><ele>857.68</ele></trkpt>
      <trkpt lat="46.773412" lon="12.614054"><ele>857.63</ele></trkpt>
      <trkpt lat="46.773517" lon="12.61432"><ele>857.48</ele></trkpt>
      <trkpt lat="46.773623" lon="12.614529"><ele>857.34</ele></trkpt>
      <trkpt lat="46.773669999999996" lon="12.614721"><ele>857.22</ele></trkpt>
      <trkpt lat="46.773765999999995" lon="12.614937"><ele>857.05</ele></trkpt>
      <trkpt lat="46.773817" lon="12.615217"><ele>856.8</ele></trkpt>
      <trkpt lat="46.773837" lon="12.615428999999999"><ele>856.57</ele></trkpt>
      <trkpt lat="46.773827" lon="12.615525"><ele>856.46</ele></trkpt>
      <trkpt lat="46.773801" lon="12.615596"><ele>856.38</ele></trkpt>
      <trkpt lat="46.773703" lon="12.615704"><ele>856.26</ele></trkpt>
      <trkpt lat="46.773669" lon="12.615774"><ele>856.21</ele></trkpt>
      <trkpt lat="46.773700999999996" lon="12.61622"><ele>855.88</ele></trkpt>
      <trkpt lat="46.773711999999996" lon="12.616652"><ele>855.46</ele></trkpt>
      <trkpt lat="46.773697999999996" lon="12.61676"><ele>855.38</ele></trkpt>
      <trkpt lat="46.773644999999995" lon="12.617016"><ele>855.2</ele></trkpt>
      <trkpt lat="46.77364" lon="12.617128"><ele>855.13</ele></trkpt>
      <trkpt lat="46.773675" lon="12.617379"><ele>855.01</ele></trkpt>
      <trkpt lat="46.773741" lon="12.617571"><ele>854.9</ele></trkpt>
      <trkpt lat="46.773855" lon="12.617828"><ele>854.69</ele></trkpt>
      <trkpt lat="46.774018999999996" lon="12.618065"><ele>854.42</ele></trkpt>
      <trkpt lat="46.774221" lon="12.618292"><ele>854.05</ele></trkpt>
      <trkpt lat="46.774254" lon="12.618354"><ele>853.96</ele></trkpt>
      <trkpt lat="46.774293" lon="12.618457"><ele>853.81</ele></trkpt>
      <trkpt lat="46.774367" lon="12.619069999999999"><ele>852.96</ele></trkpt>
      <trkpt lat="46.774451" lon="12.619501"><ele>852.28</ele></trkpt>
      <trkpt lat="46.774521" lon="12.61976"><ele>851.9</ele></trkpt>
      <trkpt lat="46.774598999999995" lon="12.619990999999999"><ele>851.44</ele></trkpt>
      <trkpt lat="46.774708" lon="12.620410999999999"><ele>850.71</ele></trkpt>
      <trkpt lat="46.775093" lon="12.622212999999999"><ele>848.43</ele></trkpt>
      <trkpt lat="46.775158" lon="12.622371999999999"><ele>848.26</ele></trkpt>
      <trkpt lat="46.775301999999996" lon="12.622625999999999"><ele>847.85</ele></trkpt>
      <trkpt lat="46.775338999999995" lon="12.622707"><ele>847.71</ele></trkpt>
      <trkpt lat="46.775386999999995" lon="12.623047"><ele>847.38</ele></trkpt>
      <trkpt lat="46.775403999999995" lon="12.623451"><ele>847.32</ele></trkpt>
      <trkpt lat="46.775422" lon="12.623624"><ele>847.28</ele></trkpt>
      <trkpt lat="46.775442999999996" lon="12.623707999999999"><ele>847.24</ele></trkpt>
      <trkpt lat="46.775472" lon="12.623783"><ele>847.21</ele></trkpt>
      <trkpt lat="46.775589" lon="12.623899999999999"><ele>847.16</ele></trkpt>
      <trkpt lat="46.775653" lon="12.623992999999999"><ele>847.14</ele></trkpt>
      <trkpt lat="46.775698999999996" lon="12.624207"><ele>847.16</ele></trkpt>
      <trkpt lat="46.775802" lon="12.625107"><ele>846.89</ele></trkpt>
      <trkpt lat="46.775833999999996" lon="12.625485"><ele>846.51</ele></trkpt>
      <trkpt lat="46.775932" lon="12.626444"><ele>845.6</ele></trkpt>
      <trkpt lat="46.775957" lon="12.626814999999999"><ele>845.37</ele></trkpt>
      <trkpt lat="46.775983" lon="12.627901999999999"><ele>844.51</ele></trkpt>
      <trkpt lat="46.776008999999995" lon="12.628133"><ele>844.26</ele></trkpt>
      <trkpt lat="46.776086" lon="12.628523999999999"><ele>843.81</ele></trkpt>
      <trkpt lat="46.776297" lon="12.629503"><ele>842.68</ele></trkpt>
      <trkpt lat="46.776314" lon="12.629582"><ele>842.92</ele></trkpt>
      <trkpt lat="46.776395" lon="12.630006999999999"><ele>842.17</ele></trkpt>
      <trkpt lat="46.776523999999995" lon="12.630436"><ele>841.89</ele></trkpt>
      <trkpt lat="46.776796" lon="12.631215"><ele>841.23</ele></trkpt>
      <trkpt lat="46.776855999999995" lon="12.631412"><ele>841.08</ele></trkpt>
      <trkpt lat="46.776923" lon="12.631668"><ele>840.85</ele></trkpt>
      <trkpt lat="46.777013" lon="12.632157"><ele>840.31</ele></trkpt>
      <trkpt lat="46.777035999999995" lon="12.632747"><ele>839.72</ele></trkpt>
      <trkpt lat="46.777071" lon="12.63289"><ele>839.57</ele></trkpt>
      <trkpt lat="46.777287" lon="12.633446"><ele>839.37</ele></trkpt>
      <trkpt lat="46.777291999999996" lon="12.633863"><ele>839.1</ele></trkpt>
      <trkpt lat="46.777366" lon="12.634262"><ele>838.53</ele></trkpt>
      <trkpt lat="46.777001" lon="12.634501"><ele>838.87</ele></trkpt>
      <trkpt lat="46.778248999999995" lon="12.638506"><ele>834.61</ele></trkpt>
      <trkpt lat="46.778656" lon="12.639857"><ele>834.38</ele></trkpt>
      <trkpt lat="46.778867999999996" lon="12.640609999999999"><ele>834.11</ele></trkpt>
      <trkpt lat="46.778935999999995" lon="12.641029999999999"><ele>833.57</ele></trkpt>
      <trkpt lat="46.778974" lon="12.641224"><ele>832.95</ele></trkpt>
      <trkpt lat="46.779069" lon="12.641446"><ele>832.8</ele></trkpt>
      <trkpt lat="46.779136" lon="12.641641"><ele>832.63</ele></trkpt>
      <trkpt lat="46.779211" lon="12.641931999999999"><ele>832.32</ele></trkpt>
      <trkpt lat="46.779343999999995" lon="12.642543"><ele>832.09</ele></trkpt>
      <trkpt lat="46.779508" lon="12.643466"><ele>832.08</ele></trkpt>
      <trkpt lat="46.779545999999996" lon="12.643728"><ele>832.18</ele></trkpt>
      <trkpt lat="46.779551999999995" lon="12.644"><ele>832.17</ele></trkpt>
      <trkpt lat="46.779512999999994" lon="12.644466999999999"><ele>831.88</ele></trkpt>
      <trkpt lat="46.779498" lon="12.644976"><ele>831.37</ele></trkpt>
      <trkpt lat="46.779587" lon="12.645342"><ele>830.82</ele></trkpt>
      <trkpt lat="46.779664" lon="12.645543"><ele>830.43</ele></trkpt>
      <trkpt lat="46.779728" lon="12.645807"><ele>829.97</ele></trkpt>
      <trkpt lat="46.779754999999994" lon="12.646023999999999"><ele>829.66</ele></trkpt>
      <trkpt lat="46.779720999999995" lon="12.646291"><ele>829.3</ele></trkpt>
      <trkpt lat="46.779714" lon="12.646491"><ele>828.89</ele></trkpt>
      <trkpt lat="46.779796" lon="12.646856999999999"><ele>826.99</ele></trkpt>
      <trkpt lat="46.779787999999996" lon="12.647126"><ele>827.03</ele></trkpt>
      <trkpt lat="46.779751999999995" lon="12.647378999999999"><ele>827.22</ele></trkpt>
      <trkpt lat="46.77975" lon="12.648306"><ele>826.58</ele></trkpt>
      <trkpt lat="46.779762" lon="12.649154"><ele>824.71</ele></trkpt>
      <trkpt lat="46.779775" lon="12.649588"><ele>824.06</ele></trkpt>
      <trkpt lat="46.779812" lon="12.650179"><ele>823.25</ele></trkpt>
      <trkpt lat="46.779858999999995" lon="12.651162"><ele>822.93</ele></trkpt>
      <trkpt lat="46.779897" lon="12.651743"><ele>823.54</ele></trkpt>
      <trkpt lat="46.779882" lon="12.652244"><ele>824.15</ele></trkpt>
      <trkpt lat="46.779987999999996" lon="12.652671999999999"><ele>824.68</ele></trkpt>
      <trkpt lat="46.780038" lon="12.653001999999999"><ele>824.69</ele></trkpt>
      <trkpt lat="46.780071" lon="12.653291"><ele>824.56</ele></trkpt>
      <trkpt lat="46.78026" lon="12.65373"><ele>823.91</ele></trkpt>
      <trkpt lat="46.780466999999994" lon="12.654086"><ele>824.6</ele></trkpt>
      <trkpt lat="46.780666" lon="12.654216"><ele>824.1</ele></trkpt>
      <trkpt lat="46.780876" lon="12.654307999999999"><ele>823.86</ele></trkpt>
      <trkpt lat="46.780964" lon="12.654423"><ele>823.24</ele></trkpt>
      <trkpt lat="46.78107" lon="12.654668"><ele>821.14</ele></trkpt>
      <trkpt lat="46.781110999999996" lon="12.654724"><ele>820.03</ele></trkpt>
      <trkpt lat="46.781217999999996" lon="12.654847"><ele>821.1</ele></trkpt>
      <trkpt lat="46.781416" lon="12.654969"><ele>822.59</ele></trkpt>
      <trkpt lat="46.781545" lon="12.655163"><ele>822.69</ele></trkpt>
      <trkpt lat="46.782264999999995" lon="12.656386999999999"><ele>820.3</ele></trkpt>
      <trkpt lat="46.782467" lon="12.656768"><ele>819.55</ele></trkpt>
      <trkpt lat="46.782582" lon="12.657081"><ele>818.89</ele></trkpt>
      <trkpt lat="46.782675" lon="12.657617"><ele>817.9</ele></trkpt>
      <trkpt lat="46.782727" lon="12.658054"><ele>816.96</ele></trkpt>
      <trkpt lat="46.782728999999996" lon="12.658460999999999"><ele>816.2</ele></trkpt>
      <trkpt lat="46.782689" lon="12.659002"><ele>815.63</ele></trkpt>
      <trkpt lat="46.782616999999995" lon="12.659383"><ele>815.51</ele></trkpt>
      <trkpt lat="46.782447" lon="12.659906999999999"><ele>815.72</ele></trkpt>
      <trkpt lat="46.782336" lon="12.660205"><ele>815.88</ele></trkpt>
      <trkpt lat="46.782241" lon="12.660397"><ele>816.53</ele></trkpt>
      <trkpt lat="46.781755999999994" lon="12.661966"><ele>814.41</ele></trkpt>
      <trkpt lat="46.781704" lon="12.662236"><ele>814.42</ele></trkpt>
      <trkpt lat="46.781656999999996" lon="12.663051"><ele>814.33</ele></trkpt>
      <trkpt lat="46.781662999999995" lon="12.663321999999999"><ele>814.4</ele></trkpt>
      <trkpt lat="46.781707" lon="12.66364"><ele>814.63</ele></trkpt>
      <trkpt lat="46.781721999999995" lon="12.663958"><ele>814.89</ele></trkpt>
      <trkpt lat="46.781752999999995" lon="12.664309"><ele>814.89</ele></trkpt>
      <trkpt lat="46.781892" lon="12.664850999999999"><ele>814.78</ele></trkpt>
      <trkpt lat="46.781973" lon="12.665224"><ele>814.48</ele></trkpt>
      <trkpt lat="46.782091" lon="12.665928"><ele>813.07</ele></trkpt>
      <trkpt lat="46.782185999999996" lon="12.66624"><ele>812.64</ele></trkpt>
      <trkpt lat="46.782475" lon="12.666943"><ele>811.26</ele></trkpt>
      <trkpt lat="46.782623" lon="12.667155"><ele>810.53</ele></trkpt>
      <trkpt lat="46.782722" lon="12.667378999999999"><ele>809.85</ele></trkpt>
      <trkpt lat="46.782789" lon="12.667665"><ele>809.15</ele></trkpt>
      <trkpt lat="46.782849999999996" lon="12.667864999999999"><ele>808.66</ele></trkpt>
      <trkpt lat="46.782906" lon="12.668142"><ele>807.97</ele></trkpt>
      <trkpt lat="46.782905" lon="12.66842"><ele>807.31</ele></trkpt>
      <trkpt lat="46.782852" lon="12.668690999999999"><ele>806.62</ele></trkpt>
      <trkpt lat="46.782849" lon="12.669055"><ele>805.83</ele></trkpt>
      <trkpt lat="46.782807999999996" lon="12.669412"><ele>805.32</ele></trkpt>
      <trkpt lat="46.782765999999995" lon="12.669932"><ele>804.66</ele></trkpt>
      <trkpt lat="46.782742" lon="12.670634"><ele>804.91</ele></trkpt>
      <trkpt lat="46.782672" lon="12.671218999999999"><ele>805.32</ele></trkpt>
      <trkpt lat="46.782637" lon="12.671650999999999"><ele>805.72</ele></trkpt>
      <trkpt lat="46.782669999999996" lon="12.671972"><ele>806.08</ele></trkpt>
      <trkpt lat="46.782748999999995" lon="12.672573"><ele>806.67</ele></trkpt>
      <trkpt lat="46.782841" lon="12.673112999999999"><ele>807.7</ele></trkpt>
      <trkpt lat="46.782978" lon="12.673497"><ele>808.64</ele></trkpt>
      <trkpt lat="46.783024999999995" lon="12.673599"><ele>809.24</ele></trkpt>
      <trkpt lat="46.783116" lon="12.673760999999999"><ele>808.93</ele></trkpt>
      <trkpt lat="46.783184999999996" lon="12.673957999999999"><ele>808.41</ele></trkpt>
      <trkpt lat="46.7833" lon="12.674657999999999"><ele>807.11</ele></trkpt>
      <trkpt lat="46.783431" lon="12.675327"><ele>805.27</ele></trkpt>
      <trkpt lat="46.783533" lon="12.675713"><ele>803.77</ele></trkpt>
      <trkpt lat="46.78371" lon="12.676103999999999"><ele>802</ele></trkpt>
      <trkpt lat="46.783853" lon="12.676364999999999"><ele>800.63</ele></trkpt>
      <trkpt lat="46.783929" lon="12.676684999999999"><ele>799.42</ele></trkpt>
      <trkpt lat="46.783943" lon="12.676945"><ele>798.77</ele></trkpt>
      <trkpt lat="46.783994" lon="12.677579999999999"><ele>797.97</ele></trkpt>
      <trkpt lat="46.784068999999995" lon="12.678239"><ele>797.28</ele></trkpt>
      <trkpt lat="46.784217" lon="12.678911999999999"><ele>796.73</ele></trkpt>
      <trkpt lat="46.784361999999994" lon="12.679528"><ele>796.48</ele></trkpt>
      <trkpt lat="46.784589" lon="12.680061"><ele>796.52</ele></trkpt>
      <trkpt lat="46.784799" lon="12.680503999999999"><ele>796.75</ele></trkpt>
      <trkpt lat="46.784963999999995" lon="12.680792"><ele>797.74</ele></trkpt>
      <trkpt lat="46.785063" lon="12.680987"><ele>798.66</ele></trkpt>
      <trkpt lat="46.785143999999995" lon="12.681274"><ele>798.6</ele></trkpt>
      <trkpt lat="46.785129" lon="12.68212"><ele>798.48</ele></trkpt>
      <trkpt lat="46.78514" lon="12.682523"><ele>798.15</ele></trkpt>
      <trkpt lat="46.785098999999995" lon="12.68309"><ele>797.56</ele></trkpt>
      <trkpt lat="46.78503" lon="12.683505"><ele>796.8</ele></trkpt>
      <trkpt lat="46.784976" lon="12.683964999999999"><ele>795.93</ele></trkpt>
      <trkpt lat="46.784956" lon="12.684448999999999"><ele>794.57</ele></trkpt>
      <trkpt lat="46.784983999999994" lon="12.684897"><ele>793.8</ele></trkpt>
      <trkpt lat="46.78507" lon="12.685438999999999"><ele>793.48</ele></trkpt>
      <trkpt lat="46.785160999999995" lon="12.68591"><ele>793.01</ele></trkpt>
      <trkpt lat="46.785244" lon="12.686268"><ele>792.11</ele></trkpt>
      <trkpt lat="46.785278" lon="12.686547"><ele>791.16</ele></trkpt>
      <trkpt lat="46.78528" lon="12.687101"><ele>790.83</ele></trkpt>
      <trkpt lat="46.785267" lon="12.687818"><ele>789.9</ele></trkpt>
      <trkpt lat="46.785269" lon="12.688699999999999"><ele>788.62</ele></trkpt>
      <trkpt lat="46.78525" lon="12.689371"><ele>787.83</ele></trkpt>
      <trkpt lat="46.785202999999996" lon="12.690451"><ele>786.87</ele></trkpt>
      <trkpt lat="46.785229" lon="12.690819999999999"><ele>786.8</ele></trkpt>
      <trkpt lat="46.785250999999995" lon="12.690961"><ele>786.63</ele></trkpt>
      <trkpt lat="46.785364" lon="12.691443999999999"><ele>785.73</ele></trkpt>
      <trkpt lat="46.785813999999995" lon="12.692705"><ele>783.03</ele></trkpt>
      <trkpt lat="46.785979999999995" lon="12.693121999999999"><ele>783.44</ele></trkpt>
      <trkpt lat="46.786065" lon="12.693346"><ele>780.32</ele></trkpt>
      <trkpt lat="46.786151" lon="12.693723"><ele>779.6</ele></trkpt>
      <trkpt lat="46.786187999999996" lon="12.694275"><ele>778.43</ele></trkpt>
      <trkpt lat="46.786241" lon="12.694637"><ele>777.61</ele></trkpt>
      <trkpt lat="46.786376999999995" lon="12.695044"><ele>776.92</ele></trkpt>
      <trkpt lat="46.786443999999996" lon="12.695514999999999"><ele>776.55</ele></trkpt>
      <trkpt lat="46.786533" lon="12.695875"><ele>776.32</ele></trkpt>
      <trkpt lat="46.786697" lon="12.696221"><ele>775.86</ele></trkpt>
      <trkpt lat="46.78682" lon="12.696548"><ele>775.27</ele></trkpt>
      <trkpt lat="46.786884" lon="12.696798"><ele>774.85</ele></trkpt>
      <trkpt lat="46.786947" lon="12.697405"><ele>773.97</ele></trkpt>
      <trkpt lat="46.787126" lon="12.698672"><ele>773.15</ele></trkpt>
      <trkpt lat="46.787149" lon="12.698884"><ele>772.66</ele></trkpt>
      <trkpt lat="46.787124" lon="12.699166"><ele>771.7</ele></trkpt>
      <trkpt lat="46.787161999999995" lon="12.699377"><ele>770.65</ele></trkpt>
      <trkpt lat="46.787465" lon="12.700344999999999"><ele>767.51</ele></trkpt>
      <trkpt lat="46.787538" lon="12.700792"><ele>767.04</ele></trkpt>
      <trkpt lat="46.787639999999996" lon="12.70122"><ele>766.94</ele></trkpt>
      <trkpt lat="46.787835" lon="12.701628"><ele>767.14</ele></trkpt>
      <trkpt lat="46.787963" lon="12.702022"><ele>766.92</ele></trkpt>
      <trkpt lat="46.788098999999995" lon="12.702606999999999"><ele>766.16</ele></trkpt>
      <trkpt lat="46.788334" lon="12.703225999999999"><ele>764.53</ele></trkpt>
      <trkpt lat="46.78859" lon="12.703567"><ele>763.38</ele></trkpt>
      <trkpt lat="46.788877" lon="12.704193"><ele>762.1</ele></trkpt>
      <trkpt lat="46.789075" lon="12.704747"><ele>761.67</ele></trkpt>
      <trkpt lat="46.789519" lon="12.705748"><ele>760.7</ele></trkpt>
      <trkpt lat="46.789601999999995" lon="12.706135"><ele>760.19</ele></trkpt>
      <trkpt lat="46.789609" lon="12.706498"><ele>759.71</ele></trkpt>
      <trkpt lat="46.789708" lon="12.707151999999999"><ele>759.19</ele></trkpt>
      <trkpt lat="46.78997" lon="12.707870999999999"><ele>758.73</ele></trkpt>
      <trkpt lat="46.790208" lon="12.708122999999999"><ele>758.7</ele></trkpt>
      <trkpt lat="46.790668" lon="12.708744"><ele>758.31</ele></trkpt>
      <trkpt lat="46.790861" lon="12.709142"><ele>758.06</ele></trkpt>
      <trkpt lat="46.790980999999995" lon="12.709560999999999"><ele>758.69</ele></trkpt>
      <trkpt lat="46.791253" lon="12.710452"><ele>756.69</ele></trkpt>
      <trkpt lat="46.79138" lon="12.711158"><ele>754.84</ele></trkpt>
      <trkpt lat="46.791532" lon="12.712264999999999"><ele>752.76</ele></trkpt>
      <trkpt lat="46.791635" lon="12.713306"><ele>752.4</ele></trkpt>
      <trkpt lat="46.791636999999994" lon="12.713534"><ele>752.56</ele></trkpt>
      <trkpt lat="46.791624" lon="12.713766999999999"><ele>752.61</ele></trkpt>
      <trkpt lat="46.791509999999995" lon="12.714345999999999"><ele>752.1</ele></trkpt>
      <trkpt lat="46.791376" lon="12.715333999999999"><ele>749.66</ele></trkpt>
      <trkpt lat="46.791332" lon="12.715795"><ele>748.53</ele></trkpt>
      <trkpt lat="46.791320999999996" lon="12.716099999999999"><ele>748.43</ele></trkpt>
      <trkpt lat="46.791359" lon="12.716444"><ele>748.57</ele></trkpt>
      <trkpt lat="46.791436" lon="12.716835"><ele>748.78</ele></trkpt>
      <trkpt lat="46.791909999999994" lon="12.718658"><ele>749.88</ele></trkpt>
      <trkpt lat="46.792094" lon="12.719232"><ele>750.85</ele></trkpt>
      <trkpt lat="46.792255999999995" lon="12.719638"><ele>752.39</ele></trkpt>
      <trkpt lat="46.792466" lon="12.720068"><ele>753.05</ele></trkpt>
      <trkpt lat="46.792839" lon="12.720699999999999"><ele>752.44</ele></trkpt>
      <trkpt lat="46.793026" lon="12.721103"><ele>750.94</ele></trkpt>
      <trkpt lat="46.793186" lon="12.721503"><ele>750.07</ele></trkpt>
      <trkpt lat="46.793253" lon="12.721739999999999"><ele>749.59</ele></trkpt>
      <trkpt lat="46.79326" lon="12.721905999999999"><ele>749.26</ele></trkpt>
      <trkpt lat="46.793237999999995" lon="12.722218"><ele>748.62</ele></trkpt>
      <trkpt lat="46.793206" lon="12.723322"><ele>746.4</ele></trkpt>
      <trkpt lat="46.793203999999996" lon="12.723939"><ele>744.14</ele></trkpt>
      <trkpt lat="46.79325" lon="12.724625999999999"><ele>740.74</ele></trkpt>
      <trkpt lat="46.793372" lon="12.725622999999999"><ele>733.82</ele></trkpt>
      <trkpt lat="46.793442999999996" lon="12.726348"><ele>729.82</ele></trkpt>
      <trkpt lat="46.793448999999995" lon="12.728166"><ele>726</ele></trkpt>
      <trkpt lat="46.793409999999994" lon="12.728383"><ele>725.85</ele></trkpt>
      <trkpt lat="46.793343" lon="12.728608999999999"><ele>726.92</ele></trkpt>
      <trkpt lat="46.793304" lon="12.728764"><ele>728.47</ele></trkpt>
      <trkpt lat="46.793337" lon="12.729217"><ele>728.4</ele></trkpt>
      <trkpt lat="46.793447" lon="12.729707"><ele>728.58</ele></trkpt>
      <trkpt lat="46.79376" lon="12.73071"><ele>728.14</ele></trkpt>
      <trkpt lat="46.794191" lon="12.731696999999999"><ele>726.21</ele></trkpt>
      <trkpt lat="46.794531" lon="12.732438"><ele>724.97</ele></trkpt>
      <trkpt lat="46.794706" lon="12.732785"><ele>724.58</ele></trkpt>
      <trkpt lat="46.794819" lon="12.732968"><ele>724.18</ele></trkpt>
      <trkpt lat="46.795865" lon="12.734497999999999"><ele>720.8</ele></trkpt>
      <trkpt lat="46.796174" lon="12.735059"><ele>720.29</ele></trkpt>
      <trkpt lat="46.797298" lon="12.737468999999999"><ele>718.06</ele></trkpt>
      <trkpt lat="46.797948" lon="12.738795"><ele>718.16</ele></trkpt>
      <trkpt lat="46.798046" lon="12.73907"><ele>717.72</ele></trkpt>
      <trkpt lat="46.798611" lon="12.740957"><ele>714.13</ele></trkpt>
      <trkpt lat="46.798899" lon="12.742037"><ele>713.15</ele></trkpt>
      <trkpt lat="46.798998999999995" lon="12.742723"><ele>713.45</ele></trkpt>
      <trkpt lat="46.799231999999996" lon="12.743388"><ele>711.86</ele></trkpt>
      <trkpt lat="46.799316999999995" lon="12.743708999999999"><ele>712.29</ele></trkpt>
      <trkpt lat="46.799347" lon="12.743955"><ele>712.16</ele></trkpt>
      <trkpt lat="46.799402" lon="12.744129"><ele>711.21</ele></trkpt>
      <trkpt lat="46.799434999999995" lon="12.744228"><ele>711.26</ele></trkpt>
      <trkpt lat="46.799503" lon="12.744302"><ele>711.32</ele></trkpt>
      <trkpt lat="46.799633" lon="12.744330999999999"><ele>711.18</ele></trkpt>
      <trkpt lat="46.79971" lon="12.744378999999999"><ele>711.14</ele></trkpt>
      <trkpt lat="46.799923" lon="12.744710999999999"><ele>710.88</ele></trkpt>
      <trkpt lat="46.800092" lon="12.744926"><ele>710.38</ele></trkpt>
      <trkpt lat="46.800306" lon="12.745016999999999"><ele>708.58</ele></trkpt>
      <trkpt lat="46.800404" lon="12.74522"><ele>707.76</ele></trkpt>
      <trkpt lat="46.800613999999996" lon="12.7455"><ele>706.84</ele></trkpt>
      <trkpt lat="46.80066" lon="12.745576999999999"><ele>706.6</ele></trkpt>
      <trkpt lat="46.801835" lon="12.747053999999999"><ele>704.64</ele></trkpt>
      <trkpt lat="46.802868" lon="12.748622"><ele>702.67</ele></trkpt>
      <trkpt lat="46.802934" lon="12.748763"><ele>701.06</ele></trkpt>
      <trkpt lat="46.802935999999995" lon="12.748813"><ele>700.59</ele></trkpt>
      <trkpt lat="46.802937" lon="12.749028"><ele>701.79</ele></trkpt>
      <trkpt lat="46.802941" lon="12.749201"><ele>703.74</ele></trkpt>
      <trkpt lat="46.802144" lon="12.749353"><ele>705.39</ele></trkpt>
      <trkpt lat="46.802053" lon="12.749412999999999"><ele>705.87</ele></trkpt>
      <trkpt lat="46.802349" lon="12.750195"><ele>706.49</ele></trkpt>
      <trkpt lat="46.802364999999995" lon="12.750323"><ele>706.34</ele></trkpt>
      <trkpt lat="46.802333999999995" lon="12.750421999999999"><ele>705.99</ele></trkpt>
      <trkpt lat="46.802082" lon="12.750879"><ele>704.72</ele></trkpt>
      <trkpt lat="46.802085" lon="12.751107"><ele>704.22</ele></trkpt>
      <trkpt lat="46.802277" lon="12.751610999999999"><ele>703.62</ele></trkpt>
      <trkpt lat="46.802364999999995" lon="12.751883"><ele>703.52</ele></trkpt>
      <trkpt lat="46.802445" lon="12.752251"><ele>703.53</ele></trkpt>
      <trkpt lat="46.802516999999995" lon="12.752651"><ele>703.34</ele></trkpt>
      <trkpt lat="46.802580999999996" lon="12.752923"><ele>703.27</ele></trkpt>
      <trkpt lat="46.802701" lon="12.753162999999999"><ele>703.1</ele></trkpt>
      <trkpt lat="46.802828999999996" lon="12.753338999999999"><ele>703.03</ele></trkpt>
      <trkpt lat="46.803013" lon="12.753459"><ele>702.92</ele></trkpt>
      <trkpt lat="46.803222999999996" lon="12.753563"><ele>702.72</ele></trkpt>
      <trkpt lat="46.803349" lon="12.753731"><ele>702.6</ele></trkpt>
      <trkpt lat="46.803540999999996" lon="12.753883"><ele>702.58</ele></trkpt>
      <trkpt lat="46.803829" lon="12.753995"><ele>702.68</ele></trkpt>
      <trkpt lat="46.804189" lon="12.75405"><ele>702.03</ele></trkpt>
      <trkpt lat="46.804338" lon="12.754093"><ele>701.4</ele></trkpt>
      <trkpt lat="46.804427" lon="12.754135999999999"><ele>701.01</ele></trkpt>
      <trkpt lat="46.805119999999995" lon="12.752260999999999"><ele>699.02</ele></trkpt>
      <trkpt lat="46.805367" lon="12.751813"><ele>698.89</ele></trkpt>
      <trkpt lat="46.805699" lon="12.752447"><ele>698.14</ele></trkpt>
      <trkpt lat="46.80611" lon="12.752934"><ele>697.32</ele></trkpt>
      <trkpt lat="46.806808" lon="12.753789"><ele>696.15</ele></trkpt>
      <trkpt lat="46.807320999999995" lon="12.754280999999999"><ele>694.65</ele></trkpt>
      <trkpt lat="46.807665" lon="12.754563"><ele>693.67</ele></trkpt>
      <trkpt lat="46.808021" lon="12.754795999999999"><ele>693.31</ele></trkpt>
      <trkpt lat="46.808206" lon="12.754968"><ele>693.21</ele></trkpt>
      <trkpt lat="46.808712" lon="12.755306"><ele>693.1</ele></trkpt>
      <trkpt lat="46.809388" lon="12.755552999999999"><ele>692.98</ele></trkpt>
      <trkpt lat="46.809577" lon="12.755607"><ele>692.3</ele></trkpt>
      <trkpt lat="46.810328999999996" lon="12.755727"><ele>690.67</ele></trkpt>
      <trkpt lat="46.811895" lon="12.756143999999999"><ele>689.58</ele></trkpt>
      <trkpt lat="46.812461" lon="12.75638"><ele>688.57</ele></trkpt>
      <trkpt lat="46.815307" lon="12.758244999999999"><ele>685.35</ele></trkpt>
      <trkpt lat="46.81577" lon="12.758358999999999"><ele>684.87</ele></trkpt>
      <trkpt lat="46.816981" lon="12.759018"><ele>683.58</ele></trkpt>
      <trkpt lat="46.817769999999996" lon="12.759501"><ele>682.42</ele></trkpt>
      <trkpt lat="46.817854999999994" lon="12.759618999999999"><ele>682.45</ele></trkpt>
      <trkpt lat="46.81793" lon="12.759675999999999"><ele>682.65</ele></trkpt>
      <trkpt lat="46.81809" lon="12.759682999999999"><ele>682.33</ele></trkpt>
      <trkpt lat="46.818155" lon="12.759706"><ele>682.16</ele></trkpt>
      <trkpt lat="46.818546999999995" lon="12.759953999999999"><ele>681.45</ele></trkpt>
      <trkpt lat="46.818706" lon="12.760081999999999"><ele>681.23</ele></trkpt>
      <trkpt lat="46.820074" lon="12.760861"><ele>680.29</ele></trkpt>
      <trkpt lat="46.820975999999995" lon="12.76136"><ele>679.21</ele></trkpt>
      <trkpt lat="46.822264" lon="12.762158999999999"><ele>679.05</ele></trkpt>
      <trkpt lat="46.822412" lon="12.762229"><ele>678.79</ele></trkpt>
      <trkpt lat="46.822835" lon="12.762481"><ele>678.81</ele></trkpt>
      <trkpt lat="46.823417" lon="12.762965999999999"><ele>679.1</ele></trkpt>
      <trkpt lat="46.823471999999995" lon="12.763038"><ele>679.23</ele></trkpt>
      <trkpt lat="46.823512" lon="12.763133"><ele>679.18</ele></trkpt>
      <trkpt lat="46.824298999999996" lon="12.764391999999999"><ele>677.52</ele></trkpt>
      <trkpt lat="46.824548" lon="12.764826"><ele>677.54</ele></trkpt>
      <trkpt lat="46.824937999999996" lon="12.765386999999999"><ele>677.09</ele></trkpt>
      <trkpt lat="46.825081999999995" lon="12.765582"><ele>676.73</ele></trkpt>
      <trkpt lat="46.825157999999995" lon="12.765673"><ele>676.73</ele></trkpt>
      <trkpt lat="46.825202" lon="12.765749"><ele>676.8</ele></trkpt>
      <trkpt lat="46.825243" lon="12.765844999999999"><ele>676.79</ele></trkpt>
      <trkpt lat="46.825331999999996" lon="12.766135"><ele>676.26</ele></trkpt>
      <trkpt lat="46.825413" lon="12.766211"><ele>675.65</ele></trkpt>
      <trkpt lat="46.825565" lon="12.766504999999999"><ele>675.75</ele></trkpt>
      <trkpt lat="46.825604" lon="12.766632999999999"><ele>675.98</ele></trkpt>
      <trkpt lat="46.826057" lon="12.766344"><ele>674.74</ele></trkpt>
      <trkpt lat="46.826175" lon="12.766252999999999"><ele>674.59</ele></trkpt>
      <trkpt lat="46.826344" lon="12.765951999999999"><ele>673.9</ele></trkpt>
      <trkpt lat="46.826457" lon="12.765716"><ele>673.2</ele></trkpt>
      <trkpt lat="46.826527" lon="12.765616"><ele>672.83</ele></trkpt>
      <trkpt lat="46.826583" lon="12.76557"><ele>673.01</ele></trkpt>
      <trkpt lat="46.826685999999995" lon="12.765514999999999"><ele>673.31</ele></trkpt>
      <trkpt lat="46.826803" lon="12.765479"><ele>673.62</ele></trkpt>
      <trkpt lat="46.826898" lon="12.765471999999999"><ele>674.15</ele></trkpt>
      <trkpt lat="46.826966999999996" lon="12.765478"><ele>674.43</ele></trkpt>
      <trkpt lat="46.827014999999996" lon="12.765493999999999"><ele>674.58</ele></trkpt>
      <trkpt lat="46.827312" lon="12.765654999999999"><ele>675.32</ele></trkpt>
      <trkpt lat="46.827220999999994" lon="12.765818999999999"><ele>675.24</ele></trkpt>
      <trkpt lat="46.827197999999996" lon="12.765879"><ele>675.28</ele></trkpt>
      <trkpt lat="46.827182" lon="12.765941999999999"><ele>675.41</ele></trkpt>
      <trkpt lat="46.827171" lon="12.766046"><ele>675.67</ele></trkpt>
      <trkpt lat="46.827186" lon="12.766121"><ele>675.75</ele></trkpt>
      <trkpt lat="46.827475" lon="12.766755"><ele>675.18</ele></trkpt>
      <trkpt lat="46.828662" lon="12.770469"><ele>674</ele></trkpt>
      <trkpt lat="46.829101" lon="12.771795"><ele>674</ele></trkpt>
      <trkpt lat="46.829463999999994" lon="12.772794999999999"><ele>673</ele></trkpt>
      <trkpt lat="46.829892" lon="12.773804"><ele>671.54</ele></trkpt>
      <trkpt lat="46.830338999999995" lon="12.774759999999999"><ele>672.22</ele></trkpt>
      <trkpt lat="46.830326" lon="12.774799999999999"><ele>672.16</ele></trkpt>
      <trkpt lat="46.830306" lon="12.774804999999999"><ele>672.07</ele></trkpt>
      <trkpt lat="46.830269" lon="12.774759"><ele>671.56</ele></trkpt>
      <trkpt lat="46.830227" lon="12.774761"><ele>671.14</ele></trkpt>
      <trkpt lat="46.829994" lon="12.774994999999999"><ele>670.22</ele></trkpt>
      <trkpt lat="46.82985" lon="12.775203999999999"><ele>669.89</ele></trkpt>
      <trkpt lat="46.829606" lon="12.775649999999999"><ele>670.36</ele></trkpt>
      <trkpt lat="46.829602" lon="12.775711"><ele>670.38</ele></trkpt>
      <trkpt lat="46.829964" lon="12.776963"><ele>671.63</ele></trkpt>
      <trkpt lat="46.830168" lon="12.7777"><ele>671.7</ele></trkpt>
      <trkpt lat="46.830178" lon="12.777811"><ele>671.64</ele></trkpt>
      <trkpt lat="46.83016" lon="12.777930999999999"><ele>671.6</ele></trkpt>
      <trkpt lat="46.830163999999996" lon="12.777987999999999"><ele>671.63</ele></trkpt>
      <trkpt lat="46.830239999999996" lon="12.778312999999999"><ele>671.37</ele></trkpt>
      <trkpt lat="46.830228999999996" lon="12.778438999999999"><ele>670</ele></trkpt>
      <trkpt lat="46.830241" lon="12.778516999999999"><ele>668.66</ele></trkpt>
      <trkpt lat="46.830276" lon="12.778732999999999"><ele>668.32</ele></trkpt>
      <trkpt lat="46.830317" lon="12.779093999999999"><ele>669.67</ele></trkpt>
      <trkpt lat="46.830348" lon="12.780023"><ele>669.88</ele></trkpt>
      <trkpt lat="46.830248" lon="12.781576999999999"><ele>669.19</ele></trkpt>
      <trkpt lat="46.830216" lon="12.781830999999999"><ele>669.04</ele></trkpt>
      <trkpt lat="46.830020999999995" lon="12.782715999999999"><ele>668.63</ele></trkpt>
      <trkpt lat="46.829803999999996" lon="12.78351"><ele>668.39</ele></trkpt>
      <trkpt lat="46.828936999999996" lon="12.78623"><ele>668</ele></trkpt>
      <trkpt lat="46.828691" lon="12.786066"><ele>667.57</ele></trkpt>
      <trkpt lat="46.828407" lon="12.785935"><ele>667.63</ele></trkpt>
      <trkpt lat="46.828208" lon="12.785960999999999"><ele>667.5</ele></trkpt>
      <trkpt lat="46.828083" lon="12.786019999999999"><ele>667.48</ele></trkpt>
      <trkpt lat="46.827734" lon="12.786264"><ele>667.46</ele></trkpt>
      <trkpt lat="46.827656999999995" lon="12.786342999999999"><ele>667.46</ele></trkpt>
      <trkpt lat="46.827607" lon="12.786380999999999"><ele>667.62</ele></trkpt>
      <trkpt lat="46.827557999999996" lon="12.786396"><ele>667.75</ele></trkpt>
      <trkpt lat="46.827528" lon="12.786394"><ele>667.78</ele></trkpt>
      <trkpt lat="46.827282" lon="12.786256999999999"><ele>667.9</ele></trkpt>
      <trkpt lat="46.825402999999994" lon="12.785071"><ele>667.74</ele></trkpt>
      <trkpt lat="46.82448" lon="12.784452"><ele>668</ele></trkpt>
      <trkpt lat="46.824044" lon="12.785262999999999"><ele>666.19</ele></trkpt>
      <trkpt lat="46.823771" lon="12.785813"><ele>665.66</ele></trkpt>
      <trkpt lat="46.823353" lon="12.786919"><ele>665.72</ele></trkpt>
      <trkpt lat="46.823037" lon="12.787875"><ele>665.73</ele></trkpt>
      <trkpt lat="46.822545" lon="12.789311999999999"><ele>665.29</ele></trkpt>
      <trkpt lat="46.822317999999996" lon="12.790035"><ele>664.28</ele></trkpt>
      <trkpt lat="46.822193999999996" lon="12.7906"><ele>664.64</ele></trkpt>
      <trkpt lat="46.822148999999996" lon="12.791034"><ele>664.23</ele></trkpt>
      <trkpt lat="46.822063" lon="12.792478"><ele>663.39</ele></trkpt>
      <trkpt lat="46.82199" lon="12.795136999999999"><ele>663.59</ele></trkpt>
      <trkpt lat="46.821993" lon="12.796094"><ele>661.9</ele></trkpt>
      <trkpt lat="46.821844" lon="12.797903"><ele>661.39</ele></trkpt>
      <trkpt lat="46.821718999999995" lon="12.798689999999999"><ele>661.7</ele></trkpt>
      <trkpt lat="46.821625999999995" lon="12.799161"><ele>661.77</ele></trkpt>
      <trkpt lat="46.821490999999995" lon="12.799726"><ele>660.51</ele></trkpt>
      <trkpt lat="46.820993" lon="12.801406"><ele>660.75</ele></trkpt>
      <trkpt lat="46.820969999999996" lon="12.801568"><ele>660.81</ele></trkpt>
      <trkpt lat="46.820986" lon="12.801720999999999"><ele>661.2</ele></trkpt>
      <trkpt lat="46.821169999999995" lon="12.802005999999999"><ele>661.97</ele></trkpt>
      <trkpt lat="46.821186999999995" lon="12.802090999999999"><ele>662</ele></trkpt>
      <trkpt lat="46.82103" lon="12.802643999999999"><ele>661.87</ele></trkpt>
      <trkpt lat="46.819587" lon="12.806721999999999"><ele>661.23</ele></trkpt>
      <trkpt lat="46.819615999999996" lon="12.806796"><ele>661.04</ele></trkpt>
      <trkpt lat="46.819769" lon="12.806878999999999"><ele>660.84</ele></trkpt>
      <trkpt lat="46.819365" lon="12.808264999999999"><ele>659.78</ele></trkpt>
      <trkpt lat="46.819195" lon="12.80819"><ele>659.58</ele></trkpt>
      <trkpt lat="46.819098" lon="12.808199"><ele>659.46</ele></trkpt>
      <trkpt lat="46.818819" lon="12.809123"><ele>658.93</ele></trkpt>
      <trkpt lat="46.817080999999995" lon="12.815553999999999"><ele>657</ele></trkpt>
      <trkpt lat="46.816292999999995" lon="12.818315"><ele>655.97</ele></trkpt>
      <trkpt lat="46.816019999999995" lon="12.819365"><ele>655.6</ele></trkpt>
      <trkpt lat="46.815732" lon="12.820577"><ele>655.67</ele></trkpt>
      <trkpt lat="46.815369" lon="12.822327999999999"><ele>655.4</ele></trkpt>
      <trkpt lat="46.815044" lon="12.824093999999999"><ele>655.06</ele></trkpt>
      <trkpt lat="46.814802" lon="12.825546"><ele>655.05</ele></trkpt>
      <trkpt lat="46.814367999999995" lon="12.828536"><ele>653.55</ele></trkpt>
      <trkpt lat="46.814220999999996" lon="12.828522999999999"><ele>654.61</ele></trkpt>
      <trkpt lat="46.814169" lon="12.828615"><ele>655</ele></trkpt>
      <trkpt lat="46.812991" lon="12.836044"><ele>653.48</ele></trkpt>
      <trkpt lat="46.812872" lon="12.836651999999999"><ele>652.96</ele></trkpt>
      <trkpt lat="46.812729" lon="12.837152999999999"><ele>652.52</ele></trkpt>
      <trkpt lat="46.812411" lon="12.837973"><ele>652.06</ele></trkpt>
      <trkpt lat="46.812118999999996" lon="12.838600999999999"><ele>651.98</ele></trkpt>
      <trkpt lat="46.811628999999996" lon="12.839334"><ele>651.66</ele></trkpt>
      <trkpt lat="46.810386" lon="12.840771"><ele>650.84</ele></trkpt>
      <trkpt lat="46.80956" lon="12.841524999999999"><ele>650.79</ele></trkpt>
      <trkpt lat="46.809273999999995" lon="12.841807"><ele>651.07</ele></trkpt>
      <trkpt lat="46.809221" lon="12.841918"><ele>651.53</ele></trkpt>
      <trkpt lat="46.809216" lon="12.842003"><ele>651.62</ele></trkpt>
      <trkpt lat="46.809248" lon="12.842267"><ele>650.32</ele></trkpt>
      <trkpt lat="46.809218" lon="12.842333"><ele>650.34</ele></trkpt>
      <trkpt lat="46.808704" lon="12.842556"><ele>650.11</ele></trkpt>
      <trkpt lat="46.808223999999996" lon="12.842888"><ele>650</ele></trkpt>
      <trkpt lat="46.807705" lon="12.843332"><ele>650.13</ele></trkpt>
      <trkpt lat="46.807528999999995" lon="12.843518999999999"><ele>650.21</ele></trkpt>
      <trkpt lat="46.807278" lon="12.843853"><ele>650.21</ele></trkpt>
      <trkpt lat="46.806965" lon="12.844298"><ele>650</ele></trkpt>
      <trkpt lat="46.806006" lon="12.845965"><ele>648.79</ele></trkpt>
      <trkpt lat="46.801925999999995" lon="12.852837"><ele>647.54</ele></trkpt>
      <trkpt lat="46.798975" lon="12.85775"><ele>645.42</ele></trkpt>
      <trkpt lat="46.797824999999996" lon="12.859962999999999"><ele>645.71</ele></trkpt>
      <trkpt lat="46.796729" lon="12.862257999999999"><ele>644.23</ele></trkpt>
      <trkpt lat="46.795815999999995" lon="12.864562"><ele>644.67</ele></trkpt>
      <trkpt lat="46.794945" lon="12.867013"><ele>643.91</ele></trkpt>
      <trkpt lat="46.79429" lon="12.868812"><ele>643.09</ele></trkpt>
      <trkpt lat="46.79392" lon="12.869658999999999"><ele>643.3</ele></trkpt>
      <trkpt lat="46.793485" lon="12.870497"><ele>642.86</ele></trkpt>
      <trkpt lat="46.7926" lon="12.872126999999999"><ele>642.36</ele></trkpt>
      <trkpt lat="46.791647999999995" lon="12.873567999999999"><ele>642.75</ele></trkpt>
      <trkpt lat="46.791224" lon="12.874134999999999"><ele>642.52</ele></trkpt>
      <trkpt lat="46.790524" lon="12.874983"><ele>643.21</ele></trkpt>
      <trkpt lat="46.790487" lon="12.875015"><ele>642.82</ele></trkpt>
      <trkpt lat="46.789784999999995" lon="12.875803999999999"><ele>642.07</ele></trkpt>
      <trkpt lat="46.785654" lon="12.880260999999999"><ele>640.13</ele></trkpt>
      <trkpt lat="46.784439" lon="12.881661999999999"><ele>640.42</ele></trkpt>
      <trkpt lat="46.783822" lon="12.882519"><ele>639.35</ele></trkpt>
      <trkpt lat="46.782833" lon="12.884182"><ele>638.01</ele></trkpt>
      <trkpt lat="46.78216" lon="12.885613"><ele>638.25</ele></trkpt>
      <trkpt lat="46.781438" lon="12.887521999999999"><ele>638.73</ele></trkpt>
      <trkpt lat="46.781389" lon="12.887813999999999"><ele>638.65</ele></trkpt>
      <trkpt lat="46.780843999999995" lon="12.889669999999999"><ele>638.33</ele></trkpt>
      <trkpt lat="46.780076" lon="12.892439"><ele>637.44</ele></trkpt>
      <trkpt lat="46.779751" lon="12.893403999999999"><ele>637.12</ele></trkpt>
      <trkpt lat="46.779182999999996" lon="12.894819"><ele>637.03</ele></trkpt>
      <trkpt lat="46.777218" lon="12.899446"><ele>636.76</ele></trkpt>
      <trkpt lat="46.775684999999996" lon="12.903153999999999"><ele>634.01</ele></trkpt>
      <trkpt lat="46.774376" lon="12.906388"><ele>634.16</ele></trkpt>
      <trkpt lat="46.772628999999995" lon="12.910739999999999"><ele>633.12</ele></trkpt>
      <trkpt lat="46.772242" lon="12.911465"><ele>633.04</ele></trkpt>
      <trkpt lat="46.772036" lon="12.911754"><ele>633.06</ele></trkpt>
      <trkpt lat="46.771722999999994" lon="12.91216"><ele>632.88</ele></trkpt>
      <trkpt lat="46.771473" lon="12.912421"><ele>632.95</ele></trkpt>
      <trkpt lat="46.771038999999995" lon="12.912815"><ele>632.96</ele></trkpt>
      <trkpt lat="46.770323" lon="12.913304"><ele>632.63</ele></trkpt>
      <trkpt lat="46.768724999999996" lon="12.914783"><ele>631.9</ele></trkpt>
      <trkpt lat="46.768403" lon="12.915161"><ele>631.18</ele></trkpt>
      <trkpt lat="46.767443" lon="12.916694"><ele>631.25</ele></trkpt>
      <trkpt lat="46.766644" lon="12.918374"><ele>631.11</ele></trkpt>
      <trkpt lat="46.766192" lon="12.919483999999999"><ele>630.23</ele></trkpt>
      <trkpt lat="46.766073999999996" lon="12.919898"><ele>631.24</ele></trkpt>
      <trkpt lat="46.766008" lon="12.919862"><ele>630.51</ele></trkpt>
      <trkpt lat="46.765636" lon="12.919659999999999"><ele>631.23</ele></trkpt>
      <trkpt lat="46.765586" lon="12.919685999999999"><ele>632.06</ele></trkpt>
      <trkpt lat="46.765557" lon="12.919758"><ele>631.99</ele></trkpt>
      <trkpt lat="46.765543" lon="12.919842"><ele>631.86</ele></trkpt>
      <trkpt lat="46.765308999999995" lon="12.920492999999999"><ele>631.14</ele></trkpt>
      <trkpt lat="46.765104" lon="12.9211"><ele>630.93</ele></trkpt>
      <trkpt lat="46.765015" lon="12.921477"><ele>630.63</ele></trkpt>
      <trkpt lat="46.764838" lon="12.922526"><ele>630.19</ele></trkpt>
      <trkpt lat="46.764790999999995" lon="12.923096"><ele>630.08</ele></trkpt>
      <trkpt lat="46.764769" lon="12.923689"><ele>630.37</ele></trkpt>
      <trkpt lat="46.764764" lon="12.924273999999999"><ele>630.47</ele></trkpt>
      <trkpt lat="46.764748" lon="12.924847999999999"><ele>630.23</ele></trkpt>
      <trkpt lat="46.764812" lon="12.925547"><ele>630.46</ele></trkpt>
      <trkpt lat="46.7648" lon="12.925742999999999"><ele>630.51</ele></trkpt>
      <trkpt lat="46.764741" lon="12.925811999999999"><ele>630.54</ele></trkpt>
      <trkpt lat="46.764618999999996" lon="12.925847"><ele>630.62</ele></trkpt>
      <trkpt lat="46.764495" lon="12.925861999999999"><ele>630.79</ele></trkpt>
      <trkpt lat="46.764238" lon="12.925799999999999"><ele>631.35</ele></trkpt>
      <trkpt lat="46.76399" lon="12.925756"><ele>631.78</ele></trkpt>
      <trkpt lat="46.763464" lon="12.925818"><ele>632.68</ele></trkpt>
      <trkpt lat="46.763441" lon="12.925856"><ele>632.58</ele></trkpt>
      <trkpt lat="46.763439999999996" lon="12.925920999999999"><ele>631.93</ele></trkpt>
      <trkpt lat="46.763444" lon="12.926215"><ele>630.35</ele></trkpt>
      <trkpt lat="46.763444" lon="12.926283999999999"><ele>630.84</ele></trkpt>
      <trkpt lat="46.762747" lon="12.926300999999999"><ele>632.16</ele></trkpt>
      <trkpt lat="46.762561" lon="12.926285"><ele>632.47</ele></trkpt>
      <trkpt lat="46.762307" lon="12.926337"><ele>632.9</ele></trkpt>
      <trkpt lat="46.762006" lon="12.926318"><ele>633.53</ele></trkpt>
      <trkpt lat="46.761706" lon="12.926276"><ele>634.27</ele></trkpt>
      <trkpt lat="46.761463" lon="12.926309"><ele>634.84</ele></trkpt>
      <trkpt lat="46.761219999999994" lon="12.926364"><ele>635.46</ele></trkpt>
      <trkpt lat="46.761105" lon="12.926362"><ele>635.74</ele></trkpt>
      <trkpt lat="46.760991999999995" lon="12.926328"><ele>636</ele></trkpt>
      <trkpt lat="46.760768999999996" lon="12.926236999999999"><ele>636.4</ele></trkpt>
      <trkpt lat="46.760559" lon="12.92612"><ele>636.66</ele></trkpt>
      <trkpt lat="46.760298999999996" lon="12.92605"><ele>636.92</ele></trkpt>
      <trkpt lat="46.759966999999996" lon="12.925939999999999"><ele>637.31</ele></trkpt>
      <trkpt lat="46.759651999999996" lon="12.925728"><ele>637.82</ele></trkpt>
      <trkpt lat="46.759266" lon="12.925488"><ele>638.91</ele></trkpt>
      <trkpt lat="46.759116" lon="12.925359"><ele>639.76</ele></trkpt>
      <trkpt lat="46.759049" lon="12.925429"><ele>639.72</ele></trkpt>
      <trkpt lat="46.758973" lon="12.925488"><ele>639.77</ele></trkpt>
      <trkpt lat="46.75881" lon="12.925561"><ele>639.88</ele></trkpt>
      <trkpt lat="46.757968" lon="12.925718999999999"><ele>639</ele></trkpt>
      <trkpt lat="46.757405" lon="12.925837999999999"><ele>639.99</ele></trkpt>
      <trkpt lat="46.756949" lon="12.925955"><ele>640</ele></trkpt>
      <trkpt lat="46.755781" lon="12.926648"><ele>637.96</ele></trkpt>
      <trkpt lat="46.755413999999995" lon="12.927045"><ele>636.84</ele></trkpt>
      <trkpt lat="46.754928" lon="12.927674999999999"><ele>635.32</ele></trkpt>
      <trkpt lat="46.754777999999995" lon="12.927977"><ele>634.72</ele></trkpt>
      <trkpt lat="46.754615" lon="12.928338"><ele>634.04</ele></trkpt>
      <trkpt lat="46.75427" lon="12.929165"><ele>632.78</ele></trkpt>
      <trkpt lat="46.754193" lon="12.929314999999999"><ele>632.66</ele></trkpt>
      <trkpt lat="46.754034999999995" lon="12.929575"><ele>632.28</ele></trkpt>
      <trkpt lat="46.753136999999995" lon="12.930627999999999"><ele>629.76</ele></trkpt>
      <trkpt lat="46.752705" lon="12.931220999999999"><ele>629.22</ele></trkpt>
      <trkpt lat="46.752265" lon="12.932091"><ele>629.49</ele></trkpt>
      <trkpt lat="46.75177" lon="12.932803"><ele>628.82</ele></trkpt>
      <trkpt lat="46.751362" lon="12.933499999999999"><ele>627.26</ele></trkpt>
      <trkpt lat="46.750699" lon="12.934913"><ele>628.25</ele></trkpt>
      <trkpt lat="46.750547999999995" lon="12.935269"><ele>629.03</ele></trkpt>
      <trkpt lat="46.750462999999996" lon="12.935535999999999"><ele>629.38</ele></trkpt>
      <trkpt lat="46.750066" lon="12.937626999999999"><ele>629.2</ele></trkpt>
      <trkpt lat="46.749977" lon="12.938041"><ele>628.63</ele></trkpt>
      <trkpt lat="46.749747" lon="12.939388"><ele>627.24</ele></trkpt>
      <trkpt lat="46.749663999999996" lon="12.939689"><ele>626.28</ele></trkpt>
      <trkpt lat="46.749595" lon="12.939802"><ele>626.16</ele></trkpt>
      <trkpt lat="46.749525999999996" lon="12.939878"><ele>625.93</ele></trkpt>
      <trkpt lat="46.74941" lon="12.939971"><ele>625.82</ele></trkpt>
      <trkpt lat="46.748861" lon="12.940213"><ele>626.64</ele></trkpt>
      <trkpt lat="46.748568999999996" lon="12.940472999999999"><ele>627.21</ele></trkpt>
      <trkpt lat="46.748458" lon="12.940702"><ele>627.55</ele></trkpt>
      <trkpt lat="46.748340999999996" lon="12.941156"><ele>627.95</ele></trkpt>
      <trkpt lat="46.748284" lon="12.941307"><ele>627.97</ele></trkpt>
      <trkpt lat="46.747944" lon="12.941877999999999"><ele>627.21</ele></trkpt>
      <trkpt lat="46.747521" lon="12.942449"><ele>625.43</ele></trkpt>
      <trkpt lat="46.747183" lon="12.942924999999999"><ele>624.09</ele></trkpt>
      <trkpt lat="46.747062" lon="12.943157"><ele>624.04</ele></trkpt>
      <trkpt lat="46.746973" lon="12.943375999999999"><ele>624.17</ele></trkpt>
      <trkpt lat="46.746904" lon="12.943627"><ele>624.19</ele></trkpt>
      <trkpt lat="46.746854" lon="12.943868"><ele>624.34</ele></trkpt>
      <trkpt lat="46.746714999999995" lon="12.945115999999999"><ele>628.04</ele></trkpt>
      <trkpt lat="46.746631" lon="12.945744999999999"><ele>627.34</ele></trkpt>
      <trkpt lat="46.746494999999996" lon="12.946273999999999"><ele>626.58</ele></trkpt>
      <trkpt lat="46.746137999999995" lon="12.947038"><ele>625.67</ele></trkpt>
      <trkpt lat="46.745911" lon="12.947453999999999"><ele>625.73</ele></trkpt>
      <trkpt lat="46.745574999999995" lon="12.94817"><ele>624.14</ele></trkpt>
      <trkpt lat="46.745297" lon="12.948592999999999"><ele>623.91</ele></trkpt>
      <trkpt lat="46.745028" lon="12.94891"><ele>624.58</ele></trkpt>
      <trkpt lat="46.744893999999995" lon="12.949136999999999"><ele>624.5</ele></trkpt>
      <trkpt lat="46.744792" lon="12.949371999999999"><ele>624.55</ele></trkpt>
      <trkpt lat="46.744741999999995" lon="12.949575999999999"><ele>624.7</ele></trkpt>
      <trkpt lat="46.744715" lon="12.949781999999999"><ele>624.9</ele></trkpt>
      <trkpt lat="46.744685999999994" lon="12.951025999999999"><ele>626.37</ele></trkpt>
      <trkpt lat="46.744644" lon="12.951426999999999"><ele>627.24</ele></trkpt>
      <trkpt lat="46.744366" lon="12.952447999999999"><ele>626.88</ele></trkpt>
      <trkpt lat="46.744319" lon="12.952677"><ele>628.14</ele></trkpt>
      <trkpt lat="46.744215" lon="12.953600999999999"><ele>624.8</ele></trkpt>
      <trkpt lat="46.744186" lon="12.954331"><ele>624.05</ele></trkpt>
      <trkpt lat="46.74424" lon="12.955259999999999"><ele>625.14</ele></trkpt>
      <trkpt lat="46.744133999999995" lon="12.956538"><ele>624.1</ele></trkpt>
      <trkpt lat="46.744130999999996" lon="12.957125"><ele>623.54</ele></trkpt>
      <trkpt lat="46.744138" lon="12.957806"><ele>622.21</ele></trkpt>
      <trkpt lat="46.744121" lon="12.958037"><ele>622.36</ele></trkpt>
      <trkpt lat="46.744102999999996" lon="12.958171"><ele>622.59</ele></trkpt>
      <trkpt lat="46.744042" lon="12.958345"><ele>622.92</ele></trkpt>
      <trkpt lat="46.743981999999995" lon="12.958478"><ele>623.33</ele></trkpt>
      <trkpt lat="46.743868" lon="12.958777999999999"><ele>624.28</ele></trkpt>
      <trkpt lat="46.743719999999996" lon="12.959783999999999"><ele>627.65</ele></trkpt>
      <trkpt lat="46.743733" lon="12.960001"><ele>628.07</ele></trkpt>
      <trkpt lat="46.743775" lon="12.960199"><ele>627.33</ele></trkpt>
      <trkpt lat="46.743832999999995" lon="12.960417"><ele>627.32</ele></trkpt>
      <trkpt lat="46.744400999999996" lon="12.962804"><ele>628.4</ele></trkpt>
      <trkpt lat="46.744484" lon="12.963007999999999"><ele>628.41</ele></trkpt>
      <trkpt lat="46.74505" lon="12.964162"><ele>628.4</ele></trkpt>
      <trkpt lat="46.745455" lon="12.965048"><ele>628.37</ele></trkpt>
      <trkpt lat="46.745526" lon="12.965285999999999"><ele>628.29</ele></trkpt>
      <trkpt lat="46.74572" lon="12.966324"><ele>627.37</ele></trkpt>
      <trkpt lat="46.745881" lon="12.966937999999999"><ele>627</ele></trkpt>
      <trkpt lat="46.745951" lon="12.967253"><ele>626.7</ele></trkpt>
      <trkpt lat="46.745976" lon="12.967917"><ele>625.73</ele></trkpt>
      <trkpt lat="46.745979" lon="12.968392"><ele>626.48</ele></trkpt>
      <trkpt lat="46.745971" lon="12.968499999999999"><ele>626.5</ele></trkpt>
      <trkpt lat="46.745815" lon="12.969565"><ele>627.66</ele></trkpt>
      <trkpt lat="46.745889999999996" lon="12.96961"><ele>627.2</ele></trkpt>
      <trkpt lat="46.745971999999995" lon="12.96969"><ele>626.61</ele></trkpt>
      <trkpt lat="46.746241999999995" lon="12.970011"><ele>624.53</ele></trkpt>
      <trkpt lat="46.746469999999995" lon="12.970237"><ele>623.41</ele></trkpt>
      <trkpt lat="46.746544" lon="12.970291"><ele>622.89</ele></trkpt>
      <trkpt lat="46.746793" lon="12.97041"><ele>622.5</ele></trkpt>
      <trkpt lat="46.746952" lon="12.97045"><ele>622.92</ele></trkpt>
      <trkpt lat="46.746949" lon="12.970509"><ele>622.95</ele></trkpt>
      <trkpt lat="46.747031" lon="12.970523"><ele>622.06</ele></trkpt>
      <trkpt lat="46.747536" lon="12.9705"><ele>621.04</ele></trkpt>
      <trkpt lat="46.747620999999995" lon="12.970519"><ele>621.22</ele></trkpt>
      <trkpt lat="46.747661" lon="12.970547"><ele>621.32</ele></trkpt>
      <trkpt lat="46.747707" lon="12.970597999999999"><ele>621.46</ele></trkpt>
      <trkpt lat="46.747735999999996" lon="12.970677"><ele>621.98</ele></trkpt>
      <trkpt lat="46.747735" lon="12.970747"><ele>622.08</ele></trkpt>
      <trkpt lat="46.747783" lon="12.970868"><ele>622.66</ele></trkpt>
      <trkpt lat="46.747783999999996" lon="12.971397999999999"><ele>622.32</ele></trkpt>
      <trkpt lat="46.747811999999996" lon="12.971795"><ele>621.58</ele></trkpt>
      <trkpt lat="46.747854" lon="12.972038"><ele>621</ele></trkpt>
      <trkpt lat="46.74783" lon="12.97231"><ele>620.99</ele></trkpt>
      <trkpt lat="46.747841" lon="12.972517"><ele>620.83</ele></trkpt>
      <trkpt lat="46.747892" lon="12.972743999999999"><ele>620.78</ele></trkpt>
      <trkpt lat="46.747966999999996" lon="12.973004999999999"><ele>620.71</ele></trkpt>
      <trkpt lat="46.748073999999995" lon="12.973288"><ele>620.93</ele></trkpt>
      <trkpt lat="46.748158" lon="12.973476999999999"><ele>620.6</ele></trkpt>
      <trkpt lat="46.748191999999996" lon="12.973526"><ele>620.48</ele></trkpt>
      <trkpt lat="46.748297" lon="12.973638999999999"><ele>620.13</ele></trkpt>
      <trkpt lat="46.748359" lon="12.973637"><ele>620</ele></trkpt>
      <trkpt lat="46.748552" lon="12.974026"><ele>620</ele></trkpt>
      <trkpt lat="46.748518999999995" lon="12.974065"><ele>620</ele></trkpt>
      <trkpt lat="46.748442999999995" lon="12.974326999999999"><ele>620</ele></trkpt>
      <trkpt lat="46.748422999999995" lon="12.97443"><ele>620</ele></trkpt>
      <trkpt lat="46.748343" lon="12.976166"><ele>619.99</ele></trkpt>
      <trkpt lat="46.748331" lon="12.977048"><ele>619.97</ele></trkpt>
      <trkpt lat="46.748374999999996" lon="12.978278999999999"><ele>620</ele></trkpt>
      <trkpt lat="46.748371999999996" lon="12.978627999999999"><ele>619.86</ele></trkpt>
      <trkpt lat="46.748312" lon="12.979301999999999"><ele>619.32</ele></trkpt>
      <trkpt lat="46.748121999999995" lon="12.980070999999999"><ele>619.24</ele></trkpt>
      <trkpt lat="46.747927" lon="12.980618999999999"><ele>618.75</ele></trkpt>
      <trkpt lat="46.747363" lon="12.981601"><ele>618.65</ele></trkpt>
      <trkpt lat="46.746973999999994" lon="12.98209"><ele>618.88</ele></trkpt>
      <trkpt lat="46.746794" lon="12.982267"><ele>618.82</ele></trkpt>
      <trkpt lat="46.746185" lon="12.982742"><ele>618.47</ele></trkpt>
      <trkpt lat="46.74587" lon="12.982934"><ele>618.16</ele></trkpt>
      <trkpt lat="46.745779" lon="12.982952"><ele>617.84</ele></trkpt>
      <trkpt lat="46.745675" lon="12.982992999999999"><ele>617.31</ele></trkpt>
      <trkpt lat="46.745633999999995" lon="12.983001"><ele>617.2</ele></trkpt>
      <trkpt lat="46.745598" lon="12.982992999999999"><ele>617.17</ele></trkpt>
      <trkpt lat="46.745515999999995" lon="12.983011"><ele>617.05</ele></trkpt>
      <trkpt lat="46.745444" lon="12.983106"><ele>616.81</ele></trkpt>
      <trkpt lat="46.74528" lon="12.983255"><ele>617.18</ele></trkpt>
      <trkpt lat="46.744757" lon="12.983512999999999"><ele>617.18</ele></trkpt>
      <trkpt lat="46.744242" lon="12.983813"><ele>617.22</ele></trkpt>
      <trkpt lat="46.744063" lon="12.983903999999999"><ele>617.24</ele></trkpt>
      <trkpt lat="46.743862" lon="12.984052"><ele>617.28</ele></trkpt>
      <trkpt lat="46.743261" lon="12.984530999999999"><ele>617.43</ele></trkpt>
      <trkpt lat="46.742754" lon="12.985035"><ele>617.43</ele></trkpt>
      <trkpt lat="46.742306" lon="12.985629"><ele>617.12</ele></trkpt>
      <trkpt lat="46.742098" lon="12.986002"><ele>617.02</ele></trkpt>
      <trkpt lat="46.741673999999996" lon="12.986892"><ele>617.08</ele></trkpt>
      <trkpt lat="46.741461" lon="12.987364999999999"><ele>617.02</ele></trkpt>
      <trkpt lat="46.741079" lon="12.988824"><ele>616.36</ele></trkpt>
      <trkpt lat="46.740939" lon="12.989661"><ele>616.23</ele></trkpt>
      <trkpt lat="46.740887" lon="12.990074"><ele>616.11</ele></trkpt>
      <trkpt lat="46.740853" lon="12.990502999999999"><ele>616.02</ele></trkpt>
      <trkpt lat="46.740783" lon="12.99171"><ele>615.58</ele></trkpt>
      <trkpt lat="46.740767999999996" lon="12.992272"><ele>616.07</ele></trkpt>
      <trkpt lat="46.740739999999995" lon="12.992821999999999"><ele>615.92</ele></trkpt>
      <trkpt lat="46.740680999999995" lon="12.993682999999999"><ele>615.43</ele></trkpt>
      <trkpt lat="46.740705" lon="12.99456"><ele>615.21</ele></trkpt>
      <trkpt lat="46.740693" lon="12.994705"><ele>615.67</ele></trkpt>
      <trkpt lat="46.740648" lon="12.994904"><ele>615.31</ele></trkpt>
      <trkpt lat="46.740629" lon="12.995058"><ele>615.13</ele></trkpt>
      <trkpt lat="46.740623" lon="12.995179"><ele>615.05</ele></trkpt>
      <trkpt lat="46.740635" lon="12.995467999999999"><ele>615.11</ele></trkpt>
      <trkpt lat="46.740569" lon="12.996221"><ele>615.44</ele></trkpt>
      <trkpt lat="46.74051" lon="12.997236"><ele>615.27</ele></trkpt>
      <trkpt lat="46.740455999999995" lon="12.997902"><ele>614.63</ele></trkpt>
      <trkpt lat="46.740441999999994" lon="12.998273"><ele>614.3</ele></trkpt>
      <trkpt lat="46.740403" lon="12.998776999999999"><ele>614.06</ele></trkpt>
      <trkpt lat="46.740356" lon="12.999685999999999"><ele>614.32</ele></trkpt>
      <trkpt lat="46.740257" lon="13.000497"><ele>614.77</ele></trkpt>
      <trkpt lat="46.740252" lon="13.000689"><ele>614.82</ele></trkpt>
      <trkpt lat="46.740263" lon="13.000807"><ele>614.83</ele></trkpt>
      <trkpt lat="46.740362" lon="13.001061"><ele>614.8</ele></trkpt>
      <trkpt lat="46.740387999999996" lon="13.00119"><ele>614.78</ele></trkpt>
      <trkpt lat="46.740392" lon="13.001273"><ele>614.77</ele></trkpt>
      <trkpt lat="46.740382" lon="13.001749"><ele>614.75</ele></trkpt>
      <trkpt lat="46.740369" lon="13.002013"><ele>614.69</ele></trkpt>
      <trkpt lat="46.740316" lon="13.002294"><ele>614.66</ele></trkpt>
      <trkpt lat="46.740258999999995" lon="13.002533"><ele>614.69</ele></trkpt>
      <trkpt lat="46.740241999999995" lon="13.002671"><ele>614.7</ele></trkpt>
      <trkpt lat="46.740241" lon="13.002913999999999"><ele>614.66</ele></trkpt>
      <trkpt lat="46.740263999999996" lon="13.003172"><ele>614.49</ele></trkpt>
      <trkpt lat="46.740313" lon="13.003532"><ele>614.27</ele></trkpt>
      <trkpt lat="46.740376999999995" lon="13.003876"><ele>614.15</ele></trkpt>
      <trkpt lat="46.740418999999996" lon="13.004052999999999"><ele>614.07</ele></trkpt>
      <trkpt lat="46.740539999999996" lon="13.004361"><ele>613.88</ele></trkpt>
      <trkpt lat="46.740809" lon="13.005277999999999"><ele>613.68</ele></trkpt>
      <trkpt lat="46.741065" lon="13.006299"><ele>613.68</ele></trkpt>
      <trkpt lat="46.74113" lon="13.006788"><ele>613.88</ele></trkpt>
      <trkpt lat="46.741164" lon="13.007163"><ele>614</ele></trkpt>
      <trkpt lat="46.741129" lon="13.007686999999999"><ele>613.83</ele></trkpt>
      <trkpt lat="46.741082" lon="13.008058"><ele>613.35</ele></trkpt>
      <trkpt lat="46.741048" lon="13.008211999999999"><ele>613.33</ele></trkpt>
      <trkpt lat="46.740936999999995" lon="13.008626999999999"><ele>612.98</ele></trkpt>
      <trkpt lat="46.740815" lon="13.008953"><ele>612.72</ele></trkpt>
      <trkpt lat="46.740705" lon="13.009207"><ele>612.61</ele></trkpt>
      <trkpt lat="46.740296" lon="13.010048999999999"><ele>612.41</ele></trkpt>
      <trkpt lat="46.739898" lon="13.010943"><ele>612.57</ele></trkpt>
      <trkpt lat="46.739715" lon="13.011453"><ele>612.71</ele></trkpt>
      <trkpt lat="46.739532999999994" lon="13.012087"><ele>613.06</ele></trkpt>
      <trkpt lat="46.739484" lon="13.012611999999999"><ele>613.86</ele></trkpt>
      <trkpt lat="46.739292" lon="13.013095"><ele>612.85</ele></trkpt>
      <trkpt lat="46.739174999999996" lon="13.01351"><ele>612.47</ele></trkpt>
      <trkpt lat="46.739092" lon="13.013943"><ele>612.18</ele></trkpt>
      <trkpt lat="46.739087999999995" lon="13.014325"><ele>612.08</ele></trkpt>
      <trkpt lat="46.739098999999996" lon="13.014899"><ele>611.97</ele></trkpt>
      <trkpt lat="46.739188999999996" lon="13.016402"><ele>611.6</ele></trkpt>
      <trkpt lat="46.739183999999995" lon="13.016549999999999"><ele>611.53</ele></trkpt>
      <trkpt lat="46.739097" lon="13.016990999999999"><ele>611.33</ele></trkpt>
      <trkpt lat="46.739109" lon="13.017693"><ele>611.22</ele></trkpt>
      <trkpt lat="46.739160999999996" lon="13.018220999999999"><ele>611.33</ele></trkpt>
      <trkpt lat="46.739152" lon="13.018505"><ele>611.31</ele></trkpt>
      <trkpt lat="46.739090999999995" lon="13.019055999999999"><ele>611.13</ele></trkpt>
      <trkpt lat="46.739016" lon="13.019585"><ele>610.96</ele></trkpt>
      <trkpt lat="46.738927" lon="13.020341"><ele>610.65</ele></trkpt>
      <trkpt lat="46.738755" lon="13.02118"><ele>610.61</ele></trkpt>
      <trkpt lat="46.738679" lon="13.021854"><ele>610.72</ele></trkpt>
      <trkpt lat="46.738614999999996" lon="13.022196"><ele>610.71</ele></trkpt>
      <trkpt lat="46.738406999999995" lon="13.022884"><ele>610.53</ele></trkpt>
      <trkpt lat="46.738267" lon="13.023219"><ele>610.2</ele></trkpt>
      <trkpt lat="46.738191" lon="13.023541999999999"><ele>610.23</ele></trkpt>
      <trkpt lat="46.737992" lon="13.023925"><ele>610.66</ele></trkpt>
      <trkpt lat="46.737902999999996" lon="13.024341999999999"><ele>610.05</ele></trkpt>
      <trkpt lat="46.737877999999995" lon="13.024488999999999"><ele>609.96</ele></trkpt>
      <trkpt lat="46.737859" lon="13.024554"><ele>610.34</ele></trkpt>
      <trkpt lat="46.737676" lon="13.024529999999999"><ele>610.38</ele></trkpt>
      <trkpt lat="46.737244999999994" lon="13.024999999999999"><ele>610.36</ele></trkpt>
      <trkpt lat="46.737165" lon="13.025056"><ele>610.34</ele></trkpt>
      <trkpt lat="46.736748999999996" lon="13.025507999999999"><ele>610.25</ele></trkpt>
      <trkpt lat="46.73636" lon="13.025955"><ele>610.29</ele></trkpt>
      <trkpt lat="46.736343" lon="13.026000999999999"><ele>610.29</ele></trkpt>
      <trkpt lat="46.736354999999996" lon="13.026050999999999"><ele>610.29</ele></trkpt>
      <trkpt lat="46.736401" lon="13.026085"><ele>610.29</ele></trkpt>
      <trkpt lat="46.736452" lon="13.026083"><ele>610.29</ele></trkpt>
      <trkpt lat="46.736815" lon="13.026017"><ele>610.26</ele></trkpt>
      <trkpt lat="46.73688" lon="13.026048999999999"><ele>610.24</ele></trkpt>
      <trkpt lat="46.736908" lon="13.026107999999999"><ele>610.24</ele></trkpt>
      <trkpt lat="46.736943" lon="13.026332"><ele>610.18</ele></trkpt>
      <trkpt lat="46.737075999999995" lon="13.027018"><ele>609.99</ele></trkpt>
      <trkpt lat="46.737072" lon="13.027099"><ele>609.97</ele></trkpt>
      <trkpt lat="46.737034" lon="13.027254"><ele>609.93</ele></trkpt>
      <trkpt lat="46.736996" lon="13.027370999999999"><ele>609.89</ele></trkpt>
      <trkpt lat="46.736979" lon="13.027467"><ele>609.85</ele></trkpt>
      <trkpt lat="46.736979" lon="13.027573"><ele>609.81</ele></trkpt>
      <trkpt lat="46.736999" lon="13.027655999999999"><ele>609.77</ele></trkpt>
      <trkpt lat="46.737046" lon="13.027728999999999"><ele>609.73</ele></trkpt>
      <trkpt lat="46.737826" lon="13.027706"><ele>609.52</ele></trkpt>
      <trkpt lat="46.737874999999995" lon="13.027721999999999"><ele>609.54</ele></trkpt>
      <trkpt lat="46.737919999999995" lon="13.027769"><ele>609.56</ele></trkpt>
      <trkpt lat="46.737956" lon="13.027846"><ele>609.6</ele></trkpt>
      <trkpt lat="46.737975" lon="13.027966"><ele>609.66</ele></trkpt>
      <trkpt lat="46.737988" lon="13.028179"><ele>609.78</ele></trkpt>
      <trkpt lat="46.737959" lon="13.028499"><ele>610.02</ele></trkpt>
      <trkpt lat="46.737942" lon="13.028817"><ele>610.46</ele></trkpt>
      <trkpt lat="46.737953" lon="13.028862"><ele>610.56</ele></trkpt>
      <trkpt lat="46.737975999999996" lon="13.0289"><ele>610.69</ele></trkpt>
      <trkpt lat="46.738011" lon="13.030472"><ele>609.41</ele></trkpt>
      <trkpt lat="46.738065999999996" lon="13.034898"><ele>608.04</ele></trkpt>
      <trkpt lat="46.738074" lon="13.036011"><ele>608.08</ele></trkpt>
      <trkpt lat="46.738063" lon="13.036213"><ele>608.09</ele></trkpt>
      <trkpt lat="46.738018" lon="13.036503"><ele>608.16</ele></trkpt>
      <trkpt lat="46.737997" lon="13.036755"><ele>608.28</ele></trkpt>
      <trkpt lat="46.738006" lon="13.03693"><ele>608.16</ele></trkpt>
      <trkpt lat="46.738065" lon="13.037314"><ele>607.9</ele></trkpt>
      <trkpt lat="46.738088999999995" lon="13.038425"><ele>607.11</ele></trkpt>
      <trkpt lat="46.738085999999996" lon="13.039691999999999"><ele>606.87</ele></trkpt>
      <trkpt lat="46.738104" lon="13.040163"><ele>606.88</ele></trkpt>
      <trkpt lat="46.738144" lon="13.042079999999999"><ele>607</ele></trkpt>
      <trkpt lat="46.73816" lon="13.042954"><ele>606.91</ele></trkpt>
      <trkpt lat="46.738164" lon="13.043706"><ele>606.78</ele></trkpt>
      <trkpt lat="46.73815" lon="13.043828999999999"><ele>606.82</ele></trkpt>
      <trkpt lat="46.738088999999995" lon="13.044051999999999"><ele>606.99</ele></trkpt>
      <trkpt lat="46.738040999999996" lon="13.044113"><ele>606.95</ele></trkpt>
      <trkpt lat="46.737991" lon="13.044137"><ele>606.75</ele></trkpt>
      <trkpt lat="46.737941" lon="13.04421"><ele>606.39</ele></trkpt>
      <trkpt lat="46.737894999999995" lon="13.044300999999999"><ele>606.1</ele></trkpt>
      <trkpt lat="46.737818" lon="13.044556"><ele>605.66</ele></trkpt>
      <trkpt lat="46.737806" lon="13.044665"><ele>605.58</ele></trkpt>
      <trkpt lat="46.737804" lon="13.04477"><ele>605.59</ele></trkpt>
      <trkpt lat="46.737828" lon="13.044989999999999"><ele>605.65</ele></trkpt>
      <trkpt lat="46.737950999999995" lon="13.045739"><ele>605.66</ele></trkpt>
      <trkpt lat="46.737953999999995" lon="13.045943"><ele>605.76</ele></trkpt>
      <trkpt lat="46.737877" lon="13.047232999999999"><ele>606.1</ele></trkpt>
      <trkpt lat="46.738243999999995" lon="13.048763"><ele>606.57</ele></trkpt>
      <trkpt lat="46.738243" lon="13.051179"><ele>606.48</ele></trkpt>
      <trkpt lat="46.738212" lon="13.051497999999999"><ele>606.3</ele></trkpt>
      <trkpt lat="46.738185" lon="13.051687"><ele>606.01</ele></trkpt>
      <trkpt lat="46.738181" lon="13.051877999999999"><ele>605.91</ele></trkpt>
      <trkpt lat="46.738184" lon="13.052012"><ele>605.95</ele></trkpt>
      <trkpt lat="46.738243" lon="13.052425"><ele>606.25</ele></trkpt>
      <trkpt lat="46.738254" lon="13.052572999999999"><ele>606.24</ele></trkpt>
      <trkpt lat="46.738271" lon="13.053803"><ele>605.92</ele></trkpt>
      <trkpt lat="46.738267" lon="13.054317"><ele>605.76</ele></trkpt>
      <trkpt lat="46.738307999999996" lon="13.055845"><ele>605.11</ele></trkpt>
      <trkpt lat="46.738313999999995" lon="13.057013999999999"><ele>604.91</ele></trkpt>
      <trkpt lat="46.738295" lon="13.057241999999999"><ele>604.9</ele></trkpt>
      <trkpt lat="46.738229999999994" lon="13.057602"><ele>604.93</ele></trkpt>
      <trkpt lat="46.738257999999995" lon="13.058397999999999"><ele>604.8</ele></trkpt>
      <trkpt lat="46.738226999999995" lon="13.060260999999999"><ele>604.55</ele></trkpt>
      <trkpt lat="46.738028" lon="13.062664999999999"><ele>604.11</ele></trkpt>
      <trkpt lat="46.737868999999996" lon="13.064084999999999"><ele>603.47</ele></trkpt>
      <trkpt lat="46.737686" lon="13.065251"><ele>603.32</ele></trkpt>
      <trkpt lat="46.737528" lon="13.065942999999999"><ele>603.47</ele></trkpt>
      <trkpt lat="46.737468" lon="13.066301999999999"><ele>603.61</ele></trkpt>
      <trkpt lat="46.737410999999994" lon="13.066547"><ele>604.06</ele></trkpt>
      <trkpt lat="46.737397" lon="13.066661999999999"><ele>604.25</ele></trkpt>
      <trkpt lat="46.737351" lon="13.066823"><ele>603.76</ele></trkpt>
      <trkpt lat="46.737341" lon="13.067044"><ele>603.51</ele></trkpt>
      <trkpt lat="46.737311999999996" lon="13.067283"><ele>603.59</ele></trkpt>
      <trkpt lat="46.737201999999996" lon="13.067779999999999"><ele>603.58</ele></trkpt>
      <trkpt lat="46.736922" lon="13.069215999999999"><ele>603.42</ele></trkpt>
      <trkpt lat="46.736602999999995" lon="13.070625"><ele>603.65</ele></trkpt>
      <trkpt lat="46.736446" lon="13.071228999999999"><ele>603.59</ele></trkpt>
      <trkpt lat="46.736304" lon="13.071906"><ele>603.45</ele></trkpt>
      <trkpt lat="46.735994" lon="13.073563"><ele>603.44</ele></trkpt>
      <trkpt lat="46.735943" lon="13.073732"><ele>603.39</ele></trkpt>
      <trkpt lat="46.735901999999996" lon="13.073787999999999"><ele>603.37</ele></trkpt>
      <trkpt lat="46.735828" lon="13.073815999999999"><ele>603.35</ele></trkpt>
      <trkpt lat="46.735532" lon="13.073749999999999"><ele>603.28</ele></trkpt>
      <trkpt lat="46.735485" lon="13.073761999999999"><ele>603.27</ele></trkpt>
      <trkpt lat="46.735431999999996" lon="13.073818"><ele>603.24</ele></trkpt>
      <trkpt lat="46.73514" lon="13.074532"><ele>603.11</ele></trkpt>
      <trkpt lat="46.734891999999995" lon="13.07518"><ele>602.8</ele></trkpt>
      <trkpt lat="46.734781" lon="13.075975"><ele>602.28</ele></trkpt>
      <trkpt lat="46.734738" lon="13.076497999999999"><ele>602.94</ele></trkpt>
      <trkpt lat="46.734655" lon="13.07756"><ele>602.94</ele></trkpt>
      <trkpt lat="46.734662" lon="13.077727999999999"><ele>602.93</ele></trkpt>
      <trkpt lat="46.734744" lon="13.078541999999999"><ele>602.98</ele></trkpt>
      <trkpt lat="46.734728999999994" lon="13.078636"><ele>603.18</ele></trkpt>
      <trkpt lat="46.734708" lon="13.078935"><ele>604.59</ele></trkpt>
      <trkpt lat="46.734527" lon="13.078873999999999"><ele>605.4</ele></trkpt>
      <trkpt lat="46.734344" lon="13.078828999999999"><ele>604.55</ele></trkpt>
      <trkpt lat="46.733427" lon="13.078664999999999"><ele>605.28</ele></trkpt>
      <trkpt lat="46.733286" lon="13.078584999999999"><ele>606.17</ele></trkpt>
      <trkpt lat="46.733194999999995" lon="13.078484999999999"><ele>605.85</ele></trkpt>
      <trkpt lat="46.733126999999996" lon="13.078377"><ele>605.31</ele></trkpt>
      <trkpt lat="46.732760999999996" lon="13.07918"><ele>602.75</ele></trkpt>
      <trkpt lat="46.732685" lon="13.079383"><ele>602.52</ele></trkpt>
      <trkpt lat="46.732628" lon="13.079585999999999"><ele>602.27</ele></trkpt>
      <trkpt lat="46.732495" lon="13.079937"><ele>602.08</ele></trkpt>
      <trkpt lat="46.73211" lon="13.080720999999999"><ele>602</ele></trkpt>
      <trkpt lat="46.73173" lon="13.081468"><ele>602</ele></trkpt>
      <trkpt lat="46.731694999999995" lon="13.081513"><ele>601.99</ele></trkpt>
      <trkpt lat="46.731648" lon="13.081552"><ele>601.98</ele></trkpt>
      <trkpt lat="46.731366" lon="13.081636"><ele>601.97</ele></trkpt>
      <trkpt lat="46.731314" lon="13.08169"><ele>601.97</ele></trkpt>
      <trkpt lat="46.731286" lon="13.081774"><ele>601.98</ele></trkpt>
      <trkpt lat="46.731268" lon="13.082022"><ele>601.98</ele></trkpt>
      <trkpt lat="46.731249999999996" lon="13.08213"><ele>601.98</ele></trkpt>
      <trkpt lat="46.731007999999996" lon="13.082621999999999"><ele>602</ele></trkpt>
      <trkpt lat="46.730965999999995" lon="13.082739"><ele>602</ele></trkpt>
      <trkpt lat="46.730937" lon="13.082894"><ele>602</ele></trkpt>
      <trkpt lat="46.730909" lon="13.083288"><ele>601.96</ele></trkpt>
      <trkpt lat="46.730909" lon="13.083513"><ele>601.92</ele></trkpt>
      <trkpt lat="46.7309" lon="13.083727"><ele>601.86</ele></trkpt>
      <trkpt lat="46.730638" lon="13.084857"><ele>602.2</ele></trkpt>
      <trkpt lat="46.730605999999995" lon="13.085008"><ele>602.39</ele></trkpt>
      <trkpt lat="46.730593" lon="13.08518"><ele>602.65</ele></trkpt>
      <trkpt lat="46.730604" lon="13.085341"><ele>602.95</ele></trkpt>
      <trkpt lat="46.730636" lon="13.085536"><ele>603.39</ele></trkpt>
      <trkpt lat="46.730781" lon="13.08577"><ele>604.17</ele></trkpt>
      <trkpt lat="46.730821" lon="13.085887999999999"><ele>604.52</ele></trkpt>
      <trkpt lat="46.730810999999996" lon="13.086056"><ele>604.95</ele></trkpt>
      <trkpt lat="46.730776" lon="13.086288"><ele>605.63</ele></trkpt>
      <trkpt lat="46.730748999999996" lon="13.086658"><ele>606.23</ele></trkpt>
      <trkpt lat="46.730765" lon="13.087029"><ele>605.86</ele></trkpt>
      <trkpt lat="46.730785" lon="13.088045"><ele>606.09</ele></trkpt>
      <trkpt lat="46.730861999999995" lon="13.088398999999999"><ele>606.66</ele></trkpt>
      <trkpt lat="46.731268" lon="13.088896"><ele>607.76</ele></trkpt>
      <trkpt lat="46.731445" lon="13.089212"><ele>607.98</ele></trkpt>
      <trkpt lat="46.73162" lon="13.089784"><ele>607.44</ele></trkpt>
      <trkpt lat="46.731645" lon="13.089958999999999"><ele>607.18</ele></trkpt>
      <trkpt lat="46.731643999999996" lon="13.090143"><ele>606.93</ele></trkpt>
      <trkpt lat="46.731629" lon="13.090316999999999"><ele>606.69</ele></trkpt>
      <trkpt lat="46.731468" lon="13.090990999999999"><ele>605.37</ele></trkpt>
      <trkpt lat="46.731414" lon="13.091306999999999"><ele>604.89</ele></trkpt>
      <trkpt lat="46.731353" lon="13.091562"><ele>604.65</ele></trkpt>
      <trkpt lat="46.731232" lon="13.091883999999999"><ele>604.28</ele></trkpt>
      <trkpt lat="46.731193" lon="13.092146"><ele>603.93</ele></trkpt>
      <trkpt lat="46.731187999999996" lon="13.092457999999999"><ele>603.52</ele></trkpt>
      <trkpt lat="46.731128999999996" lon="13.093321999999999"><ele>604.05</ele></trkpt>
      <trkpt lat="46.731010999999995" lon="13.094045999999999"><ele>603.99</ele></trkpt>
      <trkpt lat="46.731055" lon="13.094529"><ele>604.09</ele></trkpt>
      <trkpt lat="46.731142999999996" lon="13.095042999999999"><ele>603.74</ele></trkpt>
      <trkpt lat="46.731317999999995" lon="13.09548"><ele>603.36</ele></trkpt>
      <trkpt lat="46.731313" lon="13.096991"><ele>603.64</ele></trkpt>
      <trkpt lat="46.731595999999996" lon="13.09793"><ele>604.9</ele></trkpt>
      <trkpt lat="46.731733" lon="13.098265999999999"><ele>605.65</ele></trkpt>
      <trkpt lat="46.731848" lon="13.098502"><ele>605.98</ele></trkpt>
      <trkpt lat="46.732245" lon="13.099022999999999"><ele>606.53</ele></trkpt>
      <trkpt lat="46.732257999999995" lon="13.09911"><ele>606.52</ele></trkpt>
      <trkpt lat="46.732261" lon="13.09919"><ele>606.48</ele></trkpt>
      <trkpt lat="46.732203" lon="13.099542"><ele>606.03</ele></trkpt>
      <trkpt lat="46.732124999999996" lon="13.09985"><ele>605.4</ele></trkpt>
      <trkpt lat="46.731897" lon="13.100499"><ele>605.59</ele></trkpt>
      <trkpt lat="46.731837999999996" lon="13.10081"><ele>605.68</ele></trkpt>
      <trkpt lat="46.731846" lon="13.101084"><ele>606.02</ele></trkpt>
      <trkpt lat="46.73214" lon="13.101567"><ele>607.7</ele></trkpt>
      <trkpt lat="46.732172999999996" lon="13.101818999999999"><ele>608.38</ele></trkpt>
      <trkpt lat="46.732158" lon="13.102082"><ele>609.09</ele></trkpt>
      <trkpt lat="46.732366" lon="13.102571999999999"><ele>610.97</ele></trkpt>
      <trkpt lat="46.732552" lon="13.103525"><ele>612.62</ele></trkpt>
      <trkpt lat="46.732614" lon="13.10412"><ele>613.86</ele></trkpt>
      <trkpt lat="46.732558999999995" lon="13.104496"><ele>614.85</ele></trkpt>
      <trkpt lat="46.731908" lon="13.105182"><ele>619.08</ele></trkpt>
      <trkpt lat="46.731769" lon="13.105488"><ele>620.48</ele></trkpt>
      <trkpt lat="46.731673" lon="13.106019"><ele>622.49</ele></trkpt>
      <trkpt lat="46.731559" lon="13.106593"><ele>624.51</ele></trkpt>
      <trkpt lat="46.731504" lon="13.106648"><ele>625.07</ele></trkpt>
      <trkpt lat="46.731455" lon="13.106639999999999"><ele>625.56</ele></trkpt>
      <trkpt lat="46.731080999999996" lon="13.106658"><ele>630.45</ele></trkpt>
      <trkpt lat="46.731035" lon="13.106696999999999"><ele>631.61</ele></trkpt>
      <trkpt lat="46.730990999999996" lon="13.106755999999999"><ele>633.02</ele></trkpt>
      <trkpt lat="46.730908" lon="13.106981"><ele>630.51</ele></trkpt>
      <trkpt lat="46.730882" lon="13.107092"><ele>629.05</ele></trkpt>
      <trkpt lat="46.730936" lon="13.107242"><ele>626.43</ele></trkpt>
      <trkpt lat="46.731004" lon="13.107361"><ele>626.96</ele></trkpt>
      <trkpt lat="46.731165999999995" lon="13.107467"><ele>626.76</ele></trkpt>
      <trkpt lat="46.731285" lon="13.107588999999999"><ele>626.01</ele></trkpt>
      <trkpt lat="46.731355" lon="13.107612"><ele>625.64</ele></trkpt>
      <trkpt lat="46.731874999999995" lon="13.10765"><ele>622.96</ele></trkpt>
      <trkpt lat="46.731953999999995" lon="13.107693"><ele>622.65</ele></trkpt>
      <trkpt lat="46.732107" lon="13.107902"><ele>622.56</ele></trkpt>
      <trkpt lat="46.732161999999995" lon="13.108008"><ele>622.4</ele></trkpt>
      <trkpt lat="46.732215" lon="13.108220999999999"><ele>622.38</ele></trkpt>
      <trkpt lat="46.732459999999996" lon="13.108816"><ele>620.68</ele></trkpt>
      <trkpt lat="46.732516" lon="13.109046999999999"><ele>620.28</ele></trkpt>
      <trkpt lat="46.732651" lon="13.109388"><ele>619.55</ele></trkpt>
      <trkpt lat="46.732707999999995" lon="13.10965"><ele>619</ele></trkpt>
      <trkpt lat="46.732727999999994" lon="13.109914"><ele>618.46</ele></trkpt>
      <trkpt lat="46.732816" lon="13.110688"><ele>616.84</ele></trkpt>
      <trkpt lat="46.732862999999995" lon="13.111203"><ele>615.63</ele></trkpt>
      <trkpt lat="46.732923" lon="13.111616999999999"><ele>614.76</ele></trkpt>
      <trkpt lat="46.733004" lon="13.112043"><ele>613.82</ele></trkpt>
      <trkpt lat="46.733098999999996" lon="13.1123"><ele>613.16</ele></trkpt>
      <trkpt lat="46.733142" lon="13.112485"><ele>612.72</ele></trkpt>
      <trkpt lat="46.733165" lon="13.112661"><ele>612.32</ele></trkpt>
      <trkpt lat="46.733191" lon="13.113226"><ele>610.91</ele></trkpt>
      <trkpt lat="46.733222999999995" lon="13.113465999999999"><ele>610.4</ele></trkpt>
      <trkpt lat="46.733205" lon="13.113985999999999"><ele>609.68</ele></trkpt>
      <trkpt lat="46.733201" lon="13.114334999999999"><ele>609.48</ele></trkpt>
      <trkpt lat="46.733311" lon="13.114664999999999"><ele>609.87</ele></trkpt>
      <trkpt lat="46.733326999999996" lon="13.114773999999999"><ele>610.1</ele></trkpt>
      <trkpt lat="46.733332" lon="13.115409999999999"><ele>611.6</ele></trkpt>
      <trkpt lat="46.733446" lon="13.11661"><ele>613.95</ele></trkpt>
      <trkpt lat="46.733478" lon="13.11702"><ele>614.56</ele></trkpt>
      <trkpt lat="46.733501" lon="13.118053"><ele>615.99</ele></trkpt>
      <trkpt lat="46.733483" lon="13.118369999999999"><ele>616.54</ele></trkpt>
      <trkpt lat="46.733442" lon="13.118751999999999"><ele>617.21</ele></trkpt>
      <trkpt lat="46.73339" lon="13.119000999999999"><ele>617.58</ele></trkpt>
      <trkpt lat="46.733323" lon="13.119252999999999"><ele>618.01</ele></trkpt>
      <trkpt lat="46.733094" lon="13.119866"><ele>618.77</ele></trkpt>
      <trkpt lat="46.73308" lon="13.120052999999999"><ele>618.47</ele></trkpt>
      <trkpt lat="46.733078" lon="13.120279"><ele>617.86</ele></trkpt>
      <trkpt lat="46.733084999999996" lon="13.120394"><ele>617.47</ele></trkpt>
      <trkpt lat="46.733118999999995" lon="13.120508"><ele>617.1</ele></trkpt>
      <trkpt lat="46.733165" lon="13.12063"><ele>616.68</ele></trkpt>
      <trkpt lat="46.733241" lon="13.120747999999999"><ele>616.11</ele></trkpt>
      <trkpt lat="46.7333" lon="13.120802"><ele>615.8</ele></trkpt>
      <trkpt lat="46.733622999999994" lon="13.120970999999999"><ele>614.01</ele></trkpt>
      <trkpt lat="46.733889" lon="13.121138"><ele>615.19</ele></trkpt>
      <trkpt lat="46.734080999999996" lon="13.121267"><ele>616.13</ele></trkpt>
      <trkpt lat="46.734184" lon="13.121369999999999"><ele>616.87</ele></trkpt>
      <trkpt lat="46.734271" lon="13.121499"><ele>617</ele></trkpt>
      <trkpt lat="46.734300999999995" lon="13.121793"><ele>616.78</ele></trkpt>
      <trkpt lat="46.734184" lon="13.122034"><ele>616.54</ele></trkpt>
      <trkpt lat="46.733988" lon="13.122506"><ele>615.86</ele></trkpt>
      <trkpt lat="46.733937" lon="13.122663"><ele>615.61</ele></trkpt>
      <trkpt lat="46.733931" lon="13.122765999999999"><ele>615.47</ele></trkpt>
      <trkpt lat="46.733979" lon="13.123256999999999"><ele>614.99</ele></trkpt>
      <trkpt lat="46.733985999999994" lon="13.123826999999999"><ele>614.82</ele></trkpt>
      <trkpt lat="46.734044" lon="13.124540999999999"><ele>615.9</ele></trkpt>
      <trkpt lat="46.734069" lon="13.124602999999999"><ele>615.42</ele></trkpt>
      <trkpt lat="46.734032" lon="13.124685"><ele>616.38</ele></trkpt>
      <trkpt lat="46.734012" lon="13.124804"><ele>617.53</ele></trkpt>
      <trkpt lat="46.733951" lon="13.125437999999999"><ele>622.87</ele></trkpt>
      <trkpt lat="46.733948" lon="13.126427999999999"><ele>630.89</ele></trkpt>
      <trkpt lat="46.733838" lon="13.126750999999999"><ele>633.75</ele></trkpt>
      <trkpt lat="46.733615" lon="13.127025999999999"><ele>635.32</ele></trkpt>
      <trkpt lat="46.733489999999996" lon="13.127148"><ele>635.41</ele></trkpt>
      <trkpt lat="46.733349999999994" lon="13.127329999999999"><ele>635.13</ele></trkpt>
      <trkpt lat="46.732969" lon="13.128471"><ele>635.12</ele></trkpt>
      <trkpt lat="46.732968" lon="13.128627"><ele>634.97</ele></trkpt>
      <trkpt lat="46.733031999999994" lon="13.129156"><ele>632.44</ele></trkpt>
      <trkpt lat="46.733044" lon="13.129327"><ele>631.93</ele></trkpt>
      <trkpt lat="46.733053" lon="13.129759"><ele>630.37</ele></trkpt>
      <trkpt lat="46.733045999999995" lon="13.129971999999999"><ele>629.85</ele></trkpt>
      <trkpt lat="46.733016" lon="13.130407"><ele>628.8</ele></trkpt>
      <trkpt lat="46.733021" lon="13.130528"><ele>628.32</ele></trkpt>
      <trkpt lat="46.733081" lon="13.130999"><ele>627.1</ele></trkpt>
      <trkpt lat="46.733079" lon="13.131146"><ele>626.8</ele></trkpt>
      <trkpt lat="46.733061" lon="13.131345999999999"><ele>626.2</ele></trkpt>
      <trkpt lat="46.73303" lon="13.131554999999999"><ele>625.54</ele></trkpt>
      <trkpt lat="46.732994" lon="13.131934"><ele>624.31</ele></trkpt>
      <trkpt lat="46.732996" lon="13.132111"><ele>623.71</ele></trkpt>
      <trkpt lat="46.733205999999996" lon="13.133621"><ele>617.65</ele></trkpt>
      <trkpt lat="46.733211" lon="13.133714"><ele>617.29</ele></trkpt>
      <trkpt lat="46.733180999999995" lon="13.134471"><ele>614.36</ele></trkpt>
      <trkpt lat="46.733215" lon="13.134936"><ele>613.12</ele></trkpt>
      <trkpt lat="46.733204" lon="13.135076"><ele>612.77</ele></trkpt>
      <trkpt lat="46.733173" lon="13.135194"><ele>612.46</ele></trkpt>
      <trkpt lat="46.732966999999995" lon="13.135674"><ele>611.55</ele></trkpt>
      <trkpt lat="46.732949999999995" lon="13.135760999999999"><ele>611.48</ele></trkpt>
      <trkpt lat="46.732926" lon="13.136095"><ele>610.49</ele></trkpt>
      <trkpt lat="46.732904999999995" lon="13.136538"><ele>609.49</ele></trkpt>
      <trkpt lat="46.733044" lon="13.137533999999999"><ele>612.57</ele></trkpt>
      <trkpt lat="46.733047" lon="13.137615"><ele>612.69</ele></trkpt>
      <trkpt lat="46.733036999999996" lon="13.137684"><ele>612.78</ele></trkpt>
      <trkpt lat="46.732976" lon="13.13791"><ele>613.06</ele></trkpt>
      <trkpt lat="46.732969" lon="13.137986"><ele>613.13</ele></trkpt>
      <trkpt lat="46.732976" lon="13.138064"><ele>613.17</ele></trkpt>
      <trkpt lat="46.733092" lon="13.138494999999999"><ele>612.92</ele></trkpt>
      <trkpt lat="46.733157999999996" lon="13.138957"><ele>613.94</ele></trkpt>
      <trkpt lat="46.73312" lon="13.140132"><ele>614.38</ele></trkpt>
      <trkpt lat="46.732884999999996" lon="13.141119999999999"><ele>614.01</ele></trkpt>
      <trkpt lat="46.732867" lon="13.141295999999999"><ele>614.05</ele></trkpt>
      <trkpt lat="46.732834" lon="13.141366"><ele>614.08</ele></trkpt>
      <trkpt lat="46.732651" lon="13.141570999999999"><ele>614.18</ele></trkpt>
      <trkpt lat="46.732414" lon="13.141722999999999"><ele>614.51</ele></trkpt>
      <trkpt lat="46.73235" lon="13.141781"><ele>614.63</ele></trkpt>
      <trkpt lat="46.732292" lon="13.141883"><ele>614.74</ele></trkpt>
      <trkpt lat="46.73226" lon="13.142011"><ele>614.88</ele></trkpt>
      <trkpt lat="46.732161" lon="13.142647"><ele>615.35</ele></trkpt>
      <trkpt lat="46.731953" lon="13.143276"><ele>615.16</ele></trkpt>
      <trkpt lat="46.731936999999995" lon="13.143403999999999"><ele>615.38</ele></trkpt>
      <trkpt lat="46.731944999999996" lon="13.143535"><ele>615.57</ele></trkpt>
      <trkpt lat="46.731963" lon="13.143678"><ele>615.76</ele></trkpt>
      <trkpt lat="46.732014" lon="13.143877999999999"><ele>616.27</ele></trkpt>
      <trkpt lat="46.732206999999995" lon="13.14435"><ele>617.53</ele></trkpt>
      <trkpt lat="46.732274" lon="13.144537"><ele>617.99</ele></trkpt>
      <trkpt lat="46.73231" lon="13.144675999999999"><ele>618.31</ele></trkpt>
      <trkpt lat="46.73232" lon="13.144874999999999"><ele>618.73</ele></trkpt>
      <trkpt lat="46.732318" lon="13.145049"><ele>619.05</ele></trkpt>
      <trkpt lat="46.732254" lon="13.146393999999999"><ele>620.79</ele></trkpt>
      <trkpt lat="46.73223" lon="13.146592"><ele>621.09</ele></trkpt>
      <trkpt lat="46.732127999999996" lon="13.147029999999999"><ele>621.9</ele></trkpt>
      <trkpt lat="46.731697999999994" lon="13.148289"><ele>623.75</ele></trkpt>
      <trkpt lat="46.731680999999995" lon="13.148591999999999"><ele>622.99</ele></trkpt>
      <trkpt lat="46.731612" lon="13.148781999999999"><ele>622.44</ele></trkpt>
      <trkpt lat="46.731595" lon="13.148945999999999"><ele>621.86</ele></trkpt>
      <trkpt lat="46.731607" lon="13.149059999999999"><ele>621.45</ele></trkpt>
      <trkpt lat="46.731601999999995" lon="13.149156"><ele>621.02</ele></trkpt>
      <trkpt lat="46.731584999999995" lon="13.149296999999999"><ele>620.34</ele></trkpt>
      <trkpt lat="46.731479" lon="13.149721999999999"><ele>619.63</ele></trkpt>
      <trkpt lat="46.731488" lon="13.149808"><ele>619.33</ele></trkpt>
      <trkpt lat="46.73155" lon="13.149904"><ele>618.78</ele></trkpt>
      <trkpt lat="46.7316" lon="13.150069"><ele>618.05</ele></trkpt>
      <trkpt lat="46.731609" lon="13.150171"><ele>617.72</ele></trkpt>
      <trkpt lat="46.7316" lon="13.150329"><ele>617.26</ele></trkpt>
      <trkpt lat="46.731555" lon="13.150542"><ele>616.81</ele></trkpt>
      <trkpt lat="46.731443999999996" lon="13.150959"><ele>616.07</ele></trkpt>
      <trkpt lat="46.731454" lon="13.151036"><ele>615.91</ele></trkpt>
      <trkpt lat="46.731699" lon="13.151185"><ele>614.51</ele></trkpt>
      <trkpt lat="46.73189" lon="13.151377"><ele>613.39</ele></trkpt>
      <trkpt lat="46.732022" lon="13.15146"><ele>612.81</ele></trkpt>
      <trkpt lat="46.732212999999994" lon="13.151492"><ele>612.15</ele></trkpt>
      <trkpt lat="46.732440999999994" lon="13.151491"><ele>611.18</ele></trkpt>
      <trkpt lat="46.732675" lon="13.151513"><ele>609.83</ele></trkpt>
      <trkpt lat="46.732851" lon="13.151575999999999"><ele>608.75</ele></trkpt>
      <trkpt lat="46.733205999999996" lon="13.151816"><ele>606.36</ele></trkpt>
      <trkpt lat="46.733354" lon="13.151864"><ele>605.39</ele></trkpt>
      <trkpt lat="46.73386" lon="13.151971999999999"><ele>601.74</ele></trkpt>
      <trkpt lat="46.734308" lon="13.152275"><ele>597.71</ele></trkpt>
      <trkpt lat="46.734763" lon="13.152553999999999"><ele>593.34</ele></trkpt>
      <trkpt lat="46.734953999999995" lon="13.152768"><ele>591.85</ele></trkpt>
      <trkpt lat="46.735017" lon="13.15289"><ele>591.53</ele></trkpt>
      <trkpt lat="46.735085999999995" lon="13.153070999999999"><ele>591.23</ele></trkpt>
      <trkpt lat="46.735127999999996" lon="13.153232"><ele>591.16</ele></trkpt>
      <trkpt lat="46.735096999999996" lon="13.154143999999999"><ele>591</ele></trkpt>
      <trkpt lat="46.735158999999996" lon="13.156182999999999"><ele>590.47</ele></trkpt>
      <trkpt lat="46.735186" lon="13.156646"><ele>590.66</ele></trkpt>
      <trkpt lat="46.735279999999996" lon="13.157397"><ele>590.72</ele></trkpt>
      <trkpt lat="46.735285" lon="13.157503"><ele>590.73</ele></trkpt>
      <trkpt lat="46.735271" lon="13.157634"><ele>590.75</ele></trkpt>
      <trkpt lat="46.73524" lon="13.157751"><ele>590.76</ele></trkpt>
      <trkpt lat="46.735043" lon="13.158275"><ele>590.66</ele></trkpt>
      <trkpt lat="46.734992999999996" lon="13.158486"><ele>590.55</ele></trkpt>
      <trkpt lat="46.734908999999995" lon="13.159106"><ele>590.47</ele></trkpt>
      <trkpt lat="46.73487" lon="13.159305"><ele>590.45</ele></trkpt>
      <trkpt lat="46.734815" lon="13.159476999999999"><ele>590.41</ele></trkpt>
      <trkpt lat="46.734666999999995" lon="13.159816999999999"><ele>590.28</ele></trkpt>
      <trkpt lat="46.734549" lon="13.160119"><ele>590.24</ele></trkpt>
      <trkpt lat="46.734519999999996" lon="13.160224"><ele>590.23</ele></trkpt>
      <trkpt lat="46.734482" lon="13.160509999999999"><ele>590.24</ele></trkpt>
      <trkpt lat="46.734479" lon="13.160682999999999"><ele>590.25</ele></trkpt>
      <trkpt lat="46.734505999999996" lon="13.160948"><ele>590.24</ele></trkpt>
      <trkpt lat="46.734573999999995" lon="13.161225"><ele>590.2</ele></trkpt>
      <trkpt lat="46.735036" lon="13.162683999999999"><ele>590.54</ele></trkpt>
      <trkpt lat="46.735402" lon="13.164373"><ele>590.06</ele></trkpt>
      <trkpt lat="46.735437" lon="13.164807999999999"><ele>590.01</ele></trkpt>
      <trkpt lat="46.735406" lon="13.165092999999999"><ele>589.99</ele></trkpt>
      <trkpt lat="46.735329" lon="13.165357"><ele>589.99</ele></trkpt>
      <trkpt lat="46.734594" lon="13.166846999999999"><ele>589.31</ele></trkpt>
      <trkpt lat="46.73451" lon="13.167371999999999"><ele>589.25</ele></trkpt>
      <trkpt lat="46.734497999999995" lon="13.167656"><ele>589.19</ele></trkpt>
      <trkpt lat="46.734517" lon="13.167969999999999"><ele>589.15</ele></trkpt>
      <trkpt lat="46.734628" lon="13.168868999999999"><ele>589.24</ele></trkpt>
      <trkpt lat="46.734741" lon="13.16997"><ele>590.59</ele></trkpt>
      <trkpt lat="46.734769" lon="13.170107"><ele>590.91</ele></trkpt>
      <trkpt lat="46.734822" lon="13.170254"><ele>591.16</ele></trkpt>
      <trkpt lat="46.735023999999996" lon="13.170509"><ele>591.57</ele></trkpt>
      <trkpt lat="46.735175" lon="13.170639"><ele>591.83</ele></trkpt>
      <trkpt lat="46.735386" lon="13.170843999999999"><ele>592.25</ele></trkpt>
      <trkpt lat="46.73552" lon="13.171127"><ele>592.22</ele></trkpt>
      <trkpt lat="46.735628" lon="13.171399"><ele>592.15</ele></trkpt>
      <trkpt lat="46.735675" lon="13.17161"><ele>592.19</ele></trkpt>
      <trkpt lat="46.735701999999996" lon="13.171818"><ele>592.19</ele></trkpt>
      <trkpt lat="46.735710999999995" lon="13.172035"><ele>592.3</ele></trkpt>
      <trkpt lat="46.735696999999995" lon="13.172265"><ele>592.3</ele></trkpt>
      <trkpt lat="46.735659" lon="13.172559999999999"><ele>592.7</ele></trkpt>
      <trkpt lat="46.735293999999996" lon="13.174401999999999"><ele>590.21</ele></trkpt>
      <trkpt lat="46.735222" lon="13.174700999999999"><ele>589.25</ele></trkpt>
      <trkpt lat="46.735192" lon="13.174909999999999"><ele>589.47</ele></trkpt>
      <trkpt lat="46.735192" lon="13.175092"><ele>590.41</ele></trkpt>
      <trkpt lat="46.735211" lon="13.175274"><ele>591.09</ele></trkpt>
      <trkpt lat="46.73535" lon="13.175806999999999"><ele>592.22</ele></trkpt>
      <trkpt lat="46.735464" lon="13.176433999999999"><ele>592.13</ele></trkpt>
      <trkpt lat="46.735591" lon="13.177019"><ele>591.8</ele></trkpt>
      <trkpt lat="46.735600999999996" lon="13.177344999999999"><ele>591.61</ele></trkpt>
      <trkpt lat="46.73564" lon="13.178008"><ele>591.88</ele></trkpt>
      <trkpt lat="46.735724999999995" lon="13.178979"><ele>592.73</ele></trkpt>
      <trkpt lat="46.735966999999995" lon="13.180715"><ele>592.97</ele></trkpt>
      <trkpt lat="46.736024" lon="13.181500999999999"><ele>593.04</ele></trkpt>
      <trkpt lat="46.736249" lon="13.182563"><ele>592.63</ele></trkpt>
      <trkpt lat="46.736607" lon="13.184432"><ele>590.59</ele></trkpt>
      <trkpt lat="46.736765999999996" lon="13.184927"><ele>590.28</ele></trkpt>
      <trkpt lat="46.737082" lon="13.185481999999999"><ele>589.56</ele></trkpt>
      <trkpt lat="46.73735" lon="13.185713999999999"><ele>589.06</ele></trkpt>
      <trkpt lat="46.737497" lon="13.185912"><ele>588.67</ele></trkpt>
      <trkpt lat="46.738172999999996" lon="13.188234"><ele>588.32</ele></trkpt>
      <trkpt lat="46.738436" lon="13.188937"><ele>587.99</ele></trkpt>
      <trkpt lat="46.738468999999995" lon="13.189136999999999"><ele>588.35</ele></trkpt>
      <trkpt lat="46.738481" lon="13.189447999999999"><ele>588.9</ele></trkpt>
      <trkpt lat="46.738504999999996" lon="13.189561"><ele>589</ele></trkpt>
      <trkpt lat="46.738554" lon="13.18966"><ele>589</ele></trkpt>
      <trkpt lat="46.738631999999996" lon="13.189729999999999"><ele>588.7</ele></trkpt>
      <trkpt lat="46.738453" lon="13.19041"><ele>589</ele></trkpt>
      <trkpt lat="46.738409999999995" lon="13.190766"><ele>588.24</ele></trkpt>
      <trkpt lat="46.738395999999995" lon="13.191047"><ele>588</ele></trkpt>
      <trkpt lat="46.738473" lon="13.191144"><ele>588</ele></trkpt>
      <trkpt lat="46.738724999999995" lon="13.192262999999999"><ele>587.41</ele></trkpt>
      <trkpt lat="46.739322" lon="13.193465"><ele>587.69</ele></trkpt>
      <trkpt lat="46.739534" lon="13.193963"><ele>586.96</ele></trkpt>
      <trkpt lat="46.739779" lon="13.19417"><ele>586.53</ele></trkpt>
      <trkpt lat="46.739979" lon="13.194358999999999"><ele>586.02</ele></trkpt>
      <trkpt lat="46.740109" lon="13.194493"><ele>586</ele></trkpt>
      <trkpt lat="46.740224" lon="13.194637"><ele>586</ele></trkpt>
      <trkpt lat="46.740308999999996" lon="13.194803"><ele>586</ele></trkpt>
      <trkpt lat="46.740441999999994" lon="13.195110999999999"><ele>586</ele></trkpt>
      <trkpt lat="46.740656" lon="13.195578"><ele>586</ele></trkpt>
      <trkpt lat="46.741287" lon="13.196693999999999"><ele>586</ele></trkpt>
      <trkpt lat="46.741453" lon="13.197021"><ele>586</ele></trkpt>
      <trkpt lat="46.741769" lon="13.198174999999999"><ele>586</ele></trkpt>
      <trkpt lat="46.74201" lon="13.198635999999999"><ele>585.95</ele></trkpt>
      <trkpt lat="46.742157999999996" lon="13.199086999999999"><ele>585.8</ele></trkpt>
      <trkpt lat="46.742309" lon="13.200277"><ele>585.16</ele></trkpt>
      <trkpt lat="46.742433999999996" lon="13.201034"><ele>585</ele></trkpt>
      <trkpt lat="46.742611" lon="13.201827999999999"><ele>585</ele></trkpt>
      <trkpt lat="46.742650999999995" lon="13.202294"><ele>585</ele></trkpt>
      <trkpt lat="46.742487999999994" lon="13.204011"><ele>585</ele></trkpt>
      <trkpt lat="46.742221" lon="13.206097999999999"><ele>585</ele></trkpt>
      <trkpt lat="46.742143999999996" lon="13.206607"><ele>585</ele></trkpt>
      <trkpt lat="46.742048" lon="13.207879"><ele>587.78</ele></trkpt>
      <trkpt lat="46.742" lon="13.208285"><ele>588.36</ele></trkpt>
      <trkpt lat="46.741999" lon="13.208801999999999"><ele>588.74</ele></trkpt>
      <trkpt lat="46.741971" lon="13.209380999999999"><ele>588.68</ele></trkpt>
      <trkpt lat="46.74191" lon="13.209923999999999"><ele>588.28</ele></trkpt>
      <trkpt lat="46.741819" lon="13.210329999999999"><ele>587.76</ele></trkpt>
      <trkpt lat="46.741673999999996" lon="13.210889"><ele>586.76</ele></trkpt>
      <trkpt lat="46.741622" lon="13.211148999999999"><ele>586.57</ele></trkpt>
      <trkpt lat="46.741585" lon="13.211803"><ele>586.67</ele></trkpt>
      <trkpt lat="46.741519" lon="13.21206"><ele>586.92</ele></trkpt>
      <trkpt lat="46.741496" lon="13.212313"><ele>586.87</ele></trkpt>
      <trkpt lat="46.741608" lon="13.212627"><ele>587</ele></trkpt>
      <trkpt lat="46.741662" lon="13.212727"><ele>587.28</ele></trkpt>
      <trkpt lat="46.741969999999995" lon="13.213182999999999"><ele>589.19</ele></trkpt>
      <trkpt lat="46.742039" lon="13.213265999999999"><ele>589.66</ele></trkpt>
      <trkpt lat="46.742329" lon="13.213541999999999"><ele>591.92</ele></trkpt>
      <trkpt lat="46.742574999999995" lon="13.213516"><ele>590.07</ele></trkpt>
      <trkpt lat="46.742999999999995" lon="13.213446999999999"><ele>588.21</ele></trkpt>
      <trkpt lat="46.743055999999996" lon="13.213467"><ele>588.46</ele></trkpt>
      <trkpt lat="46.743109999999994" lon="13.213519"><ele>588.94</ele></trkpt>
      <trkpt lat="46.743196" lon="13.21369"><ele>589.3</ele></trkpt>
      <trkpt lat="46.743248" lon="13.213851"><ele>589.53</ele></trkpt>
      <trkpt lat="46.743294999999996" lon="13.214151"><ele>590.07</ele></trkpt>
      <trkpt lat="46.743356" lon="13.214418"><ele>590.82</ele></trkpt>
      <trkpt lat="46.743389" lon="13.214611999999999"><ele>591.41</ele></trkpt>
      <trkpt lat="46.743396" lon="13.214827"><ele>592</ele></trkpt>
      <trkpt lat="46.743279" lon="13.215916"><ele>594.82</ele></trkpt>
      <trkpt lat="46.743254" lon="13.217086"><ele>597.57</ele></trkpt>
      <trkpt lat="46.743393" lon="13.217875999999999"><ele>598.83</ele></trkpt>
      <trkpt lat="46.743587999999995" lon="13.219126"><ele>599.95</ele></trkpt>
      <trkpt lat="46.74368" lon="13.219833999999999"><ele>599.72</ele></trkpt>
      <trkpt lat="46.74389" lon="13.220355999999999"><ele>600</ele></trkpt>
      <trkpt lat="46.743952" lon="13.221224999999999"><ele>597.57</ele></trkpt>
      <trkpt lat="46.744001999999995" lon="13.221492999999999"><ele>596.71</ele></trkpt>
      <trkpt lat="46.744209999999995" lon="13.221748"><ele>595.45</ele></trkpt>
      <trkpt lat="46.744679" lon="13.221957999999999"><ele>592.76</ele></trkpt>
      <trkpt lat="46.745176" lon="13.222391"><ele>589.29</ele></trkpt>
      <trkpt lat="46.745472" lon="13.222856"><ele>586.75</ele></trkpt>
      <trkpt lat="46.745706" lon="13.223343999999999"><ele>584.73</ele></trkpt>
      <trkpt lat="46.746005" lon="13.223934999999999"><ele>583</ele></trkpt>
      <trkpt lat="46.746497999999995" lon="13.224622"><ele>582.38</ele></trkpt>
      <trkpt lat="46.74763" lon="13.226239999999999"><ele>582</ele></trkpt>
      <trkpt lat="46.74774" lon="13.226351999999999"><ele>582</ele></trkpt>
      <trkpt lat="46.747822" lon="13.226415999999999"><ele>582</ele></trkpt>
      <trkpt lat="46.747952" lon="13.226421"><ele>582</ele></trkpt>
      <trkpt lat="46.748193" lon="13.2264"><ele>582.05</ele></trkpt>
      <trkpt lat="46.748846" lon="13.22628"><ele>582.55</ele></trkpt>
      <trkpt lat="46.74894" lon="13.226242"><ele>582.81</ele></trkpt>
      <trkpt lat="46.749037" lon="13.226227999999999"><ele>583.34</ele></trkpt>
      <trkpt lat="46.749154" lon="13.226516"><ele>583.47</ele></trkpt>
      <trkpt lat="46.749221999999996" lon="13.226785"><ele>582.61</ele></trkpt>
      <trkpt lat="46.749282" lon="13.227113"><ele>582.35</ele></trkpt>
      <trkpt lat="46.749367" lon="13.227649"><ele>582.12</ele></trkpt>
      <trkpt lat="46.74939" lon="13.228145"><ele>582.03</ele></trkpt>
      <trkpt lat="46.749407" lon="13.228867999999999"><ele>582</ele></trkpt>
      <trkpt lat="46.749407" lon="13.229256"><ele>582</ele></trkpt>
      <trkpt lat="46.749432999999996" lon="13.229557"><ele>582</ele></trkpt>
      <trkpt lat="46.749444" lon="13.229951999999999"><ele>582</ele></trkpt>
      <trkpt lat="46.749417" lon="13.2305"><ele>582</ele></trkpt>
      <trkpt lat="46.74937" lon="13.231043"><ele>582</ele></trkpt>
      <trkpt lat="46.749103999999996" lon="13.232707"><ele>581.91</ele></trkpt>
      <trkpt lat="46.748791" lon="13.234323"><ele>581.5</ele></trkpt>
      <trkpt lat="46.748734999999996" lon="13.234674"><ele>581.39</ele></trkpt>
      <trkpt lat="46.748698" lon="13.234755"><ele>581.36</ele></trkpt>
      <trkpt lat="46.748615" lon="13.2348"><ele>581.33</ele></trkpt>
      <trkpt lat="46.748262" lon="13.234828"><ele>581.22</ele></trkpt>
      <trkpt lat="46.746586" lon="13.235043"><ele>581</ele></trkpt>
      <trkpt lat="46.746438999999995" lon="13.235016"><ele>581</ele></trkpt>
      <trkpt lat="46.746291" lon="13.235151"><ele>581</ele></trkpt>
      <trkpt lat="46.746140999999994" lon="13.235451"><ele>581</ele></trkpt>
      <trkpt lat="46.745956" lon="13.235686999999999"><ele>581.01</ele></trkpt>
      <trkpt lat="46.745867999999994" lon="13.235712"><ele>581.03</ele></trkpt>
      <trkpt lat="46.745795" lon="13.235755"><ele>581.1</ele></trkpt>
      <trkpt lat="46.745757" lon="13.235826"><ele>581.32</ele></trkpt>
      <trkpt lat="46.745736" lon="13.235901"><ele>581.61</ele></trkpt>
      <trkpt lat="46.745737999999996" lon="13.236085"><ele>582.23</ele></trkpt>
      <trkpt lat="46.745751" lon="13.236293"><ele>583.38</ele></trkpt>
      <trkpt lat="46.745802" lon="13.236552"><ele>584.73</ele></trkpt>
      <trkpt lat="46.745962" lon="13.237086999999999"><ele>585.84</ele></trkpt>
      <trkpt lat="46.746137" lon="13.237314999999999"><ele>585.98</ele></trkpt>
      <trkpt lat="46.746255" lon="13.237636"><ele>585.45</ele></trkpt>
      <trkpt lat="46.746289" lon="13.2378"><ele>585.08</ele></trkpt>
      <trkpt lat="46.746313" lon="13.238284"><ele>584.02</ele></trkpt>
      <trkpt lat="46.746317999999995" lon="13.238956"><ele>583.74</ele></trkpt>
      <trkpt lat="46.746410999999995" lon="13.239427"><ele>584.44</ele></trkpt>
      <trkpt lat="46.746429" lon="13.239664999999999"><ele>584.74</ele></trkpt>
      <trkpt lat="46.746454" lon="13.239832999999999"><ele>584.92</ele></trkpt>
      <trkpt lat="46.746807999999994" lon="13.240274"><ele>585.35</ele></trkpt>
      <trkpt lat="46.747049" lon="13.240597"><ele>584.98</ele></trkpt>
      <trkpt lat="46.747164" lon="13.240934999999999"><ele>584.51</ele></trkpt>
      <trkpt lat="46.747291999999995" lon="13.241235999999999"><ele>584.16</ele></trkpt>
      <trkpt lat="46.747398999999994" lon="13.241446999999999"><ele>583.96</ele></trkpt>
      <trkpt lat="46.747541999999996" lon="13.241862"><ele>583.62</ele></trkpt>
      <trkpt lat="46.747752" lon="13.242559"><ele>583.04</ele></trkpt>
      <trkpt lat="46.74801" lon="13.24352"><ele>582.59</ele></trkpt>
      <trkpt lat="46.747994" lon="13.244076"><ele>582.69</ele></trkpt>
      <trkpt lat="46.747999" lon="13.244361999999999"><ele>582.73</ele></trkpt>
      <trkpt lat="46.748025" lon="13.244728"><ele>582.67</ele></trkpt>
      <trkpt lat="46.748135" lon="13.24499"><ele>582.49</ele></trkpt>
      <trkpt lat="46.748269" lon="13.24542"><ele>582.32</ele></trkpt>
      <trkpt lat="46.748354" lon="13.245966"><ele>581.82</ele></trkpt>
      <trkpt lat="46.748428999999994" lon="13.24616"><ele>581.67</ele></trkpt>
      <trkpt lat="46.748565" lon="13.246353"><ele>581.6</ele></trkpt>
      <trkpt lat="46.748630999999996" lon="13.246509"><ele>581.65</ele></trkpt>
      <trkpt lat="46.748675" lon="13.246668999999999"><ele>581.73</ele></trkpt>
      <trkpt lat="46.748692999999996" lon="13.246993"><ele>581.79</ele></trkpt>
      <trkpt lat="46.748697" lon="13.247418999999999"><ele>582.04</ele></trkpt>
      <trkpt lat="46.748763" lon="13.24795"><ele>582.79</ele></trkpt>
      <trkpt lat="46.748788999999995" lon="13.248315999999999"><ele>583.33</ele></trkpt>
      <trkpt lat="46.748847999999995" lon="13.248873999999999"><ele>584.44</ele></trkpt>
      <trkpt lat="46.748917" lon="13.249127"><ele>584.46</ele></trkpt>
      <trkpt lat="46.749041999999996" lon="13.249324999999999"><ele>583.09</ele></trkpt>
      <trkpt lat="46.749247" lon="13.249516"><ele>581.67</ele></trkpt>
      <trkpt lat="46.749413999999994" lon="13.249899"><ele>580.86</ele></trkpt>
      <trkpt lat="46.749556" lon="13.250535"><ele>580.06</ele></trkpt>
      <trkpt lat="46.749586" lon="13.251025"><ele>579.8</ele></trkpt>
      <trkpt lat="46.749579" lon="13.251349999999999"><ele>579.73</ele></trkpt>
      <trkpt lat="46.749597" lon="13.251653"><ele>579.71</ele></trkpt>
      <trkpt lat="46.749731999999995" lon="13.252466"><ele>579.58</ele></trkpt>
      <trkpt lat="46.749539" lon="13.253031"><ele>579.03</ele></trkpt>
      <trkpt lat="46.749365" lon="13.253826"><ele>580.64</ele></trkpt>
      <trkpt lat="46.74948" lon="13.254582"><ele>581.56</ele></trkpt>
      <trkpt lat="46.749537" lon="13.255695"><ele>582.57</ele></trkpt>
      <trkpt lat="46.749728999999995" lon="13.256686"><ele>582.57</ele></trkpt>
      <trkpt lat="46.749789" lon="13.256883"><ele>582.48</ele></trkpt>
      <trkpt lat="46.750296999999996" lon="13.258180999999999"><ele>582.43</ele></trkpt>
      <trkpt lat="46.750353999999994" lon="13.258481"><ele>582.4</ele></trkpt>
      <trkpt lat="46.750386999999996" lon="13.258728"><ele>583.83</ele></trkpt>
      <trkpt lat="46.750417999999996" lon="13.258859"><ele>584.17</ele></trkpt>
      <trkpt lat="46.750442" lon="13.258916"><ele>583.97</ele></trkpt>
      <trkpt lat="46.750398" lon="13.25905"><ele>584.53</ele></trkpt>
      <trkpt lat="46.750391" lon="13.259186999999999"><ele>584.57</ele></trkpt>
      <trkpt lat="46.750406999999996" lon="13.259314999999999"><ele>584.12</ele></trkpt>
      <trkpt lat="46.75044" lon="13.259431"><ele>583.56</ele></trkpt>
      <trkpt lat="46.750555999999996" lon="13.259762"><ele>582.25</ele></trkpt>
      <trkpt lat="46.750582" lon="13.260133999999999"><ele>581.1</ele></trkpt>
      <trkpt lat="46.750487" lon="13.260885"><ele>579.83</ele></trkpt>
      <trkpt lat="46.750645999999996" lon="13.261477999999999"><ele>580.2</ele></trkpt>
      <trkpt lat="46.750766999999996" lon="13.26203"><ele>581.23</ele></trkpt>
      <trkpt lat="46.750966999999996" lon="13.262597999999999"><ele>581.54</ele></trkpt>
      <trkpt lat="46.751113" lon="13.262936"><ele>581.36</ele></trkpt>
      <trkpt lat="46.75123" lon="13.263231999999999"><ele>581.21</ele></trkpt>
      <trkpt lat="46.751315999999996" lon="13.263712"><ele>581.18</ele></trkpt>
      <trkpt lat="46.751287" lon="13.264178"><ele>581.52</ele></trkpt>
      <trkpt lat="46.751096999999994" lon="13.264963"><ele>583.07</ele></trkpt>
      <trkpt lat="46.750809" lon="13.265628999999999"><ele>584.42</ele></trkpt>
      <trkpt lat="46.750477" lon="13.266211"><ele>584.03</ele></trkpt>
      <trkpt lat="46.750299999999996" lon="13.266774999999999"><ele>582.57</ele></trkpt>
      <trkpt lat="46.750186" lon="13.267358999999999"><ele>580.8</ele></trkpt>
      <trkpt lat="46.750004" lon="13.268758"><ele>579</ele></trkpt>
      <trkpt lat="46.750009999999996" lon="13.270033"><ele>579.46</ele></trkpt>
      <trkpt lat="46.749958" lon="13.270658"><ele>579.43</ele></trkpt>
      <trkpt lat="46.749773999999995" lon="13.271533"><ele>579.1</ele></trkpt>
      <trkpt lat="46.749742" lon="13.271856"><ele>579.08</ele></trkpt>
      <trkpt lat="46.749776999999995" lon="13.27259"><ele>578.95</ele></trkpt>
      <trkpt lat="46.749643999999996" lon="13.273366"><ele>578.49</ele></trkpt>
      <trkpt lat="46.749368999999994" lon="13.274201"><ele>577.65</ele></trkpt>
      <trkpt lat="46.749303999999995" lon="13.274526"><ele>577.65</ele></trkpt>
      <trkpt lat="46.749244" lon="13.274951"><ele>577.68</ele></trkpt>
      <trkpt lat="46.749213999999995" lon="13.275307999999999"><ele>577.7</ele></trkpt>
      <trkpt lat="46.749289999999995" lon="13.276269"><ele>577.55</ele></trkpt>
      <trkpt lat="46.749387999999996" lon="13.277128999999999"><ele>576.82</ele></trkpt>
      <trkpt lat="46.749525" lon="13.278001999999999"><ele>576.48</ele></trkpt>
      <trkpt lat="46.749674" lon="13.278703"><ele>576.97</ele></trkpt>
      <trkpt lat="46.749794" lon="13.27938"><ele>577.8</ele></trkpt>
      <trkpt lat="46.750056" lon="13.280446999999999"><ele>579.69</ele></trkpt>
      <trkpt lat="46.750264" lon="13.281151"><ele>581.21</ele></trkpt>
      <trkpt lat="46.750425" lon="13.281946"><ele>583.25</ele></trkpt>
      <trkpt lat="46.750478" lon="13.282725"><ele>585.84</ele></trkpt>
      <trkpt lat="46.750440999999995" lon="13.28343"><ele>588.26</ele></trkpt>
      <trkpt lat="46.750336" lon="13.284346"><ele>590.49</ele></trkpt>
      <trkpt lat="46.750301" lon="13.28512"><ele>591.66</ele></trkpt>
      <trkpt lat="46.750296" lon="13.285556999999999"><ele>592.09</ele></trkpt>
      <trkpt lat="46.750206999999996" lon="13.286144"><ele>591.79</ele></trkpt>
      <trkpt lat="46.750183" lon="13.286498"><ele>591.74</ele></trkpt>
      <trkpt lat="46.750192" lon="13.286658"><ele>591.67</ele></trkpt>
      <trkpt lat="46.750218" lon="13.286833"><ele>591.46</ele></trkpt>
      <trkpt lat="46.75028" lon="13.287047"><ele>591.36</ele></trkpt>
      <trkpt lat="46.750431" lon="13.287488"><ele>591.06</ele></trkpt>
      <trkpt lat="46.750454999999995" lon="13.287669"><ele>590.09</ele></trkpt>
      <trkpt lat="46.750448" lon="13.287936"><ele>589.59</ele></trkpt>
      <trkpt lat="46.750405" lon="13.288183"><ele>589.92</ele></trkpt>
      <trkpt lat="46.750206999999996" lon="13.289038"><ele>589.31</ele></trkpt>
      <trkpt lat="46.750195" lon="13.289202"><ele>589.26</ele></trkpt>
      <trkpt lat="46.750198999999995" lon="13.289387999999999"><ele>589.14</ele></trkpt>
      <trkpt lat="46.750253" lon="13.289534"><ele>587.97</ele></trkpt>
      <trkpt lat="46.750336999999995" lon="13.289667"><ele>586.59</ele></trkpt>
      <trkpt lat="46.750406" lon="13.289731"><ele>585.8</ele></trkpt>
      <trkpt lat="46.750568" lon="13.289814999999999"><ele>584.15</ele></trkpt>
      <trkpt lat="46.750659999999996" lon="13.289895"><ele>583.26</ele></trkpt>
      <trkpt lat="46.750771" lon="13.290023"><ele>582.37</ele></trkpt>
      <trkpt lat="46.750828" lon="13.290123"><ele>581.61</ele></trkpt>
      <trkpt lat="46.750979" lon="13.290464"><ele>579.08</ele></trkpt>
      <trkpt lat="46.751034" lon="13.290633"><ele>578.09</ele></trkpt>
      <trkpt lat="46.751065" lon="13.290787"><ele>577.33</ele></trkpt>
      <trkpt lat="46.751090999999995" lon="13.291022"><ele>575.99</ele></trkpt>
      <trkpt lat="46.751144" lon="13.291730999999999"><ele>574.11</ele></trkpt>
      <trkpt lat="46.751168" lon="13.291896999999999"><ele>574.06</ele></trkpt>
      <trkpt lat="46.751219999999996" lon="13.292109"><ele>574.04</ele></trkpt>
      <trkpt lat="46.751283" lon="13.292301"><ele>574.03</ele></trkpt>
      <trkpt lat="46.751498999999995" lon="13.292786"><ele>574</ele></trkpt>
      <trkpt lat="46.75158" lon="13.293102999999999"><ele>574</ele></trkpt>
      <trkpt lat="46.751622" lon="13.293431"><ele>574</ele></trkpt>
      <trkpt lat="46.75163" lon="13.293626"><ele>574</ele></trkpt>
      <trkpt lat="46.751619999999996" lon="13.293871999999999"><ele>574</ele></trkpt>
      <trkpt lat="46.751565" lon="13.294253999999999"><ele>574</ele></trkpt>
      <trkpt lat="46.751379" lon="13.295081"><ele>574</ele></trkpt>
      <trkpt lat="46.751242" lon="13.295563999999999"><ele>574</ele></trkpt>
      <trkpt lat="46.751096" lon="13.296035999999999"><ele>574</ele></trkpt>
      <trkpt lat="46.750589" lon="13.297447"><ele>573.97</ele></trkpt>
      <trkpt lat="46.750491" lon="13.297811999999999"><ele>573.97</ele></trkpt>
      <trkpt lat="46.750426999999995" lon="13.298134"><ele>573.96</ele></trkpt>
      <trkpt lat="46.750356" lon="13.298551999999999"><ele>573.95</ele></trkpt>
      <trkpt lat="46.750268" lon="13.298948999999999"><ele>573.98</ele></trkpt>
      <trkpt lat="46.750155" lon="13.299408999999999"><ele>573.98</ele></trkpt>
      <trkpt lat="46.750105999999995" lon="13.299664"><ele>573.98</ele></trkpt>
      <trkpt lat="46.75006" lon="13.299963"><ele>573.99</ele></trkpt>
      <trkpt lat="46.750021" lon="13.300301999999999"><ele>574</ele></trkpt>
      <trkpt lat="46.750008" lon="13.300613"><ele>574</ele></trkpt>
      <trkpt lat="46.750012" lon="13.301053999999999"><ele>574</ele></trkpt>
      <trkpt lat="46.750032" lon="13.301304"><ele>574.74</ele></trkpt>
      <trkpt lat="46.750164999999996" lon="13.302048"><ele>577.45</ele></trkpt>
      <trkpt lat="46.750246" lon="13.302365"><ele>578.48</ele></trkpt>
      <trkpt lat="46.750326" lon="13.30257"><ele>579.6</ele></trkpt>
      <trkpt lat="46.750439" lon="13.302824"><ele>580.68</ele></trkpt>
      <trkpt lat="46.750616" lon="13.303153"><ele>581.29</ele></trkpt>
      <trkpt lat="46.750861" lon="13.303552999999999"><ele>581.88</ele></trkpt>
      <trkpt lat="46.751177" lon="13.304012"><ele>582.01</ele></trkpt>
      <trkpt lat="46.751278" lon="13.304174999999999"><ele>582.09</ele></trkpt>
      <trkpt lat="46.751549999999995" lon="13.30476"><ele>582.47</ele></trkpt>
      <trkpt lat="46.751774" lon="13.305285"><ele>582.81</ele></trkpt>
      <trkpt lat="46.751956" lon="13.305842"><ele>582.52</ele></trkpt>
      <trkpt lat="46.752085" lon="13.306289"><ele>581.75</ele></trkpt>
      <trkpt lat="46.752176999999996" lon="13.306671"><ele>580.97</ele></trkpt>
      <trkpt lat="46.752234" lon="13.307088"><ele>580.14</ele></trkpt>
      <trkpt lat="46.75228" lon="13.307732999999999"><ele>578.74</ele></trkpt>
      <trkpt lat="46.752314999999996" lon="13.308974"><ele>575.62</ele></trkpt>
      <trkpt lat="46.752342" lon="13.30932"><ele>574.65</ele></trkpt>
      <trkpt lat="46.752386" lon="13.309545"><ele>574.01</ele></trkpt>
      <trkpt lat="46.752655999999995" lon="13.310566999999999"><ele>572.51</ele></trkpt>
      <trkpt lat="46.75275" lon="13.311007"><ele>572.18</ele></trkpt>
      <trkpt lat="46.753364" lon="13.314231"><ele>571.37</ele></trkpt>
      <trkpt lat="46.753412" lon="13.314648"><ele>571.36</ele></trkpt>
      <trkpt lat="46.753423999999995" lon="13.314872"><ele>571.37</ele></trkpt>
      <trkpt lat="46.753425" lon="13.315199999999999"><ele>571.29</ele></trkpt>
      <trkpt lat="46.753397" lon="13.31555"><ele>571.16</ele></trkpt>
      <trkpt lat="46.753367" lon="13.315747"><ele>571.15</ele></trkpt>
      <trkpt lat="46.753265" lon="13.316225999999999"><ele>571.2</ele></trkpt>
      <trkpt lat="46.752841" lon="13.317815"><ele>571.14</ele></trkpt>
      <trkpt lat="46.752736999999996" lon="13.318168"><ele>571.24</ele></trkpt>
      <trkpt lat="46.752601999999996" lon="13.318532"><ele>571.73</ele></trkpt>
      <trkpt lat="46.752342" lon="13.319115"><ele>572.42</ele></trkpt>
      <trkpt lat="46.752286999999995" lon="13.319412999999999"><ele>572.58</ele></trkpt>
      <trkpt lat="46.752272" lon="13.320276"><ele>572.93</ele></trkpt>
      <trkpt lat="46.752254" lon="13.320872"><ele>573.46</ele></trkpt>
      <trkpt lat="46.752282" lon="13.321413999999999"><ele>574.7</ele></trkpt>
      <trkpt lat="46.752323999999994" lon="13.32161"><ele>575.21</ele></trkpt>
      <trkpt lat="46.752421" lon="13.321876999999999"><ele>576</ele></trkpt>
      <trkpt lat="46.752494999999996" lon="13.322044"><ele>576.55</ele></trkpt>
      <trkpt lat="46.752582" lon="13.322204999999999"><ele>577.16</ele></trkpt>
      <trkpt lat="46.753017" lon="13.322859"><ele>579.87</ele></trkpt>
      <trkpt lat="46.75324" lon="13.323274999999999"><ele>581.58</ele></trkpt>
      <trkpt lat="46.75328" lon="13.323399"><ele>582</ele></trkpt>
      <trkpt lat="46.753327" lon="13.32366"><ele>582.79</ele></trkpt>
      <trkpt lat="46.753316999999996" lon="13.32387"><ele>583.37</ele></trkpt>
      <trkpt lat="46.753274" lon="13.324187"><ele>584.13</ele></trkpt>
      <trkpt lat="46.753277" lon="13.324402"><ele>584.47</ele></trkpt>
      <trkpt lat="46.753287" lon="13.324501"><ele>584.89</ele></trkpt>
      <trkpt lat="46.753325" lon="13.324675"><ele>585.73</ele></trkpt>
      <trkpt lat="46.753405" lon="13.324815"><ele>586.02</ele></trkpt>
      <trkpt lat="46.753467" lon="13.324902"><ele>586.12</ele></trkpt>
      <trkpt lat="46.753718" lon="13.325218999999999"><ele>586.43</ele></trkpt>
      <trkpt lat="46.753989999999995" lon="13.325629999999999"><ele>586.31</ele></trkpt>
      <trkpt lat="46.75409" lon="13.325797999999999"><ele>586.16</ele></trkpt>
      <trkpt lat="46.754121" lon="13.325868"><ele>586.18</ele></trkpt>
      <trkpt lat="46.754245999999995" lon="13.326246"><ele>586.15</ele></trkpt>
      <trkpt lat="46.754309" lon="13.326391"><ele>586.25</ele></trkpt>
      <trkpt lat="46.754425" lon="13.326599"><ele>586.12</ele></trkpt>
      <trkpt lat="46.754641" lon="13.327062"><ele>583.72</ele></trkpt>
      <trkpt lat="46.754701" lon="13.327238999999999"><ele>583.08</ele></trkpt>
      <trkpt lat="46.754763999999994" lon="13.327478"><ele>582.56</ele></trkpt>
      <trkpt lat="46.754804" lon="13.327672"><ele>581.79</ele></trkpt>
      <trkpt lat="46.754821" lon="13.328253"><ele>580.45</ele></trkpt>
      <trkpt lat="46.754849" lon="13.328496"><ele>579.77</ele></trkpt>
      <trkpt lat="46.754906999999996" lon="13.328755"><ele>579.25</ele></trkpt>
      <trkpt lat="46.754996" lon="13.32907"><ele>578.38</ele></trkpt>
      <trkpt lat="46.755088" lon="13.329438999999999"><ele>579.21</ele></trkpt>
      <trkpt lat="46.7551" lon="13.329576"><ele>578.95</ele></trkpt>
      <trkpt lat="46.755103999999996" lon="13.329721"><ele>578.74</ele></trkpt>
      <trkpt lat="46.755097" lon="13.329841"><ele>578.55</ele></trkpt>
      <trkpt lat="46.755041999999996" lon="13.330214"><ele>577.87</ele></trkpt>
      <trkpt lat="46.754979" lon="13.330447"><ele>577.34</ele></trkpt>
      <trkpt lat="46.754675999999996" lon="13.331299"><ele>575.31</ele></trkpt>
      <trkpt lat="46.754601" lon="13.331638"><ele>574.61</ele></trkpt>
      <trkpt lat="46.754458" lon="13.332906"><ele>573.05</ele></trkpt>
      <trkpt lat="46.754422999999996" lon="13.333539"><ele>573.13</ele></trkpt>
      <trkpt lat="46.754453999999996" lon="13.333765"><ele>573.23</ele></trkpt>
      <trkpt lat="46.75449" lon="13.333884"><ele>573.33</ele></trkpt>
      <trkpt lat="46.754563999999995" lon="13.334071"><ele>573.52</ele></trkpt>
      <trkpt lat="46.754726" lon="13.334363999999999"><ele>573.86</ele></trkpt>
      <trkpt lat="46.754827999999996" lon="13.334498"><ele>573.99</ele></trkpt>
      <trkpt lat="46.755071" lon="13.334771"><ele>573.95</ele></trkpt>
      <trkpt lat="46.755486" lon="13.335192"><ele>573.3</ele></trkpt>
      <trkpt lat="46.755677" lon="13.335412"><ele>572.7</ele></trkpt>
      <trkpt lat="46.755753" lon="13.335509"><ele>572.45</ele></trkpt>
      <trkpt lat="46.755811" lon="13.335602999999999"><ele>572.24</ele></trkpt>
      <trkpt lat="46.755964" lon="13.335911"><ele>571.71</ele></trkpt>
      <trkpt lat="46.756324" lon="13.336784999999999"><ele>570.64</ele></trkpt>
      <trkpt lat="46.756465999999996" lon="13.337283999999999"><ele>570.23</ele></trkpt>
      <trkpt lat="46.756512" lon="13.337423999999999"><ele>570.1</ele></trkpt>
      <trkpt lat="46.756553" lon="13.33753"><ele>570.02</ele></trkpt>
      <trkpt lat="46.756622" lon="13.337644"><ele>569.92</ele></trkpt>
      <trkpt lat="46.756808" lon="13.33784"><ele>569.8</ele></trkpt>
      <trkpt lat="46.756944999999995" lon="13.33794"><ele>569.76</ele></trkpt>
      <trkpt lat="46.757242999999995" lon="13.338118999999999"><ele>569.75</ele></trkpt>
      <trkpt lat="46.757495" lon="13.338296999999999"><ele>569.83</ele></trkpt>
      <trkpt lat="46.758142" lon="13.339087"><ele>571.64</ele></trkpt>
      <trkpt lat="46.75833" lon="13.339393999999999"><ele>574.65</ele></trkpt>
      <trkpt lat="46.758448" lon="13.339537"><ele>576.45</ele></trkpt>
      <trkpt lat="46.758947" lon="13.339998999999999"><ele>579</ele></trkpt>
      <trkpt lat="46.759451999999996" lon="13.340368999999999"><ele>579.99</ele></trkpt>
      <trkpt lat="46.759814" lon="13.340667"><ele>580.97</ele></trkpt>
      <trkpt lat="46.760053" lon="13.340829"><ele>581</ele></trkpt>
      <trkpt lat="46.760110999999995" lon="13.340902999999999"><ele>581.06</ele></trkpt>
      <trkpt lat="46.760146" lon="13.340962999999999"><ele>581.23</ele></trkpt>
      <trkpt lat="46.760175" lon="13.341052999999999"><ele>581.66</ele></trkpt>
      <trkpt lat="46.760182" lon="13.341165"><ele>582.11</ele></trkpt>
      <trkpt lat="46.760155" lon="13.341474"><ele>583.36</ele></trkpt>
      <trkpt lat="46.760158999999994" lon="13.341586"><ele>583.94</ele></trkpt>
      <trkpt lat="46.760211" lon="13.341906999999999"><ele>585.32</ele></trkpt>
      <trkpt lat="46.760205" lon="13.342048"><ele>585.63</ele></trkpt>
      <trkpt lat="46.760163999999996" lon="13.342443999999999"><ele>587.02</ele></trkpt>
      <trkpt lat="46.760227" lon="13.343022"><ele>588.78</ele></trkpt>
      <trkpt lat="46.760251" lon="13.343567"><ele>590.44</ele></trkpt>
      <trkpt lat="46.760270999999996" lon="13.343715999999999"><ele>590.83</ele></trkpt>
      <trkpt lat="46.760321" lon="13.343879999999999"><ele>591.37</ele></trkpt>
      <trkpt lat="46.760379" lon="13.344026999999999"><ele>591.95</ele></trkpt>
      <trkpt lat="46.760486" lon="13.344227"><ele>592.52</ele></trkpt>
      <trkpt lat="46.760539" lon="13.344303"><ele>592.58</ele></trkpt>
      <trkpt lat="46.760625999999995" lon="13.344419"><ele>592.89</ele></trkpt>
      <trkpt lat="46.760756" lon="13.344553"><ele>593.04</ele></trkpt>
      <trkpt lat="46.761406" lon="13.344977"><ele>588.07</ele></trkpt>
      <trkpt lat="46.761686999999995" lon="13.345246999999999"><ele>586.66</ele></trkpt>
      <trkpt lat="46.761891" lon="13.345519999999999"><ele>585.43</ele></trkpt>
      <trkpt lat="46.762038999999994" lon="13.34591"><ele>584.48</ele></trkpt>
      <trkpt lat="46.762161" lon="13.346179"><ele>583.67</ele></trkpt>
      <trkpt lat="46.762341" lon="13.346359999999999"><ele>582.94</ele></trkpt>
      <trkpt lat="46.762581999999995" lon="13.346465"><ele>582.15</ele></trkpt>
      <trkpt lat="46.762733" lon="13.346572"><ele>581.66</ele></trkpt>
      <trkpt lat="46.762843" lon="13.346731"><ele>581.23</ele></trkpt>
      <trkpt lat="46.763224" lon="13.347619"><ele>579.84</ele></trkpt>
      <trkpt lat="46.763372" lon="13.34802"><ele>579.26</ele></trkpt>
      <trkpt lat="46.763483" lon="13.348236"><ele>578.9</ele></trkpt>
      <trkpt lat="46.763616999999996" lon="13.348419"><ele>578.07</ele></trkpt>
      <trkpt lat="46.764016" lon="13.348739"><ele>576.75</ele></trkpt>
      <trkpt lat="46.764272" lon="13.349134999999999"><ele>576.94</ele></trkpt>
      <trkpt lat="46.764869999999995" lon="13.350359"><ele>576.6</ele></trkpt>
      <trkpt lat="46.765474999999995" lon="13.351477"><ele>577.6</ele></trkpt>
      <trkpt lat="46.766155999999995" lon="13.352615"><ele>577.28</ele></trkpt>
      <trkpt lat="46.766313" lon="13.352895"><ele>576.58</ele></trkpt>
      <trkpt lat="46.766631" lon="13.353391"><ele>575.53</ele></trkpt>
      <trkpt lat="46.767058" lon="13.353852999999999"><ele>574.31</ele></trkpt>
      <trkpt lat="46.767319" lon="13.353992"><ele>573.65</ele></trkpt>
      <trkpt lat="46.767586" lon="13.354039"><ele>572.87</ele></trkpt>
      <trkpt lat="46.7679" lon="13.353999"><ele>572.2</ele></trkpt>
      <trkpt lat="46.768193" lon="13.353902"><ele>571.5</ele></trkpt>
      <trkpt lat="46.768223" lon="13.354047999999999"><ele>571.52</ele></trkpt>
      <trkpt lat="46.768195999999996" lon="13.354396999999999"><ele>572.18</ele></trkpt>
      <trkpt lat="46.768164" lon="13.354526"><ele>572.42</ele></trkpt>
      <trkpt lat="46.768131" lon="13.354754999999999"><ele>572.72</ele></trkpt>
      <trkpt lat="46.768118" lon="13.354929"><ele>572.78</ele></trkpt>
      <trkpt lat="46.768139999999995" lon="13.355039"><ele>572.76</ele></trkpt>
      <trkpt lat="46.768532" lon="13.356014"><ele>573.95</ele></trkpt>
      <trkpt lat="46.768677" lon="13.356501"><ele>575.24</ele></trkpt>
      <trkpt lat="46.769329" lon="13.356713"><ele>575.99</ele></trkpt>
      <trkpt lat="46.770002" lon="13.356988999999999"><ele>576.53</ele></trkpt>
      <trkpt lat="46.770165" lon="13.357021"><ele>576.72</ele></trkpt>
      <trkpt lat="46.770778" lon="13.356949"><ele>577.81</ele></trkpt>
      <trkpt lat="46.770882" lon="13.356969"><ele>578.25</ele></trkpt>
      <trkpt lat="46.771643999999995" lon="13.357324"><ele>580.37</ele></trkpt>
      <trkpt lat="46.772110999999995" lon="13.357448999999999"><ele>582.12</ele></trkpt>
      <trkpt lat="46.772551" lon="13.357505999999999"><ele>583.24</ele></trkpt>
      <trkpt lat="46.773229" lon="13.357652999999999"><ele>585.16</ele></trkpt>
      <trkpt lat="46.773616" lon="13.357714"><ele>585.91</ele></trkpt>
      <trkpt lat="46.774425" lon="13.357683"><ele>587.28</ele></trkpt>
      <trkpt lat="46.776092999999996" lon="13.357712"><ele>590.29</ele></trkpt>
      <trkpt lat="46.776281" lon="13.357724999999999"><ele>590.38</ele></trkpt>
      <trkpt lat="46.777378" lon="13.357925"><ele>590.35</ele></trkpt>
      <trkpt lat="46.777609999999996" lon="13.357977"><ele>590.43</ele></trkpt>
      <trkpt lat="46.77802" lon="13.358132999999999"><ele>590.61</ele></trkpt>
      <trkpt lat="46.778729" lon="13.358487"><ele>590.57</ele></trkpt>
      <trkpt lat="46.779258" lon="13.358647"><ele>590.72</ele></trkpt>
      <trkpt lat="46.780530999999996" lon="13.359074999999999"><ele>587.61</ele></trkpt>
      <trkpt lat="46.78095" lon="13.359126999999999"><ele>587.32</ele></trkpt>
      <trkpt lat="46.781984" lon="13.359043999999999"><ele>584.78</ele></trkpt>
      <trkpt lat="46.78226" lon="13.359214999999999"><ele>584.02</ele></trkpt>
      <trkpt lat="46.782827999999995" lon="13.359416999999999"><ele>582.57</ele></trkpt>
      <trkpt lat="46.782982" lon="13.359691999999999"><ele>582.84</ele></trkpt>
      <trkpt lat="46.783426" lon="13.359841"><ele>580.52</ele></trkpt>
      <trkpt lat="46.785332" lon="13.360963"><ele>575</ele></trkpt>
      <trkpt lat="46.786573999999995" lon="13.361761999999999"><ele>571.02</ele></trkpt>
      <trkpt lat="46.787022" lon="13.362067999999999"><ele>569.76</ele></trkpt>
      <trkpt lat="46.787804" lon="13.362551"><ele>568.09</ele></trkpt>
      <trkpt lat="46.788533" lon="13.36296"><ele>566.82</ele></trkpt>
      <trkpt lat="46.789004999999996" lon="13.363164999999999"><ele>566.13</ele></trkpt>
      <trkpt lat="46.790053" lon="13.363788"><ele>565.28</ele></trkpt>
      <trkpt lat="46.790315" lon="13.363901"><ele>565.34</ele></trkpt>
      <trkpt lat="46.790563999999996" lon="13.363931"><ele>565.41</ele></trkpt>
      <trkpt lat="46.790751" lon="13.363899"><ele>565.46</ele></trkpt>
      <trkpt lat="46.791501" lon="13.363576"><ele>565.39</ele></trkpt>
      <trkpt lat="46.791919" lon="13.363351999999999"><ele>565.44</ele></trkpt>
      <trkpt lat="46.792294" lon="13.363230999999999"><ele>565.65</ele></trkpt>
      <trkpt lat="46.792584999999995" lon="13.363277"><ele>566.05</ele></trkpt>
      <trkpt lat="46.792764999999996" lon="13.36338"><ele>566.26</ele></trkpt>
      <trkpt lat="46.792995" lon="13.363589"><ele>566.36</ele></trkpt>
      <trkpt lat="46.793492" lon="13.363992999999999"><ele>566.33</ele></trkpt>
      <trkpt lat="46.793558" lon="13.36408"><ele>566.27</ele></trkpt>
      <trkpt lat="46.7939" lon="13.364626999999999"><ele>566.38</ele></trkpt>
      <trkpt lat="46.794050999999996" lon="13.364728999999999"><ele>566.69</ele></trkpt>
      <trkpt lat="46.794235" lon="13.364771"><ele>567.03</ele></trkpt>
      <trkpt lat="46.794591" lon="13.364809"><ele>567.72</ele></trkpt>
      <trkpt lat="46.794857" lon="13.364851"><ele>568.16</ele></trkpt>
      <trkpt lat="46.795682" lon="13.365165999999999"><ele>567.85</ele></trkpt>
      <trkpt lat="46.79653" lon="13.365324"><ele>567.87</ele></trkpt>
      <trkpt lat="46.796786999999995" lon="13.365414999999999"><ele>568.32</ele></trkpt>
      <trkpt lat="46.797584" lon="13.365879"><ele>570.25</ele></trkpt>
      <trkpt lat="46.797999999999995" lon="13.366169999999999"><ele>570.54</ele></trkpt>
      <trkpt lat="46.798292" lon="13.366261999999999"><ele>570.43</ele></trkpt>
      <trkpt lat="46.798576" lon="13.366456"><ele>570.05</ele></trkpt>
      <trkpt lat="46.798656" lon="13.366527"><ele>569.85</ele></trkpt>
      <trkpt lat="46.799119" lon="13.366812999999999"><ele>568.79</ele></trkpt>
      <trkpt lat="46.799648" lon="13.366995"><ele>567.25</ele></trkpt>
      <trkpt lat="46.800284" lon="13.36713"><ele>565.74</ele></trkpt>
      <trkpt lat="46.800689" lon="13.367132"><ele>565.34</ele></trkpt>
      <trkpt lat="46.800961" lon="13.367099"><ele>565.33</ele></trkpt>
      <trkpt lat="46.801123" lon="13.367023999999999"><ele>565.38</ele></trkpt>
      <trkpt lat="46.801432" lon="13.366619"><ele>565.5</ele></trkpt>
      <trkpt lat="46.801625" lon="13.36652"><ele>566.6</ele></trkpt>
      <trkpt lat="46.802019" lon="13.366062999999999"><ele>568</ele></trkpt>
      <trkpt lat="46.803194" lon="13.365934999999999"><ele>567.97</ele></trkpt>
      <trkpt lat="46.803987" lon="13.36575"><ele>566.19</ele></trkpt>
      <trkpt lat="46.804224" lon="13.365487"><ele>565.78</ele></trkpt>
      <trkpt lat="46.805015" lon="13.365119"><ele>565.68</ele></trkpt>
      <trkpt lat="46.805156" lon="13.365013"><ele>565.62</ele></trkpt>
      <trkpt lat="46.805631999999996" lon="13.364260999999999"><ele>564.84</ele></trkpt>
      <trkpt lat="46.806031999999995" lon="13.36399"><ele>564.79</ele></trkpt>
      <trkpt lat="46.807085" lon="13.363793999999999"><ele>565.77</ele></trkpt>
      <trkpt lat="46.807629" lon="13.363403"><ele>565.7</ele></trkpt>
      <trkpt lat="46.80992" lon="13.360914"><ele>563.22</ele></trkpt>
      <trkpt lat="46.810386" lon="13.360768"><ele>563.66</ele></trkpt>
      <trkpt lat="46.811501" lon="13.359928"><ele>563.99</ele></trkpt>
      <trkpt lat="46.812832" lon="13.3591"><ele>563.92</ele></trkpt>
      <trkpt lat="46.81321" lon="13.359024999999999"><ele>564.4</ele></trkpt>
      <trkpt lat="46.815677" lon="13.357351999999999"><ele>566.89</ele></trkpt>
      <trkpt lat="46.81707" lon="13.356133"><ele>565.23</ele></trkpt>
      <trkpt lat="46.817707" lon="13.355253"><ele>562.63</ele></trkpt>
      <trkpt lat="46.818495999999996" lon="13.354389999999999"><ele>561.53</ele></trkpt>
      <trkpt lat="46.819016999999995" lon="13.353952999999999"><ele>561.79</ele></trkpt>
      <trkpt lat="46.819786" lon="13.353606"><ele>562.36</ele></trkpt>
      <trkpt lat="46.820118" lon="13.353345"><ele>562.05</ele></trkpt>
      <trkpt lat="46.820211" lon="13.353287"><ele>562.05</ele></trkpt>
      <trkpt lat="46.820375999999996" lon="13.353221999999999"><ele>562.13</ele></trkpt>
      <trkpt lat="46.820518" lon="13.353204"><ele>562.15</ele></trkpt>
      <trkpt lat="46.820786" lon="13.35323"><ele>562.18</ele></trkpt>
      <trkpt lat="46.820930999999995" lon="13.353216"><ele>562.18</ele></trkpt>
      <trkpt lat="46.821608999999995" lon="13.353012"><ele>562.05</ele></trkpt>
      <trkpt lat="46.822067" lon="13.352730999999999"><ele>562.92</ele></trkpt>
      <trkpt lat="46.823803" lon="13.35102"><ele>563.16</ele></trkpt>
      <trkpt lat="46.824464" lon="13.350577999999999"><ele>562.22</ele></trkpt>
      <trkpt lat="46.825085" lon="13.349941"><ele>561.15</ele></trkpt>
      <trkpt lat="46.826031" lon="13.349466"><ele>560.33</ele></trkpt>
      <trkpt lat="46.826862" lon="13.349131"><ele>559.58</ele></trkpt>
      <trkpt lat="46.827006" lon="13.349084999999999"><ele>559.46</ele></trkpt>
      <trkpt lat="46.827146" lon="13.34906"><ele>559.34</ele></trkpt>
      <trkpt lat="46.827289" lon="13.349064"><ele>559.23</ele></trkpt>
      <trkpt lat="46.827408" lon="13.349079"><ele>559.46</ele></trkpt>
      <trkpt lat="46.827554" lon="13.349165"><ele>560</ele></trkpt>
      <trkpt lat="46.827627" lon="13.349236999999999"><ele>560.3</ele></trkpt>
      <trkpt lat="46.827692" lon="13.349328"><ele>560.48</ele></trkpt>
      <trkpt lat="46.827743999999996" lon="13.349454999999999"><ele>560.6</ele></trkpt>
      <trkpt lat="46.827981" lon="13.350368"><ele>561</ele></trkpt>
      <trkpt lat="46.828053999999995" lon="13.350617999999999"><ele>561</ele></trkpt>
      <trkpt lat="46.828241999999996" lon="13.351113"><ele>560.52</ele></trkpt>
      <trkpt lat="46.828576" lon="13.35183"><ele>560</ele></trkpt>
      <trkpt lat="46.828922999999996" lon="13.352435999999999"><ele>559.69</ele></trkpt>
      <trkpt lat="46.829594" lon="13.353805"><ele>559.68</ele></trkpt>
      <trkpt lat="46.830608999999995" lon="13.355746"><ele>559.42</ele></trkpt>
      <trkpt lat="46.830673" lon="13.355915"><ele>559.29</ele></trkpt>
      <trkpt lat="46.83072" lon="13.356081"><ele>559.23</ele></trkpt>
      <trkpt lat="46.830743999999996" lon="13.356328"><ele>558.8</ele></trkpt>
      <trkpt lat="46.830729" lon="13.35726"><ele>557.62</ele></trkpt>
      <trkpt lat="46.830763999999995" lon="13.359449999999999"><ele>557</ele></trkpt>
      <trkpt lat="46.830788999999996" lon="13.359644"><ele>557</ele></trkpt>
      <trkpt lat="46.830816999999996" lon="13.359779"><ele>556.98</ele></trkpt>
      <trkpt lat="46.830963999999994" lon="13.360247"><ele>556.72</ele></trkpt>
      <trkpt lat="46.831056" lon="13.360591999999999"><ele>556.97</ele></trkpt>
      <trkpt lat="46.831162" lon="13.360657"><ele>556.88</ele></trkpt>
      <trkpt lat="46.831568999999995" lon="13.360849"><ele>554.35</ele></trkpt>
      <trkpt lat="46.832108999999996" lon="13.361151"><ele>555.05</ele></trkpt>
      <trkpt lat="46.832096" lon="13.36122"><ele>555.05</ele></trkpt>
      <trkpt lat="46.832566" lon="13.361486999999999"><ele>556.88</ele></trkpt>
      <trkpt lat="46.832682" lon="13.361566999999999"><ele>557.01</ele></trkpt>
      <trkpt lat="46.832786999999996" lon="13.36169"><ele>557.17</ele></trkpt>
      <trkpt lat="46.832803999999996" lon="13.361754"><ele>557.24</ele></trkpt>
      <trkpt lat="46.832812" lon="13.361884"><ele>557.35</ele></trkpt>
      <trkpt lat="46.8328" lon="13.361989999999999"><ele>557.44</ele></trkpt>
      <trkpt lat="46.831430999999995" lon="13.367154999999999"><ele>557.09</ele></trkpt>
      <trkpt lat="46.831123" lon="13.368412999999999"><ele>556.97</ele></trkpt>
      <trkpt lat="46.831174999999995" lon="13.368444"><ele>556.86</ele></trkpt>
      <trkpt lat="46.831029" lon="13.369136"><ele>556.45</ele></trkpt>
      <trkpt lat="46.830866" lon="13.370096"><ele>556.09</ele></trkpt>
      <trkpt lat="46.830787" lon="13.370716999999999"><ele>555.64</ele></trkpt>
      <trkpt lat="46.83074" lon="13.371186"><ele>555.39</ele></trkpt>
      <trkpt lat="46.830698" lon="13.371749999999999"><ele>555</ele></trkpt>
      <trkpt lat="46.830684999999995" lon="13.372176"><ele>555</ele></trkpt>
      <trkpt lat="46.830683" lon="13.372722999999999"><ele>555</ele></trkpt>
      <trkpt lat="46.830692" lon="13.373097"><ele>555.02</ele></trkpt>
      <trkpt lat="46.830718" lon="13.373559"><ele>555.06</ele></trkpt>
      <trkpt lat="46.830763" lon="13.374087999999999"><ele>555.17</ele></trkpt>
      <trkpt lat="46.830872" lon="13.37491"><ele>555.63</ele></trkpt>
      <trkpt lat="46.830929999999995" lon="13.375271"><ele>555.8</ele></trkpt>
      <trkpt lat="46.831066" lon="13.375966"><ele>555.92</ele></trkpt>
      <trkpt lat="46.831230999999995" lon="13.37675"><ele>555.99</ele></trkpt>
      <trkpt lat="46.831471" lon="13.377761999999999"><ele>554.92</ele></trkpt>
      <trkpt lat="46.831669999999995" lon="13.378673"><ele>556.21</ele></trkpt>
      <trkpt lat="46.831796" lon="13.379202999999999"><ele>555.76</ele></trkpt>
      <trkpt lat="46.831854" lon="13.379417"><ele>555.98</ele></trkpt>
      <trkpt lat="46.83193" lon="13.379598"><ele>557.05</ele></trkpt>
      <trkpt lat="46.831902" lon="13.379679"><ele>557.37</ele></trkpt>
      <trkpt lat="46.83192" lon="13.379885999999999"><ele>557.23</ele></trkpt>
      <trkpt lat="46.831958" lon="13.380092"><ele>557.03</ele></trkpt>
      <trkpt lat="46.831962999999995" lon="13.380177"><ele>556.95</ele></trkpt>
      <trkpt lat="46.831936999999996" lon="13.380244999999999"><ele>556.88</ele></trkpt>
      <trkpt lat="46.831896" lon="13.380262"><ele>556.65</ele></trkpt>
      <trkpt lat="46.831851" lon="13.380234999999999"><ele>556.36</ele></trkpt>
      <trkpt lat="46.831821" lon="13.380163999999999"><ele>556.22</ele></trkpt>
      <trkpt lat="46.831814" lon="13.379849"><ele>556.55</ele></trkpt>
      <trkpt lat="46.831801" lon="13.379738999999999"><ele>556.79</ele></trkpt>
      <trkpt lat="46.831762999999995" lon="13.379698"><ele>556.63</ele></trkpt>
      <trkpt lat="46.831724" lon="13.379700999999999"><ele>556.39</ele></trkpt>
      <trkpt lat="46.831633" lon="13.379786999999999"><ele>555.97</ele></trkpt>
      <trkpt lat="46.83124" lon="13.380396"><ele>555</ele></trkpt>
      <trkpt lat="46.831171999999995" lon="13.380466"><ele>555</ele></trkpt>
      <trkpt lat="46.831118" lon="13.380483"><ele>555</ele></trkpt>
      <trkpt lat="46.830996" lon="13.380484"><ele>555.23</ele></trkpt>
      <trkpt lat="46.830925" lon="13.380507"><ele>555.75</ele></trkpt>
      <trkpt lat="46.830811" lon="13.380595"><ele>556.27</ele></trkpt>
      <trkpt lat="46.830762" lon="13.380669"><ele>556.71</ele></trkpt>
      <trkpt lat="46.830728" lon="13.380787999999999"><ele>557.6</ele></trkpt>
      <trkpt lat="46.830729" lon="13.380951"><ele>557.69</ele></trkpt>
      <trkpt lat="46.830645" lon="13.380967"><ele>556.35</ele></trkpt>
      <trkpt lat="46.830569" lon="13.381003"><ele>555.18</ele></trkpt>
      <trkpt lat="46.830524" lon="13.381074"><ele>554.89</ele></trkpt>
      <trkpt lat="46.830481" lon="13.381257999999999"><ele>554.47</ele></trkpt>
      <trkpt lat="46.830459" lon="13.381573"><ele>554.22</ele></trkpt>
      <trkpt lat="46.830411" lon="13.381722"><ele>554.17</ele></trkpt>
      <trkpt lat="46.829947" lon="13.382442"><ele>553.81</ele></trkpt>
      <trkpt lat="46.82975" lon="13.382729999999999"><ele>553.7</ele></trkpt>
      <trkpt lat="46.82949" lon="13.38307"><ele>553.36</ele></trkpt>
      <trkpt lat="46.829088999999996" lon="13.383564999999999"><ele>552.98</ele></trkpt>
      <trkpt lat="46.828902" lon="13.383842"><ele>552.77</ele></trkpt>
      <trkpt lat="46.828722" lon="13.384136"><ele>552.62</ele></trkpt>
      <trkpt lat="46.828579" lon="13.384431999999999"><ele>552.54</ele></trkpt>
      <trkpt lat="46.828475999999995" lon="13.384703"><ele>552.4</ele></trkpt>
      <trkpt lat="46.828379" lon="13.384986"><ele>552.28</ele></trkpt>
      <trkpt lat="46.828226" lon="13.385551"><ele>552.19</ele></trkpt>
      <trkpt lat="46.827684" lon="13.387898999999999"><ele>552</ele></trkpt>
      <trkpt lat="46.827577999999995" lon="13.388491"><ele>552</ele></trkpt>
      <trkpt lat="46.827532" lon="13.389071"><ele>552</ele></trkpt>
      <trkpt lat="46.827531" lon="13.390234"><ele>552</ele></trkpt>
      <trkpt lat="46.827583999999995" lon="13.390751"><ele>552</ele></trkpt>
      <trkpt lat="46.827591" lon="13.390991999999999"><ele>552</ele></trkpt>
      <trkpt lat="46.827586" lon="13.391243999999999"><ele>551.99</ele></trkpt>
      <trkpt lat="46.827481" lon="13.392095"><ele>551.95</ele></trkpt>
      <trkpt lat="46.827360999999996" lon="13.392975999999999"><ele>551.86</ele></trkpt>
      <trkpt lat="46.826865" lon="13.395159999999999"><ele>551.29</ele></trkpt>
      <trkpt lat="46.82573" lon="13.399543999999999"><ele>550.03</ele></trkpt>
      <trkpt lat="46.824827" lon="13.403165"><ele>549.38</ele></trkpt>
      <trkpt lat="46.824509" lon="13.404466999999999"><ele>548.94</ele></trkpt>
      <trkpt lat="46.824157" lon="13.404345999999999"><ele>548.96</ele></trkpt>
      <trkpt lat="46.823977" lon="13.404295"><ele>548.32</ele></trkpt>
      <trkpt lat="46.823890999999996" lon="13.40429"><ele>548.02</ele></trkpt>
      <trkpt lat="46.823828999999996" lon="13.40434"><ele>547.78</ele></trkpt>
      <trkpt lat="46.823769" lon="13.404468"><ele>547.62</ele></trkpt>
      <trkpt lat="46.823273" lon="13.407032"><ele>547.96</ele></trkpt>
      <trkpt lat="46.822959999999995" lon="13.408291"><ele>548</ele></trkpt>
      <trkpt lat="46.822843" lon="13.408802999999999"><ele>548</ele></trkpt>
      <trkpt lat="46.822883999999995" lon="13.408854999999999"><ele>548</ele></trkpt>
      <trkpt lat="46.8231" lon="13.408963"><ele>547.98</ele></trkpt>
      <trkpt lat="46.826343" lon="13.410542999999999"><ele>546.99</ele></trkpt>
      <trkpt lat="46.826426999999995" lon="13.410668"><ele>546.95</ele></trkpt>
      <trkpt lat="46.826425" lon="13.41091"><ele>546.91</ele></trkpt>
      <trkpt lat="46.82584" lon="13.414062999999999"><ele>546.26</ele></trkpt>
      <trkpt lat="46.825469999999996" lon="13.415771"><ele>545.46</ele></trkpt>
      <trkpt lat="46.825162" lon="13.41634"><ele>545.67</ele></trkpt>
      <trkpt lat="46.823957" lon="13.419466"><ele>545.76</ele></trkpt>
      <trkpt lat="46.824310999999994" lon="13.419694"><ele>545.17</ele></trkpt>
      <trkpt lat="46.824675" lon="13.419965"><ele>545.62</ele></trkpt>
      <trkpt lat="46.824855" lon="13.420098999999999"><ele>545.66</ele></trkpt>
      <trkpt lat="46.825613999999995" lon="13.420401"><ele>545.95</ele></trkpt>
      <trkpt lat="46.825886999999994" lon="13.420485999999999"><ele>546</ele></trkpt>
      <trkpt lat="46.825948" lon="13.420586"><ele>546</ele></trkpt>
      <trkpt lat="46.825941" lon="13.420703"><ele>546</ele></trkpt>
      <trkpt lat="46.827301" lon="13.421123"><ele>545.62</ele></trkpt>
      <trkpt lat="46.827487999999995" lon="13.421185999999999"><ele>546.68</ele></trkpt>
      <trkpt lat="46.827571" lon="13.421218"><ele>546.46</ele></trkpt>
      <trkpt lat="46.827732999999995" lon="13.421304"><ele>546.18</ele></trkpt>
      <trkpt lat="46.827866" lon="13.421391999999999"><ele>546.33</ele></trkpt>
      <trkpt lat="46.828012" lon="13.42152"><ele>547.26</ele></trkpt>
      <trkpt lat="46.828061" lon="13.421505999999999"><ele>547.59</ele></trkpt>
      <trkpt lat="46.828213" lon="13.421664"><ele>548.32</ele></trkpt>
      <trkpt lat="46.828404" lon="13.421883"><ele>549.66</ele></trkpt>
      <trkpt lat="46.828478999999994" lon="13.421999999999999"><ele>550.32</ele></trkpt>
      <trkpt lat="46.828582" lon="13.422205"><ele>551.58</ele></trkpt>
      <trkpt lat="46.828885" lon="13.422514"><ele>552.07</ele></trkpt>
      <trkpt lat="46.829145999999994" lon="13.42276"><ele>552.45</ele></trkpt>
      <trkpt lat="46.829339" lon="13.422913999999999"><ele>552.77</ele></trkpt>
      <trkpt lat="46.829538" lon="13.423051"><ele>553.01</ele></trkpt>
      <trkpt lat="46.829784" lon="13.423198999999999"><ele>553.63</ele></trkpt>
      <trkpt lat="46.829764999999995" lon="13.42334"><ele>554.01</ele></trkpt>
      <trkpt lat="46.829735" lon="13.423681"><ele>554.05</ele></trkpt>
      <trkpt lat="46.829733999999995" lon="13.423791999999999"><ele>554.03</ele></trkpt>
      <trkpt lat="46.829755" lon="13.4239"><ele>554.04</ele></trkpt>
      <trkpt lat="46.829822" lon="13.423998"><ele>554.14</ele></trkpt>
      <trkpt lat="46.829997999999996" lon="13.424021999999999"><ele>554.64</ele></trkpt>
      <trkpt lat="46.830251" lon="13.424037"><ele>555.6</ele></trkpt>
      <trkpt lat="46.830402" lon="13.424062"><ele>556.34</ele></trkpt>
      <trkpt lat="46.830551" lon="13.424123"><ele>556.92</ele></trkpt>
      <trkpt lat="46.830704" lon="13.424228999999999"><ele>557.57</ele></trkpt>
      <trkpt lat="46.830881999999995" lon="13.424377999999999"><ele>558.39</ele></trkpt>
      <trkpt lat="46.831091" lon="13.424524"><ele>559.06</ele></trkpt>
      <trkpt lat="46.831178" lon="13.424574"><ele>559.29</ele></trkpt>
      <trkpt lat="46.831222" lon="13.424576"><ele>559.39</ele></trkpt>
      <trkpt lat="46.831253" lon="13.424548"><ele>559.25</ele></trkpt>
      <trkpt lat="46.831269" lon="13.424506"><ele>558.96</ele></trkpt>
      <trkpt lat="46.831263" lon="13.424465"><ele>558.78</ele></trkpt>
      <trkpt lat="46.831208" lon="13.424337"><ele>558.49</ele></trkpt>
      <trkpt lat="46.831039" lon="13.424066999999999"><ele>558.18</ele></trkpt>
      <trkpt lat="46.830917" lon="13.423924999999999"><ele>558.09</ele></trkpt>
      <trkpt lat="46.830906" lon="13.424035"><ele>558.4</ele></trkpt>
      <trkpt lat="46.83088" lon="13.424064"><ele>558.52</ele></trkpt>
      <trkpt lat="46.830861999999996" lon="13.424107"><ele>558.65</ele></trkpt>
      <trkpt lat="46.830833" lon="13.424441999999999"><ele>559</ele></trkpt>
      <trkpt lat="46.830830999999996" lon="13.424643999999999"><ele>559.61</ele></trkpt>
      <trkpt lat="46.830788" lon="13.425115"><ele>560.67</ele></trkpt>
      <trkpt lat="46.830757999999996" lon="13.425334999999999"><ele>561.14</ele></trkpt>
      <trkpt lat="46.830535" lon="13.4264"><ele>562.97</ele></trkpt>
      <trkpt lat="46.830382" lon="13.426993999999999"><ele>563.59</ele></trkpt>
      <trkpt lat="46.830400999999995" lon="13.427173"><ele>563.88</ele></trkpt>
      <trkpt lat="46.830397" lon="13.427264"><ele>564</ele></trkpt>
      <trkpt lat="46.830442999999995" lon="13.427363"><ele>564</ele></trkpt>
      <trkpt lat="46.830444" lon="13.427479"><ele>564.08</ele></trkpt>
      <trkpt lat="46.83041" lon="13.427648999999999"><ele>564.31</ele></trkpt>
      <trkpt lat="46.830397999999995" lon="13.427781999999999"><ele>564.52</ele></trkpt>
      <trkpt lat="46.830407" lon="13.428203"><ele>564.91</ele></trkpt>
      <trkpt lat="46.83039" lon="13.428388"><ele>565.11</ele></trkpt>
      <trkpt lat="46.830206999999994" lon="13.429406"><ele>566.43</ele></trkpt>
      <trkpt lat="46.830144999999995" lon="13.429806"><ele>566.99</ele></trkpt>
      <trkpt lat="46.830113" lon="13.430076"><ele>567.34</ele></trkpt>
      <trkpt lat="46.830092" lon="13.430368999999999"><ele>567.65</ele></trkpt>
      <trkpt lat="46.830068" lon="13.430893"><ele>568.09</ele></trkpt>
      <trkpt lat="46.830067" lon="13.431313"><ele>568.3</ele></trkpt>
      <trkpt lat="46.830089" lon="13.431721999999999"><ele>568.47</ele></trkpt>
      <trkpt lat="46.830155" lon="13.432247"><ele>568.69</ele></trkpt>
      <trkpt lat="46.830303" lon="13.433205"><ele>569.4</ele></trkpt>
      <trkpt lat="46.830397" lon="13.433741999999999"><ele>570.02</ele></trkpt>
      <trkpt lat="46.830512" lon="13.434304"><ele>570.45</ele></trkpt>
      <trkpt lat="46.830712999999996" lon="13.435108"><ele>571.99</ele></trkpt>
      <trkpt lat="46.83081" lon="13.435564"><ele>572.83</ele></trkpt>
      <trkpt lat="46.830929" lon="13.436454999999999"><ele>574.52</ele></trkpt>
      <trkpt lat="46.830998" lon="13.437261999999999"><ele>575.57</ele></trkpt>
      <trkpt lat="46.831039999999994" lon="13.437629999999999"><ele>576.33</ele></trkpt>
      <trkpt lat="46.831165" lon="13.438563"><ele>576.99</ele></trkpt>
      <trkpt lat="46.831247" lon="13.439100999999999"><ele>577.44</ele></trkpt>
      <trkpt lat="46.831455" lon="13.440361999999999"><ele>577.26</ele></trkpt>
      <trkpt lat="46.831475" lon="13.440572999999999"><ele>577.03</ele></trkpt>
      <trkpt lat="46.831466" lon="13.440745999999999"><ele>577</ele></trkpt>
      <trkpt lat="46.831419" lon="13.441053"><ele>576.88</ele></trkpt>
      <trkpt lat="46.831292" lon="13.441644"><ele>576.87</ele></trkpt>
      <trkpt lat="46.831157" lon="13.442146999999999"><ele>576.93</ele></trkpt>
      <trkpt lat="46.831103999999996" lon="13.442390999999999"><ele>576.99</ele></trkpt>
      <trkpt lat="46.831074" lon="13.442613999999999"><ele>577.11</ele></trkpt>
      <trkpt lat="46.830939" lon="13.444301999999999"><ele>577.99</ele></trkpt>
      <trkpt lat="46.830934" lon="13.444529999999999"><ele>578.05</ele></trkpt>
      <trkpt lat="46.83095" lon="13.445668"><ele>578.77</ele></trkpt>
      <trkpt lat="46.830476" lon="13.445622"><ele>576.58</ele></trkpt>
      <trkpt lat="46.830245999999995" lon="13.445637"><ele>575.23</ele></trkpt>
      <trkpt lat="46.830053" lon="13.445685"><ele>574.23</ele></trkpt>
      <trkpt lat="46.829398999999995" lon="13.445965999999999"><ele>571.6</ele></trkpt>
      <trkpt lat="46.829159999999995" lon="13.446031999999999"><ele>571.24</ele></trkpt>
      <trkpt lat="46.828998" lon="13.446031999999999"><ele>571.07</ele></trkpt>
      <trkpt lat="46.828827999999994" lon="13.445986999999999"><ele>570.93</ele></trkpt>
      <trkpt lat="46.828728" lon="13.445931999999999"><ele>570.56</ele></trkpt>
      <trkpt lat="46.828565" lon="13.445812"><ele>569.72</ele></trkpt>
      <trkpt lat="46.828071" lon="13.445400999999999"><ele>566.24</ele></trkpt>
      <trkpt lat="46.827765" lon="13.445212"><ele>565.51</ele></trkpt>
      <trkpt lat="46.826616" lon="13.444550999999999"><ele>564.99</ele></trkpt>
      <trkpt lat="46.826398" lon="13.444474"><ele>564.8</ele></trkpt>
      <trkpt lat="46.825267" lon="13.444322"><ele>565.33</ele></trkpt>
      <trkpt lat="46.824819999999995" lon="13.444208999999999"><ele>562.91</ele></trkpt>
      <trkpt lat="46.824631" lon="13.444170999999999"><ele>562.01</ele></trkpt>
      <trkpt lat="46.824408999999996" lon="13.444106"><ele>561.46</ele></trkpt>
      <trkpt lat="46.82362" lon="13.443819"><ele>560.28</ele></trkpt>
      <trkpt lat="46.823457" lon="13.44403"><ele>560.04</ele></trkpt>
      <trkpt lat="46.823350999999995" lon="13.444192"><ele>559.88</ele></trkpt>
      <trkpt lat="46.823271999999996" lon="13.444384"><ele>559.38</ele></trkpt>
      <trkpt lat="46.823104" lon="13.444908"><ele>558.98</ele></trkpt>
      <trkpt lat="46.822748999999995" lon="13.446273"><ele>558.21</ele></trkpt>
      <trkpt lat="46.822696" lon="13.446565"><ele>558.17</ele></trkpt>
      <trkpt lat="46.82268" lon="13.446935999999999"><ele>558.68</ele></trkpt>
      <trkpt lat="46.822843999999996" lon="13.447481"><ele>558.86</ele></trkpt>
      <trkpt lat="46.823142" lon="13.447968"><ele>558.78</ele></trkpt>
      <trkpt lat="46.823318" lon="13.448578999999999"><ele>558.22</ele></trkpt>
      <trkpt lat="46.823384" lon="13.448784999999999"><ele>557.12</ele></trkpt>
      <trkpt lat="46.823049999999995" lon="13.449442999999999"><ele>556.29</ele></trkpt>
      <trkpt lat="46.822468" lon="13.450514"><ele>554.71</ele></trkpt>
      <trkpt lat="46.822286" lon="13.45082"><ele>554.1</ele></trkpt>
      <trkpt lat="46.822086999999996" lon="13.451099"><ele>553.47</ele></trkpt>
      <trkpt lat="46.821892" lon="13.451317"><ele>552.92</ele></trkpt>
      <trkpt lat="46.821473999999995" lon="13.451699999999999"><ele>551.92</ele></trkpt>
      <trkpt lat="46.821358" lon="13.451787999999999"><ele>551.63</ele></trkpt>
      <trkpt lat="46.820882" lon="13.452198"><ele>550.88</ele></trkpt>
      <trkpt lat="46.820715" lon="13.452363"><ele>550.49</ele></trkpt>
      <trkpt lat="46.820473" lon="13.452672"><ele>549.61</ele></trkpt>
      <trkpt lat="46.820344999999996" lon="13.452855"><ele>549.28</ele></trkpt>
      <trkpt lat="46.820215999999995" lon="13.452933"><ele>549.44</ele></trkpt>
      <trkpt lat="46.820153999999995" lon="13.452945999999999"><ele>549.35</ele></trkpt>
      <trkpt lat="46.819989" lon="13.453081"><ele>549.05</ele></trkpt>
      <trkpt lat="46.819883" lon="13.453332999999999"><ele>548.9</ele></trkpt>
      <trkpt lat="46.819676" lon="13.453572"><ele>548.66</ele></trkpt>
      <trkpt lat="46.819506" lon="13.453698999999999"><ele>548.46</ele></trkpt>
      <trkpt lat="46.819010999999996" lon="13.454001"><ele>547.85</ele></trkpt>
      <trkpt lat="46.818528" lon="13.454232999999999"><ele>547.42</ele></trkpt>
      <trkpt lat="46.817794" lon="13.454611"><ele>547.56</ele></trkpt>
      <trkpt lat="46.817167999999995" lon="13.455017"><ele>548.52</ele></trkpt>
      <trkpt lat="46.816657" lon="13.455485999999999"><ele>549.63</ele></trkpt>
      <trkpt lat="46.816359999999996" lon="13.455833"><ele>550.32</ele></trkpt>
      <trkpt lat="46.816114" lon="13.456159999999999"><ele>550.79</ele></trkpt>
      <trkpt lat="46.815902" lon="13.456479"><ele>551.2</ele></trkpt>
      <trkpt lat="46.815684" lon="13.456883"><ele>552.15</ele></trkpt>
      <trkpt lat="46.81547" lon="13.457327999999999"><ele>553.29</ele></trkpt>
      <trkpt lat="46.815328" lon="13.457692999999999"><ele>554.52</ele></trkpt>
      <trkpt lat="46.815166999999995" lon="13.45816"><ele>556.39</ele></trkpt>
      <trkpt lat="46.815047" lon="13.458599"><ele>557.66</ele></trkpt>
      <trkpt lat="46.814944" lon="13.459076"><ele>559.35</ele></trkpt>
      <trkpt lat="46.814820999999995" lon="13.459843999999999"><ele>561.46</ele></trkpt>
      <trkpt lat="46.814698" lon="13.460687"><ele>562.77</ele></trkpt>
      <trkpt lat="46.81456" lon="13.461485"><ele>563.82</ele></trkpt>
      <trkpt lat="46.814448999999996" lon="13.461984"><ele>564.63</ele></trkpt>
      <trkpt lat="46.814324" lon="13.462467"><ele>565.24</ele></trkpt>
      <trkpt lat="46.814150999999995" lon="13.462981"><ele>565.19</ele></trkpt>
      <trkpt lat="46.813925999999995" lon="13.463598999999999"><ele>564.09</ele></trkpt>
      <trkpt lat="46.813500999999995" lon="13.464697"><ele>561.57</ele></trkpt>
      <trkpt lat="46.813237" lon="13.46534"><ele>560.47</ele></trkpt>
      <trkpt lat="46.813165" lon="13.465477"><ele>560.2</ele></trkpt>
      <trkpt lat="46.812892" lon="13.466057999999999"><ele>558.76</ele></trkpt>
      <trkpt lat="46.812137" lon="13.467315"><ele>554.66</ele></trkpt>
      <trkpt lat="46.811094" lon="13.469132"><ele>558.75</ele></trkpt>
      <trkpt lat="46.81062" lon="13.470067"><ele>559.47</ele></trkpt>
      <trkpt lat="46.810362999999995" lon="13.470631"><ele>559.49</ele></trkpt>
      <trkpt lat="46.809940999999995" lon="13.471661"><ele>558.08</ele></trkpt>
      <trkpt lat="46.809636999999995" lon="13.472583"><ele>557.14</ele></trkpt>
      <trkpt lat="46.809169" lon="13.474267"><ele>555.7</ele></trkpt>
      <trkpt lat="46.808994999999996" lon="13.474756"><ele>555.11</ele></trkpt>
      <trkpt lat="46.808805" lon="13.475334"><ele>554.24</ele></trkpt>
      <trkpt lat="46.808609999999994" lon="13.475762999999999"><ele>553.08</ele></trkpt>
      <trkpt lat="46.808350999999995" lon="13.47622"><ele>550.94</ele></trkpt>
      <trkpt lat="46.808167" lon="13.476477"><ele>549.6</ele></trkpt>
      <trkpt lat="46.807897999999994" lon="13.476806"><ele>547.74</ele></trkpt>
      <trkpt lat="46.807752" lon="13.477063"><ele>546.43</ele></trkpt>
      <trkpt lat="46.807548" lon="13.477538"><ele>545.03</ele></trkpt>
      <trkpt lat="46.807306" lon="13.478140999999999"><ele>544.24</ele></trkpt>
      <trkpt lat="46.807103" lon="13.478682"><ele>544.69</ele></trkpt>
      <trkpt lat="46.807030999999995" lon="13.478990999999999"><ele>545.31</ele></trkpt>
      <trkpt lat="46.806968999999995" lon="13.479225999999999"><ele>546.31</ele></trkpt>
      <trkpt lat="46.806947" lon="13.479339"><ele>546.64</ele></trkpt>
      <trkpt lat="46.806829" lon="13.479591"><ele>545.36</ele></trkpt>
      <trkpt lat="46.806745" lon="13.479823"><ele>544.12</ele></trkpt>
      <trkpt lat="46.806667999999995" lon="13.479954"><ele>543.18</ele></trkpt>
      <trkpt lat="46.806616" lon="13.479972"><ele>542.81</ele></trkpt>
      <trkpt lat="46.806557999999995" lon="13.479956999999999"><ele>542.37</ele></trkpt>
      <trkpt lat="46.806445" lon="13.479875"><ele>541.1</ele></trkpt>
      <trkpt lat="46.806311" lon="13.479833"><ele>539.55</ele></trkpt>
      <trkpt lat="46.805755999999995" lon="13.480181"><ele>537.74</ele></trkpt>
      <trkpt lat="46.805578999999994" lon="13.480447999999999"><ele>537.71</ele></trkpt>
      <trkpt lat="46.805091999999995" lon="13.481216"><ele>537.77</ele></trkpt>
      <trkpt lat="46.804914" lon="13.481449999999999"><ele>537.83</ele></trkpt>
      <trkpt lat="46.804615999999996" lon="13.481803"><ele>537.85</ele></trkpt>
      <trkpt lat="46.804297999999996" lon="13.482156"><ele>537.8</ele></trkpt>
      <trkpt lat="46.803624" lon="13.482832"><ele>537.68</ele></trkpt>
      <trkpt lat="46.803396" lon="13.483091"><ele>537.7</ele></trkpt>
      <trkpt lat="46.803194" lon="13.483286"><ele>537.8</ele></trkpt>
      <trkpt lat="46.80301" lon="13.483431"><ele>537.92</ele></trkpt>
      <trkpt lat="46.802451999999995" lon="13.483787"><ele>538</ele></trkpt>
      <trkpt lat="46.801866999999994" lon="13.484131"><ele>537.41</ele></trkpt>
      <trkpt lat="46.800792" lon="13.484763"><ele>538.4</ele></trkpt>
      <trkpt lat="46.800658" lon="13.484862999999999"><ele>539.4</ele></trkpt>
      <trkpt lat="46.800745" lon="13.48527"><ele>538.7</ele></trkpt>
      <trkpt lat="46.800768" lon="13.485517999999999"><ele>539.23</ele></trkpt>
      <trkpt lat="46.800753" lon="13.485805"><ele>539.68</ele></trkpt>
      <trkpt lat="46.800667" lon="13.486141"><ele>541.64</ele></trkpt>
      <trkpt lat="46.800474" lon="13.486364"><ele>543.6</ele></trkpt>
      <trkpt lat="46.800132999999995" lon="13.486654999999999"><ele>546.67</ele></trkpt>
      <trkpt lat="46.799707999999995" lon="13.487041"><ele>550.33</ele></trkpt>
      <trkpt lat="46.798181" lon="13.48809"><ele>549.59</ele></trkpt>
      <trkpt lat="46.798097" lon="13.488287999999999"><ele>550.35</ele></trkpt>
      <trkpt lat="46.797807" lon="13.48913"><ele>551.16</ele></trkpt>
      <trkpt lat="46.797826" lon="13.489272"><ele>551.39</ele></trkpt>
      <trkpt lat="46.797889999999995" lon="13.489388"><ele>551.8</ele></trkpt>
      <trkpt lat="46.79806" lon="13.489611"><ele>552</ele></trkpt>
      <trkpt lat="46.797489" lon="13.490648"><ele>552.32</ele></trkpt>
      <trkpt lat="46.797357" lon="13.490919"><ele>552.49</ele></trkpt>
      <trkpt lat="46.797318" lon="13.49091"><ele>552.35</ele></trkpt>
      <trkpt lat="46.797287999999995" lon="13.490915999999999"><ele>552.25</ele></trkpt>
      <trkpt lat="46.797239999999995" lon="13.490976"><ele>552.06</ele></trkpt>
      <trkpt lat="46.796510999999995" lon="13.490136999999999"><ele>549.71</ele></trkpt>
      <trkpt lat="46.796338" lon="13.48992"><ele>548.95</ele></trkpt>
      <trkpt lat="46.796209" lon="13.489726"><ele>548.36</ele></trkpt>
      <trkpt lat="46.796017" lon="13.48937"><ele>546.78</ele></trkpt>
      <trkpt lat="46.795704" lon="13.488579"><ele>544</ele></trkpt>
      <trkpt lat="46.795167" lon="13.488947999999999"><ele>543.51</ele></trkpt>
      <trkpt lat="46.794857" lon="13.489244999999999"><ele>544</ele></trkpt>
      <trkpt lat="46.794501" lon="13.489654"><ele>544</ele></trkpt>
      <trkpt lat="46.793527" lon="13.490495"><ele>545.56</ele></trkpt>
      <trkpt lat="46.793315" lon="13.490597999999999"><ele>545.98</ele></trkpt>
      <trkpt lat="46.793048999999996" lon="13.490641"><ele>543.95</ele></trkpt>
      <trkpt lat="46.792935" lon="13.490675999999999"><ele>544.72</ele></trkpt>
      <trkpt lat="46.792708999999995" lon="13.490807"><ele>545.47</ele></trkpt>
      <trkpt lat="46.792497999999995" lon="13.490895"><ele>545.55</ele></trkpt>
      <trkpt lat="46.792403" lon="13.491088"><ele>545.89</ele></trkpt>
      <trkpt lat="46.792303" lon="13.491368"><ele>546.21</ele></trkpt>
      <trkpt lat="46.792231" lon="13.491741999999999"><ele>546.44</ele></trkpt>
      <trkpt lat="46.792235999999995" lon="13.492483"><ele>547.09</ele></trkpt>
      <trkpt lat="46.792207" lon="13.492637"><ele>547.36</ele></trkpt>
      <trkpt lat="46.792144" lon="13.492823999999999"><ele>547.62</ele></trkpt>
      <trkpt lat="46.792147" lon="13.493208"><ele>547.73</ele></trkpt>
      <trkpt lat="46.792204" lon="13.494518"><ele>546.92</ele></trkpt>
      <trkpt lat="46.792226" lon="13.495436999999999"><ele>546.05</ele></trkpt>
      <trkpt lat="46.792255" lon="13.496348"><ele>544.25</ele></trkpt>
      <trkpt lat="46.792249999999996" lon="13.49639"><ele>544.14</ele></trkpt>
      <trkpt lat="46.792226" lon="13.496411"><ele>544.09</ele></trkpt>
      <trkpt lat="46.792111" lon="13.496423"><ele>543.67</ele></trkpt>
      <trkpt lat="46.792065" lon="13.496537"><ele>543.66</ele></trkpt>
      <trkpt lat="46.792062" lon="13.496844999999999"><ele>544.49</ele></trkpt>
      <trkpt lat="46.792100999999995" lon="13.496946999999999"><ele>544.97</ele></trkpt>
      <trkpt lat="46.792111" lon="13.497226"><ele>544.99</ele></trkpt>
      <trkpt lat="46.792127" lon="13.49728"><ele>544.49</ele></trkpt>
      <trkpt lat="46.792138" lon="13.497534"><ele>541.47</ele></trkpt>
      <trkpt lat="46.792172" lon="13.497561"><ele>541.58</ele></trkpt>
      <trkpt lat="46.792175" lon="13.497594999999999"><ele>541.74</ele></trkpt>
      <trkpt lat="46.792207" lon="13.498294"><ele>544.48</ele></trkpt>
      <trkpt lat="46.792173" lon="13.498733"><ele>544.92</ele></trkpt>
      <trkpt lat="46.792184" lon="13.499260999999999"><ele>545.13</ele></trkpt>
      <trkpt lat="46.79217" lon="13.499839"><ele>545.73</ele></trkpt>
      <trkpt lat="46.7922" lon="13.500064"><ele>544.76</ele></trkpt>
      <trkpt lat="46.79217" lon="13.500316999999999"><ele>543.67</ele></trkpt>
      <trkpt lat="46.792114" lon="13.500478"><ele>545.09</ele></trkpt>
      <trkpt lat="46.792075999999994" lon="13.500717"><ele>545.56</ele></trkpt>
      <trkpt lat="46.791931" lon="13.501341"><ele>545.91</ele></trkpt>
      <trkpt lat="46.791587" lon="13.502162"><ele>546.44</ele></trkpt>
      <trkpt lat="46.791461999999996" lon="13.502058"><ele>546.64</ele></trkpt>
      <trkpt lat="46.791337999999996" lon="13.502357"><ele>547</ele></trkpt>
      <trkpt lat="46.791373" lon="13.502415"><ele>547</ele></trkpt>
      <trkpt lat="46.791377" lon="13.502476"><ele>546.98</ele></trkpt>
      <trkpt lat="46.791232" lon="13.502912"><ele>546.8</ele></trkpt>
      <trkpt lat="46.79032" lon="13.505241"><ele>545.85</ele></trkpt>
      <trkpt lat="46.789352" lon="13.507677"><ele>544.4</ele></trkpt>
      <trkpt lat="46.788984" lon="13.508638"><ele>543.69</ele></trkpt>
      <trkpt lat="46.78834" lon="13.508030999999999"><ele>544</ele></trkpt>
      <trkpt lat="46.787881999999996" lon="13.507667999999999"><ele>543.6</ele></trkpt>
      <trkpt lat="46.787576" lon="13.508298"><ele>542.99</ele></trkpt>
      <trkpt lat="46.787296" lon="13.508823999999999"><ele>542.63</ele></trkpt>
      <trkpt lat="46.787046" lon="13.509236"><ele>542.75</ele></trkpt>
      <trkpt lat="46.786637999999996" lon="13.509843"><ele>542</ele></trkpt>
      <trkpt lat="46.786432999999995" lon="13.510188"><ele>541.87</ele></trkpt>
      <trkpt lat="46.786243" lon="13.510549999999999"><ele>541.47</ele></trkpt>
      <trkpt lat="46.786044" lon="13.511057"><ele>540.81</ele></trkpt>
      <trkpt lat="46.785354999999996" lon="13.512865999999999"><ele>540.01</ele></trkpt>
      <trkpt lat="46.785258" lon="13.513162"><ele>539.88</ele></trkpt>
      <trkpt lat="46.785184" lon="13.513508"><ele>539.71</ele></trkpt>
      <trkpt lat="46.785153" lon="13.513872"><ele>539.52</ele></trkpt>
      <trkpt lat="46.785109999999996" lon="13.514152999999999"><ele>539.37</ele></trkpt>
      <trkpt lat="46.785022999999995" lon="13.514406"><ele>539.21</ele></trkpt>
      <trkpt lat="46.784724" lon="13.51506"><ele>539</ele></trkpt>
      <trkpt lat="46.783981" lon="13.516435999999999"><ele>537.76</ele></trkpt>
      <trkpt lat="46.783795" lon="13.516935"><ele>537.2</ele></trkpt>
      <trkpt lat="46.783442" lon="13.517722"><ele>536.17</ele></trkpt>
      <trkpt lat="46.782959999999996" lon="13.518597999999999"><ele>535.22</ele></trkpt>
      <trkpt lat="46.782044" lon="13.519687999999999"><ele>534.99</ele></trkpt>
      <trkpt lat="46.781796" lon="13.520137"><ele>534.97</ele></trkpt>
      <trkpt lat="46.781625999999996" lon="13.520556"><ele>534.91</ele></trkpt>
      <trkpt lat="46.7808" lon="13.522893999999999"><ele>533.84</ele></trkpt>
      <trkpt lat="46.780359999999995" lon="13.523783"><ele>532.57</ele></trkpt>
      <trkpt lat="46.780246" lon="13.524111999999999"><ele>532.09</ele></trkpt>
      <trkpt lat="46.780183" lon="13.524452"><ele>531.67</ele></trkpt>
      <trkpt lat="46.780121" lon="13.525490999999999"><ele>531.05</ele></trkpt>
      <trkpt lat="46.780060999999996" lon="13.526003999999999"><ele>531.04</ele></trkpt>
      <trkpt lat="46.779958" lon="13.526454999999999"><ele>531.08</ele></trkpt>
      <trkpt lat="46.779806" lon="13.526928"><ele>531.07</ele></trkpt>
      <trkpt lat="46.779193" lon="13.528246999999999"><ele>530.77</ele></trkpt>
      <trkpt lat="46.778424" lon="13.5298"><ele>531.51</ele></trkpt>
      <trkpt lat="46.777997" lon="13.529250999999999"><ele>528.29</ele></trkpt>
      <trkpt lat="46.777657" lon="13.528694999999999"><ele>527.15</ele></trkpt>
      <trkpt lat="46.777342999999995" lon="13.528139"><ele>527</ele></trkpt>
      <trkpt lat="46.777325999999995" lon="13.528222"><ele>527</ele></trkpt>
      <trkpt lat="46.777217" lon="13.528526999999999"><ele>527</ele></trkpt>
      <trkpt lat="46.776916" lon="13.529214999999999"><ele>527</ele></trkpt>
      <trkpt lat="46.776621999999996" lon="13.529938999999999"><ele>526.98</ele></trkpt>
      <trkpt lat="46.776433" lon="13.530306"><ele>526.93</ele></trkpt>
      <trkpt lat="46.776235" lon="13.530615"><ele>527.35</ele></trkpt>
      <trkpt lat="46.776001" lon="13.531099"><ele>526.44</ele></trkpt>
      <trkpt lat="46.775921" lon="13.531383"><ele>526.31</ele></trkpt>
      <trkpt lat="46.775738999999994" lon="13.532112"><ele>526.4</ele></trkpt>
      <trkpt lat="46.775701999999995" lon="13.532200999999999"><ele>526.48</ele></trkpt>
      <trkpt lat="46.775343" lon="13.533259999999999"><ele>526.37</ele></trkpt>
      <trkpt lat="46.775237" lon="13.533627"><ele>526.05</ele></trkpt>
      <trkpt lat="46.775023999999995" lon="13.534284"><ele>525.65</ele></trkpt>
      <trkpt lat="46.774806" lon="13.535029999999999"><ele>525.43</ele></trkpt>
      <trkpt lat="46.774619" lon="13.535546"><ele>525.46</ele></trkpt>
      <trkpt lat="46.774484" lon="13.535739"><ele>525.14</ele></trkpt>
      <trkpt lat="46.774407" lon="13.5358"><ele>525.08</ele></trkpt>
      <trkpt lat="46.774318" lon="13.535931999999999"><ele>525.18</ele></trkpt>
      <trkpt lat="46.774257" lon="13.536119"><ele>525.18</ele></trkpt>
      <trkpt lat="46.774221" lon="13.536318"><ele>525.18</ele></trkpt>
      <trkpt lat="46.774206" lon="13.536624999999999"><ele>525.17</ele></trkpt>
      <trkpt lat="46.774212999999996" lon="13.537033"><ele>525.17</ele></trkpt>
      <trkpt lat="46.774288" lon="13.537353999999999"><ele>525.31</ele></trkpt>
      <trkpt lat="46.774806" lon="13.538402999999999"><ele>525.03</ele></trkpt>
      <trkpt lat="46.774943" lon="13.538915999999999"><ele>524.89</ele></trkpt>
      <trkpt lat="46.775036" lon="13.539435"><ele>525.02</ele></trkpt>
      <trkpt lat="46.775161999999995" lon="13.540068999999999"><ele>525.14</ele></trkpt>
      <trkpt lat="46.775200999999996" lon="13.540305"><ele>525.28</ele></trkpt>
      <trkpt lat="46.775213" lon="13.540529"><ele>525.49</ele></trkpt>
      <trkpt lat="46.775191" lon="13.540726"><ele>525.65</ele></trkpt>
      <trkpt lat="46.775154" lon="13.540953"><ele>525.8</ele></trkpt>
      <trkpt lat="46.775039" lon="13.541395"><ele>525.95</ele></trkpt>
      <trkpt lat="46.774899999999995" lon="13.541727999999999"><ele>525.99</ele></trkpt>
      <trkpt lat="46.774494" lon="13.542289"><ele>525.81</ele></trkpt>
      <trkpt lat="46.774395" lon="13.54244"><ele>525.7</ele></trkpt>
      <trkpt lat="46.774352" lon="13.542553"><ele>525.64</ele></trkpt>
      <trkpt lat="46.774294999999995" lon="13.542824999999999"><ele>525.49</ele></trkpt>
      <trkpt lat="46.774299" lon="13.543866"><ele>525.1</ele></trkpt>
      <trkpt lat="46.774322999999995" lon="13.545178"><ele>525.32</ele></trkpt>
      <trkpt lat="46.773647999999994" lon="13.546835"><ele>523.9</ele></trkpt>
      <trkpt lat="46.773395" lon="13.547381"><ele>523.53</ele></trkpt>
      <trkpt lat="46.773286" lon="13.547635999999999"><ele>523.49</ele></trkpt>
      <trkpt lat="46.773241999999996" lon="13.547803"><ele>523.73</ele></trkpt>
      <trkpt lat="46.771992999999995" lon="13.550913"><ele>523.37</ele></trkpt>
      <trkpt lat="46.771611" lon="13.551946"><ele>523.8</ele></trkpt>
      <trkpt lat="46.771302999999996" lon="13.552365"><ele>522.89</ele></trkpt>
      <trkpt lat="46.771252999999994" lon="13.552422"><ele>522.86</ele></trkpt>
      <trkpt lat="46.771224" lon="13.552684"><ele>523.35</ele></trkpt>
      <trkpt lat="46.771127" lon="13.553028"><ele>523.34</ele></trkpt>
      <trkpt lat="46.770981" lon="13.553410999999999"><ele>523.55</ele></trkpt>
      <trkpt lat="46.770683" lon="13.553916"><ele>522.72</ele></trkpt>
      <trkpt lat="46.77025" lon="13.554413"><ele>522.15</ele></trkpt>
      <trkpt lat="46.770213999999996" lon="13.554463"><ele>522</ele></trkpt>
      <trkpt lat="46.770146999999994" lon="13.554495999999999"><ele>522</ele></trkpt>
      <trkpt lat="46.770070999999994" lon="13.554552"><ele>522</ele></trkpt>
      <trkpt lat="46.769282999999994" lon="13.555285999999999"><ele>522</ele></trkpt>
      <trkpt lat="46.768423" lon="13.556180999999999"><ele>521.94</ele></trkpt>
      <trkpt lat="46.76763" lon="13.557053"><ele>521.58</ele></trkpt>
      <trkpt lat="46.766321999999995" lon="13.558634"><ele>521.12</ele></trkpt>
      <trkpt lat="46.76578" lon="13.559229"><ele>520.88</ele></trkpt>
      <trkpt lat="46.765353999999995" lon="13.559662"><ele>520.52</ele></trkpt>
      <trkpt lat="46.764989" lon="13.560061999999999"><ele>520.32</ele></trkpt>
      <trkpt lat="46.763661" lon="13.561682999999999"><ele>521.01</ele></trkpt>
      <trkpt lat="46.763186999999995" lon="13.562063"><ele>521.6</ele></trkpt>
      <trkpt lat="46.763023999999994" lon="13.562237999999999"><ele>521.81</ele></trkpt>
      <trkpt lat="46.762145" lon="13.563246999999999"><ele>522.54</ele></trkpt>
      <trkpt lat="46.761465" lon="13.563972999999999"><ele>522.33</ele></trkpt>
      <trkpt lat="46.760588999999996" lon="13.564831"><ele>521.61</ele></trkpt>
      <trkpt lat="46.759837" lon="13.565487"><ele>521.09</ele></trkpt>
      <trkpt lat="46.758613" lon="13.566488"><ele>520.88</ele></trkpt>
      <trkpt lat="46.757542" lon="13.567298"><ele>520.24</ele></trkpt>
      <trkpt lat="46.756895" lon="13.567763999999999"><ele>519.99</ele></trkpt>
      <trkpt lat="46.75613" lon="13.568344"><ele>520.16</ele></trkpt>
      <trkpt lat="46.755668" lon="13.568767999999999"><ele>520.29</ele></trkpt>
      <trkpt lat="46.755098" lon="13.569384"><ele>520.32</ele></trkpt>
      <trkpt lat="46.754554" lon="13.570133"><ele>520.22</ele></trkpt>
      <trkpt lat="46.754422999999996" lon="13.570431"><ele>520.14</ele></trkpt>
      <trkpt lat="46.754326" lon="13.571003999999999"><ele>519.83</ele></trkpt>
      <trkpt lat="46.754265" lon="13.571143"><ele>519.75</ele></trkpt>
      <trkpt lat="46.754180999999996" lon="13.571232"><ele>519.7</ele></trkpt>
      <trkpt lat="46.753955" lon="13.571380999999999"><ele>519.5</ele></trkpt>
      <trkpt lat="46.753833" lon="13.571504"><ele>519.31</ele></trkpt>
      <trkpt lat="46.753645999999996" lon="13.571831999999999"><ele>518.99</ele></trkpt>
      <trkpt lat="46.753474" lon="13.571952"><ele>518.84</ele></trkpt>
      <trkpt lat="46.753302" lon="13.572023"><ele>519.35</ele></trkpt>
      <trkpt lat="46.753214" lon="13.572109"><ele>519.84</ele></trkpt>
      <trkpt lat="46.753083" lon="13.572284999999999"><ele>519.63</ele></trkpt>
      <trkpt lat="46.752736999999996" lon="13.57284"><ele>519.74</ele></trkpt>
      <trkpt lat="46.752313" lon="13.573447999999999"><ele>519.59</ele></trkpt>
      <trkpt lat="46.751436999999996" lon="13.574596999999999"><ele>520.07</ele></trkpt>
      <trkpt lat="46.751297" lon="13.574743999999999"><ele>520.36</ele></trkpt>
      <trkpt lat="46.7508" lon="13.575139"><ele>520.56</ele></trkpt>
      <trkpt lat="46.750231" lon="13.575643"><ele>519.53</ele></trkpt>
      <trkpt lat="46.749843999999996" lon="13.575949"><ele>518.54</ele></trkpt>
      <trkpt lat="46.749708" lon="13.576029"><ele>518.18</ele></trkpt>
      <trkpt lat="46.749131" lon="13.577264999999999"><ele>517.83</ele></trkpt>
      <trkpt lat="46.748235" lon="13.579597999999999"><ele>517.45</ele></trkpt>
      <trkpt lat="46.747484" lon="13.581513999999999"><ele>518.11</ele></trkpt>
      <trkpt lat="46.746973" lon="13.582595"><ele>518.21</ele></trkpt>
      <trkpt lat="46.746427" lon="13.58381"><ele>518</ele></trkpt>
      <trkpt lat="46.746325" lon="13.583812"><ele>517.45</ele></trkpt>
      <trkpt lat="46.746198" lon="13.583893999999999"><ele>517.04</ele></trkpt>
      <trkpt lat="46.745222999999996" lon="13.585740999999999"><ele>517.57</ele></trkpt>
      <trkpt lat="46.744989" lon="13.586366"><ele>517.65</ele></trkpt>
      <trkpt lat="46.744789999999995" lon="13.586872"><ele>517.57</ele></trkpt>
      <trkpt lat="46.744744" lon="13.587135"><ele>517.92</ele></trkpt>
      <trkpt lat="46.744699" lon="13.587202999999999"><ele>517.76</ele></trkpt>
      <trkpt lat="46.744675" lon="13.587261"><ele>517.66</ele></trkpt>
      <trkpt lat="46.744665999999995" lon="13.587446"><ele>517.43</ele></trkpt>
      <trkpt lat="46.744675" lon="13.587923"><ele>518.41</ele></trkpt>
      <trkpt lat="46.744107" lon="13.59005"><ele>517.82</ele></trkpt>
      <trkpt lat="46.743750999999996" lon="13.591712999999999"><ele>516.39</ele></trkpt>
      <trkpt lat="46.743434" lon="13.593349"><ele>516.96</ele></trkpt>
      <trkpt lat="46.742973" lon="13.596504"><ele>516.56</ele></trkpt>
      <trkpt lat="46.742895" lon="13.597275999999999"><ele>516.2</ele></trkpt>
      <trkpt lat="46.742884" lon="13.598079"><ele>516.16</ele></trkpt>
      <trkpt lat="46.743002" lon="13.599293999999999"><ele>516.34</ele></trkpt>
      <trkpt lat="46.743204999999996" lon="13.600107"><ele>515.88</ele></trkpt>
      <trkpt lat="46.743244" lon="13.600346"><ele>516.52</ele></trkpt>
      <trkpt lat="46.743427" lon="13.601035"><ele>516.56</ele></trkpt>
      <trkpt lat="46.743566" lon="13.601799"><ele>517.6</ele></trkpt>
      <trkpt lat="46.743590999999995" lon="13.602017"><ele>517.66</ele></trkpt>
      <trkpt lat="46.743651" lon="13.602812"><ele>517</ele></trkpt>
      <trkpt lat="46.743665" lon="13.60379"><ele>516.48</ele></trkpt>
      <trkpt lat="46.743531999999995" lon="13.60536"><ele>515.97</ele></trkpt>
      <trkpt lat="46.743392" lon="13.60637"><ele>516.42</ele></trkpt>
      <trkpt lat="46.743277" lon="13.606950999999999"><ele>516.94</ele></trkpt>
      <trkpt lat="46.743044999999995" lon="13.607773"><ele>517.38</ele></trkpt>
      <trkpt lat="46.742793" lon="13.608378"><ele>517.27</ele></trkpt>
      <trkpt lat="46.742456999999995" lon="13.609019"><ele>516.85</ele></trkpt>
      <trkpt lat="46.742104" lon="13.609575"><ele>516.45</ele></trkpt>
      <trkpt lat="46.741541" lon="13.610202"><ele>516</ele></trkpt>
      <trkpt lat="46.74048" lon="13.611077"><ele>516.12</ele></trkpt>
      <trkpt lat="46.739245" lon="13.612064"><ele>516.03</ele></trkpt>
      <trkpt lat="46.738262999999996" lon="13.612966"><ele>515.73</ele></trkpt>
      <trkpt lat="46.737854999999996" lon="13.613413999999999"><ele>515.88</ele></trkpt>
      <trkpt lat="46.737541" lon="13.613859"><ele>515.95</ele></trkpt>
      <trkpt lat="46.737128999999996" lon="13.614554"><ele>515.83</ele></trkpt>
      <trkpt lat="46.736892999999995" lon="13.615036"><ele>515.56</ele></trkpt>
      <trkpt lat="46.736506999999996" lon="13.616010999999999"><ele>515.29</ele></trkpt>
      <trkpt lat="46.736317" lon="13.616601999999999"><ele>515.26</ele></trkpt>
      <trkpt lat="46.735821" lon="13.619034"><ele>517.44</ele></trkpt>
      <trkpt lat="46.735673999999996" lon="13.619446"><ele>517.45</ele></trkpt>
      <trkpt lat="46.735292" lon="13.620346999999999"><ele>516.45</ele></trkpt>
      <trkpt lat="46.735115" lon="13.620604"><ele>516.06</ele></trkpt>
      <trkpt lat="46.734291999999996" lon="13.621694999999999"><ele>515.07</ele></trkpt>
      <trkpt lat="46.732226999999995" lon="13.624277"><ele>515.13</ele></trkpt>
      <trkpt lat="46.731089" lon="13.625653"><ele>515.32</ele></trkpt>
      <trkpt lat="46.729709" lon="13.627256"><ele>515.47</ele></trkpt>
      <trkpt lat="46.728997" lon="13.628029"><ele>515.02</ele></trkpt>
      <trkpt lat="46.727621" lon="13.629693999999999"><ele>514.91</ele></trkpt>
      <trkpt lat="46.727038" lon="13.630448999999999"><ele>514.98</ele></trkpt>
      <trkpt lat="46.725608" lon="13.632672"><ele>514.95</ele></trkpt>
      <trkpt lat="46.725055" lon="13.633555999999999"><ele>515.08</ele></trkpt>
      <trkpt lat="46.724101999999995" lon="13.635221"><ele>514.92</ele></trkpt>
      <trkpt lat="46.723655" lon="13.636063"><ele>514.61</ele></trkpt>
      <trkpt lat="46.723172999999996" lon="13.637075"><ele>514.19</ele></trkpt>
      <trkpt lat="46.722837" lon="13.638036999999999"><ele>514.76</ele></trkpt>
      <trkpt lat="46.722609999999996" lon="13.63891"><ele>514.56</ele></trkpt>
      <trkpt lat="46.722428" lon="13.639673"><ele>514.39</ele></trkpt>
      <trkpt lat="46.722271" lon="13.640471999999999"><ele>514.79</ele></trkpt>
      <trkpt lat="46.722066999999996" lon="13.641988"><ele>514.2</ele></trkpt>
      <trkpt lat="46.722035999999996" lon="13.642382999999999"><ele>514.4</ele></trkpt>
      <trkpt lat="46.721832" lon="13.643635"><ele>514.23</ele></trkpt>
      <trkpt lat="46.721725" lon="13.644608"><ele>515.49</ele></trkpt>
      <trkpt lat="46.721697" lon="13.644974"><ele>516.18</ele></trkpt>
      <trkpt lat="46.721644999999995" lon="13.645392999999999"><ele>517.1</ele></trkpt>
      <trkpt lat="46.721592" lon="13.645634"><ele>516.69</ele></trkpt>
      <trkpt lat="46.720261" lon="13.645258"><ele>517.77</ele></trkpt>
      <trkpt lat="46.720341999999995" lon="13.644731"><ele>517.22</ele></trkpt>
      <trkpt lat="46.720347" lon="13.644530999999999"><ele>516.73</ele></trkpt>
      <trkpt lat="46.720175" lon="13.644340999999999"><ele>514.77</ele></trkpt>
      <trkpt lat="46.720071" lon="13.644506"><ele>514.14</ele></trkpt>
      <trkpt lat="46.719721" lon="13.644936999999999"><ele>512.54</ele></trkpt>
      <trkpt lat="46.719636" lon="13.644998999999999"><ele>512.17</ele></trkpt>
      <trkpt lat="46.719621" lon="13.645194"><ele>511.53</ele></trkpt>
      <trkpt lat="46.719729" lon="13.645441"><ele>511.12</ele></trkpt>
      <trkpt lat="46.719894" lon="13.645634999999999"><ele>510.76</ele></trkpt>
      <trkpt lat="46.720141" lon="13.645873"><ele>510.46</ele></trkpt>
      <trkpt lat="46.720171" lon="13.646035"><ele>510.44</ele></trkpt>
      <trkpt lat="46.720087" lon="13.646519"><ele>510.49</ele></trkpt>
      <trkpt lat="46.720034999999996" lon="13.647231999999999"><ele>510.45</ele></trkpt>
      <trkpt lat="46.719936" lon="13.647905"><ele>509.99</ele></trkpt>
      <trkpt lat="46.719848999999996" lon="13.648615"><ele>509.69</ele></trkpt>
      <trkpt lat="46.719789" lon="13.649035999999999"><ele>509.66</ele></trkpt>
      <trkpt lat="46.719739999999994" lon="13.649543"><ele>509.51</ele></trkpt>
      <trkpt lat="46.719595999999996" lon="13.650245"><ele>509.19</ele></trkpt>
      <trkpt lat="46.719314" lon="13.651155"><ele>508.93</ele></trkpt>
      <trkpt lat="46.718942" lon="13.652042"><ele>509.41</ele></trkpt>
      <trkpt lat="46.717098" lon="13.655486999999999"><ele>509.48</ele></trkpt>
      <trkpt lat="46.71675" lon="13.656253"><ele>509.38</ele></trkpt>
      <trkpt lat="46.716184999999996" lon="13.657603"><ele>509.69</ele></trkpt>
      <trkpt lat="46.715351999999996" lon="13.659507"><ele>509.63</ele></trkpt>
      <trkpt lat="46.714788" lon="13.660749"><ele>509.31</ele></trkpt>
      <trkpt lat="46.714149" lon="13.661833999999999"><ele>509.12</ele></trkpt>
      <trkpt lat="46.71358" lon="13.662640999999999"><ele>508.74</ele></trkpt>
      <trkpt lat="46.711946" lon="13.664788999999999"><ele>508.96</ele></trkpt>
      <trkpt lat="46.711152" lon="13.6657"><ele>508.5</ele></trkpt>
      <trkpt lat="46.710983" lon="13.665738"><ele>508.54</ele></trkpt>
      <trkpt lat="46.710758999999996" lon="13.665581999999999"><ele>508.79</ele></trkpt>
      <trkpt lat="46.710262" lon="13.665939999999999"><ele>509.46</ele></trkpt>
      <trkpt lat="46.710003" lon="13.666222999999999"><ele>510.77</ele></trkpt>
      <trkpt lat="46.709686" lon="13.666444"><ele>515.15</ele></trkpt>
      <trkpt lat="46.709725999999996" lon="13.667012999999999"><ele>511.95</ele></trkpt>
      <trkpt lat="46.709677" lon="13.667529"><ele>510.71</ele></trkpt>
      <trkpt lat="46.709595" lon="13.66809"><ele>509.82</ele></trkpt>
      <trkpt lat="46.709391" lon="13.668557999999999"><ele>509.46</ele></trkpt>
      <trkpt lat="46.709291" lon="13.66902"><ele>509.26</ele></trkpt>
      <trkpt lat="46.708748" lon="13.670454999999999"><ele>508.29</ele></trkpt>
      <trkpt lat="46.708496" lon="13.670738"><ele>508.49</ele></trkpt>
      <trkpt lat="46.708366999999996" lon="13.670926999999999"><ele>508.55</ele></trkpt>
      <trkpt lat="46.708025" lon="13.671348"><ele>507.71</ele></trkpt>
      <trkpt lat="46.706866" lon="13.672687"><ele>507.59</ele></trkpt>
      <trkpt lat="46.706233" lon="13.673435999999999"><ele>506.4</ele></trkpt>
      <trkpt lat="46.706184" lon="13.673489"><ele>506.59</ele></trkpt>
      <trkpt lat="46.705695999999996" lon="13.674026999999999"><ele>507.52</ele></trkpt>
      <trkpt lat="46.705253" lon="13.674574999999999"><ele>507.63</ele></trkpt>
      <trkpt lat="46.704257999999996" lon="13.675759"><ele>508.53</ele></trkpt>
      <trkpt lat="46.703677" lon="13.676411"><ele>509.02</ele></trkpt>
      <trkpt lat="46.703002999999995" lon="13.677235999999999"><ele>508.33</ele></trkpt>
      <trkpt lat="46.702693" lon="13.677741999999999"><ele>507.96</ele></trkpt>
      <trkpt lat="46.701845" lon="13.678832"><ele>507.52</ele></trkpt>
      <trkpt lat="46.701285999999996" lon="13.679501"><ele>507.28</ele></trkpt>
      <trkpt lat="46.700568" lon="13.680394"><ele>507.45</ele></trkpt>
      <trkpt lat="46.69995" lon="13.681071999999999"><ele>507.32</ele></trkpt>
      <trkpt lat="46.69939" lon="13.681543999999999"><ele>507.3</ele></trkpt>
      <trkpt lat="46.699067" lon="13.681723999999999"><ele>507.46</ele></trkpt>
      <trkpt lat="46.698620999999996" lon="13.681885"><ele>507.7</ele></trkpt>
      <trkpt lat="46.698187999999995" lon="13.68197"><ele>507.9</ele></trkpt>
      <trkpt lat="46.697821999999995" lon="13.681930999999999"><ele>507.99</ele></trkpt>
      <trkpt lat="46.697708999999996" lon="13.681799"><ele>508.02</ele></trkpt>
      <trkpt lat="46.697531" lon="13.682044999999999"><ele>506.98</ele></trkpt>
      <trkpt lat="46.697311" lon="13.682224999999999"><ele>507.11</ele></trkpt>
      <trkpt lat="46.696923999999996" lon="13.682336999999999"><ele>507.4</ele></trkpt>
      <trkpt lat="46.696511" lon="13.682666999999999"><ele>507.82</ele></trkpt>
      <trkpt lat="46.695701" lon="13.683406999999999"><ele>508.22</ele></trkpt>
      <trkpt lat="46.695305999999995" lon="13.683924999999999"><ele>508.22</ele></trkpt>
      <trkpt lat="46.694869999999995" lon="13.684586999999999"><ele>508.01</ele></trkpt>
      <trkpt lat="46.694689" lon="13.684935"><ele>508.14</ele></trkpt>
      <trkpt lat="46.6945" lon="13.685462999999999"><ele>508.09</ele></trkpt>
      <trkpt lat="46.694133" lon="13.686675999999999"><ele>508.6</ele></trkpt>
      <trkpt lat="46.693988999999995" lon="13.68732"><ele>508.94</ele></trkpt>
      <trkpt lat="46.69395" lon="13.687868"><ele>509.62</ele></trkpt>
      <trkpt lat="46.693956" lon="13.688461"><ele>509.61</ele></trkpt>
      <trkpt lat="46.69401" lon="13.689055"><ele>509.15</ele></trkpt>
      <trkpt lat="46.694131" lon="13.689758999999999"><ele>508.16</ele></trkpt>
      <trkpt lat="46.694337" lon="13.690823"><ele>507.78</ele></trkpt>
      <trkpt lat="46.694778" lon="13.691922"><ele>508.81</ele></trkpt>
      <trkpt lat="46.695142999999995" lon="13.692779999999999"><ele>508.96</ele></trkpt>
      <trkpt lat="46.695367" lon="13.693337999999999"><ele>508.65</ele></trkpt>
      <trkpt lat="46.695499" lon="13.693926"><ele>508.33</ele></trkpt>
      <trkpt lat="46.695589" lon="13.694398999999999"><ele>508.43</ele></trkpt>
      <trkpt lat="46.695681" lon="13.695036"><ele>508.52</ele></trkpt>
      <trkpt lat="46.695679" lon="13.695454999999999"><ele>508.47</ele></trkpt>
      <trkpt lat="46.695605" lon="13.695875"><ele>508.32</ele></trkpt>
      <trkpt lat="46.695505999999995" lon="13.696278999999999"><ele>507.83</ele></trkpt>
      <trkpt lat="46.695288" lon="13.696957999999999"><ele>508.1</ele></trkpt>
      <trkpt lat="46.695034" lon="13.697573"><ele>507.9</ele></trkpt>
      <trkpt lat="46.694637" lon="13.698229"><ele>507.39</ele></trkpt>
      <trkpt lat="46.694192" lon="13.698780999999999"><ele>507.07</ele></trkpt>
      <trkpt lat="46.694022" lon="13.698924"><ele>506.97</ele></trkpt>
      <trkpt lat="46.693822999999995" lon="13.699069999999999"><ele>507.07</ele></trkpt>
      <trkpt lat="46.693284999999996" lon="13.699406999999999"><ele>507.58</ele></trkpt>
      <trkpt lat="46.692547999999995" lon="13.69981"><ele>506.96</ele></trkpt>
      <trkpt lat="46.692291999999995" lon="13.699926"><ele>507.11</ele></trkpt>
      <trkpt lat="46.691508999999996" lon="13.700353999999999"><ele>507.45</ele></trkpt>
      <trkpt lat="46.691119" lon="13.70055"><ele>507.25</ele></trkpt>
      <trkpt lat="46.690636" lon="13.700721999999999"><ele>507.33</ele></trkpt>
      <trkpt lat="46.690115" lon="13.700854999999999"><ele>507.03</ele></trkpt>
      <trkpt lat="46.689741999999995" lon="13.700923"><ele>506.82</ele></trkpt>
      <trkpt lat="46.68926" lon="13.700984"><ele>506.28</ele></trkpt>
      <trkpt lat="46.68897" lon="13.70099"><ele>506.09</ele></trkpt>
      <trkpt lat="46.688744" lon="13.700958"><ele>506.08</ele></trkpt>
      <trkpt lat="46.688072" lon="13.700922"><ele>506.6</ele></trkpt>
      <trkpt lat="46.687498999999995" lon="13.700768"><ele>506.75</ele></trkpt>
      <trkpt lat="46.687132999999996" lon="13.700636999999999"><ele>506.52</ele></trkpt>
      <trkpt lat="46.686623999999995" lon="13.700408999999999"><ele>506.32</ele></trkpt>
      <trkpt lat="46.686206999999996" lon="13.700175"><ele>506.36</ele></trkpt>
      <trkpt lat="46.68591" lon="13.699987"><ele>506.43</ele></trkpt>
      <trkpt lat="46.685632" lon="13.699778"><ele>506.51</ele></trkpt>
      <trkpt lat="46.684993" lon="13.699259999999999"><ele>506.41</ele></trkpt>
      <trkpt lat="46.684587" lon="13.698867"><ele>506</ele></trkpt>
      <trkpt lat="46.683724999999995" lon="13.697961999999999"><ele>506.39</ele></trkpt>
      <trkpt lat="46.683319" lon="13.697552"><ele>506.34</ele></trkpt>
      <trkpt lat="46.682846" lon="13.697163"><ele>506.27</ele></trkpt>
      <trkpt lat="46.682556999999996" lon="13.696976"><ele>506.36</ele></trkpt>
      <trkpt lat="46.682261999999994" lon="13.696817"><ele>506.61</ele></trkpt>
      <trkpt lat="46.681944" lon="13.696662"><ele>507.98</ele></trkpt>
      <trkpt lat="46.681836999999994" lon="13.696677"><ele>507.18</ele></trkpt>
      <trkpt lat="46.68165" lon="13.696603"><ele>506.9</ele></trkpt>
      <trkpt lat="46.681551999999996" lon="13.696702"><ele>507.46</ele></trkpt>
      <trkpt lat="46.681393" lon="13.696781999999999"><ele>508.13</ele></trkpt>
      <trkpt lat="46.681262" lon="13.696805999999999"><ele>508.61</ele></trkpt>
      <trkpt lat="46.681134" lon="13.696783"><ele>509.24</ele></trkpt>
      <trkpt lat="46.681025" lon="13.696933"><ele>508.42</ele></trkpt>
      <trkpt lat="46.680648" lon="13.697175"><ele>508.59</ele></trkpt>
      <trkpt lat="46.679364" lon="13.698032999999999"><ele>507.8</ele></trkpt>
      <trkpt lat="46.677851" lon="13.699304"><ele>508.65</ele></trkpt>
      <trkpt lat="46.677420999999995" lon="13.699947"><ele>509.73</ele></trkpt>
      <trkpt lat="46.676849" lon="13.700909"><ele>513.14</ele></trkpt>
      <trkpt lat="46.676314" lon="13.702786999999999"><ele>511.25</ele></trkpt>
      <trkpt lat="46.67594" lon="13.705409999999999"><ele>510.78</ele></trkpt>
      <trkpt lat="46.675897" lon="13.706145999999999"><ele>506.35</ele></trkpt>
      <trkpt lat="46.675933" lon="13.706897"><ele>505.16</ele></trkpt>
      <trkpt lat="46.676016999999995" lon="13.707683999999999"><ele>505.13</ele></trkpt>
      <trkpt lat="46.676010999999995" lon="13.708385"><ele>505.82</ele></trkpt>
      <trkpt lat="46.675931" lon="13.708948999999999"><ele>506.06</ele></trkpt>
      <trkpt lat="46.675795" lon="13.709473"><ele>505.59</ele></trkpt>
      <trkpt lat="46.675703" lon="13.709759"><ele>505.55</ele></trkpt>
      <trkpt lat="46.675449" lon="13.710239"><ele>505.51</ele></trkpt>
      <trkpt lat="46.67519" lon="13.710573"><ele>505.76</ele></trkpt>
      <trkpt lat="46.674914" lon="13.710885999999999"><ele>506.1</ele></trkpt>
      <trkpt lat="46.674261" lon="13.711518"><ele>506.69</ele></trkpt>
      <trkpt lat="46.673652999999995" lon="13.712394999999999"><ele>507.3</ele></trkpt>
      <trkpt lat="46.673418999999996" lon="13.712482999999999"><ele>508.5</ele></trkpt>
      <trkpt lat="46.673384999999996" lon="13.712529"><ele>508.34</ele></trkpt>
      <trkpt lat="46.673265" lon="13.712767"><ele>508.92</ele></trkpt>
      <trkpt lat="46.673102" lon="13.713182999999999"><ele>508.98</ele></trkpt>
      <trkpt lat="46.673072999999995" lon="13.713313"><ele>509.02</ele></trkpt>
      <trkpt lat="46.672968" lon="13.713628"><ele>509.17</ele></trkpt>
      <trkpt lat="46.67274" lon="13.714075999999999"><ele>509.33</ele></trkpt>
      <trkpt lat="46.672301999999995" lon="13.715098999999999"><ele>509.75</ele></trkpt>
      <trkpt lat="46.671655" lon="13.716973"><ele>507.75</ele></trkpt>
      <trkpt lat="46.670623" lon="13.720051"><ele>509.26</ele></trkpt>
      <trkpt lat="46.670097" lon="13.721128"><ele>508.84</ele></trkpt>
      <trkpt lat="46.669864999999994" lon="13.721587"><ele>508.48</ele></trkpt>
      <trkpt lat="46.669689999999996" lon="13.722049"><ele>507.96</ele></trkpt>
      <trkpt lat="46.669607" lon="13.722349999999999"><ele>507.62</ele></trkpt>
      <trkpt lat="46.669536" lon="13.722648"><ele>507.36</ele></trkpt>
      <trkpt lat="46.669447" lon="13.723237999999998"><ele>507.17</ele></trkpt>
      <trkpt lat="46.669362" lon="13.7242"><ele>508.28</ele></trkpt>
      <trkpt lat="46.669315999999995" lon="13.72433"><ele>508.56</ele></trkpt>
      <trkpt lat="46.669239999999995" lon="13.724461"><ele>508.81</ele></trkpt>
      <trkpt lat="46.668942" lon="13.724658999999999"><ele>510.15</ele></trkpt>
      <trkpt lat="46.668827" lon="13.725105"><ele>509.71</ele></trkpt>
      <trkpt lat="46.668746" lon="13.725321"><ele>508.64</ele></trkpt>
      <trkpt lat="46.668724" lon="13.725627"><ele>506.59</ele></trkpt>
      <trkpt lat="46.66876" lon="13.726146"><ele>504.61</ele></trkpt>
      <trkpt lat="46.6687" lon="13.726585"><ele>503.35</ele></trkpt>
      <trkpt lat="46.668676999999995" lon="13.727056999999999"><ele>502.87</ele></trkpt>
      <trkpt lat="46.66867" lon="13.727554"><ele>502.99</ele></trkpt>
      <trkpt lat="46.668503" lon="13.728181999999999"><ele>503.41</ele></trkpt>
      <trkpt lat="46.668335" lon="13.728769999999999"><ele>503.56</ele></trkpt>
      <trkpt lat="46.667791" lon="13.730964"><ele>501.87</ele></trkpt>
      <trkpt lat="46.667626" lon="13.731413"><ele>501.81</ele></trkpt>
      <trkpt lat="46.667518" lon="13.731847"><ele>501.99</ele></trkpt>
      <trkpt lat="46.667303999999994" lon="13.733262"><ele>503.3</ele></trkpt>
      <trkpt lat="46.667134" lon="13.734874999999999"><ele>503.24</ele></trkpt>
      <trkpt lat="46.667124" lon="13.736341"><ele>500.75</ele></trkpt>
      <trkpt lat="46.667136" lon="13.737262"><ele>500.16</ele></trkpt>
      <trkpt lat="46.667229" lon="13.738223"><ele>500.89</ele></trkpt>
      <trkpt lat="46.667192" lon="13.739927999999999"><ele>499.64</ele></trkpt>
      <trkpt lat="46.667038999999995" lon="13.742104999999999"><ele>499.44</ele></trkpt>
      <trkpt lat="46.667007999999996" lon="13.742403999999999"><ele>499.85</ele></trkpt>
      <trkpt lat="46.666973999999996" lon="13.742631"><ele>500.33</ele></trkpt>
      <trkpt lat="46.666908" lon="13.742918"><ele>500.11</ele></trkpt>
      <trkpt lat="46.666892999999995" lon="13.743309"><ele>499.97</ele></trkpt>
      <trkpt lat="46.666685" lon="13.744767"><ele>499.79</ele></trkpt>
      <trkpt lat="46.666547" lon="13.74551"><ele>499.55</ele></trkpt>
      <trkpt lat="46.666438" lon="13.745795"><ele>499.46</ele></trkpt>
      <trkpt lat="46.666211" lon="13.746137"><ele>499.42</ele></trkpt>
      <trkpt lat="46.665962" lon="13.746345"><ele>499.48</ele></trkpt>
      <trkpt lat="46.665651" lon="13.746462"><ele>499.51</ele></trkpt>
      <trkpt lat="46.664786" lon="13.746639"><ele>499.54</ele></trkpt>
      <trkpt lat="46.663531" lon="13.746976"><ele>499.59</ele></trkpt>
      <trkpt lat="46.662329" lon="13.747475999999999"><ele>499.93</ele></trkpt>
      <trkpt lat="46.662026" lon="13.747672"><ele>500.41</ele></trkpt>
      <trkpt lat="46.661908" lon="13.747905999999999"><ele>502.1</ele></trkpt>
      <trkpt lat="46.661722" lon="13.749360999999999"><ele>502.48</ele></trkpt>
      <trkpt lat="46.661677999999995" lon="13.75029"><ele>500.8</ele></trkpt>
      <trkpt lat="46.661712" lon="13.750605"><ele>500.48</ele></trkpt>
      <trkpt lat="46.661683" lon="13.750848999999999"><ele>500.55</ele></trkpt>
      <trkpt lat="46.661572" lon="13.751261"><ele>500.36</ele></trkpt>
      <trkpt lat="46.661487" lon="13.751831"><ele>499.97</ele></trkpt>
      <trkpt lat="46.6615" lon="13.752557"><ele>499.39</ele></trkpt>
      <trkpt lat="46.661629999999995" lon="13.755614999999999"><ele>498.98</ele></trkpt>
      <trkpt lat="46.661704" lon="13.759241999999999"><ele>498.6</ele></trkpt>
      <trkpt lat="46.661721" lon="13.761362"><ele>498.27</ele></trkpt>
      <trkpt lat="46.661533999999996" lon="13.762792"><ele>497.68</ele></trkpt>
      <trkpt lat="46.661318" lon="13.76344"><ele>497.7</ele></trkpt>
      <trkpt lat="46.661131999999995" lon="13.763708"><ele>497.8</ele></trkpt>
      <trkpt lat="46.660655999999996" lon="13.763997999999999"><ele>497.86</ele></trkpt>
      <trkpt lat="46.660075" lon="13.76408"><ele>497.69</ele></trkpt>
      <trkpt lat="46.659603" lon="13.764092"><ele>497.54</ele></trkpt>
      <trkpt lat="46.657325" lon="13.763967"><ele>497.44</ele></trkpt>
      <trkpt lat="46.657207" lon="13.76365"><ele>497.92</ele></trkpt>
      <trkpt lat="46.657202999999996" lon="13.763446"><ele>498.19</ele></trkpt>
      <trkpt lat="46.657261" lon="13.763046"><ele>498.29</ele></trkpt>
      <trkpt lat="46.657343999999995" lon="13.762386999999999"><ele>498.32</ele></trkpt>
      <trkpt lat="46.65736" lon="13.762018999999999"><ele>498</ele></trkpt>
      <trkpt lat="46.657284" lon="13.76202"><ele>498</ele></trkpt>
      <trkpt lat="46.657263" lon="13.762312999999999"><ele>498.28</ele></trkpt>
      <trkpt lat="46.657218" lon="13.762383999999999"><ele>498.57</ele></trkpt>
      <trkpt lat="46.657111" lon="13.763034"><ele>498.57</ele></trkpt>
      <trkpt lat="46.657019999999996" lon="13.763691999999999"><ele>498.52</ele></trkpt>
      <trkpt lat="46.656841" lon="13.765645999999998"><ele>498.78</ele></trkpt>
      <trkpt lat="46.656855" lon="13.765862"><ele>499.83</ele></trkpt>
      <trkpt lat="46.656892" lon="13.766067"><ele>500.44</ele></trkpt>
      <trkpt lat="46.656847" lon="13.766103"><ele>499.94</ele></trkpt>
      <trkpt lat="46.656773" lon="13.765619"><ele>498.06</ele></trkpt>
      <trkpt lat="46.656752999999995" lon="13.765583"><ele>497.88</ele></trkpt>
      <trkpt lat="46.656616" lon="13.765573999999999"><ele>497.24</ele></trkpt>
      <trkpt lat="46.656076" lon="13.765329999999999"><ele>497.48</ele></trkpt>
      <trkpt lat="46.655471999999996" lon="13.765329999999999"><ele>497.63</ele></trkpt>
      <trkpt lat="46.654702" lon="13.765348"><ele>497.34</ele></trkpt>
      <trkpt lat="46.654554999999995" lon="13.765376"><ele>497.28</ele></trkpt>
      <trkpt lat="46.654348999999996" lon="13.765441"><ele>497.19</ele></trkpt>
      <trkpt lat="46.654042999999994" lon="13.765595999999999"><ele>497.09</ele></trkpt>
      <trkpt lat="46.65388" lon="13.765722"><ele>497.09</ele></trkpt>
      <trkpt lat="46.653711" lon="13.765875999999999"><ele>497.08</ele></trkpt>
      <trkpt lat="46.653448" lon="13.766193"><ele>497.08</ele></trkpt>
      <trkpt lat="46.652994" lon="13.767071"><ele>497.27</ele></trkpt>
      <trkpt lat="46.652729" lon="13.767681999999999"><ele>497.31</ele></trkpt>
      <trkpt lat="46.65253" lon="13.768201999999999"><ele>497.34</ele></trkpt>
      <trkpt lat="46.65183" lon="13.770379"><ele>496.78</ele></trkpt>
      <trkpt lat="46.651423" lon="13.77173"><ele>497.1</ele></trkpt>
      <trkpt lat="46.651136" lon="13.772635"><ele>497.22</ele></trkpt>
      <trkpt lat="46.65094" lon="13.773152"><ele>497.18</ele></trkpt>
      <trkpt lat="46.650363999999996" lon="13.774521"><ele>497</ele></trkpt>
      <trkpt lat="46.6502" lon="13.775012"><ele>496.87</ele></trkpt>
      <trkpt lat="46.650073" lon="13.775533999999999"><ele>496.78</ele></trkpt>
      <trkpt lat="46.65002" lon="13.776085"><ele>496.55</ele></trkpt>
      <trkpt lat="46.650013" lon="13.776529"><ele>496.46</ele></trkpt>
      <trkpt lat="46.650104" lon="13.776899"><ele>496.41</ele></trkpt>
      <trkpt lat="46.650295" lon="13.777434999999999"><ele>496.45</ele></trkpt>
      <trkpt lat="46.650617" lon="13.777864"><ele>496.64</ele></trkpt>
      <trkpt lat="46.651714999999996" lon="13.779167"><ele>497.19</ele></trkpt>
      <trkpt lat="46.652158" lon="13.779757"><ele>497.45</ele></trkpt>
      <trkpt lat="46.652508999999995" lon="13.780558"><ele>497.68</ele></trkpt>
      <trkpt lat="46.652752" lon="13.781455999999999"><ele>497.42</ele></trkpt>
      <trkpt lat="46.65277" lon="13.78167"><ele>497.36</ele></trkpt>
      <trkpt lat="46.652781999999995" lon="13.781941"><ele>497.33</ele></trkpt>
      <trkpt lat="46.652774" lon="13.782233999999999"><ele>497.34</ele></trkpt>
      <trkpt lat="46.65274" lon="13.782737"><ele>497.35</ele></trkpt>
      <trkpt lat="46.652701" lon="13.783132"><ele>497.3</ele></trkpt>
      <trkpt lat="46.652623" lon="13.783697"><ele>497.27</ele></trkpt>
      <trkpt lat="46.652533999999996" lon="13.784198"><ele>497.14</ele></trkpt>
      <trkpt lat="46.652446" lon="13.784628"><ele>497.07</ele></trkpt>
      <trkpt lat="46.652232" lon="13.785421999999999"><ele>497.24</ele></trkpt>
      <trkpt lat="46.652124" lon="13.78577"><ele>497.1</ele></trkpt>
      <trkpt lat="46.651748999999995" lon="13.786831"><ele>496.84</ele></trkpt>
      <trkpt lat="46.651430999999995" lon="13.787927999999999"><ele>496.96</ele></trkpt>
      <trkpt lat="46.651261" lon="13.788644"><ele>497.3</ele></trkpt>
      <trkpt lat="46.651173" lon="13.789076999999999"><ele>497.48</ele></trkpt>
      <trkpt lat="46.651109" lon="13.789475999999999"><ele>497.58</ele></trkpt>
      <trkpt lat="46.651081" lon="13.789729999999999"><ele>497.58</ele></trkpt>
      <trkpt lat="46.651069" lon="13.790056"><ele>497.51</ele></trkpt>
      <trkpt lat="46.651092" lon="13.790382999999999"><ele>497.39</ele></trkpt>
      <trkpt lat="46.651132999999994" lon="13.790713"><ele>497.3</ele></trkpt>
      <trkpt lat="46.651191" lon="13.791051"><ele>497.26</ele></trkpt>
      <trkpt lat="46.651339" lon="13.791675999999999"><ele>497.14</ele></trkpt>
      <trkpt lat="46.651416999999995" lon="13.792088"><ele>497.14</ele></trkpt>
      <trkpt lat="46.651455999999996" lon="13.792416"><ele>497.1</ele></trkpt>
      <trkpt lat="46.651468" lon="13.792764"><ele>497.03</ele></trkpt>
      <trkpt lat="46.651450999999994" lon="13.793127"><ele>497.11</ele></trkpt>
      <trkpt lat="46.651421" lon="13.793498"><ele>497.23</ele></trkpt>
      <trkpt lat="46.651336" lon="13.794034"><ele>497.37</ele></trkpt>
      <trkpt lat="46.651212" lon="13.794573999999999"><ele>497.58</ele></trkpt>
      <trkpt lat="46.651089999999996" lon="13.794993999999999"><ele>497.56</ele></trkpt>
      <trkpt lat="46.650974" lon="13.795342999999999"><ele>497.48</ele></trkpt>
      <trkpt lat="46.650804" lon="13.795715999999999"><ele>497.49</ele></trkpt>
      <trkpt lat="46.650552999999995" lon="13.796206"><ele>497.5</ele></trkpt>
      <trkpt lat="46.650369999999995" lon="13.796515999999999"><ele>497.53</ele></trkpt>
      <trkpt lat="46.650126" lon="13.796887"><ele>497.65</ele></trkpt>
      <trkpt lat="46.64986" lon="13.797257"><ele>497.67</ele></trkpt>
      <trkpt lat="46.649665999999996" lon="13.797502999999999"><ele>497.6</ele></trkpt>
      <trkpt lat="46.649381999999996" lon="13.797825"><ele>497.64</ele></trkpt>
      <trkpt lat="46.649139" lon="13.798077"><ele>497.7</ele></trkpt>
      <trkpt lat="46.648928" lon="13.798276"><ele>497.72</ele></trkpt>
      <trkpt lat="46.648661" lon="13.798490999999999"><ele>497.78</ele></trkpt>
      <trkpt lat="46.648376999999996" lon="13.798682999999999"><ele>497.86</ele></trkpt>
      <trkpt lat="46.648092999999996" lon="13.798833"><ele>497.82</ele></trkpt>
      <trkpt lat="46.647653999999996" lon="13.799014999999999"><ele>497.86</ele></trkpt>
      <trkpt lat="46.646857" lon="13.799318"><ele>497.82</ele></trkpt>
      <trkpt lat="46.645593999999996" lon="13.799990999999999"><ele>497.15</ele></trkpt>
      <trkpt lat="46.644878" lon="13.800547"><ele>497.69</ele></trkpt>
      <trkpt lat="46.644073999999996" lon="13.80158"><ele>497.11</ele></trkpt>
      <trkpt lat="46.644012" lon="13.801649999999999"><ele>497.03</ele></trkpt>
      <trkpt lat="46.643498" lon="13.802515999999999"><ele>497.29</ele></trkpt>
      <trkpt lat="46.643294999999995" lon="13.802949"><ele>497.49</ele></trkpt>
      <trkpt lat="46.643117" lon="13.803388"><ele>497.81</ele></trkpt>
      <trkpt lat="46.642880999999996" lon="13.804024"><ele>498.81</ele></trkpt>
      <trkpt lat="46.642824999999995" lon="13.804222999999999"><ele>499.14</ele></trkpt>
      <trkpt lat="46.642765" lon="13.804483999999999"><ele>499.56</ele></trkpt>
      <trkpt lat="46.642722" lon="13.804602"><ele>499.74</ele></trkpt>
      <trkpt lat="46.642654" lon="13.804741"><ele>499.96</ele></trkpt>
      <trkpt lat="46.641915" lon="13.805994"><ele>500.9</ele></trkpt>
      <trkpt lat="46.64163" lon="13.806503999999999"><ele>500.84</ele></trkpt>
      <trkpt lat="46.641560999999996" lon="13.806681999999999"><ele>500.82</ele></trkpt>
      <trkpt lat="46.641402" lon="13.806963"><ele>500.83</ele></trkpt>
      <trkpt lat="46.641281" lon="13.807129"><ele>500.84</ele></trkpt>
      <trkpt lat="46.641058" lon="13.807483999999999"><ele>500.74</ele></trkpt>
      <trkpt lat="46.640887" lon="13.807736"><ele>500.74</ele></trkpt>
      <trkpt lat="46.640429" lon="13.808729999999999"><ele>500.48</ele></trkpt>
      <trkpt lat="46.640114" lon="13.809349"><ele>500.32</ele></trkpt>
      <trkpt lat="46.639933" lon="13.809745"><ele>500.17</ele></trkpt>
      <trkpt lat="46.639851" lon="13.809991"><ele>499.96</ele></trkpt>
      <trkpt lat="46.639768" lon="13.81016"><ele>499.74</ele></trkpt>
      <trkpt lat="46.639413" lon="13.810801"><ele>498.58</ele></trkpt>
      <trkpt lat="46.639272" lon="13.811112999999999"><ele>498.13</ele></trkpt>
      <trkpt lat="46.639258" lon="13.811226999999999"><ele>498</ele></trkpt>
      <trkpt lat="46.639227999999996" lon="13.811710999999999"><ele>497.79</ele></trkpt>
      <trkpt lat="46.639191" lon="13.811995"><ele>497.86</ele></trkpt>
      <trkpt lat="46.638774999999995" lon="13.813856"><ele>498.14</ele></trkpt>
      <trkpt lat="46.638621" lon="13.814414999999999"><ele>497.94</ele></trkpt>
      <trkpt lat="46.638484" lon="13.814801"><ele>497.93</ele></trkpt>
      <trkpt lat="46.638447" lon="13.814999"><ele>497.97</ele></trkpt>
      <trkpt lat="46.638445" lon="13.815166"><ele>498.06</ele></trkpt>
      <trkpt lat="46.638428999999995" lon="13.815325"><ele>498.17</ele></trkpt>
      <trkpt lat="46.637999" lon="13.816336999999999"><ele>498.49</ele></trkpt>
      <trkpt lat="46.637834" lon="13.816794999999999"><ele>498.28</ele></trkpt>
      <trkpt lat="46.637556" lon="13.817477"><ele>498.02</ele></trkpt>
      <trkpt lat="46.63749" lon="13.817706"><ele>497.98</ele></trkpt>
      <trkpt lat="46.637343" lon="13.818090999999999"><ele>497.97</ele></trkpt>
      <trkpt lat="46.636902" lon="13.819094"><ele>497.98</ele></trkpt>
      <trkpt lat="46.63651" lon="13.820108"><ele>497.56</ele></trkpt>
      <trkpt lat="46.636432" lon="13.820397999999999"><ele>497.41</ele></trkpt>
      <trkpt lat="46.636298" lon="13.82099"><ele>497.08</ele></trkpt>
      <trkpt lat="46.636176999999996" lon="13.821596999999999"><ele>497.02</ele></trkpt>
      <trkpt lat="46.635942" lon="13.822700999999999"><ele>497.17</ele></trkpt>
      <trkpt lat="46.635797" lon="13.823554999999999"><ele>497.11</ele></trkpt>
      <trkpt lat="46.635473999999995" lon="13.825206999999999"><ele>496.85</ele></trkpt>
      <trkpt lat="46.635434" lon="13.825451999999999"><ele>496.92</ele></trkpt>
      <trkpt lat="46.635337" lon="13.826155"><ele>497.57</ele></trkpt>
      <trkpt lat="46.635331" lon="13.826303"><ele>497.62</ele></trkpt>
      <trkpt lat="46.635318" lon="13.826519"><ele>497.15</ele></trkpt>
      <trkpt lat="46.635281" lon="13.826789999999999"><ele>496.49</ele></trkpt>
      <trkpt lat="46.635149999999996" lon="13.827243999999999"><ele>495.77</ele></trkpt>
      <trkpt lat="46.634910999999995" lon="13.827774"><ele>494.62</ele></trkpt>
      <trkpt lat="46.634876999999996" lon="13.82785"><ele>494.46</ele></trkpt>
      <trkpt lat="46.634558999999996" lon="13.828391"><ele>495.44</ele></trkpt>
      <trkpt lat="46.634567999999994" lon="13.828705"><ele>493.79</ele></trkpt>
      <trkpt lat="46.634561" lon="13.828816999999999"><ele>493.41</ele></trkpt>
      <trkpt lat="46.634356" lon="13.829438999999999"><ele>492.92</ele></trkpt>
      <trkpt lat="46.63433" lon="13.829742"><ele>491.89</ele></trkpt>
      <trkpt lat="46.634307" lon="13.829823"><ele>491.94</ele></trkpt>
      <trkpt lat="46.634214" lon="13.830024"><ele>492.02</ele></trkpt>
      <trkpt lat="46.634017" lon="13.830335999999999"><ele>491.93</ele></trkpt>
      <trkpt lat="46.633865" lon="13.830525999999999"><ele>491.99</ele></trkpt>
      <trkpt lat="46.633632" lon="13.830746"><ele>491.99</ele></trkpt>
      <trkpt lat="46.633438" lon="13.830950999999999"><ele>491.9</ele></trkpt>
      <trkpt lat="46.633219" lon="13.831227"><ele>491.83</ele></trkpt>
      <trkpt lat="46.63297" lon="13.831462"><ele>491.8</ele></trkpt>
      <trkpt lat="46.63277" lon="13.831617999999999"><ele>491.66</ele></trkpt>
      <trkpt lat="46.632584" lon="13.831745999999999"><ele>491.57</ele></trkpt>
      <trkpt lat="46.632324999999994" lon="13.83189"><ele>491.35</ele></trkpt>
      <trkpt lat="46.631968" lon="13.832059"><ele>490.9</ele></trkpt>
      <trkpt lat="46.631589999999996" lon="13.83222"><ele>490.39</ele></trkpt>
      <trkpt lat="46.631291999999995" lon="13.832332"><ele>489.81</ele></trkpt>
      <trkpt lat="46.630877999999996" lon="13.832593999999999"><ele>489.52</ele></trkpt>
      <trkpt lat="46.630237" lon="13.833112999999999"><ele>489.74</ele></trkpt>
      <trkpt lat="46.630066" lon="13.833236999999999"><ele>489.92</ele></trkpt>
      <trkpt lat="46.629297" lon="13.83372"><ele>489.94</ele></trkpt>
      <trkpt lat="46.62864" lon="13.834104"><ele>489.81</ele></trkpt>
      <trkpt lat="46.628115" lon="13.834368999999999"><ele>489.89</ele></trkpt>
      <trkpt lat="46.627918" lon="13.834455"><ele>489.92</ele></trkpt>
      <trkpt lat="46.627355" lon="13.83466"><ele>489.83</ele></trkpt>
      <trkpt lat="46.626897" lon="13.834786"><ele>489.89</ele></trkpt>
      <trkpt lat="46.626345" lon="13.834871999999999"><ele>489.97</ele></trkpt>
      <trkpt lat="46.625886" lon="13.834892"><ele>490.18</ele></trkpt>
      <trkpt lat="46.62432" lon="13.83488"><ele>490.38</ele></trkpt>
      <trkpt lat="46.623557999999996" lon="13.834831"><ele>489.74</ele></trkpt>
      <trkpt lat="46.622063" lon="13.834570999999999"><ele>489.33</ele></trkpt>
      <trkpt lat="46.621517" lon="13.834532999999999"><ele>489.51</ele></trkpt>
      <trkpt lat="46.621158" lon="13.834543"><ele>490.06</ele></trkpt>
      <trkpt lat="46.620908" lon="13.83456"><ele>489.7</ele></trkpt>
      <trkpt lat="46.62049" lon="13.834624"><ele>489.48</ele></trkpt>
      <trkpt lat="46.620304999999995" lon="13.834679999999999"><ele>489.48</ele></trkpt>
      <trkpt lat="46.619999" lon="13.834805999999999"><ele>489.56</ele></trkpt>
      <trkpt lat="46.618907" lon="13.835507"><ele>489.85</ele></trkpt>
      <trkpt lat="46.6175" lon="13.836438999999999"><ele>489.64</ele></trkpt>
      <trkpt lat="46.61719" lon="13.836658"><ele>489.49</ele></trkpt>
      <trkpt lat="46.616975" lon="13.836827"><ele>489.4</ele></trkpt>
      <trkpt lat="46.616637" lon="13.83715"><ele>489.27</ele></trkpt>
      <trkpt lat="46.616505" lon="13.837318999999999"><ele>489.21</ele></trkpt>
      <trkpt lat="46.616316999999995" lon="13.837617999999999"><ele>489.22</ele></trkpt>
      <trkpt lat="46.616195999999995" lon="13.837883"><ele>489.22</ele></trkpt>
      <trkpt lat="46.616102" lon="13.838147"><ele>489.11</ele></trkpt>
      <trkpt lat="46.616035" lon="13.838422"><ele>489.01</ele></trkpt>
      <trkpt lat="46.615950999999995" lon="13.838954999999999"><ele>489.02</ele></trkpt>
      <trkpt lat="46.615932" lon="13.839208"><ele>488.95</ele></trkpt>
      <trkpt lat="46.615936" lon="13.839706"><ele>489.2</ele></trkpt>
      <trkpt lat="46.61599" lon="13.840245999999999"><ele>488.96</ele></trkpt>
      <trkpt lat="46.616029" lon="13.840485999999999"><ele>488.85</ele></trkpt>
      <trkpt lat="46.616085999999996" lon="13.840757"><ele>488.89</ele></trkpt>
      <trkpt lat="46.616271999999995" lon="13.841434999999999"><ele>489</ele></trkpt>
      <trkpt lat="46.616749999999996" lon="13.842903999999999"><ele>489.15</ele></trkpt>
      <trkpt lat="46.616876999999995" lon="13.843584"><ele>489.22</ele></trkpt>
      <trkpt lat="46.616915999999996" lon="13.844130999999999"><ele>489.51</ele></trkpt>
      <trkpt lat="46.616918" lon="13.844621"><ele>489.99</ele></trkpt>
      <trkpt lat="46.616848999999995" lon="13.845516"><ele>490.12</ele></trkpt>
      <trkpt lat="46.616765" lon="13.846025"><ele>489.96</ele></trkpt>
      <trkpt lat="46.616668999999995" lon="13.846494"><ele>489.66</ele></trkpt>
      <trkpt lat="46.616566" lon="13.846834"><ele>489.45</ele></trkpt>
      <trkpt lat="46.616445" lon="13.847131"><ele>489.5</ele></trkpt>
      <trkpt lat="46.616355999999996" lon="13.847318999999999"><ele>489.59</ele></trkpt>
      <trkpt lat="46.615992999999996" lon="13.847925"><ele>489.46</ele></trkpt>
      <trkpt lat="46.61591" lon="13.848082999999999"><ele>489.65</ele></trkpt>
      <trkpt lat="46.615424999999995" lon="13.848865"><ele>489.9</ele></trkpt>
      <trkpt lat="46.615078999999994" lon="13.849347999999999"><ele>489.13</ele></trkpt>
      <trkpt lat="46.61481" lon="13.849672"><ele>489.28</ele></trkpt>
      <trkpt lat="46.614114" lon="13.850204999999999"><ele>489.15</ele></trkpt>
      <trkpt lat="46.611616999999995" lon="13.851920999999999"><ele>489.09</ele></trkpt>
      <trkpt lat="46.611022" lon="13.852383999999999"><ele>488.55</ele></trkpt>
      <trkpt lat="46.610471" lon="13.852857"><ele>488.14</ele></trkpt>
      <trkpt lat="46.610239" lon="13.853126"><ele>488.55</ele></trkpt>
      <trkpt lat="46.610096999999996" lon="13.853368"><ele>489.09</ele></trkpt>
      <trkpt lat="46.610397" lon="13.853914999999999"><ele>490.94</ele></trkpt>
      <trkpt lat="46.610369" lon="13.854016999999999"><ele>490.93</ele></trkpt>
      <trkpt lat="46.610205" lon="13.854273"><ele>490.68</ele></trkpt>
      <trkpt lat="46.610181999999995" lon="13.854337"><ele>490.81</ele></trkpt>
      <trkpt lat="46.610184" lon="13.854363999999999"><ele>490.94</ele></trkpt>
      <trkpt lat="46.609801999999995" lon="13.85501"><ele>490.68</ele></trkpt>
      <trkpt lat="46.609595999999996" lon="13.855405"><ele>490.57</ele></trkpt>
      <trkpt lat="46.609379" lon="13.855875999999999"><ele>490.44</ele></trkpt>
      <trkpt lat="46.609221999999995" lon="13.856273"><ele>490.32</ele></trkpt>
      <trkpt lat="46.609128" lon="13.856551"><ele>490.16</ele></trkpt>
      <trkpt lat="46.609051" lon="13.85684"><ele>490</ele></trkpt>
      <trkpt lat="46.608988" lon="13.857156"><ele>489.9</ele></trkpt>
      <trkpt lat="46.608923999999995" lon="13.857662999999999"><ele>489.63</ele></trkpt>
      <trkpt lat="46.608913" lon="13.857866"><ele>490</ele></trkpt>
      <trkpt lat="46.608906" lon="13.858265"><ele>490</ele></trkpt>
      <trkpt lat="46.608937" lon="13.858711999999999"><ele>489.43</ele></trkpt>
      <trkpt lat="46.608965" lon="13.858958"><ele>489.57</ele></trkpt>
      <trkpt lat="46.609001" lon="13.859183999999999"><ele>489.58</ele></trkpt>
      <trkpt lat="46.609038999999996" lon="13.859361"><ele>489.54</ele></trkpt>
      <trkpt lat="46.60915" lon="13.859795"><ele>489.57</ele></trkpt>
      <trkpt lat="46.609265" lon="13.860094"><ele>489.66</ele></trkpt>
      <trkpt lat="46.609322999999996" lon="13.860218"><ele>489.68</ele></trkpt>
      <trkpt lat="46.609449" lon="13.860446"><ele>489.66</ele></trkpt>
      <trkpt lat="46.609798" lon="13.860990999999999"><ele>489.75</ele></trkpt>
      <trkpt lat="46.610077" lon="13.861355"><ele>489.89</ele></trkpt>
      <trkpt lat="46.61023" lon="13.861512999999999"><ele>489.97</ele></trkpt>
      <trkpt lat="46.610433" lon="13.861702999999999"><ele>490.03</ele></trkpt>
      <trkpt lat="46.610762" lon="13.861949"><ele>490.08</ele></trkpt>
      <trkpt lat="46.611104" lon="13.862250999999999"><ele>490.1</ele></trkpt>
      <trkpt lat="46.611515999999995" lon="13.862663"><ele>490.05</ele></trkpt>
      <trkpt lat="46.611852999999996" lon="13.863042"><ele>490</ele></trkpt>
      <trkpt lat="46.612351" lon="13.863678"><ele>489.71</ele></trkpt>
      <trkpt lat="46.613412" lon="13.865115999999999"><ele>488.88</ele></trkpt>
      <trkpt lat="46.613462" lon="13.865155"><ele>488.96</ele></trkpt>
      <trkpt lat="46.613586999999995" lon="13.865226999999999"><ele>489.86</ele></trkpt>
      <trkpt lat="46.613665" lon="13.865243999999999"><ele>490.32</ele></trkpt>
      <trkpt lat="46.614371999999996" lon="13.866252999999999"><ele>491.83</ele></trkpt>
      <trkpt lat="46.614723999999995" lon="13.866836"><ele>493</ele></trkpt>
      <trkpt lat="46.614844" lon="13.867218"><ele>491.03</ele></trkpt>
      <trkpt lat="46.614959999999996" lon="13.867733"><ele>489.77</ele></trkpt>
      <trkpt lat="46.615207" lon="13.868428"><ele>488.69</ele></trkpt>
      <trkpt lat="46.615417" lon="13.869072"><ele>488.23</ele></trkpt>
      <trkpt lat="46.615621999999995" lon="13.869741"><ele>487.9</ele></trkpt>
      <trkpt lat="46.615956" lon="13.871013999999999"><ele>488.16</ele></trkpt>
      <trkpt lat="46.616091" lon="13.871597999999999"><ele>488.3</ele></trkpt>
      <trkpt lat="46.616206999999996" lon="13.872060999999999"><ele>488.45</ele></trkpt>
      <trkpt lat="46.616386" lon="13.872644999999999"><ele>488.66</ele></trkpt>
      <trkpt lat="46.61646" lon="13.873007999999999"><ele>488.97</ele></trkpt>
      <trkpt lat="46.616566999999996" lon="13.873773"><ele>489.5</ele></trkpt>
      <trkpt lat="46.616634" lon="13.874449"><ele>489.15</ele></trkpt>
      <trkpt lat="46.61669" lon="13.875105999999999"><ele>488.47</ele></trkpt>
      <trkpt lat="46.616704999999996" lon="13.875713"><ele>487.99</ele></trkpt>
      <trkpt lat="46.616679999999995" lon="13.876247"><ele>488.35</ele></trkpt>
      <trkpt lat="46.616633" lon="13.876703"><ele>488.55</ele></trkpt>
      <trkpt lat="46.616563" lon="13.877177"><ele>488.55</ele></trkpt>
      <trkpt lat="46.616461" lon="13.877668"><ele>488.19</ele></trkpt>
      <trkpt lat="46.616378" lon="13.877996"><ele>487.85</ele></trkpt>
      <trkpt lat="46.616316" lon="13.87834"><ele>488.73</ele></trkpt>
      <trkpt lat="46.616282999999996" lon="13.87847"><ele>488.61</ele></trkpt>
      <trkpt lat="46.616215" lon="13.878673"><ele>488.05</ele></trkpt>
      <trkpt lat="46.616203999999996" lon="13.878756"><ele>488.35</ele></trkpt>
      <trkpt lat="46.616094" lon="13.879126"><ele>489.87</ele></trkpt>
      <trkpt lat="46.616077" lon="13.879296"><ele>489.86</ele></trkpt>
      <trkpt lat="46.616129" lon="13.879481"><ele>489.53</ele></trkpt>
      <trkpt lat="46.616167" lon="13.879529999999999"><ele>489.16</ele></trkpt>
      <trkpt lat="46.61618" lon="13.879570999999999"><ele>488.74</ele></trkpt>
      <trkpt lat="46.61618" lon="13.879601"><ele>488.41</ele></trkpt>
      <trkpt lat="46.616121" lon="13.880104999999999"><ele>488.12</ele></trkpt>
      <trkpt lat="46.616108999999994" lon="13.880201999999999"><ele>489.2</ele></trkpt>
      <trkpt lat="46.616042" lon="13.880122"><ele>489.12</ele></trkpt>
      <trkpt lat="46.61598" lon="13.880025"><ele>488.98</ele></trkpt>
      <trkpt lat="46.615950999999995" lon="13.879885"><ele>488.65</ele></trkpt>
      <trkpt lat="46.615843" lon="13.879762999999999"><ele>488.96</ele></trkpt>
      <trkpt lat="46.615728" lon="13.879688"><ele>489.04</ele></trkpt>
      <trkpt lat="46.615649" lon="13.879684"><ele>489.22</ele></trkpt>
      <trkpt lat="46.615500999999995" lon="13.879729999999999"><ele>489.64</ele></trkpt>
      <trkpt lat="46.615182999999995" lon="13.879945999999999"><ele>489.86</ele></trkpt>
      <trkpt lat="46.613896999999994" lon="13.880917"><ele>490.41</ele></trkpt>
      <trkpt lat="46.613188" lon="13.881469"><ele>491.34</ele></trkpt>
      <trkpt lat="46.612922999999995" lon="13.881511999999999"><ele>490.8</ele></trkpt>
      <trkpt lat="46.612762" lon="13.881609"><ele>490.35</ele></trkpt>
      <trkpt lat="46.612601" lon="13.881725999999999"><ele>489.73</ele></trkpt>
      <trkpt lat="46.612426" lon="13.881762"><ele>488.67</ele></trkpt>
      <trkpt lat="46.612320999999994" lon="13.881812"><ele>488.14</ele></trkpt>
      <trkpt lat="46.612002" lon="13.882038"><ele>487.49</ele></trkpt>
      <trkpt lat="46.611202" lon="13.882534"><ele>488.17</ele></trkpt>
      <trkpt lat="46.610869" lon="13.882729"><ele>488.23</ele></trkpt>
      <trkpt lat="46.610673" lon="13.882828"><ele>488.26</ele></trkpt>
      <trkpt lat="46.610444" lon="13.882978999999999"><ele>488.32</ele></trkpt>
      <trkpt lat="46.61013" lon="13.883410999999999"><ele>488.56</ele></trkpt>
      <trkpt lat="46.609902999999996" lon="13.883662"><ele>488.84</ele></trkpt>
      <trkpt lat="46.609581" lon="13.884060999999999"><ele>489.2</ele></trkpt>
      <trkpt lat="46.609306" lon="13.884333"><ele>489.17</ele></trkpt>
      <trkpt lat="46.609154" lon="13.884545999999999"><ele>489.07</ele></trkpt>
      <trkpt lat="46.609024999999995" lon="13.884698"><ele>488.99</ele></trkpt>
      <trkpt lat="46.608557999999995" lon="13.885366999999999"><ele>488.68</ele></trkpt>
      <trkpt lat="46.608331" lon="13.885743"><ele>488.49</ele></trkpt>
      <trkpt lat="46.608109999999996" lon="13.886213999999999"><ele>488.12</ele></trkpt>
      <trkpt lat="46.608017" lon="13.886463"><ele>487.98</ele></trkpt>
      <trkpt lat="46.607904999999995" lon="13.886712"><ele>487.66</ele></trkpt>
      <trkpt lat="46.607599" lon="13.887341999999999"><ele>487.15</ele></trkpt>
      <trkpt lat="46.607454" lon="13.887668999999999"><ele>487.07</ele></trkpt>
      <trkpt lat="46.60736" lon="13.887905"><ele>486.95</ele></trkpt>
      <trkpt lat="46.607265999999996" lon="13.88818"><ele>486.85</ele></trkpt>
      <trkpt lat="46.607178" lon="13.888517"><ele>486.82</ele></trkpt>
      <trkpt lat="46.607113999999996" lon="13.888843999999999"><ele>486.78</ele></trkpt>
      <trkpt lat="46.60706" lon="13.889277"><ele>486.75</ele></trkpt>
      <trkpt lat="46.607046" lon="13.889702999999999"><ele>486.76</ele></trkpt>
      <trkpt lat="46.60706" lon="13.889947"><ele>486.8</ele></trkpt>
      <trkpt lat="46.607082999999996" lon="13.890162"><ele>486.81</ele></trkpt>
      <trkpt lat="46.607127" lon="13.890462999999999"><ele>486.82</ele></trkpt>
      <trkpt lat="46.607212999999994" lon="13.890873"><ele>486.93</ele></trkpt>
      <trkpt lat="46.607262" lon="13.891034"><ele>487</ele></trkpt>
      <trkpt lat="46.607324" lon="13.891200999999999"><ele>486.78</ele></trkpt>
      <trkpt lat="46.607375999999995" lon="13.891404"><ele>486.62</ele></trkpt>
      <trkpt lat="46.607409" lon="13.891592"><ele>486.69</ele></trkpt>
      <trkpt lat="46.607434999999995" lon="13.891805"><ele>486.74</ele></trkpt>
      <trkpt lat="46.607479" lon="13.891974999999999"><ele>486.73</ele></trkpt>
      <trkpt lat="46.607976" lon="13.893339"><ele>486.52</ele></trkpt>
      <trkpt lat="46.608199" lon="13.893832"><ele>486.5</ele></trkpt>
      <trkpt lat="46.608284" lon="13.894041"><ele>486.52</ele></trkpt>
      <trkpt lat="46.60847" lon="13.894568999999999"><ele>486.66</ele></trkpt>
      <trkpt lat="46.608577" lon="13.894914"><ele>486.69</ele></trkpt>
      <trkpt lat="46.608638" lon="13.895152"><ele>486.68</ele></trkpt>
      <trkpt lat="46.608788" lon="13.895861"><ele>487.29</ele></trkpt>
      <trkpt lat="46.608833" lon="13.896011999999999"><ele>487.49</ele></trkpt>
      <trkpt lat="46.608951" lon="13.8963"><ele>487.89</ele></trkpt>
      <trkpt lat="46.608967" lon="13.896396999999999"><ele>488.02</ele></trkpt>
      <trkpt lat="46.608972" lon="13.896822"><ele>488.53</ele></trkpt>
      <trkpt lat="46.609003" lon="13.897096999999999"><ele>488.75</ele></trkpt>
      <trkpt lat="46.609006" lon="13.897195"><ele>488.8</ele></trkpt>
      <trkpt lat="46.608990999999996" lon="13.897504999999999"><ele>488.86</ele></trkpt>
      <trkpt lat="46.608936" lon="13.897691"><ele>488.88</ele></trkpt>
      <trkpt lat="46.608896" lon="13.897931"><ele>488.9</ele></trkpt>
      <trkpt lat="46.608788999999994" lon="13.898907"><ele>488.92</ele></trkpt>
      <trkpt lat="46.608731999999996" lon="13.899358"><ele>489</ele></trkpt>
      <trkpt lat="46.608657" lon="13.899823"><ele>489.1</ele></trkpt>
      <trkpt lat="46.608531" lon="13.900767"><ele>489.04</ele></trkpt>
      <trkpt lat="46.608478999999996" lon="13.901048"><ele>489.13</ele></trkpt>
      <trkpt lat="46.608298" lon="13.901786999999999"><ele>488.92</ele></trkpt>
      <trkpt lat="46.608266" lon="13.901816"><ele>488.61</ele></trkpt>
      <trkpt lat="46.608239999999995" lon="13.901869"><ele>488.41</ele></trkpt>
      <trkpt lat="46.608162" lon="13.902097999999999"><ele>487.83</ele></trkpt>
      <trkpt lat="46.607727" lon="13.903246999999999"><ele>487.16</ele></trkpt>
      <trkpt lat="46.607492" lon="13.903908999999999"><ele>487.24</ele></trkpt>
      <trkpt lat="46.60713" lon="13.904865"><ele>487.25</ele></trkpt>
      <trkpt lat="46.606904" lon="13.905379"><ele>487.1</ele></trkpt>
      <trkpt lat="46.606668" lon="13.905833"><ele>486.83</ele></trkpt>
      <trkpt lat="46.606426" lon="13.906398999999999"><ele>486.42</ele></trkpt>
      <trkpt lat="46.606387" lon="13.906526999999999"><ele>486.53</ele></trkpt>
      <trkpt lat="46.606375" lon="13.906606"><ele>486.69</ele></trkpt>
      <trkpt lat="46.606372" lon="13.906752"><ele>486.85</ele></trkpt>
      <trkpt lat="46.606173999999996" lon="13.907295999999999"><ele>486.53</ele></trkpt>
      <trkpt lat="46.605912" lon="13.908064999999999"><ele>486.4</ele></trkpt>
      <trkpt lat="46.60563" lon="13.909011"><ele>486.36</ele></trkpt>
      <trkpt lat="46.605546" lon="13.909372999999999"><ele>486.26</ele></trkpt>
      <trkpt lat="46.605463" lon="13.909813999999999"><ele>486.19</ele></trkpt>
      <trkpt lat="46.605439999999994" lon="13.910015999999999"><ele>486.19</ele></trkpt>
      <trkpt lat="46.605399" lon="13.91059"><ele>486.07</ele></trkpt>
      <trkpt lat="46.605399" lon="13.910853"><ele>486.06</ele></trkpt>
      <trkpt lat="46.605425" lon="13.911316"><ele>486.16</ele></trkpt>
      <trkpt lat="46.605472999999996" lon="13.911776999999999"><ele>486.26</ele></trkpt>
      <trkpt lat="46.605503999999996" lon="13.911992"><ele>486.3</ele></trkpt>
      <trkpt lat="46.605613" lon="13.912474999999999"><ele>486.42</ele></trkpt>
      <trkpt lat="46.605736" lon="13.91287"><ele>486.4</ele></trkpt>
      <trkpt lat="46.605892999999995" lon="13.91331"><ele>486.34</ele></trkpt>
      <trkpt lat="46.606114999999996" lon="13.913806"><ele>486.38</ele></trkpt>
      <trkpt lat="46.606232" lon="13.914031999999999"><ele>486.39</ele></trkpt>
      <trkpt lat="46.606297999999995" lon="13.914135"><ele>486.42</ele></trkpt>
      <trkpt lat="46.606406" lon="13.914282"><ele>486.64</ele></trkpt>
      <trkpt lat="46.6065" lon="13.914384"><ele>486.84</ele></trkpt>
      <trkpt lat="46.606567999999996" lon="13.914448"><ele>487.19</ele></trkpt>
      <trkpt lat="46.60687" lon="13.913974999999999"><ele>487.74</ele></trkpt>
      <trkpt lat="46.60689" lon="13.913962"><ele>487.8</ele></trkpt>
      <trkpt lat="46.606905999999995" lon="13.913972999999999"><ele>487.85</ele></trkpt>
      <trkpt lat="46.607578" lon="13.914833"><ele>488</ele></trkpt>
      <trkpt lat="46.607762" lon="13.915087999999999"><ele>488</ele></trkpt>
      <trkpt lat="46.607782" lon="13.91512"><ele>488.01</ele></trkpt>
      <trkpt lat="46.607786999999995" lon="13.915163"><ele>488</ele></trkpt>
      <trkpt lat="46.607768" lon="13.91522"><ele>487.96</ele></trkpt>
      <trkpt lat="46.607614999999996" lon="13.915477"><ele>487.33</ele></trkpt>
      <trkpt lat="46.607608" lon="13.915509"><ele>487.3</ele></trkpt>
      <trkpt lat="46.60761" lon="13.915585"><ele>487.25</ele></trkpt>
      <trkpt lat="46.607627" lon="13.915652"><ele>487.2</ele></trkpt>
      <trkpt lat="46.607769999999995" lon="13.915818"><ele>487.06</ele></trkpt>
      <trkpt lat="46.608644" lon="13.916696"><ele>486.73</ele></trkpt>
      <trkpt lat="46.609283" lon="13.917354"><ele>486.45</ele></trkpt>
      <trkpt lat="46.609857999999996" lon="13.917921999999999"><ele>486.69</ele></trkpt>
      <trkpt lat="46.610188" lon="13.918223999999999"><ele>486.66</ele></trkpt>
      <trkpt lat="46.610555" lon="13.918507"><ele>486.67</ele></trkpt>
      <trkpt lat="46.610819" lon="13.918679"><ele>486.6</ele></trkpt>
      <trkpt lat="46.611401" lon="13.91902"><ele>486.6</ele></trkpt>
      <trkpt lat="46.611636" lon="13.919205999999999"><ele>486.75</ele></trkpt>
      <trkpt lat="46.611695999999995" lon="13.919257"><ele>487.32</ele></trkpt>
      <trkpt lat="46.612145999999996" lon="13.919716999999999"><ele>487.53</ele></trkpt>
      <trkpt lat="46.612339999999996" lon="13.919996999999999"><ele>486.44</ele></trkpt>
      <trkpt lat="46.612505999999996" lon="13.920181999999999"><ele>486.95</ele></trkpt>
      <trkpt lat="46.612846" lon="13.920833"><ele>486.74</ele></trkpt>
      <trkpt lat="46.613155" lon="13.921616"><ele>486.46</ele></trkpt>
      <trkpt lat="46.613223" lon="13.921921999999999"><ele>486.66</ele></trkpt>
      <trkpt lat="46.613276" lon="13.922263"><ele>486.69</ele></trkpt>
      <trkpt lat="46.613332" lon="13.923235"><ele>487.06</ele></trkpt>
      <trkpt lat="46.613352" lon="13.923433999999999"><ele>487.19</ele></trkpt>
      <trkpt lat="46.613403" lon="13.923589999999999"><ele>487.28</ele></trkpt>
      <trkpt lat="46.613454" lon="13.923672999999999"><ele>487.1</ele></trkpt>
      <trkpt lat="46.613557" lon="13.923687"><ele>487.4</ele></trkpt>
      <trkpt lat="46.613862" lon="13.923572"><ele>487.16</ele></trkpt>
      <trkpt lat="46.613948" lon="13.92358"><ele>486.8</ele></trkpt>
      <trkpt lat="46.614049" lon="13.923656999999999"><ele>486.51</ele></trkpt>
      <trkpt lat="46.614114" lon="13.923786"><ele>486.04</ele></trkpt>
      <trkpt lat="46.614169" lon="13.924074"><ele>485.99</ele></trkpt>
      <trkpt lat="46.614202999999996" lon="13.924258"><ele>485.87</ele></trkpt>
      <trkpt lat="46.614298" lon="13.924743999999999"><ele>485.57</ele></trkpt>
      <trkpt lat="46.614526999999995" lon="13.92546"><ele>487.08</ele></trkpt>
      <trkpt lat="46.614562" lon="13.925707"><ele>487.58</ele></trkpt>
      <trkpt lat="46.614611" lon="13.927256999999999"><ele>487.04</ele></trkpt>
      <trkpt lat="46.614587" lon="13.927617999999999"><ele>486.89</ele></trkpt>
      <trkpt lat="46.614525" lon="13.927942999999999"><ele>486.67</ele></trkpt>
      <trkpt lat="46.614368999999996" lon="13.928374999999999"><ele>486.22</ele></trkpt>
      <trkpt lat="46.614053" lon="13.929032"><ele>485.49</ele></trkpt>
      <trkpt lat="46.613461" lon="13.930121"><ele>485.38</ele></trkpt>
      <trkpt lat="46.613316999999995" lon="13.930420999999999"><ele>486</ele></trkpt>
      <trkpt lat="46.612243" lon="13.932402"><ele>485.75</ele></trkpt>
      <trkpt lat="46.612055999999995" lon="13.932761"><ele>485.66</ele></trkpt>
      <trkpt lat="46.610974" lon="13.934593"><ele>485.27</ele></trkpt>
      <trkpt lat="46.610422" lon="13.935417999999999"><ele>485.26</ele></trkpt>
      <trkpt lat="46.609761999999996" lon="13.936231999999999"><ele>485.37</ele></trkpt>
      <trkpt lat="46.608771999999995" lon="13.937268"><ele>485.52</ele></trkpt>
      <trkpt lat="46.607714" lon="13.93812"><ele>485.45</ele></trkpt>
      <trkpt lat="46.607316999999995" lon="13.938505999999999"><ele>485.57</ele></trkpt>
      <trkpt lat="46.606891999999995" lon="13.938967"><ele>485.75</ele></trkpt>
      <trkpt lat="46.606331" lon="13.939672"><ele>485.79</ele></trkpt>
      <trkpt lat="46.60588" lon="13.94033"><ele>485.18</ele></trkpt>
      <trkpt lat="46.605146999999995" lon="13.941706"><ele>485.32</ele></trkpt>
      <trkpt lat="46.604741" lon="13.9428"><ele>485.7</ele></trkpt>
      <trkpt lat="46.604472" lon="13.943617999999999"><ele>485.89</ele></trkpt>
      <trkpt lat="46.604081" lon="13.944896"><ele>486.84</ele></trkpt>
      <trkpt lat="46.604014" lon="13.945184"><ele>487.6</ele></trkpt>
      <trkpt lat="46.603966" lon="13.945336999999999"><ele>488.06</ele></trkpt>
      <trkpt lat="46.603899999999996" lon="13.945445999999999"><ele>488.45</ele></trkpt>
      <trkpt lat="46.603763" lon="13.945616999999999"><ele>489.09</ele></trkpt>
      <trkpt lat="46.603623999999996" lon="13.945770999999999"><ele>489.75</ele></trkpt>
      <trkpt lat="46.603417" lon="13.945898"><ele>490.48</ele></trkpt>
      <trkpt lat="46.603201999999996" lon="13.946002"><ele>491.01</ele></trkpt>
      <trkpt lat="46.60312" lon="13.946083999999999"><ele>491.02</ele></trkpt>
      <trkpt lat="46.602826" lon="13.94643"><ele>491.59</ele></trkpt>
      <trkpt lat="46.602335" lon="13.947040999999999"><ele>491.02</ele></trkpt>
      <trkpt lat="46.602058" lon="13.947443"><ele>491.14</ele></trkpt>
      <trkpt lat="46.601656999999996" lon="13.947868"><ele>491.37</ele></trkpt>
      <trkpt lat="46.601444" lon="13.948013999999999"><ele>491.29</ele></trkpt>
      <trkpt lat="46.601107" lon="13.948328"><ele>490.86</ele></trkpt>
      <trkpt lat="46.600733999999996" lon="13.948568"><ele>489.33</ele></trkpt>
      <trkpt lat="46.600626" lon="13.948661"><ele>487.72</ele></trkpt>
      <trkpt lat="46.600122" lon="13.949147"><ele>487.27</ele></trkpt>
      <trkpt lat="46.599277" lon="13.950083999999999"><ele>490.13</ele></trkpt>
      <trkpt lat="46.598549999999996" lon="13.950712"><ele>490.98</ele></trkpt>
      <trkpt lat="46.598079" lon="13.951201999999999"><ele>491.15</ele></trkpt>
      <trkpt lat="46.598023999999995" lon="13.951205999999999"><ele>490.55</ele></trkpt>
      <trkpt lat="46.597913999999996" lon="13.951243999999999"><ele>489.74</ele></trkpt>
      <trkpt lat="46.597680999999994" lon="13.951433999999999"><ele>489.33</ele></trkpt>
      <trkpt lat="46.597556999999995" lon="13.95157"><ele>489.1</ele></trkpt>
      <trkpt lat="46.597442" lon="13.951777"><ele>489.46</ele></trkpt>
      <trkpt lat="46.597386" lon="13.951920999999999"><ele>489.88</ele></trkpt>
      <trkpt lat="46.597350999999996" lon="13.952043999999999"><ele>490.06</ele></trkpt>
      <trkpt lat="46.596861999999994" lon="13.953237"><ele>491.34</ele></trkpt>
      <trkpt lat="46.596803" lon="13.95351"><ele>491.26</ele></trkpt>
      <trkpt lat="46.596706" lon="13.954099"><ele>490.86</ele></trkpt>
      <trkpt lat="46.596624999999996" lon="13.955001"><ele>490.02</ele></trkpt>
      <trkpt lat="46.596467999999994" lon="13.956387999999999"><ele>489.71</ele></trkpt>
      <trkpt lat="46.596325" lon="13.956719"><ele>488.76</ele></trkpt>
      <trkpt lat="46.596140999999996" lon="13.957108999999999"><ele>487.76</ele></trkpt>
      <trkpt lat="46.596039999999995" lon="13.957268"><ele>487.29</ele></trkpt>
      <trkpt lat="46.595966999999995" lon="13.957409"><ele>486.84</ele></trkpt>
      <trkpt lat="46.595658" lon="13.958174999999999"><ele>485.64</ele></trkpt>
      <trkpt lat="46.595051" lon="13.959866"><ele>485.26</ele></trkpt>
      <trkpt lat="46.594863" lon="13.960427999999999"><ele>485.12</ele></trkpt>
      <trkpt lat="46.594578999999996" lon="13.96134"><ele>485.54</ele></trkpt>
      <trkpt lat="46.594367999999996" lon="13.962098"><ele>484.79</ele></trkpt>
      <trkpt lat="46.59428" lon="13.962465"><ele>484.82</ele></trkpt>
      <trkpt lat="46.594215999999996" lon="13.962776999999999"><ele>484.74</ele></trkpt>
      <trkpt lat="46.594127" lon="13.963282"><ele>484.59</ele></trkpt>
      <trkpt lat="46.594038" lon="13.963918"><ele>484.48</ele></trkpt>
      <trkpt lat="46.593990999999995" lon="13.964390999999999"><ele>484.38</ele></trkpt>
      <trkpt lat="46.593945" lon="13.965221"><ele>485.19</ele></trkpt>
      <trkpt lat="46.593944" lon="13.965499999999999"><ele>485.18</ele></trkpt>
      <trkpt lat="46.593955" lon="13.966025"><ele>484.82</ele></trkpt>
      <trkpt lat="46.594015" lon="13.966838"><ele>484.32</ele></trkpt>
      <trkpt lat="46.594054" lon="13.967220999999999"><ele>484.34</ele></trkpt>
      <trkpt lat="46.594187999999995" lon="13.968321"><ele>484.79</ele></trkpt>
      <trkpt lat="46.594238" lon="13.968904"><ele>484.47</ele></trkpt>
      <trkpt lat="46.59428" lon="13.969424"><ele>483.99</ele></trkpt>
      <trkpt lat="46.594345" lon="13.970507999999999"><ele>483.8</ele></trkpt>
      <trkpt lat="46.594369" lon="13.971064"><ele>484.16</ele></trkpt>
      <trkpt lat="46.594415" lon="13.973381999999999"><ele>485.71</ele></trkpt>
      <trkpt lat="46.594426" lon="13.975023"><ele>485.76</ele></trkpt>
      <trkpt lat="46.594426" lon="13.97637"><ele>485.17</ele></trkpt>
      <trkpt lat="46.5944" lon="13.978513"><ele>485</ele></trkpt>
      <trkpt lat="46.594418" lon="13.978817"><ele>485</ele></trkpt>
      <trkpt lat="46.594530999999996" lon="13.979956"><ele>479.76</ele></trkpt>
      <trkpt lat="46.594739999999994" lon="13.979937"><ele>477.13</ele></trkpt>
      <trkpt lat="46.595444" lon="13.980077"><ele>478.6</ele></trkpt>
      <trkpt lat="46.595769" lon="13.980153"><ele>479.77</ele></trkpt>
      <trkpt lat="46.595872" lon="13.980177"><ele>479.94</ele></trkpt>
      <trkpt lat="46.596076" lon="13.980269"><ele>480</ele></trkpt>
      <trkpt lat="46.596294" lon="13.980316"><ele>481.29</ele></trkpt>
      <trkpt lat="46.596491" lon="13.980409"><ele>482.8</ele></trkpt>
      <trkpt lat="46.596568" lon="13.980469"><ele>483.56</ele></trkpt>
      <trkpt lat="46.596652" lon="13.98055"><ele>484.77</ele></trkpt>
      <trkpt lat="46.596709999999995" lon="13.980703"><ele>486.39</ele></trkpt>
      <trkpt lat="46.596742" lon="13.980967"><ele>488.25</ele></trkpt>
      <trkpt lat="46.596725" lon="13.981209"><ele>489.06</ele></trkpt>
      <trkpt lat="46.596674" lon="13.98148"><ele>490.68</ele></trkpt>
      <trkpt lat="46.596641" lon="13.981938999999999"><ele>493.72</ele></trkpt>
      <trkpt lat="46.596619" lon="13.982472"><ele>497.7</ele></trkpt>
      <trkpt lat="46.596523" lon="13.983009"><ele>503.9</ele></trkpt>
      <trkpt lat="46.596455999999996" lon="13.983768"><ele>509.72</ele></trkpt>
      <trkpt lat="46.59636" lon="13.984214"><ele>512.88</ele></trkpt>
      <trkpt lat="46.596385999999995" lon="13.984644999999999"><ele>514.01</ele></trkpt>
      <trkpt lat="46.596410999999996" lon="13.984796"><ele>514.74</ele></trkpt>
      <trkpt lat="46.596511" lon="13.985043"><ele>516.37</ele></trkpt>
      <trkpt lat="46.596688" lon="13.985949999999999"><ele>516.13</ele></trkpt>
      <trkpt lat="46.596706" lon="13.986457999999999"><ele>515.95</ele></trkpt>
      <trkpt lat="46.596834" lon="13.987606999999999"><ele>514.96</ele></trkpt>
      <trkpt lat="46.596734999999995" lon="13.988031999999999"><ele>514.24</ele></trkpt>
      <trkpt lat="46.596629" lon="13.988292"><ele>513.72</ele></trkpt>
      <trkpt lat="46.596191999999995" lon="13.989189"><ele>511.78</ele></trkpt>
      <trkpt lat="46.596019" lon="13.989830999999999"><ele>510.07</ele></trkpt>
      <trkpt lat="46.595959" lon="13.990174999999999"><ele>509.45</ele></trkpt>
      <trkpt lat="46.595918" lon="13.990518999999999"><ele>509.68</ele></trkpt>
      <trkpt lat="46.595847" lon="13.9909"><ele>509.68</ele></trkpt>
      <trkpt lat="46.595468" lon="13.991719"><ele>508.3</ele></trkpt>
      <trkpt lat="46.595468" lon="13.991719"><ele>508.3</ele></trkpt>
      <trkpt lat="46.595011" lon="13.992704999999999"><ele>506.92</ele></trkpt>
      <trkpt lat="46.594884" lon="13.992904999999999"><ele>506.86</ele></trkpt>
      <trkpt lat="46.594743" lon="13.993445999999999"><ele>507.74</ele></trkpt>
      <trkpt lat="46.594775999999996" lon="13.994159999999999"><ele>509.19</ele></trkpt>
      <trkpt lat="46.594758" lon="13.994529"><ele>508.5</ele></trkpt>
      <trkpt lat="46.594403" lon="13.996336999999999"><ele>505.89</ele></trkpt>
      <trkpt lat="46.594331" lon="13.996500999999999"><ele>505.18</ele></trkpt>
      <trkpt lat="46.593854" lon="13.997634999999999"><ele>500.52</ele></trkpt>
      <trkpt lat="46.593585999999995" lon="13.998204"><ele>500.76</ele></trkpt>
      <trkpt lat="46.593318" lon="13.998733999999999"><ele>502.58</ele></trkpt>
      <trkpt lat="46.593109999999996" lon="13.999112"><ele>502.16</ele></trkpt>
      <trkpt lat="46.592459" lon="13.999682"><ele>496.39</ele></trkpt>
      <trkpt lat="46.592411999999996" lon="13.999932999999999"><ele>494.88</ele></trkpt>
      <trkpt lat="46.592392" lon="14.000613"><ele>490.62</ele></trkpt>
      <trkpt lat="46.592318" lon="14.001024999999998"><ele>488.35</ele></trkpt>
      <trkpt lat="46.592231" lon="14.00138"><ele>487.14</ele></trkpt>
      <trkpt lat="46.592031" lon="14.002025"><ele>485.22</ele></trkpt>
      <trkpt lat="46.592034" lon="14.002960999999999"><ele>485</ele></trkpt>
      <trkpt lat="46.592048" lon="14.003442999999999"><ele>484.62</ele></trkpt>
      <trkpt lat="46.59202" lon="14.004577"><ele>483.97</ele></trkpt>
      <trkpt lat="46.591972999999996" lon="14.005334"><ele>483</ele></trkpt>
      <trkpt lat="46.59223" lon="14.005410999999999"><ele>483.08</ele></trkpt>
      <trkpt lat="46.592295" lon="14.005447"><ele>483.26</ele></trkpt>
      <trkpt lat="46.592375" lon="14.005879"><ele>482.88</ele></trkpt>
      <trkpt lat="46.592374" lon="14.006383999999999"><ele>480.75</ele></trkpt>
      <trkpt lat="46.592362" lon="14.006787"><ele>479.64</ele></trkpt>
      <trkpt lat="46.592406" lon="14.00732"><ele>478.38</ele></trkpt>
      <trkpt lat="46.592487" lon="14.007947999999999"><ele>477.79</ele></trkpt>
      <trkpt lat="46.592639" lon="14.008709999999999"><ele>476.78</ele></trkpt>
      <trkpt lat="46.592667999999996" lon="14.008977999999999"><ele>476.58</ele></trkpt>
      <trkpt lat="46.592667999999996" lon="14.009257"><ele>476.42</ele></trkpt>
      <trkpt lat="46.592635" lon="14.009981"><ele>476.17</ele></trkpt>
      <trkpt lat="46.592642" lon="14.010496"><ele>476.19</ele></trkpt>
      <trkpt lat="46.592683" lon="14.011075"><ele>476.43</ele></trkpt>
      <trkpt lat="46.592800999999994" lon="14.011966"><ele>476.77</ele></trkpt>
      <trkpt lat="46.593846" lon="14.016751"><ele>475.83</ele></trkpt>
      <trkpt lat="46.593959" lon="14.017139"><ele>475.4</ele></trkpt>
      <trkpt lat="46.594045" lon="14.017386"><ele>475.45</ele></trkpt>
      <trkpt lat="46.594280999999995" lon="14.018001"><ele>475.36</ele></trkpt>
      <trkpt lat="46.594350999999996" lon="14.018120999999999"><ele>475.36</ele></trkpt>
      <trkpt lat="46.594587999999995" lon="14.018436"><ele>475.54</ele></trkpt>
      <trkpt lat="46.594623" lon="14.018462"><ele>475.64</ele></trkpt>
      <trkpt lat="46.594381999999996" lon="14.018604"><ele>475.08</ele></trkpt>
      <trkpt lat="46.594038" lon="14.018742999999999"><ele>474.54</ele></trkpt>
      <trkpt lat="46.593992" lon="14.019048999999999"><ele>474.34</ele></trkpt>
      <trkpt lat="46.593925" lon="14.019383999999999"><ele>473.9</ele></trkpt>
      <trkpt lat="46.593925999999996" lon="14.019482"><ele>473.76</ele></trkpt>
      <trkpt lat="46.593965" lon="14.019601"><ele>473.49</ele></trkpt>
      <trkpt lat="46.594024999999995" lon="14.01971"><ele>473.49</ele></trkpt>
      <trkpt lat="46.594173" lon="14.020163"><ele>472.98</ele></trkpt>
      <trkpt lat="46.594231" lon="14.020282"><ele>472.74</ele></trkpt>
      <trkpt lat="46.594277" lon="14.020349999999999"><ele>472.46</ele></trkpt>
      <trkpt lat="46.594319999999996" lon="14.020367"><ele>472.77</ele></trkpt>
      <trkpt lat="46.594333999999996" lon="14.020349999999999"><ele>473.11</ele></trkpt>
      <trkpt lat="46.594341" lon="14.020311999999999"><ele>473.51</ele></trkpt>
      <trkpt lat="46.594344" lon="14.020202999999999"><ele>474.3</ele></trkpt>
      <trkpt lat="46.59433" lon="14.020045999999999"><ele>475.29</ele></trkpt>
      <trkpt lat="46.594238999999995" lon="14.020071999999999"><ele>474.62</ele></trkpt>
      <trkpt lat="46.593916" lon="14.020187"><ele>474.42</ele></trkpt>
      <trkpt lat="46.593644" lon="14.020254999999999"><ele>474.26</ele></trkpt>
      <trkpt lat="46.593323" lon="14.020289"><ele>474.08</ele></trkpt>
      <trkpt lat="46.593052" lon="14.020290999999999"><ele>473.93</ele></trkpt>
      <trkpt lat="46.592723" lon="14.020249999999999"><ele>473.74</ele></trkpt>
      <trkpt lat="46.592296" lon="14.020156"><ele>473.8</ele></trkpt>
      <trkpt lat="46.592138" lon="14.020104"><ele>474.58</ele></trkpt>
      <trkpt lat="46.591752" lon="14.019881999999999"><ele>475.17</ele></trkpt>
      <trkpt lat="46.591353" lon="14.019601"><ele>475.78</ele></trkpt>
      <trkpt lat="46.591237" lon="14.019508"><ele>476.44</ele></trkpt>
      <trkpt lat="46.591207999999995" lon="14.019591"><ele>476.45</ele></trkpt>
      <trkpt lat="46.59119" lon="14.019757"><ele>476.45</ele></trkpt>
      <trkpt lat="46.591148999999994" lon="14.019867"><ele>476.73</ele></trkpt>
      <trkpt lat="46.591162999999995" lon="14.019967"><ele>476.62</ele></trkpt>
      <trkpt lat="46.591252" lon="14.020382999999999"><ele>475.8</ele></trkpt>
      <trkpt lat="46.591653" lon="14.023280999999999"><ele>476</ele></trkpt>
      <trkpt lat="46.591701" lon="14.023575"><ele>475.75</ele></trkpt>
      <trkpt lat="46.591819" lon="14.023968"><ele>475.59</ele></trkpt>
      <trkpt lat="46.591857999999995" lon="14.024168999999999"><ele>475.63</ele></trkpt>
      <trkpt lat="46.591859" lon="14.024837999999999"><ele>474.62</ele></trkpt>
      <trkpt lat="46.592014999999996" lon="14.025962"><ele>474.4</ele></trkpt>
      <trkpt lat="46.592374" lon="14.028675999999999"><ele>474</ele></trkpt>
      <trkpt lat="46.592393" lon="14.028758999999999"><ele>474</ele></trkpt>
      <trkpt lat="46.592576" lon="14.029098"><ele>474</ele></trkpt>
      <trkpt lat="46.59263" lon="14.029211"><ele>474</ele></trkpt>
      <trkpt lat="46.592673999999995" lon="14.029345999999999"><ele>474</ele></trkpt>
      <trkpt lat="46.592721999999995" lon="14.029586"><ele>473.98</ele></trkpt>
      <trkpt lat="46.592715" lon="14.029693"><ele>473.98</ele></trkpt>
      <trkpt lat="46.592639999999996" lon="14.029952999999999"><ele>473.96</ele></trkpt>
      <trkpt lat="46.592572" lon="14.030159999999999"><ele>473.89</ele></trkpt>
      <trkpt lat="46.592467" lon="14.030368999999999"><ele>473.75</ele></trkpt>
      <trkpt lat="46.59241" lon="14.030424"><ele>473.65</ele></trkpt>
      <trkpt lat="46.592286" lon="14.030403999999999"><ele>473.9</ele></trkpt>
      <trkpt lat="46.592143" lon="14.030332999999999"><ele>473.97</ele></trkpt>
      <trkpt lat="46.591986999999996" lon="14.030289"><ele>473.99</ele></trkpt>
      <trkpt lat="46.59182" lon="14.030206999999999"><ele>473.98</ele></trkpt>
      <trkpt lat="46.591302999999996" lon="14.029905999999999"><ele>473.82</ele></trkpt>
      <trkpt lat="46.590509" lon="14.029487999999999"><ele>473.14</ele></trkpt>
      <trkpt lat="46.590308" lon="14.02942"><ele>473.56</ele></trkpt>
      <trkpt lat="46.589633" lon="14.029136999999999"><ele>473.64</ele></trkpt>
      <trkpt lat="46.589088" lon="14.028884999999999"><ele>473.49</ele></trkpt>
      <trkpt lat="46.588257999999996" lon="14.028635999999999"><ele>473</ele></trkpt>
      <trkpt lat="46.587869" lon="14.028488999999999"><ele>472.93</ele></trkpt>
      <trkpt lat="46.587295" lon="14.028213"><ele>472.48</ele></trkpt>
      <trkpt lat="46.586922" lon="14.028106999999999"><ele>472.18</ele></trkpt>
      <trkpt lat="46.586766" lon="14.028084"><ele>472.04</ele></trkpt>
      <trkpt lat="46.586399" lon="14.028122999999999"><ele>472</ele></trkpt>
      <trkpt lat="46.586168" lon="14.028316"><ele>472.6</ele></trkpt>
      <trkpt lat="46.585732" lon="14.028599"><ele>472.97</ele></trkpt>
      <trkpt lat="46.585553" lon="14.028694999999999"><ele>473</ele></trkpt>
      <trkpt lat="46.585328" lon="14.028212"><ele>472.3</ele></trkpt>
      <trkpt lat="46.584973" lon="14.027515"><ele>472</ele></trkpt>
      <trkpt lat="46.584796999999995" lon="14.02726"><ele>472.19</ele></trkpt>
      <trkpt lat="46.5847" lon="14.027158"><ele>472.32</ele></trkpt>
      <trkpt lat="46.584564" lon="14.027094"><ele>472.41</ele></trkpt>
      <trkpt lat="46.584249" lon="14.027080999999999"><ele>472.58</ele></trkpt>
      <trkpt lat="46.584084999999995" lon="14.027161999999999"><ele>472.94</ele></trkpt>
      <trkpt lat="46.583936" lon="14.027261999999999"><ele>472.48</ele></trkpt>
      <trkpt lat="46.583808999999995" lon="14.027331"><ele>471.36</ele></trkpt>
      <trkpt lat="46.583676999999994" lon="14.027318"><ele>470.21</ele></trkpt>
      <trkpt lat="46.583618" lon="14.027286"><ele>470.18</ele></trkpt>
      <trkpt lat="46.583439999999996" lon="14.027033"><ele>470.56</ele></trkpt>
      <trkpt lat="46.58316" lon="14.026402"><ele>472.92</ele></trkpt>
      <trkpt lat="46.583006" lon="14.026159999999999"><ele>473.52</ele></trkpt>
      <trkpt lat="46.582865999999996" lon="14.025983"><ele>473.57</ele></trkpt>
      <trkpt lat="46.582609999999995" lon="14.025722"><ele>472.95</ele></trkpt>
      <trkpt lat="46.582395" lon="14.025549"><ele>472.45</ele></trkpt>
      <trkpt lat="46.582181" lon="14.025407"><ele>472.18</ele></trkpt>
      <trkpt lat="46.582079" lon="14.025272"><ele>472.13</ele></trkpt>
      <trkpt lat="46.582071" lon="14.025208"><ele>472.14</ele></trkpt>
      <trkpt lat="46.582077999999996" lon="14.025141999999999"><ele>472.15</ele></trkpt>
      <trkpt lat="46.582069999999995" lon="14.024928"><ele>472.24</ele></trkpt>
      <trkpt lat="46.582037" lon="14.024725"><ele>472.46</ele></trkpt>
      <trkpt lat="46.582009" lon="14.024668"><ele>472.57</ele></trkpt>
      <trkpt lat="46.581865" lon="14.024521"><ele>473.07</ele></trkpt>
      <trkpt lat="46.58179" lon="14.024419"><ele>473.47</ele></trkpt>
      <trkpt lat="46.581728999999996" lon="14.024262"><ele>473.97</ele></trkpt>
      <trkpt lat="46.581680999999996" lon="14.024054"><ele>474.58</ele></trkpt>
      <trkpt lat="46.58161" lon="14.023664"><ele>475.23</ele></trkpt>
      <trkpt lat="46.581584" lon="14.023449999999999"><ele>475.54</ele></trkpt>
      <trkpt lat="46.581571" lon="14.023012"><ele>477.57</ele></trkpt>
      <trkpt lat="46.581547" lon="14.022732999999999"><ele>478.82</ele></trkpt>
      <trkpt lat="46.581426" lon="14.022248999999999"><ele>480.17</ele></trkpt>
      <trkpt lat="46.581511" lon="14.021939"><ele>481.96</ele></trkpt>
      <trkpt lat="46.581635" lon="14.021578"><ele>484.28</ele></trkpt>
      <trkpt lat="46.581728999999996" lon="14.021237999999999"><ele>486.26</ele></trkpt>
      <trkpt lat="46.581741" lon="14.021094"><ele>486.99</ele></trkpt>
      <trkpt lat="46.581739999999996" lon="14.020833999999999"><ele>488.37</ele></trkpt>
      <trkpt lat="46.581716" lon="14.020399999999999"><ele>490.38</ele></trkpt>
      <trkpt lat="46.581709" lon="14.020349"><ele>490.53</ele></trkpt>
      <trkpt lat="46.581832999999996" lon="14.020271999999999"><ele>490.49</ele></trkpt>
      <trkpt lat="46.582122999999996" lon="14.020121"><ele>490.45</ele></trkpt>
      <trkpt lat="46.582269" lon="14.020074"><ele>490.3</ele></trkpt>
      <trkpt lat="46.582256" lon="14.019763999999999"><ele>491.53</ele></trkpt>
      <trkpt lat="46.582324" lon="14.019559"><ele>492.18</ele></trkpt>
      <trkpt lat="46.582398999999995" lon="14.019419"><ele>492.43</ele></trkpt>
      <trkpt lat="46.582356" lon="14.01933"><ele>492.94</ele></trkpt>
      <trkpt lat="46.5823" lon="14.01914"><ele>494.86</ele></trkpt>
      <trkpt lat="46.58217" lon="14.018953999999999"><ele>497.14</ele></trkpt>
      <trkpt lat="46.582063999999995" lon="14.018832999999999"><ele>497.41</ele></trkpt>
      <trkpt lat="46.581992" lon="14.018673999999999"><ele>497.25</ele></trkpt>
      <trkpt lat="46.581931999999995" lon="14.018512999999999"><ele>497.15</ele></trkpt>
      <trkpt lat="46.581874" lon="14.018424999999999"><ele>497.24</ele></trkpt>
      <trkpt lat="46.581804999999996" lon="14.018346"><ele>497.26</ele></trkpt>
      <trkpt lat="46.581674" lon="14.018282999999998"><ele>497.09</ele></trkpt>
      <trkpt lat="46.581542999999996" lon="14.018265999999999"><ele>496.8</ele></trkpt>
      <trkpt lat="46.581157999999995" lon="14.018317"><ele>495.57</ele></trkpt>
      <trkpt lat="46.581027" lon="14.018301999999998"><ele>495.33</ele></trkpt>
      <trkpt lat="46.580875999999996" lon="14.018217"><ele>495.25</ele></trkpt>
      <trkpt lat="46.580681999999996" lon="14.017952999999999"><ele>491.19</ele></trkpt>
      <trkpt lat="46.580206999999994" lon="14.017244"><ele>492.39</ele></trkpt>
      <trkpt lat="46.580103" lon="14.017064999999999"><ele>494.31</ele></trkpt>
      <trkpt lat="46.580028999999996" lon="14.017308"><ele>493.87</ele></trkpt>
      <trkpt lat="46.579997999999996" lon="14.017555999999999"><ele>492.54</ele></trkpt>
      <trkpt lat="46.579775999999995" lon="14.018054999999999"><ele>489.04</ele></trkpt>
      <trkpt lat="46.579589999999996" lon="14.018327"><ele>489.36</ele></trkpt>
      <trkpt lat="46.579285999999996" lon="14.018645999999999"><ele>489.42</ele></trkpt>
      <trkpt lat="46.578897999999995" lon="14.018968"><ele>489.45</ele></trkpt>
      <trkpt lat="46.578433999999994" lon="14.019207999999999"><ele>489.09</ele></trkpt>
      <trkpt lat="46.578224" lon="14.01938"><ele>488.92</ele></trkpt>
      <trkpt lat="46.577832" lon="14.019572"><ele>488.34</ele></trkpt>
      <trkpt lat="46.577255" lon="14.019679"><ele>487.95</ele></trkpt>
      <trkpt lat="46.576975" lon="14.019786"><ele>487.91</ele></trkpt>
      <trkpt lat="46.576843" lon="14.019795"><ele>487.96</ele></trkpt>
      <trkpt lat="46.576302999999996" lon="14.020363"><ele>488.26</ele></trkpt>
      <trkpt lat="46.575891999999996" lon="14.020588"><ele>487.99</ele></trkpt>
      <trkpt lat="46.575404" lon="14.020804"><ele>487.2</ele></trkpt>
      <trkpt lat="46.57498" lon="14.021085"><ele>487.57</ele></trkpt>
      <trkpt lat="46.574855" lon="14.02122"><ele>487.8</ele></trkpt>
      <trkpt lat="46.574687" lon="14.021288"><ele>487.62</ele></trkpt>
      <trkpt lat="46.574659999999994" lon="14.021298999999999"><ele>487.48</ele></trkpt>
      <trkpt lat="46.574497" lon="14.021298"><ele>487.9</ele></trkpt>
      <trkpt lat="46.573679999999996" lon="14.021419999999999"><ele>490.4</ele></trkpt>
      <trkpt lat="46.573043999999996" lon="14.021792"><ele>491.37</ele></trkpt>
      <trkpt lat="46.57243" lon="14.022065999999999"><ele>491.78</ele></trkpt>
      <trkpt lat="46.572064999999995" lon="14.022264"><ele>491.79</ele></trkpt>
      <trkpt lat="46.57178" lon="14.022480999999999"><ele>491.8</ele></trkpt>
      <trkpt lat="46.570809" lon="14.023026999999999"><ele>492.46</ele></trkpt>
      <trkpt lat="46.570122999999995" lon="14.023864999999999"><ele>494.97</ele></trkpt>
      <trkpt lat="46.569786" lon="14.024137999999999"><ele>495.68</ele></trkpt>
      <trkpt lat="46.569686" lon="14.024261"><ele>495.68</ele></trkpt>
      <trkpt lat="46.569629" lon="14.024619999999999"><ele>495.35</ele></trkpt>
      <trkpt lat="46.569295" lon="14.025618999999999"><ele>491.4</ele></trkpt>
      <trkpt lat="46.569077" lon="14.026072"><ele>489.8</ele></trkpt>
      <trkpt lat="46.568993" lon="14.026155999999999"><ele>489.65</ele></trkpt>
      <trkpt lat="46.568844" lon="14.026136"><ele>490.13</ele></trkpt>
      <trkpt lat="46.56861" lon="14.026074"><ele>491.17</ele></trkpt>
      <trkpt lat="46.568551" lon="14.026093999999999"><ele>491.83</ele></trkpt>
      <trkpt lat="46.568459999999995" lon="14.026074"><ele>492.77</ele></trkpt>
      <trkpt lat="46.568327" lon="14.025876"><ele>493.19</ele></trkpt>
      <trkpt lat="46.568208" lon="14.025625999999999"><ele>493.55</ele></trkpt>
      <trkpt lat="46.568135999999996" lon="14.025454"><ele>493.92</ele></trkpt>
      <trkpt lat="46.568058" lon="14.025463"><ele>493.9</ele></trkpt>
      <trkpt lat="46.567811" lon="14.025633"><ele>492.69</ele></trkpt>
      <trkpt lat="46.567583" lon="14.025806999999999"><ele>491.33</ele></trkpt>
      <trkpt lat="46.56751" lon="14.025929"><ele>490.69</ele></trkpt>
      <trkpt lat="46.567493" lon="14.026031"><ele>490.33</ele></trkpt>
      <trkpt lat="46.567384" lon="14.026397999999999"><ele>489.48</ele></trkpt>
      <trkpt lat="46.567294" lon="14.026786999999999"><ele>488.52</ele></trkpt>
      <trkpt lat="46.567445" lon="14.027049"><ele>489.17</ele></trkpt>
      <trkpt lat="46.567704" lon="14.027633"><ele>489.44</ele></trkpt>
      <trkpt lat="46.567918" lon="14.028155"><ele>489.8</ele></trkpt>
      <trkpt lat="46.567999" lon="14.028421999999999"><ele>490.27</ele></trkpt>
      <trkpt lat="46.568363" lon="14.029117999999999"><ele>493.03</ele></trkpt>
      <trkpt lat="46.568490999999995" lon="14.029421999999999"><ele>495.07</ele></trkpt>
      <trkpt lat="46.568577" lon="14.029656"><ele>496.61</ele></trkpt>
      <trkpt lat="46.568588" lon="14.029815999999999"><ele>496.32</ele></trkpt>
      <trkpt lat="46.568512999999996" lon="14.030413999999999"><ele>495.16</ele></trkpt>
      <trkpt lat="46.568388999999996" lon="14.031213999999999"><ele>492.8</ele></trkpt>
      <trkpt lat="46.568306" lon="14.032105"><ele>487.88</ele></trkpt>
      <trkpt lat="46.568293999999995" lon="14.032954"><ele>483.05</ele></trkpt>
      <trkpt lat="46.568324" lon="14.033408999999999"><ele>480.27</ele></trkpt>
      <trkpt lat="46.568366999999995" lon="14.03392"><ele>476.26</ele></trkpt>
      <trkpt lat="46.568306" lon="14.034027"><ele>474.8</ele></trkpt>
      <trkpt lat="46.568312" lon="14.034405"><ele>473.08</ele></trkpt>
      <trkpt lat="46.568329999999996" lon="14.034654"><ele>472.22</ele></trkpt>
      <trkpt lat="46.568377999999996" lon="14.034972999999999"><ele>471.33</ele></trkpt>
      <trkpt lat="46.568456999999995" lon="14.035274"><ele>470.32</ele></trkpt>
      <trkpt lat="46.568576" lon="14.035478"><ele>469.55</ele></trkpt>
      <trkpt lat="46.568714" lon="14.035642"><ele>469.05</ele></trkpt>
      <trkpt lat="46.568816999999996" lon="14.035827999999999"><ele>468.78</ele></trkpt>
      <trkpt lat="46.568901" lon="14.036042"><ele>468.59</ele></trkpt>
      <trkpt lat="46.568988" lon="14.036216999999999"><ele>468.46</ele></trkpt>
      <trkpt lat="46.569227999999995" lon="14.036309999999999"><ele>468.27</ele></trkpt>
      <trkpt lat="46.569373" lon="14.036394999999999"><ele>468.76</ele></trkpt>
      <trkpt lat="46.569539999999996" lon="14.036544999999998"><ele>468.87</ele></trkpt>
      <trkpt lat="46.569638" lon="14.036674"><ele>469</ele></trkpt>
      <trkpt lat="46.569809" lon="14.036864999999999"><ele>468.9</ele></trkpt>
      <trkpt lat="46.569887" lon="14.037009"><ele>468.82</ele></trkpt>
      <trkpt lat="46.569911" lon="14.037077"><ele>468.68</ele></trkpt>
      <trkpt lat="46.570747" lon="14.038886999999999"><ele>468.31</ele></trkpt>
      <trkpt lat="46.571301" lon="14.038494"><ele>467</ele></trkpt>
      <trkpt lat="46.571394999999995" lon="14.038582"><ele>466.85</ele></trkpt>
      <trkpt lat="46.571456" lon="14.038565"><ele>466.6</ele></trkpt>
      <trkpt lat="46.571723" lon="14.038616"><ele>466.05</ele></trkpt>
      <trkpt lat="46.571934999999996" lon="14.038865999999999"><ele>465.93</ele></trkpt>
      <trkpt lat="46.572224" lon="14.039268999999999"><ele>465.55</ele></trkpt>
      <trkpt lat="46.572631" lon="14.039769"><ele>465.1</ele></trkpt>
      <trkpt lat="46.572983" lon="14.040265"><ele>464.99</ele></trkpt>
      <trkpt lat="46.573322" lon="14.041134"><ele>465.34</ele></trkpt>
      <trkpt lat="46.574135999999996" lon="14.044360999999999"><ele>465.1</ele></trkpt>
      <trkpt lat="46.574165" lon="14.045451"><ele>464.84</ele></trkpt>
      <trkpt lat="46.574101" lon="14.046842"><ele>463.75</ele></trkpt>
      <trkpt lat="46.573989999999995" lon="14.047298"><ele>463.74</ele></trkpt>
      <trkpt lat="46.573811" lon="14.047943"><ele>464.26</ele></trkpt>
      <trkpt lat="46.573611" lon="14.048575999999999"><ele>464.56</ele></trkpt>
      <trkpt lat="46.573260999999995" lon="14.049271"><ele>464.73</ele></trkpt>
      <trkpt lat="46.572755" lon="14.049932"><ele>464.84</ele></trkpt>
      <trkpt lat="46.57221" lon="14.050868"><ele>464.76</ele></trkpt>
      <trkpt lat="46.571856" lon="14.05166"><ele>464.64</ele></trkpt>
      <trkpt lat="46.571495999999996" lon="14.052817999999998"><ele>464.97</ele></trkpt>
      <trkpt lat="46.571242" lon="14.053718"><ele>465.18</ele></trkpt>
      <trkpt lat="46.57105" lon="14.054929999999999"><ele>465.75</ele></trkpt>
      <trkpt lat="46.570781" lon="14.056322"><ele>466.15</ele></trkpt>
      <trkpt lat="46.570611" lon="14.057539"><ele>465.31</ele></trkpt>
      <trkpt lat="46.570322999999995" lon="14.058479"><ele>463.99</ele></trkpt>
      <trkpt lat="46.569823" lon="14.059002999999999"><ele>463.34</ele></trkpt>
      <trkpt lat="46.569384" lon="14.059253"><ele>463.47</ele></trkpt>
      <trkpt lat="46.568973" lon="14.059287"><ele>463.82</ele></trkpt>
      <trkpt lat="46.568607" lon="14.05933"><ele>464.4</ele></trkpt>
      <trkpt lat="46.568068" lon="14.059351999999999"><ele>463.76</ele></trkpt>
      <trkpt lat="46.567502999999995" lon="14.059301"><ele>463.61</ele></trkpt>
      <trkpt lat="46.567321" lon="14.05918"><ele>464.15</ele></trkpt>
      <trkpt lat="46.567220999999996" lon="14.059035"><ele>464.37</ele></trkpt>
      <trkpt lat="46.567184" lon="14.058895"><ele>464.82</ele></trkpt>
      <trkpt lat="46.567142" lon="14.058589"><ele>466</ele></trkpt>
      <trkpt lat="46.567018999999995" lon="14.057863999999999"><ele>466</ele></trkpt>
      <trkpt lat="46.566742" lon="14.057053999999999"><ele>466.44</ele></trkpt>
      <trkpt lat="46.566604999999996" lon="14.056863"><ele>466.86</ele></trkpt>
      <trkpt lat="46.566486" lon="14.056797"><ele>466.92</ele></trkpt>
      <trkpt lat="46.566362" lon="14.056773"><ele>466.97</ele></trkpt>
      <trkpt lat="46.566264" lon="14.056809"><ele>467.04</ele></trkpt>
      <trkpt lat="46.566131" lon="14.056896"><ele>467.07</ele></trkpt>
      <trkpt lat="46.565587" lon="14.057376999999999"><ele>467.08</ele></trkpt>
      <trkpt lat="46.564972999999995" lon="14.058107999999999"><ele>466.83</ele></trkpt>
      <trkpt lat="46.564662999999996" lon="14.058005999999999"><ele>467</ele></trkpt>
      <trkpt lat="46.564311" lon="14.058359999999999"><ele>466.06</ele></trkpt>
      <trkpt lat="46.564093" lon="14.058359999999999"><ele>465.3</ele></trkpt>
      <trkpt lat="46.563838999999994" lon="14.058266"><ele>465.32</ele></trkpt>
      <trkpt lat="46.563586" lon="14.058209"><ele>465.95</ele></trkpt>
      <trkpt lat="46.563359" lon="14.058000999999999"><ele>466.32</ele></trkpt>
      <trkpt lat="46.563007999999996" lon="14.057447999999999"><ele>466.91</ele></trkpt>
      <trkpt lat="46.561841" lon="14.055531"><ele>466.67</ele></trkpt>
      <trkpt lat="46.560859" lon="14.054027"><ele>466.38</ele></trkpt>
      <trkpt lat="46.560297999999996" lon="14.053293"><ele>465.85</ele></trkpt>
      <trkpt lat="46.559764" lon="14.052678"><ele>465.31</ele></trkpt>
      <trkpt lat="46.559497" lon="14.052456"><ele>465.14</ele></trkpt>
      <trkpt lat="46.559270999999995" lon="14.052373"><ele>465.32</ele></trkpt>
      <trkpt lat="46.559121" lon="14.052373999999999"><ele>465.62</ele></trkpt>
      <trkpt lat="46.559062999999995" lon="14.052557"><ele>465.49</ele></trkpt>
      <trkpt lat="46.558786999999995" lon="14.053315999999999"><ele>465.65</ele></trkpt>
      <trkpt lat="46.558586999999996" lon="14.053953"><ele>465.77</ele></trkpt>
      <trkpt lat="46.55837" lon="14.054706"><ele>465.19</ele></trkpt>
      <trkpt lat="46.558322" lon="14.054839999999999"><ele>465.42</ele></trkpt>
      <trkpt lat="46.558085" lon="14.055245"><ele>466.08</ele></trkpt>
      <trkpt lat="46.557156" lon="14.056453"><ele>466.82</ele></trkpt>
      <trkpt lat="46.556923999999995" lon="14.056671999999999"><ele>466.93</ele></trkpt>
      <trkpt lat="46.556626" lon="14.056922"><ele>466.72</ele></trkpt>
      <trkpt lat="46.556371" lon="14.057077999999999"><ele>466.44</ele></trkpt>
      <trkpt lat="46.556177" lon="14.057158"><ele>466.19</ele></trkpt>
      <trkpt lat="46.556098999999996" lon="14.057201"><ele>466.08</ele></trkpt>
      <trkpt lat="46.556045999999995" lon="14.057269"><ele>466.17</ele></trkpt>
      <trkpt lat="46.556069" lon="14.057452"><ele>466.69</ele></trkpt>
      <trkpt lat="46.556059999999995" lon="14.057713"><ele>467.15</ele></trkpt>
      <trkpt lat="46.555980999999996" lon="14.058439"><ele>467.74</ele></trkpt>
      <trkpt lat="46.555884999999996" lon="14.059175999999999"><ele>467.99</ele></trkpt>
      <trkpt lat="46.555689" lon="14.059127"><ele>467.94</ele></trkpt>
      <trkpt lat="46.555271" lon="14.058879999999998"><ele>468</ele></trkpt>
      <trkpt lat="46.554814" lon="14.058542"><ele>467.97</ele></trkpt>
      <trkpt lat="46.554449999999996" lon="14.058430999999999"><ele>468</ele></trkpt>
      <trkpt lat="46.554314999999995" lon="14.058403"><ele>468</ele></trkpt>
      <trkpt lat="46.55417" lon="14.058394999999999"><ele>468</ele></trkpt>
      <trkpt lat="46.554071" lon="14.058411999999999"><ele>468</ele></trkpt>
      <trkpt lat="46.553953" lon="14.059082"><ele>468.51</ele></trkpt>
      <trkpt lat="46.553799999999995" lon="14.060137"><ele>469.92</ele></trkpt>
      <trkpt lat="46.553655" lon="14.060918"><ele>471.24</ele></trkpt>
      <trkpt lat="46.553576" lon="14.061964999999999"><ele>472.9</ele></trkpt>
      <trkpt lat="46.553283" lon="14.063080999999999"><ele>474.42</ele></trkpt>
      <trkpt lat="46.553984" lon="14.06372"><ele>470.28</ele></trkpt>
      <trkpt lat="46.554044999999995" lon="14.063874"><ele>469.37</ele></trkpt>
      <trkpt lat="46.554052" lon="14.064048"><ele>469.01</ele></trkpt>
      <trkpt lat="46.554019" lon="14.064309999999999"><ele>468.89</ele></trkpt>
      <trkpt lat="46.55383" lon="14.064874999999999"><ele>467.64</ele></trkpt>
      <trkpt lat="46.553694" lon="14.065398"><ele>466.35</ele></trkpt>
      <trkpt lat="46.553765" lon="14.065639"><ele>465.93</ele></trkpt>
      <trkpt lat="46.554072" lon="14.065968"><ele>465.28</ele></trkpt>
      <trkpt lat="46.554673" lon="14.066396"><ele>465.37</ele></trkpt>
      <trkpt lat="46.555563" lon="14.067167"><ele>466.52</ele></trkpt>
      <trkpt lat="46.555848" lon="14.067565"><ele>466.91</ele></trkpt>
      <trkpt lat="46.555938" lon="14.067748"><ele>466.58</ele></trkpt>
      <trkpt lat="46.555558" lon="14.068634"><ele>467.52</ele></trkpt>
      <trkpt lat="46.554956999999995" lon="14.070001999999999"><ele>467.04</ele></trkpt>
      <trkpt lat="46.55482" lon="14.070253999999998"><ele>466.73</ele></trkpt>
      <trkpt lat="46.554609" lon="14.070354"><ele>466.42</ele></trkpt>
      <trkpt lat="46.554339999999996" lon="14.070438"><ele>466.03</ele></trkpt>
      <trkpt lat="46.553543" lon="14.072064999999998"><ele>464.72</ele></trkpt>
      <trkpt lat="46.55345" lon="14.072287999999999"><ele>465.16</ele></trkpt>
      <trkpt lat="46.55345" lon="14.072287999999999"><ele>465.16</ele></trkpt>
      <trkpt lat="46.55274" lon="14.073993"><ele>465.61</ele></trkpt>
      <trkpt lat="46.551922" lon="14.075712"><ele>466.86</ele></trkpt>
      <trkpt lat="46.551784999999995" lon="14.076103999999999"><ele>468.84</ele></trkpt>
      <trkpt lat="46.551840999999996" lon="14.076556"><ele>466.83</ele></trkpt>
      <trkpt lat="46.55184" lon="14.076678"><ele>466.36</ele></trkpt>
      <trkpt lat="46.5518" lon="14.076773"><ele>466.12</ele></trkpt>
      <trkpt lat="46.551682" lon="14.076725"><ele>466.54</ele></trkpt>
      <trkpt lat="46.551497" lon="14.076564"><ele>467.28</ele></trkpt>
      <trkpt lat="46.551111" lon="14.076608"><ele>464.63</ele></trkpt>
      <trkpt lat="46.550928" lon="14.076682"><ele>464.01</ele></trkpt>
      <trkpt lat="46.550726999999995" lon="14.076656999999999"><ele>463.14</ele></trkpt>
      <trkpt lat="46.550595" lon="14.076516"><ele>462.8</ele></trkpt>
      <trkpt lat="46.550433999999996" lon="14.076224999999999"><ele>463.23</ele></trkpt>
      <trkpt lat="46.550143" lon="14.075747"><ele>463.92</ele></trkpt>
      <trkpt lat="46.550007" lon="14.075472"><ele>464.19</ele></trkpt>
      <trkpt lat="46.549735999999996" lon="14.07517"><ele>464.1</ele></trkpt>
      <trkpt lat="46.549676999999996" lon="14.075232"><ele>463.42</ele></trkpt>
      <trkpt lat="46.549482999999995" lon="14.075432999999999"><ele>463.81</ele></trkpt>
      <trkpt lat="46.549316999999995" lon="14.075605"><ele>465.18</ele></trkpt>
      <trkpt lat="46.549178" lon="14.075778"><ele>465.84</ele></trkpt>
      <trkpt lat="46.549133" lon="14.075913"><ele>465.78</ele></trkpt>
      <trkpt lat="46.549181" lon="14.076053"><ele>465.44</ele></trkpt>
      <trkpt lat="46.549507" lon="14.076538999999999"><ele>465.14</ele></trkpt>
      <trkpt lat="46.549763" lon="14.077008999999999"><ele>464.36</ele></trkpt>
      <trkpt lat="46.549881" lon="14.077292"><ele>463.97</ele></trkpt>
      <trkpt lat="46.549993" lon="14.077698"><ele>463.45</ele></trkpt>
      <trkpt lat="46.550014" lon="14.0779"><ele>463.63</ele></trkpt>
      <trkpt lat="46.549977" lon="14.078163"><ele>464.45</ele></trkpt>
      <trkpt lat="46.550017" lon="14.078393"><ele>464.62</ele></trkpt>
      <trkpt lat="46.550295999999996" lon="14.078738"><ele>464.64</ele></trkpt>
      <trkpt lat="46.550473" lon="14.079127"><ele>464.88</ele></trkpt>
      <trkpt lat="46.550548" lon="14.079327"><ele>464.93</ele></trkpt>
      <trkpt lat="46.550591" lon="14.079637"><ele>465.04</ele></trkpt>
      <trkpt lat="46.550602999999995" lon="14.079906"><ele>465.26</ele></trkpt>
      <trkpt lat="46.550543999999995" lon="14.080112"><ele>465.16</ele></trkpt>
      <trkpt lat="46.550433999999996" lon="14.080307"><ele>465.03</ele></trkpt>
      <trkpt lat="46.550093" lon="14.081183"><ele>464.81</ele></trkpt>
      <trkpt lat="46.549811999999996" lon="14.081769"><ele>464.03</ele></trkpt>
      <trkpt lat="46.549579" lon="14.082170999999999"><ele>463.3</ele></trkpt>
      <trkpt lat="46.549237999999995" lon="14.083178"><ele>462.23</ele></trkpt>
      <trkpt lat="46.549019" lon="14.083672"><ele>462.15</ele></trkpt>
      <trkpt lat="46.54887" lon="14.08396"><ele>462.23</ele></trkpt>
      <trkpt lat="46.548631" lon="14.084349"><ele>462.45</ele></trkpt>
      <trkpt lat="46.547591" lon="14.085835"><ele>462.04</ele></trkpt>
      <trkpt lat="46.546991999999996" lon="14.086647"><ele>462.51</ele></trkpt>
      <trkpt lat="46.546813" lon="14.086799"><ele>462.55</ele></trkpt>
      <trkpt lat="46.546552" lon="14.08738"><ele>461.78</ele></trkpt>
      <trkpt lat="46.545961" lon="14.087912"><ele>461.85</ele></trkpt>
      <trkpt lat="46.545595999999996" lon="14.088170999999999"><ele>462.08</ele></trkpt>
      <trkpt lat="46.5452" lon="14.088341"><ele>462.34</ele></trkpt>
      <trkpt lat="46.541719" lon="14.089331"><ele>462.2</ele></trkpt>
      <trkpt lat="46.541447" lon="14.089369"><ele>462.09</ele></trkpt>
      <trkpt lat="46.541067" lon="14.089376999999999"><ele>462.19</ele></trkpt>
      <trkpt lat="46.540667" lon="14.089262"><ele>461.73</ele></trkpt>
      <trkpt lat="46.540174" lon="14.088973999999999"><ele>461.71</ele></trkpt>
      <trkpt lat="46.539854999999996" lon="14.088837999999999"><ele>461.59</ele></trkpt>
      <trkpt lat="46.538295999999995" lon="14.087997"><ele>462.06</ele></trkpt>
      <trkpt lat="46.537665999999994" lon="14.087646"><ele>464.09</ele></trkpt>
      <trkpt lat="46.536952" lon="14.087722999999999"><ele>468.58</ele></trkpt>
      <trkpt lat="46.536359" lon="14.087639"><ele>474.27</ele></trkpt>
      <trkpt lat="46.536308999999996" lon="14.087603"><ele>474.71</ele></trkpt>
      <trkpt lat="46.536280999999995" lon="14.087541"><ele>475.08</ele></trkpt>
      <trkpt lat="46.536282" lon="14.087453"><ele>475.5</ele></trkpt>
      <trkpt lat="46.536304" lon="14.087363999999999"><ele>475.9</ele></trkpt>
      <trkpt lat="46.536339999999996" lon="14.08729"><ele>476.26</ele></trkpt>
      <trkpt lat="46.536355" lon="14.08723"><ele>476.51</ele></trkpt>
      <trkpt lat="46.536344" lon="14.087166999999999"><ele>476.78</ele></trkpt>
      <trkpt lat="46.536302" lon="14.087086"><ele>477.17</ele></trkpt>
      <trkpt lat="46.536243999999996" lon="14.087033"><ele>477.53</ele></trkpt>
      <trkpt lat="46.53615" lon="14.087"><ele>477.98</ele></trkpt>
      <trkpt lat="46.536085" lon="14.087054"><ele>478.29</ele></trkpt>
      <trkpt lat="46.536017" lon="14.087143"><ele>478.67</ele></trkpt>
      <trkpt lat="46.535965" lon="14.08729"><ele>478.99</ele></trkpt>
      <trkpt lat="46.535905" lon="14.087352"><ele>479.1</ele></trkpt>
      <trkpt lat="46.535849" lon="14.087371"><ele>479.13</ele></trkpt>
      <trkpt lat="46.535776999999996" lon="14.087418999999999"><ele>479.08</ele></trkpt>
      <trkpt lat="46.535616999999995" lon="14.087553999999999"><ele>478.79</ele></trkpt>
      <trkpt lat="46.535565" lon="14.087575"><ele>478.75</ele></trkpt>
      <trkpt lat="46.535419999999995" lon="14.087551999999999"><ele>478.85</ele></trkpt>
      <trkpt lat="46.535371999999995" lon="14.087565"><ele>478.94</ele></trkpt>
      <trkpt lat="46.53527" lon="14.087662"><ele>479.14</ele></trkpt>
      <trkpt lat="46.535193" lon="14.087848999999999"><ele>479.22</ele></trkpt>
      <trkpt lat="46.535087" lon="14.08795"><ele>478.39</ele></trkpt>
      <trkpt lat="46.534824" lon="14.088089"><ele>478.91</ele></trkpt>
      <trkpt lat="46.534768" lon="14.088137"><ele>478.51</ele></trkpt>
      <trkpt lat="46.534741" lon="14.088218999999999"><ele>478.03</ele></trkpt>
      <trkpt lat="46.534709" lon="14.088446"><ele>477.43</ele></trkpt>
      <trkpt lat="46.534679" lon="14.088557"><ele>477.27</ele></trkpt>
      <trkpt lat="46.534611" lon="14.088664999999999"><ele>477.02</ele></trkpt>
      <trkpt lat="46.534434" lon="14.088896"><ele>476.42</ele></trkpt>
      <trkpt lat="46.534337" lon="14.088996999999999"><ele>475.99</ele></trkpt>
      <trkpt lat="46.53425" lon="14.089132"><ele>475.51</ele></trkpt>
      <trkpt lat="46.534182" lon="14.089179999999999"><ele>475.25</ele></trkpt>
      <trkpt lat="46.533924" lon="14.089198"><ele>474.42</ele></trkpt>
      <trkpt lat="46.533871999999995" lon="14.089236999999999"><ele>474.18</ele></trkpt>
      <trkpt lat="46.533834999999996" lon="14.089298"><ele>473.9</ele></trkpt>
      <trkpt lat="46.533798999999995" lon="14.089521"><ele>473.03</ele></trkpt>
      <trkpt lat="46.533763" lon="14.089685999999999"><ele>472.43</ele></trkpt>
      <trkpt lat="46.533677999999995" lon="14.089806999999999"><ele>471.57</ele></trkpt>
      <trkpt lat="46.533563" lon="14.089843"><ele>470.91</ele></trkpt>
      <trkpt lat="46.533415999999995" lon="14.090005999999999"><ele>469.82</ele></trkpt>
      <trkpt lat="46.533398" lon="14.090091999999999"><ele>468.74</ele></trkpt>
      <trkpt lat="46.533415" lon="14.0902"><ele>466.29</ele></trkpt>
      <trkpt lat="46.533477" lon="14.090333"><ele>467.13</ele></trkpt>
      <trkpt lat="46.533622" lon="14.090444"><ele>470.97</ele></trkpt>
      <trkpt lat="46.533457" lon="14.090881999999999"><ele>474.92</ele></trkpt>
      <trkpt lat="46.533209" lon="14.091275999999999"><ele>477.66</ele></trkpt>
      <trkpt lat="46.533144" lon="14.091406"><ele>478.26</ele></trkpt>
      <trkpt lat="46.533076" lon="14.091474"><ele>478.64</ele></trkpt>
      <trkpt lat="46.532883" lon="14.091463"><ele>479.36</ele></trkpt>
      <trkpt lat="46.532744" lon="14.091489"><ele>479.86</ele></trkpt>
      <trkpt lat="46.532489" lon="14.091859999999999"><ele>481.12</ele></trkpt>
      <trkpt lat="46.532336" lon="14.092881"><ele>484.03</ele></trkpt>
      <trkpt lat="46.532252" lon="14.093093999999999"><ele>483.95</ele></trkpt>
      <trkpt lat="46.532157999999995" lon="14.093611"><ele>481.17</ele></trkpt>
      <trkpt lat="46.532129999999995" lon="14.093846"><ele>480.56</ele></trkpt>
      <trkpt lat="46.532070999999995" lon="14.094050999999999"><ele>480.16</ele></trkpt>
      <trkpt lat="46.532053999999995" lon="14.094195"><ele>479.38</ele></trkpt>
      <trkpt lat="46.532222999999995" lon="14.094968"><ele>471.89</ele></trkpt>
      <trkpt lat="46.5325" lon="14.095137"><ele>467.97</ele></trkpt>
      <trkpt lat="46.532652" lon="14.095358"><ele>465.43</ele></trkpt>
      <trkpt lat="46.532795" lon="14.095415"><ele>464.4</ele></trkpt>
      <trkpt lat="46.533262" lon="14.095714"><ele>464.1</ele></trkpt>
      <trkpt lat="46.533693" lon="14.096176999999999"><ele>464.92</ele></trkpt>
      <trkpt lat="46.534112" lon="14.097164"><ele>466.35</ele></trkpt>
      <trkpt lat="46.534324999999995" lon="14.097638"><ele>466.09</ele></trkpt>
      <trkpt lat="46.534313999999995" lon="14.097916999999999"><ele>466.64</ele></trkpt>
      <trkpt lat="46.534267" lon="14.098163"><ele>467.1</ele></trkpt>
      <trkpt lat="46.534067" lon="14.098614999999999"><ele>468.35</ele></trkpt>
      <trkpt lat="46.533237" lon="14.099228"><ele>472.91</ele></trkpt>
      <trkpt lat="46.532643" lon="14.099490999999999"><ele>476.3</ele></trkpt>
      <trkpt lat="46.530533" lon="14.101028999999999"><ele>490.45</ele></trkpt>
      <trkpt lat="46.529179" lon="14.101707999999999"><ele>499.9</ele></trkpt>
      <trkpt lat="46.529149" lon="14.101821"><ele>500.07</ele></trkpt>
      <trkpt lat="46.529163999999994" lon="14.102072999999999"><ele>499.56</ele></trkpt>
      <trkpt lat="46.529306" lon="14.102765"><ele>498.86</ele></trkpt>
      <trkpt lat="46.52917" lon="14.103060999999999"><ele>501.45</ele></trkpt>
      <trkpt lat="46.528863" lon="14.103197999999999"><ele>503.51</ele></trkpt>
      <trkpt lat="46.528752999999995" lon="14.103237"><ele>504.31</ele></trkpt>
      <trkpt lat="46.52872" lon="14.103273999999999"><ele>504.81</ele></trkpt>
      <trkpt lat="46.528687" lon="14.103342"><ele>505.86</ele></trkpt>
      <trkpt lat="46.528701" lon="14.103454"><ele>507.35</ele></trkpt>
      <trkpt lat="46.528827" lon="14.103492"><ele>508.39</ele></trkpt>
      <trkpt lat="46.529047999999996" lon="14.103482999999999"><ele>508.13</ele></trkpt>
      <trkpt lat="46.529357999999995" lon="14.103639"><ele>509.34</ele></trkpt>
      <trkpt lat="46.529868" lon="14.103816"><ele>506.43</ele></trkpt>
      <trkpt lat="46.530125999999996" lon="14.103961"><ele>504.99</ele></trkpt>
      <trkpt lat="46.53082" lon="14.104384"><ele>500.94</ele></trkpt>
      <trkpt lat="46.531245" lon="14.104738999999999"><ele>498.18</ele></trkpt>
      <trkpt lat="46.531658" lon="14.105119"><ele>495.6</ele></trkpt>
      <trkpt lat="46.532436999999994" lon="14.105782999999999"><ele>490.53</ele></trkpt>
      <trkpt lat="46.532762" lon="14.105989999999998"><ele>489.06</ele></trkpt>
      <trkpt lat="46.533173999999995" lon="14.106199"><ele>486.52</ele></trkpt>
      <trkpt lat="46.533929" lon="14.106529"><ele>482.28</ele></trkpt>
      <trkpt lat="46.534724999999995" lon="14.106986"><ele>478.01</ele></trkpt>
      <trkpt lat="46.535354999999996" lon="14.107422"><ele>474.44</ele></trkpt>
      <trkpt lat="46.535503999999996" lon="14.107550999999999"><ele>473.65</ele></trkpt>
      <trkpt lat="46.535644" lon="14.107783"><ele>472.83</ele></trkpt>
      <trkpt lat="46.535683" lon="14.107935999999999"><ele>472.43</ele></trkpt>
      <trkpt lat="46.535677" lon="14.108236999999999"><ele>471.72</ele></trkpt>
      <trkpt lat="46.53565" lon="14.108528999999999"><ele>471.07</ele></trkpt>
      <trkpt lat="46.535675999999995" lon="14.108657"><ele>470.77</ele></trkpt>
      <trkpt lat="46.535889999999995" lon="14.109052"><ele>469.56</ele></trkpt>
      <trkpt lat="46.536342" lon="14.109942"><ele>466.51</ele></trkpt>
      <trkpt lat="46.536417" lon="14.110133999999999"><ele>465.88</ele></trkpt>
      <trkpt lat="46.536449" lon="14.110325999999999"><ele>465.48</ele></trkpt>
      <trkpt lat="46.536466" lon="14.111182999999999"><ele>465.47</ele></trkpt>
      <trkpt lat="46.536445" lon="14.111464"><ele>467.83</ele></trkpt>
      <trkpt lat="46.536397" lon="14.111851"><ele>469.2</ele></trkpt>
      <trkpt lat="46.536319" lon="14.112041999999999"><ele>469.41</ele></trkpt>
      <trkpt lat="46.534791" lon="14.114870999999999"><ele>475.54</ele></trkpt>
      <trkpt lat="46.534076999999996" lon="14.116458999999999"><ele>480.56</ele></trkpt>
      <trkpt lat="46.53377" lon="14.117033999999999"><ele>482.25</ele></trkpt>
      <trkpt lat="46.533415999999995" lon="14.118072999999999"><ele>484.27</ele></trkpt>
      <trkpt lat="46.533128999999995" lon="14.119005999999999"><ele>486.46</ele></trkpt>
      <trkpt lat="46.533024999999995" lon="14.119285999999999"><ele>488.46</ele></trkpt>
      <trkpt lat="46.532857" lon="14.120863"><ele>485.64</ele></trkpt>
      <trkpt lat="46.532883999999996" lon="14.12148"><ele>486.74</ele></trkpt>
      <trkpt lat="46.532866" lon="14.122442"><ele>488.12</ele></trkpt>
      <trkpt lat="46.532506" lon="14.123475"><ele>486.22</ele></trkpt>
      <trkpt lat="46.532122" lon="14.123655"><ele>484.35</ele></trkpt>
      <trkpt lat="46.531883" lon="14.123714999999999"><ele>483.14</ele></trkpt>
      <trkpt lat="46.5317" lon="14.123821999999999"><ele>482.18</ele></trkpt>
      <trkpt lat="46.531247" lon="14.124006"><ele>479.23</ele></trkpt>
      <trkpt lat="46.531197999999996" lon="14.124179"><ele>478.25</ele></trkpt>
      <trkpt lat="46.531411999999996" lon="14.124616"><ele>482</ele></trkpt>
      <trkpt lat="46.531638" lon="14.12469"><ele>483.21</ele></trkpt>
      <trkpt lat="46.531945" lon="14.124861"><ele>484.87</ele></trkpt>
      <trkpt lat="46.532091" lon="14.125114"><ele>485.43</ele></trkpt>
      <trkpt lat="46.532455" lon="14.126484999999999"><ele>485.64</ele></trkpt>
      <trkpt lat="46.532523999999995" lon="14.127393999999999"><ele>484.1</ele></trkpt>
      <trkpt lat="46.532548" lon="14.129557"><ele>479.78</ele></trkpt>
      <trkpt lat="46.53237" lon="14.130415"><ele>479.21</ele></trkpt>
      <trkpt lat="46.532053999999995" lon="14.131048999999999"><ele>479.29</ele></trkpt>
      <trkpt lat="46.531741" lon="14.131756999999999"><ele>479.78</ele></trkpt>
      <trkpt lat="46.531597999999995" lon="14.132268999999999"><ele>480.29</ele></trkpt>
      <trkpt lat="46.531506" lon="14.132629"><ele>480.73</ele></trkpt>
      <trkpt lat="46.531875" lon="14.132817"><ele>477.46</ele></trkpt>
      <trkpt lat="46.532128" lon="14.132969"><ele>475.22</ele></trkpt>
      <trkpt lat="46.532139" lon="14.133049999999999"><ele>475.03</ele></trkpt>
      <trkpt lat="46.532095999999996" lon="14.133441999999999"><ele>475.67</ele></trkpt>
      <trkpt lat="46.531892" lon="14.133439"><ele>476.55</ele></trkpt>
      <trkpt lat="46.531825999999995" lon="14.133469"><ele>476.78</ele></trkpt>
      <trkpt lat="46.531763" lon="14.133522"><ele>476.89</ele></trkpt>
      <trkpt lat="46.531701999999996" lon="14.133645"><ele>477.17</ele></trkpt>
      <trkpt lat="46.531631" lon="14.133849999999999"><ele>477.41</ele></trkpt>
      <trkpt lat="46.531594999999996" lon="14.133913999999999"><ele>477.41</ele></trkpt>
      <trkpt lat="46.531509" lon="14.134001"><ele>477.8</ele></trkpt>
      <trkpt lat="46.531512" lon="14.134086"><ele>477.94</ele></trkpt>
      <trkpt lat="46.531462999999995" lon="14.134457999999999"><ele>478.42</ele></trkpt>
      <trkpt lat="46.53181" lon="14.134596"><ele>475.63</ele></trkpt>
      <trkpt lat="46.532302" lon="14.13485"><ele>472.12</ele></trkpt>
      <trkpt lat="46.532593" lon="14.134972"><ele>470.15</ele></trkpt>
      <trkpt lat="46.532627999999995" lon="14.134976"><ele>469.95</ele></trkpt>
      <trkpt lat="46.532695" lon="14.134951"><ele>469.5</ele></trkpt>
      <trkpt lat="46.53273" lon="14.134915999999999"><ele>469.19</ele></trkpt>
      <trkpt lat="46.532826" lon="14.13476"><ele>467.9</ele></trkpt>
      <trkpt lat="46.532869999999996" lon="14.134772"><ele>467.16</ele></trkpt>
      <trkpt lat="46.532902" lon="14.134813"><ele>466.32</ele></trkpt>
      <trkpt lat="46.532899" lon="14.134920999999999"><ele>466.01</ele></trkpt>
      <trkpt lat="46.532858" lon="14.135124999999999"><ele>466.17</ele></trkpt>
      <trkpt lat="46.532765" lon="14.135734"><ele>466.5</ele></trkpt>
      <trkpt lat="46.532689999999995" lon="14.13633"><ele>465.55</ele></trkpt>
      <trkpt lat="46.532621" lon="14.137006"><ele>464.92</ele></trkpt>
      <trkpt lat="46.532576" lon="14.137176"><ele>465.01</ele></trkpt>
      <trkpt lat="46.532247999999996" lon="14.13767"><ele>465.47</ele></trkpt>
      <trkpt lat="46.531969" lon="14.138117"><ele>466.2</ele></trkpt>
      <trkpt lat="46.531624" lon="14.138845"><ele>467.2</ele></trkpt>
      <trkpt lat="46.531431999999995" lon="14.139410999999999"><ele>467.41</ele></trkpt>
      <trkpt lat="46.531399" lon="14.140067"><ele>466.33</ele></trkpt>
      <trkpt lat="46.531428999999996" lon="14.14031"><ele>465.76</ele></trkpt>
      <trkpt lat="46.531473" lon="14.140493"><ele>465.26</ele></trkpt>
      <trkpt lat="46.531489" lon="14.140616999999999"><ele>464.81</ele></trkpt>
      <trkpt lat="46.531498" lon="14.140782"><ele>464.06</ele></trkpt>
      <trkpt lat="46.531492" lon="14.140977"><ele>463.38</ele></trkpt>
      <trkpt lat="46.531459" lon="14.141287"><ele>462.86</ele></trkpt>
      <trkpt lat="46.531374" lon="14.14138"><ele>463.06</ele></trkpt>
      <trkpt lat="46.531337" lon="14.141437999999999"><ele>463.08</ele></trkpt>
      <trkpt lat="46.531189999999995" lon="14.141767999999999"><ele>463.05</ele></trkpt>
      <trkpt lat="46.531062999999996" lon="14.142087"><ele>463.17</ele></trkpt>
      <trkpt lat="46.531123" lon="14.142137"><ele>462.98</ele></trkpt>
      <trkpt lat="46.530533999999996" lon="14.143659"><ele>462.67</ele></trkpt>
      <trkpt lat="46.530083999999995" lon="14.144993"><ele>460.84</ele></trkpt>
      <trkpt lat="46.529796" lon="14.146249"><ele>461.15</ele></trkpt>
      <trkpt lat="46.529427999999996" lon="14.148100999999999"><ele>462.54</ele></trkpt>
      <trkpt lat="46.529247999999995" lon="14.149258999999999"><ele>460.64</ele></trkpt>
      <trkpt lat="46.529112" lon="14.150409"><ele>459.67</ele></trkpt>
      <trkpt lat="46.529041" lon="14.151261"><ele>459.11</ele></trkpt>
      <trkpt lat="46.529007" lon="14.151983999999999"><ele>459.06</ele></trkpt>
      <trkpt lat="46.528982" lon="14.15278"><ele>459.53</ele></trkpt>
      <trkpt lat="46.528976" lon="14.153592"><ele>459.66</ele></trkpt>
      <trkpt lat="46.528991999999995" lon="14.154326999999999"><ele>459.74</ele></trkpt>
      <trkpt lat="46.529022999999995" lon="14.155042"><ele>459.52</ele></trkpt>
      <trkpt lat="46.529061999999996" lon="14.155678"><ele>459.64</ele></trkpt>
      <trkpt lat="46.529112999999995" lon="14.156328"><ele>460.25</ele></trkpt>
      <trkpt lat="46.529247" lon="14.15738"><ele>459.99</ele></trkpt>
      <trkpt lat="46.529396999999996" lon="14.158392"><ele>459.73</ele></trkpt>
      <trkpt lat="46.529613999999995" lon="14.159517"><ele>458.78</ele></trkpt>
      <trkpt lat="46.530131" lon="14.16174"><ele>458.67</ele></trkpt>
      <trkpt lat="46.530573" lon="14.163791999999999"><ele>460.94</ele></trkpt>
      <trkpt lat="46.530888999999995" lon="14.165412"><ele>460.67</ele></trkpt>
      <trkpt lat="46.531048999999996" lon="14.166333"><ele>460.56</ele></trkpt>
      <trkpt lat="46.531116" lon="14.166651"><ele>460.51</ele></trkpt>
      <trkpt lat="46.531214999999996" lon="14.167024999999999"><ele>460.4</ele></trkpt>
      <trkpt lat="46.531347" lon="14.167415"><ele>460.28</ele></trkpt>
      <trkpt lat="46.531527" lon="14.167857"><ele>459.84</ele></trkpt>
      <trkpt lat="46.531754" lon="14.168296"><ele>459.75</ele></trkpt>
      <trkpt lat="46.532165" lon="14.168932999999999"><ele>459.87</ele></trkpt>
      <trkpt lat="46.533083999999995" lon="14.169925"><ele>457.94</ele></trkpt>
      <trkpt lat="46.533286" lon="14.170494999999999"><ele>454.56</ele></trkpt>
      <trkpt lat="46.533431" lon="14.171073"><ele>449.57</ele></trkpt>
      <trkpt lat="46.533538" lon="14.171638"><ele>445.27</ele></trkpt>
      <trkpt lat="46.533564" lon="14.171949"><ele>444.16</ele></trkpt>
      <trkpt lat="46.533567999999995" lon="14.172246"><ele>443.14</ele></trkpt>
      <trkpt lat="46.533525999999995" lon="14.172574"><ele>442.04</ele></trkpt>
      <trkpt lat="46.533442" lon="14.173392"><ele>441.21</ele></trkpt>
      <trkpt lat="46.533384" lon="14.173672"><ele>441.94</ele></trkpt>
      <trkpt lat="46.533333" lon="14.173746"><ele>442.51</ele></trkpt>
      <trkpt lat="46.533094" lon="14.174121"><ele>441.23</ele></trkpt>
      <trkpt lat="46.53303" lon="14.174254999999999"><ele>441.81</ele></trkpt>
      <trkpt lat="46.533024" lon="14.174449"><ele>442</ele></trkpt>
      <trkpt lat="46.533192" lon="14.174565"><ele>441.32</ele></trkpt>
      <trkpt lat="46.533355" lon="14.174707"><ele>440.83</ele></trkpt>
      <trkpt lat="46.533471" lon="14.174840999999999"><ele>440.67</ele></trkpt>
      <trkpt lat="46.533549" lon="14.175087"><ele>440.66</ele></trkpt>
      <trkpt lat="46.533586" lon="14.175238"><ele>440.66</ele></trkpt>
      <trkpt lat="46.533719" lon="14.176117"><ele>441.42</ele></trkpt>
      <trkpt lat="46.533705999999995" lon="14.176347999999999"><ele>441.88</ele></trkpt>
      <trkpt lat="46.533656" lon="14.176577"><ele>442.47</ele></trkpt>
      <trkpt lat="46.533733999999995" lon="14.176997"><ele>441.79</ele></trkpt>
      <trkpt lat="46.533966" lon="14.178514999999999"><ele>441.54</ele></trkpt>
      <trkpt lat="46.534363" lon="14.181275999999999"><ele>441.11</ele></trkpt>
      <trkpt lat="46.534735" lon="14.183282"><ele>441.66</ele></trkpt>
      <trkpt lat="46.535258" lon="14.185469999999999"><ele>441.07</ele></trkpt>
      <trkpt lat="46.535661999999995" lon="14.186964"><ele>439.98</ele></trkpt>
      <trkpt lat="46.536294" lon="14.189020999999999"><ele>439.78</ele></trkpt>
      <trkpt lat="46.53684" lon="14.190622"><ele>439.53</ele></trkpt>
      <trkpt lat="46.537338999999996" lon="14.191899999999999"><ele>438.94</ele></trkpt>
      <trkpt lat="46.537977" lon="14.193385"><ele>439.35</ele></trkpt>
      <trkpt lat="46.539522999999996" lon="14.196631"><ele>438.82</ele></trkpt>
      <trkpt lat="46.54168" lon="14.201187"><ele>439.45</ele></trkpt>
      <trkpt lat="46.542139999999996" lon="14.202278"><ele>438.57</ele></trkpt>
      <trkpt lat="46.542361" lon="14.202855"><ele>438</ele></trkpt>
      <trkpt lat="46.542756999999995" lon="14.203971"><ele>440.42</ele></trkpt>
      <trkpt lat="46.543244" lon="14.205475"><ele>438.97</ele></trkpt>
      <trkpt lat="46.543642" lon="14.206933999999999"><ele>439.03</ele></trkpt>
      <trkpt lat="46.543886" lon="14.207886"><ele>438.97</ele></trkpt>
      <trkpt lat="46.544086" lon="14.208784999999999"><ele>438.44</ele></trkpt>
      <trkpt lat="46.544239999999995" lon="14.209529999999999"><ele>438.44</ele></trkpt>
      <trkpt lat="46.544416" lon="14.210543999999999"><ele>438.6</ele></trkpt>
      <trkpt lat="46.544599" lon="14.211743"><ele>438.21</ele></trkpt>
      <trkpt lat="46.544706999999995" lon="14.212607"><ele>438.58</ele></trkpt>
      <trkpt lat="46.544776" lon="14.213236"><ele>438.54</ele></trkpt>
      <trkpt lat="46.544886999999996" lon="14.214471"><ele>437.4</ele></trkpt>
      <trkpt lat="46.544947" lon="14.215428999999999"><ele>437.91</ele></trkpt>
      <trkpt lat="46.544998" lon="14.216683"><ele>438.78</ele></trkpt>
      <trkpt lat="46.545029" lon="14.218608999999999"><ele>438.6</ele></trkpt>
      <trkpt lat="46.544875" lon="14.221181"><ele>436.69</ele></trkpt>
      <trkpt lat="46.544728" lon="14.223215"><ele>438.78</ele></trkpt>
      <trkpt lat="46.544373" lon="14.225558999999999"><ele>436.86</ele></trkpt>
      <trkpt lat="46.543931" lon="14.227584"><ele>437.36</ele></trkpt>
      <trkpt lat="46.543476" lon="14.230167999999999"><ele>436.45</ele></trkpt>
      <trkpt lat="46.543074999999995" lon="14.23306"><ele>436.09</ele></trkpt>
      <trkpt lat="46.542927" lon="14.235807"><ele>435.29</ele></trkpt>
      <trkpt lat="46.542908999999995" lon="14.237146"><ele>435.32</ele></trkpt>
      <trkpt lat="46.542957" lon="14.238878999999999"><ele>435.66</ele></trkpt>
      <trkpt lat="46.543003999999996" lon="14.241093999999999"><ele>436.91</ele></trkpt>
      <trkpt lat="46.542927" lon="14.243943"><ele>434.98</ele></trkpt>
      <trkpt lat="46.542649999999995" lon="14.246862"><ele>434.85</ele></trkpt>
      <trkpt lat="46.542159999999996" lon="14.250261"><ele>435.78</ele></trkpt>
      <trkpt lat="46.541699" lon="14.253670999999999"><ele>437.31</ele></trkpt>
      <trkpt lat="46.541509999999995" lon="14.254427999999999"><ele>434.78</ele></trkpt>
      <trkpt lat="46.541478" lon="14.254465999999999"><ele>434.56</ele></trkpt>
      <trkpt lat="46.541418" lon="14.254487999999998"><ele>434.25</ele></trkpt>
      <trkpt lat="46.541393" lon="14.254482"><ele>434.11</ele></trkpt>
      <trkpt lat="46.541363" lon="14.254451999999999"><ele>433.9</ele></trkpt>
      <trkpt lat="46.541345" lon="14.254415999999999"><ele>433.71</ele></trkpt>
      <trkpt lat="46.541332999999995" lon="14.254368"><ele>433.46</ele></trkpt>
      <trkpt lat="46.541331" lon="14.254322"><ele>433.22</ele></trkpt>
      <trkpt lat="46.541424" lon="14.253694999999999"><ele>430.4</ele></trkpt>
      <trkpt lat="46.541426" lon="14.253639"><ele>430.15</ele></trkpt>
      <trkpt lat="46.541416" lon="14.253585"><ele>429.74</ele></trkpt>
      <trkpt lat="46.541399" lon="14.253547999999999"><ele>429.26</ele></trkpt>
      <trkpt lat="46.541368999999996" lon="14.253534"><ele>429</ele></trkpt>
      <trkpt lat="46.541292" lon="14.253575"><ele>428.8</ele></trkpt>
      <trkpt lat="46.54121" lon="14.253684"><ele>428.83</ele></trkpt>
      <trkpt lat="46.541090999999994" lon="14.253884"><ele>428.99</ele></trkpt>
      <trkpt lat="46.541002999999996" lon="14.253950999999999"><ele>429.21</ele></trkpt>
      <trkpt lat="46.540952999999995" lon="14.253967999999999"><ele>429.22</ele></trkpt>
      <trkpt lat="46.540898" lon="14.253972"><ele>429.12</ele></trkpt>
      <trkpt lat="46.540707" lon="14.253919"><ele>428.65</ele></trkpt>
      <trkpt lat="46.540628" lon="14.253927"><ele>428.4</ele></trkpt>
      <trkpt lat="46.540476999999996" lon="14.254398"><ele>429.68</ele></trkpt>
      <trkpt lat="46.540437" lon="14.254634"><ele>428.65</ele></trkpt>
      <trkpt lat="46.540479999999995" lon="14.254688999999999"><ele>428.77</ele></trkpt>
      <trkpt lat="46.540625" lon="14.254802"><ele>429.79</ele></trkpt>
      <trkpt lat="46.541197" lon="14.255094"><ele>433.1</ele></trkpt>
      <trkpt lat="46.541308" lon="14.255125"><ele>434.77</ele></trkpt>
      <trkpt lat="46.541374" lon="14.25516"><ele>435.4</ele></trkpt>
      <trkpt lat="46.541419" lon="14.255234"><ele>435.61</ele></trkpt>
      <trkpt lat="46.541446" lon="14.255327"><ele>435.61</ele></trkpt>
      <trkpt lat="46.541492" lon="14.256236"><ele>435.82</ele></trkpt>
      <trkpt lat="46.54148" lon="14.257591"><ele>435.61</ele></trkpt>
      <trkpt lat="46.541520999999996" lon="14.258788"><ele>435.46</ele></trkpt>
      <trkpt lat="46.541568999999996" lon="14.259616"><ele>436.13</ele></trkpt>
      <trkpt lat="46.541646" lon="14.260363"><ele>436.68</ele></trkpt>
      <trkpt lat="46.541733" lon="14.261102999999999"><ele>436.51</ele></trkpt>
      <trkpt lat="46.541878999999994" lon="14.262148999999999"><ele>435.88</ele></trkpt>
      <trkpt lat="46.541897999999996" lon="14.262756999999999"><ele>436.01</ele></trkpt>
      <trkpt lat="46.541916" lon="14.263022"><ele>435.8</ele></trkpt>
      <trkpt lat="46.541990999999996" lon="14.263421999999998"><ele>434.97</ele></trkpt>
      <trkpt lat="46.542167" lon="14.263993"><ele>436.13</ele></trkpt>
      <trkpt lat="46.5425" lon="14.265848"><ele>437.58</ele></trkpt>
      <trkpt lat="46.542617" lon="14.266402999999999"><ele>437.43</ele></trkpt>
      <trkpt lat="46.54291" lon="14.267643"><ele>436.15</ele></trkpt>
      <trkpt lat="46.543192999999995" lon="14.268709999999999"><ele>435.38</ele></trkpt>
      <trkpt lat="46.544416" lon="14.272793"><ele>436.74</ele></trkpt>
      <trkpt lat="46.545666999999995" lon="14.277089"><ele>435.64</ele></trkpt>
      <trkpt lat="46.546288" lon="14.279404"><ele>435.59</ele></trkpt>
      <trkpt lat="46.546583" lon="14.280856"><ele>435.47</ele></trkpt>
      <trkpt lat="46.546821" lon="14.28228"><ele>435.85</ele></trkpt>
      <trkpt lat="46.546960999999996" lon="14.283496"><ele>437.13</ele></trkpt>
      <trkpt lat="46.54707" lon="14.284851"><ele>435</ele></trkpt>
      <trkpt lat="46.547139" lon="14.286413999999999"><ele>435.47</ele></trkpt>
      <trkpt lat="46.547090999999995" lon="14.288801"><ele>435.82</ele></trkpt>
      <trkpt lat="46.546938999999995" lon="14.290486999999999"><ele>437.22</ele></trkpt>
      <trkpt lat="46.546737" lon="14.292079999999999"><ele>436.41</ele></trkpt>
      <trkpt lat="46.546586999999995" lon="14.292976999999999"><ele>435.88</ele></trkpt>
      <trkpt lat="46.545936999999995" lon="14.296329"><ele>436.83</ele></trkpt>
      <trkpt lat="46.545888" lon="14.296873999999999"><ele>437.46</ele></trkpt>
      <trkpt lat="46.545874" lon="14.297117"><ele>438.09</ele></trkpt>
      <trkpt lat="46.54588" lon="14.297357"><ele>438.44</ele></trkpt>
      <trkpt lat="46.545849999999994" lon="14.297417999999999"><ele>438.42</ele></trkpt>
      <trkpt lat="46.545809999999996" lon="14.297416"><ele>437.64</ele></trkpt>
      <trkpt lat="46.545786" lon="14.297027"><ele>436.07</ele></trkpt>
      <trkpt lat="46.545776" lon="14.296698"><ele>434.76</ele></trkpt>
      <trkpt lat="46.545789" lon="14.296353"><ele>433.56</ele></trkpt>
      <trkpt lat="46.545845" lon="14.295879999999999"><ele>431.83</ele></trkpt>
      <trkpt lat="46.545853" lon="14.295675999999998"><ele>431.25</ele></trkpt>
      <trkpt lat="46.545829999999995" lon="14.295511999999999"><ele>430.75</ele></trkpt>
      <trkpt lat="46.545787999999995" lon="14.295415"><ele>430.09</ele></trkpt>
      <trkpt lat="46.545727" lon="14.295361"><ele>429.43</ele></trkpt>
      <trkpt lat="46.545640999999996" lon="14.295345"><ele>428.74</ele></trkpt>
      <trkpt lat="46.545538" lon="14.29544"><ele>427.92</ele></trkpt>
      <trkpt lat="46.545463999999996" lon="14.295656999999999"><ele>427.1</ele></trkpt>
      <trkpt lat="46.545417" lon="14.295898999999999"><ele>426.65</ele></trkpt>
      <trkpt lat="46.545406" lon="14.296261"><ele>425.81</ele></trkpt>
      <trkpt lat="46.545417" lon="14.296691"><ele>425.5</ele></trkpt>
      <trkpt lat="46.545398999999996" lon="14.296997"><ele>425.52</ele></trkpt>
      <trkpt lat="46.545359999999995" lon="14.297096"><ele>425.4</ele></trkpt>
      <trkpt lat="46.545299" lon="14.297182999999999"><ele>425.14</ele></trkpt>
      <trkpt lat="46.545168" lon="14.297281"><ele>425</ele></trkpt>
      <trkpt lat="46.545021999999996" lon="14.297139999999999"><ele>424.76</ele></trkpt>
      <trkpt lat="46.544889" lon="14.297046"><ele>424.06</ele></trkpt>
      <trkpt lat="46.544373" lon="14.296868"><ele>425.8</ele></trkpt>
      <trkpt lat="46.544554999999995" lon="14.297348"><ele>424.43</ele></trkpt>
      <trkpt lat="46.544757" lon="14.298212999999999"><ele>423.93</ele></trkpt>
      <trkpt lat="46.545021" lon="14.299536999999999"><ele>424.9</ele></trkpt>
      <trkpt lat="46.545072" lon="14.299856"><ele>423.09</ele></trkpt>
      <trkpt lat="46.545093" lon="14.300106"><ele>422.41</ele></trkpt>
      <trkpt lat="46.545083" lon="14.300212"><ele>422.25</ele></trkpt>
      <trkpt lat="46.544913" lon="14.30072"><ele>422.24</ele></trkpt>
      <trkpt lat="46.544644" lon="14.301582"><ele>422.44</ele></trkpt>
      <trkpt lat="46.544427999999996" lon="14.302389999999999"><ele>423.01</ele></trkpt>
      <trkpt lat="46.544278" lon="14.303006"><ele>420.88</ele></trkpt>
      <trkpt lat="46.544179" lon="14.303598"><ele>421.85</ele></trkpt>
      <trkpt lat="46.544104999999995" lon="14.304222999999999"><ele>421.67</ele></trkpt>
      <trkpt lat="46.544053" lon="14.304820999999999"><ele>421.55</ele></trkpt>
      <trkpt lat="46.54403" lon="14.305337999999999"><ele>421.54</ele></trkpt>
      <trkpt lat="46.543977" lon="14.306149"><ele>422.05</ele></trkpt>
      <trkpt lat="46.543935999999995" lon="14.306391999999999"><ele>422.25</ele></trkpt>
      <trkpt lat="46.54387" lon="14.306557999999999"><ele>422.43</ele></trkpt>
      <trkpt lat="46.543803999999994" lon="14.306636999999998"><ele>422.58</ele></trkpt>
      <trkpt lat="46.54374" lon="14.306674"><ele>422.72</ele></trkpt>
      <trkpt lat="46.543344999999995" lon="14.306833999999998"><ele>423.07</ele></trkpt>
      <trkpt lat="46.543274" lon="14.306913"><ele>423.47</ele></trkpt>
      <trkpt lat="46.543237999999995" lon="14.307006999999999"><ele>422.81</ele></trkpt>
      <trkpt lat="46.543222" lon="14.307151"><ele>421.27</ele></trkpt>
      <trkpt lat="46.543138" lon="14.307512"><ele>420.54</ele></trkpt>
      <trkpt lat="46.543099" lon="14.307678999999998"><ele>422.66</ele></trkpt>
      <trkpt lat="46.543102" lon="14.307787"><ele>423.84</ele></trkpt>
      <trkpt lat="46.543158999999996" lon="14.307755"><ele>423.4</ele></trkpt>
      <trkpt lat="46.543223999999995" lon="14.307749"><ele>423.14</ele></trkpt>
      <trkpt lat="46.543285999999995" lon="14.307758999999999"><ele>422.95</ele></trkpt>
      <trkpt lat="46.543408" lon="14.307806"><ele>422.62</ele></trkpt>
      <trkpt lat="46.543538999999996" lon="14.307875"><ele>422.44</ele></trkpt>
      <trkpt lat="46.54367" lon="14.307984"><ele>422.29</ele></trkpt>
      <trkpt lat="46.543838" lon="14.308162999999999"><ele>421.98</ele></trkpt>
      <trkpt lat="46.543904999999995" lon="14.308262"><ele>421.85</ele></trkpt>
      <trkpt lat="46.543952999999995" lon="14.308375999999999"><ele>421.79</ele></trkpt>
      <trkpt lat="46.54399" lon="14.308527"><ele>421.71</ele></trkpt>
      <trkpt lat="46.544005" lon="14.308698999999999"><ele>421.48</ele></trkpt>
      <trkpt lat="46.544000999999994" lon="14.309016"><ele>421.39</ele></trkpt>
      <trkpt lat="46.544019" lon="14.310739"><ele>421.2</ele></trkpt>
      <trkpt lat="46.544076999999994" lon="14.312265"><ele>420.94</ele></trkpt>
      <trkpt lat="46.544115999999995" lon="14.312871999999999"><ele>421.09</ele></trkpt>
      <trkpt lat="46.544159" lon="14.313327999999998"><ele>421</ele></trkpt>
      <trkpt lat="46.544298999999995" lon="14.314528"><ele>419.91</ele></trkpt>
      <trkpt lat="46.544371" lon="14.315216"><ele>420.1</ele></trkpt>
      <trkpt lat="46.544391" lon="14.315396999999999"><ele>420.62</ele></trkpt>
      <trkpt lat="46.544384" lon="14.315465999999999"><ele>420.9</ele></trkpt>
      <trkpt lat="46.54437" lon="14.315678"><ele>420.37</ele></trkpt>
      <trkpt lat="46.544394999999994" lon="14.315762999999999"><ele>419.69</ele></trkpt>
      <trkpt lat="46.544405" lon="14.316267"><ele>420.11</ele></trkpt>
      <trkpt lat="46.544387" lon="14.316343999999999"><ele>420.54</ele></trkpt>
      <trkpt lat="46.544388" lon="14.316415"><ele>420.93</ele></trkpt>
      <trkpt lat="46.544398" lon="14.316467999999999"><ele>421.21</ele></trkpt>
      <trkpt lat="46.544467999999995" lon="14.316609"><ele>421.43</ele></trkpt>
      <trkpt lat="46.544726" lon="14.317394"><ele>420.65</ele></trkpt>
      <trkpt lat="46.544857" lon="14.318054"><ele>420.27</ele></trkpt>
      <trkpt lat="46.544914" lon="14.318228999999999"><ele>420.35</ele></trkpt>
      <trkpt lat="46.544962" lon="14.318461"><ele>420.28</ele></trkpt>
      <trkpt lat="46.544953" lon="14.318532999999999"><ele>420.32</ele></trkpt>
      <trkpt lat="46.544686" lon="14.318902999999999"><ele>422.41</ele></trkpt>
      <trkpt lat="46.54466" lon="14.318983"><ele>423.05</ele></trkpt>
      <trkpt lat="46.544689" lon="14.319141"><ele>423.86</ele></trkpt>
      <trkpt lat="46.544717" lon="14.319374"><ele>424.75</ele></trkpt>
      <trkpt lat="46.544733" lon="14.319571"><ele>425.47</ele></trkpt>
      <trkpt lat="46.544736" lon="14.319759999999999"><ele>425.74</ele></trkpt>
      <trkpt lat="46.544728" lon="14.319797"><ele>425.8</ele></trkpt>
      <trkpt lat="46.544706999999995" lon="14.319837999999999"><ele>425.89</ele></trkpt>
      <trkpt lat="46.544635" lon="14.319937"><ele>426.24</ele></trkpt>
      <trkpt lat="46.544627" lon="14.319974"><ele>426.37</ele></trkpt>
      <trkpt lat="46.544630999999995" lon="14.320041"><ele>426.61</ele></trkpt>
      <trkpt lat="46.544653" lon="14.320098"><ele>426.87</ele></trkpt>
      <trkpt lat="46.544743999999994" lon="14.320174999999999"><ele>427.52</ele></trkpt>
      <trkpt lat="46.544776999999996" lon="14.320217999999999"><ele>427.75</ele></trkpt>
      <trkpt lat="46.544799999999995" lon="14.320265"><ele>427.93</ele></trkpt>
      <trkpt lat="46.544945999999996" lon="14.320948999999999"><ele>430.05</ele></trkpt>
      <trkpt lat="46.544888" lon="14.321321999999999"><ele>431</ele></trkpt>
      <trkpt lat="46.544883999999996" lon="14.321717999999999"><ele>431.69</ele></trkpt>
      <trkpt lat="46.544895" lon="14.322102999999998"><ele>432.08</ele></trkpt>
      <trkpt lat="46.544934" lon="14.322859"><ele>432.57</ele></trkpt>
      <trkpt lat="46.545137" lon="14.324959"><ele>432.73</ele></trkpt>
      <trkpt lat="46.545137" lon="14.324959"><ele>432.73</ele></trkpt>
      <trkpt lat="46.545251" lon="14.325989"><ele>433.12</ele></trkpt>
      <trkpt lat="46.545260999999996" lon="14.326758"><ele>433.34</ele></trkpt>
      <trkpt lat="46.545246" lon="14.327523"><ele>433.14</ele></trkpt>
      <trkpt lat="46.545218999999996" lon="14.328327"><ele>432.76</ele></trkpt>
      <trkpt lat="46.545175" lon="14.328709"><ele>432.62</ele></trkpt>
      <trkpt lat="46.545179999999995" lon="14.329082"><ele>432.51</ele></trkpt>
      <trkpt lat="46.545199" lon="14.329307"><ele>432.49</ele></trkpt>
      <trkpt lat="46.545209" lon="14.329575"><ele>432.36</ele></trkpt>
      <trkpt lat="46.545235999999996" lon="14.329822"><ele>432.16</ele></trkpt>
      <trkpt lat="46.545274" lon="14.329993"><ele>432.01</ele></trkpt>
      <trkpt lat="46.545342999999995" lon="14.330247"><ele>431.58</ele></trkpt>
      <trkpt lat="46.545381" lon="14.33047"><ele>431.38</ele></trkpt>
      <trkpt lat="46.545393999999995" lon="14.330715999999999"><ele>431.42</ele></trkpt>
      <trkpt lat="46.545384999999996" lon="14.330992"><ele>431.61</ele></trkpt>
      <trkpt lat="46.54532" lon="14.331683"><ele>431.55</ele></trkpt>
      <trkpt lat="46.545241999999995" lon="14.332362999999999"><ele>431.71</ele></trkpt>
      <trkpt lat="46.545156" lon="14.333336"><ele>432.18</ele></trkpt>
      <trkpt lat="46.545072999999995" lon="14.333743"><ele>430.75</ele></trkpt>
      <trkpt lat="46.544875" lon="14.334389999999999"><ele>429.87</ele></trkpt>
      <trkpt lat="46.544705" lon="14.334733"><ele>431.92</ele></trkpt>
      <trkpt lat="46.544585" lon="14.334995"><ele>430.71</ele></trkpt>
      <trkpt lat="46.544526" lon="14.335066999999999"><ele>430.83</ele></trkpt>
      <trkpt lat="46.544422999999995" lon="14.335163"><ele>431.58</ele></trkpt>
      <trkpt lat="46.544381" lon="14.335213999999999"><ele>431.54</ele></trkpt>
      <trkpt lat="46.544252" lon="14.335439"><ele>431.2</ele></trkpt>
      <trkpt lat="46.544169" lon="14.335547"><ele>431.03</ele></trkpt>
      <trkpt lat="46.544008" lon="14.335713"><ele>430.56</ele></trkpt>
      <trkpt lat="46.543881999999996" lon="14.335878999999998"><ele>429.87</ele></trkpt>
      <trkpt lat="46.543983999999995" lon="14.335987"><ele>428.92</ele></trkpt>
      <trkpt lat="46.544554" lon="14.336214"><ele>420.79</ele></trkpt>
      <trkpt lat="46.544672999999996" lon="14.336295999999999"><ele>419.41</ele></trkpt>
      <trkpt lat="46.544801" lon="14.336419999999999"><ele>419.03</ele></trkpt>
      <trkpt lat="46.545043" lon="14.336609999999999"><ele>419.21</ele></trkpt>
      <trkpt lat="46.544751999999995" lon="14.338382999999999"><ele>418.59</ele></trkpt>
      <trkpt lat="46.544692" lon="14.338944999999999"><ele>418.5</ele></trkpt>
      <trkpt lat="46.544677" lon="14.339459"><ele>418.21</ele></trkpt>
      <trkpt lat="46.544666" lon="14.340005"><ele>417.96</ele></trkpt>
      <trkpt lat="46.544664" lon="14.340705999999999"><ele>418.03</ele></trkpt>
      <trkpt lat="46.544672999999996" lon="14.341515"><ele>418.45</ele></trkpt>
      <trkpt lat="46.544709" lon="14.343067"><ele>419.21</ele></trkpt>
      <trkpt lat="46.544743" lon="14.344038"><ele>418.71</ele></trkpt>
      <trkpt lat="46.544748" lon="14.344612"><ele>418.42</ele></trkpt>
      <trkpt lat="46.544776999999996" lon="14.345452"><ele>418.37</ele></trkpt>
      <trkpt lat="46.544782999999995" lon="14.346119"><ele>418.39</ele></trkpt>
      <trkpt lat="46.544748999999996" lon="14.349798999999999"><ele>418.71</ele></trkpt>
      <trkpt lat="46.544666" lon="14.352910999999999"><ele>418.36</ele></trkpt>
      <trkpt lat="46.544700999999996" lon="14.355972"><ele>417.99</ele></trkpt>
      <trkpt lat="46.544830999999995" lon="14.358302"><ele>416.17</ele></trkpt>
      <trkpt lat="46.545248" lon="14.361645999999999"><ele>418</ele></trkpt>
      <trkpt lat="46.54551" lon="14.363121"><ele>417.55</ele></trkpt>
      <trkpt lat="46.545808" lon="14.364624"><ele>417.59</ele></trkpt>
      <trkpt lat="46.546679" lon="14.367825999999999"><ele>417.35</ele></trkpt>
      <trkpt lat="46.547715" lon="14.370604"><ele>416.3</ele></trkpt>
      <trkpt lat="46.548522999999996" lon="14.372525999999999"><ele>415.82</ele></trkpt>
      <trkpt lat="46.549316" lon="14.374571"><ele>415.77</ele></trkpt>
      <trkpt lat="46.550339" lon="14.377695999999998"><ele>417.56</ele></trkpt>
      <trkpt lat="46.550633" lon="14.378573999999999"><ele>416.18</ele></trkpt>
      <trkpt lat="46.551065" lon="14.380059"><ele>416.15</ele></trkpt>
      <trkpt lat="46.551763" lon="14.382679999999999"><ele>415.36</ele></trkpt>
      <trkpt lat="46.55209" lon="14.384072"><ele>414.96</ele></trkpt>
      <trkpt lat="46.552414" lon="14.385605"><ele>415.53</ele></trkpt>
      <trkpt lat="46.552752999999996" lon="14.387462999999999"><ele>417.08</ele></trkpt>
      <trkpt lat="46.553059" lon="14.389486"><ele>417.67</ele></trkpt>
      <trkpt lat="46.553325" lon="14.391928"><ele>417.69</ele></trkpt>
      <trkpt lat="46.553748" lon="14.397212999999999"><ele>414.19</ele></trkpt>
      <trkpt lat="46.553996999999995" lon="14.399693"><ele>414.37</ele></trkpt>
      <trkpt lat="46.554393" lon="14.403516999999999"><ele>415.56</ele></trkpt>
      <trkpt lat="46.554592" lon="14.405256999999999"><ele>414.04</ele></trkpt>
      <trkpt lat="46.554893" lon="14.407686"><ele>413.91</ele></trkpt>
      <trkpt lat="46.555409" lon="14.411363"><ele>413.78</ele></trkpt>
      <trkpt lat="46.555864" lon="14.414285"><ele>416.22</ele></trkpt>
      <trkpt lat="46.556166" lon="14.416079"><ele>416.56</ele></trkpt>
      <trkpt lat="46.556185" lon="14.416533"><ele>417.48</ele></trkpt>
      <trkpt lat="46.556194" lon="14.416596"><ele>417.75</ele></trkpt>
      <trkpt lat="46.55628" lon="14.416561"><ele>417.78</ele></trkpt>
      <trkpt lat="46.558277" lon="14.416431999999999"><ele>418.4</ele></trkpt>
      <trkpt lat="46.558319" lon="14.416435"><ele>418.69</ele></trkpt>
      <trkpt lat="46.558361" lon="14.416456"><ele>418.4</ele></trkpt>
      <trkpt lat="46.558423999999995" lon="14.416507"><ele>417.46</ele></trkpt>
      <trkpt lat="46.558479999999996" lon="14.416601"><ele>416.92</ele></trkpt>
      <trkpt lat="46.558447" lon="14.416786"><ele>417.34</ele></trkpt>
      <trkpt lat="46.558417" lon="14.417102"><ele>416.9</ele></trkpt>
      <trkpt lat="46.558429" lon="14.417266"><ele>416.7</ele></trkpt>
      <trkpt lat="46.558777" lon="14.419535999999999"><ele>414.65</ele></trkpt>
      <trkpt lat="46.559072" lon="14.421811"><ele>414.25</ele></trkpt>
      <trkpt lat="46.559218" lon="14.423492"><ele>414.7</ele></trkpt>
      <trkpt lat="46.559286" lon="14.424947999999999"><ele>413.81</ele></trkpt>
      <trkpt lat="46.55934" lon="14.426407"><ele>413.74</ele></trkpt>
      <trkpt lat="46.559321999999995" lon="14.429274999999999"><ele>413.39</ele></trkpt>
      <trkpt lat="46.559236" lon="14.43188"><ele>414.44</ele></trkpt>
      <trkpt lat="46.559234" lon="14.433294"><ele>414.39</ele></trkpt>
      <trkpt lat="46.559264" lon="14.434743"><ele>413.78</ele></trkpt>
      <trkpt lat="46.559323" lon="14.436212"><ele>414.26</ele></trkpt>
      <trkpt lat="46.559408" lon="14.437548999999999"><ele>415.5</ele></trkpt>
      <trkpt lat="46.5597" lon="14.440579"><ele>416.65</ele></trkpt>
      <trkpt lat="46.560207999999996" lon="14.444123"><ele>414.95</ele></trkpt>
      <trkpt lat="46.560472999999995" lon="14.445770999999999"><ele>414.58</ele></trkpt>
      <trkpt lat="46.560776999999995" lon="14.447474"><ele>415.48</ele></trkpt>
      <trkpt lat="46.561161999999996" lon="14.449325"><ele>415.24</ele></trkpt>
      <trkpt lat="46.561436" lon="14.450584999999998"><ele>415.12</ele></trkpt>
      <trkpt lat="46.56256" lon="14.455038"><ele>414.56</ele></trkpt>
      <trkpt lat="46.56267" lon="14.455591"><ele>414.47</ele></trkpt>
      <trkpt lat="46.56295" lon="14.457206"><ele>414.67</ele></trkpt>
      <trkpt lat="46.563075" lon="14.458264"><ele>415.69</ele></trkpt>
      <trkpt lat="46.563162999999996" lon="14.459131"><ele>416.15</ele></trkpt>
      <trkpt lat="46.56321" lon="14.459511"><ele>416.29</ele></trkpt>
      <trkpt lat="46.563247" lon="14.460543"><ele>417.09</ele></trkpt>
      <trkpt lat="46.563296" lon="14.462805"><ele>417.28</ele></trkpt>
      <trkpt lat="46.563218" lon="14.464844999999999"><ele>414.94</ele></trkpt>
      <trkpt lat="46.563067" lon="14.467286999999999"><ele>415.96</ele></trkpt>
      <trkpt lat="46.562954" lon="14.46899"><ele>414.97</ele></trkpt>
      <trkpt lat="46.562822" lon="14.470581"><ele>414.92</ele></trkpt>
      <trkpt lat="46.562866" lon="14.470863999999999"><ele>414.84</ele></trkpt>
      <trkpt lat="46.562675999999996" lon="14.472289"><ele>415.04</ele></trkpt>
      <trkpt lat="46.562582" lon="14.472648999999999"><ele>415.2</ele></trkpt>
      <trkpt lat="46.562048999999995" lon="14.475947"><ele>414.11</ele></trkpt>
      <trkpt lat="46.56164" lon="14.477869"><ele>416.38</ele></trkpt>
      <trkpt lat="46.561367" lon="14.479095"><ele>416.3</ele></trkpt>
      <trkpt lat="46.560061999999995" lon="14.479776999999999"><ele>417.67</ele></trkpt>
      <trkpt lat="46.559878" lon="14.479807999999998"><ele>416.93</ele></trkpt>
      <trkpt lat="46.559518999999995" lon="14.479474999999999"><ele>415.9</ele></trkpt>
      <trkpt lat="46.559304999999995" lon="14.479427"><ele>415.35</ele></trkpt>
      <trkpt lat="46.559103" lon="14.479607999999999"><ele>414.1</ele></trkpt>
      <trkpt lat="46.559013" lon="14.479666"><ele>413.85</ele></trkpt>
      <trkpt lat="46.55925" lon="14.482242"><ele>402.75</ele></trkpt>
      <trkpt lat="46.559256" lon="14.483478"><ele>404.74</ele></trkpt>
      <trkpt lat="46.559433" lon="14.483728"><ele>402.93</ele></trkpt>
      <trkpt lat="46.559521" lon="14.483797"><ele>402.59</ele></trkpt>
      <trkpt lat="46.559596" lon="14.48383"><ele>402.37</ele></trkpt>
      <trkpt lat="46.559687" lon="14.483848"><ele>402.13</ele></trkpt>
      <trkpt lat="46.560266" lon="14.483846"><ele>400.55</ele></trkpt>
      <trkpt lat="46.560654" lon="14.484122"><ele>399.27</ele></trkpt>
      <trkpt lat="46.561358" lon="14.484935"><ele>395.43</ele></trkpt>
      <trkpt lat="46.562051" lon="14.486258"><ele>394.89</ele></trkpt>
      <trkpt lat="46.562661999999996" lon="14.487257"><ele>394.6</ele></trkpt>
      <trkpt lat="46.563781999999996" lon="14.488588"><ele>394.53</ele></trkpt>
      <trkpt lat="46.564163" lon="14.488878"><ele>394.34</ele></trkpt>
      <trkpt lat="46.565034" lon="14.489605"><ele>394.31</ele></trkpt>
      <trkpt lat="46.566386" lon="14.490257"><ele>393.89</ele></trkpt>
      <trkpt lat="46.568489" lon="14.491197"><ele>393.94</ele></trkpt>
      <trkpt lat="46.569528" lon="14.491605"><ele>393.84</ele></trkpt>
      <trkpt lat="46.570797" lon="14.492137"><ele>393.45</ele></trkpt>
      <trkpt lat="46.571327" lon="14.492274"><ele>392.94</ele></trkpt>
      <trkpt lat="46.572036" lon="14.4926"><ele>393.92</ele></trkpt>
      <trkpt lat="46.572731999999995" lon="14.492856"><ele>393.9</ele></trkpt>
      <trkpt lat="46.573453" lon="14.493167"><ele>393.89</ele></trkpt>
      <trkpt lat="46.573546" lon="14.493295999999999"><ele>394.13</ele></trkpt>
      <trkpt lat="46.573541999999996" lon="14.493423"><ele>394.5</ele></trkpt>
      <trkpt lat="46.573581999999995" lon="14.493504"><ele>394.33</ele></trkpt>
      <trkpt lat="46.573712" lon="14.493661"><ele>394.59</ele></trkpt>
      <trkpt lat="46.573854" lon="14.493599"><ele>394.76</ele></trkpt>
      <trkpt lat="46.574082999999995" lon="14.493440999999999"><ele>394.31</ele></trkpt>
      <trkpt lat="46.574373" lon="14.493499"><ele>393.92</ele></trkpt>
      <trkpt lat="46.575057" lon="14.493761999999998"><ele>393.33</ele></trkpt>
      <trkpt lat="46.577225" lon="14.494745"><ele>394.07</ele></trkpt>
      <trkpt lat="46.577290999999995" lon="14.494838"><ele>394.38</ele></trkpt>
      <trkpt lat="46.577324999999995" lon="14.494971"><ele>394.99</ele></trkpt>
      <trkpt lat="46.577317" lon="14.495114"><ele>395.04</ele></trkpt>
      <trkpt lat="46.57729" lon="14.495194"><ele>395.04</ele></trkpt>
      <trkpt lat="46.577023999999994" lon="14.495584"><ele>395.04</ele></trkpt>
      <trkpt lat="46.576994" lon="14.495721999999999"><ele>395.01</ele></trkpt>
      <trkpt lat="46.577047" lon="14.496063"><ele>395</ele></trkpt>
      <trkpt lat="46.577180999999996" lon="14.496274"><ele>395</ele></trkpt>
      <trkpt lat="46.577512" lon="14.496796999999999"><ele>393.9</ele></trkpt>
      <trkpt lat="46.577649" lon="14.496977999999999"><ele>395.24</ele></trkpt>
      <trkpt lat="46.577962" lon="14.496656999999999"><ele>394.7</ele></trkpt>
      <trkpt lat="46.578192" lon="14.496462"><ele>394.46</ele></trkpt>
      <trkpt lat="46.578693" lon="14.496082999999999"><ele>394.19</ele></trkpt>
      <trkpt lat="46.579052" lon="14.496027999999999"><ele>394.06</ele></trkpt>
      <trkpt lat="46.579375" lon="14.496008999999999"><ele>394.06</ele></trkpt>
      <trkpt lat="46.579594" lon="14.496068"><ele>394.1</ele></trkpt>
      <trkpt lat="46.579964" lon="14.496119"><ele>394.25</ele></trkpt>
      <trkpt lat="46.580531" lon="14.496392"><ele>394.65</ele></trkpt>
      <trkpt lat="46.582589999999996" lon="14.497712"><ele>394.23</ele></trkpt>
      <trkpt lat="46.583062" lon="14.498052"><ele>394.06</ele></trkpt>
      <trkpt lat="46.583925" lon="14.498831"><ele>393.98</ele></trkpt>
      <trkpt lat="46.585468999999996" lon="14.500411"><ele>393.67</ele></trkpt>
      <trkpt lat="46.589220999999995" lon="14.504093"><ele>393.15</ele></trkpt>
      <trkpt lat="46.589994" lon="14.504890999999999"><ele>393.03</ele></trkpt>
      <trkpt lat="46.591415" lon="14.506324999999999"><ele>393.01</ele></trkpt>
      <trkpt lat="46.592571" lon="14.507406"><ele>393.17</ele></trkpt>
      <trkpt lat="46.593630999999995" lon="14.508500999999999"><ele>392.6</ele></trkpt>
      <trkpt lat="46.595662" lon="14.511225"><ele>392.5</ele></trkpt>
      <trkpt lat="46.59641" lon="14.512322"><ele>392.35</ele></trkpt>
      <trkpt lat="46.597018" lon="14.513354"><ele>392.46</ele></trkpt>
      <trkpt lat="46.597449" lon="14.514298"><ele>392.52</ele></trkpt>
      <trkpt lat="46.597955999999996" lon="14.515569"><ele>392.24</ele></trkpt>
      <trkpt lat="46.598243" lon="14.516186"><ele>392.19</ele></trkpt>
      <trkpt lat="46.598534" lon="14.517268"><ele>392.95</ele></trkpt>
      <trkpt lat="46.598737" lon="14.517508"><ele>392.41</ele></trkpt>
      <trkpt lat="46.599466" lon="14.518847"><ele>392.08</ele></trkpt>
      <trkpt lat="46.599745999999996" lon="14.519299"><ele>392.12</ele></trkpt>
      <trkpt lat="46.60053" lon="14.520487999999999"><ele>391.92</ele></trkpt>
      <trkpt lat="46.601064" lon="14.521182"><ele>391.79</ele></trkpt>
      <trkpt lat="46.601569" lon="14.521695"><ele>391.69</ele></trkpt>
      <trkpt lat="46.602365" lon="14.522359"><ele>391.81</ele></trkpt>
      <trkpt lat="46.602486" lon="14.522537999999999"><ele>391.82</ele></trkpt>
      <trkpt lat="46.602655999999996" lon="14.522713"><ele>391.83</ele></trkpt>
      <trkpt lat="46.603946" lon="14.523715"><ele>391.93</ele></trkpt>
      <trkpt lat="46.604087" lon="14.524004999999999"><ele>391.92</ele></trkpt>
      <trkpt lat="46.60414" lon="14.524244999999999"><ele>391.9</ele></trkpt>
      <trkpt lat="46.604116" lon="14.524662"><ele>391.81</ele></trkpt>
      <trkpt lat="46.604119999999995" lon="14.525058999999999"><ele>391.84</ele></trkpt>
      <trkpt lat="46.60418" lon="14.525309"><ele>391.9</ele></trkpt>
      <trkpt lat="46.604448999999995" lon="14.525772"><ele>392</ele></trkpt>
      <trkpt lat="46.604737" lon="14.525730999999999"><ele>392.17</ele></trkpt>
      <trkpt lat="46.605078999999996" lon="14.525718"><ele>392.08</ele></trkpt>
      <trkpt lat="46.605213" lon="14.525635"><ele>391.9</ele></trkpt>
      <trkpt lat="46.605616999999995" lon="14.52548"><ele>391.49</ele></trkpt>
      <trkpt lat="46.605968999999995" lon="14.525395999999999"><ele>391.44</ele></trkpt>
      <trkpt lat="46.606215999999996" lon="14.525428"><ele>391.33</ele></trkpt>
      <trkpt lat="46.606412" lon="14.525552"><ele>391.28</ele></trkpt>
      <trkpt lat="46.606708" lon="14.525827"><ele>391.33</ele></trkpt>
      <trkpt lat="46.607057" lon="14.526273"><ele>391.3</ele></trkpt>
      <trkpt lat="46.607215" lon="14.526415"><ele>391.29</ele></trkpt>
      <trkpt lat="46.607423999999995" lon="14.526568999999999"><ele>391.79</ele></trkpt>
      <trkpt lat="46.607535" lon="14.526665"><ele>391.83</ele></trkpt>
      <trkpt lat="46.60761" lon="14.526855999999999"><ele>391.82</ele></trkpt>
      <trkpt lat="46.607664" lon="14.52712"><ele>391.84</ele></trkpt>
      <trkpt lat="46.607788" lon="14.527444"><ele>391.87</ele></trkpt>
      <trkpt lat="46.60823" lon="14.528148"><ele>392.01</ele></trkpt>
      <trkpt lat="46.609804999999994" lon="14.530539"><ele>391.66</ele></trkpt>
      <trkpt lat="46.611464999999995" lon="14.53252"><ele>391.05</ele></trkpt>
      <trkpt lat="46.612927" lon="14.534201999999999"><ele>391</ele></trkpt>
      <trkpt lat="46.614145" lon="14.535798999999999"><ele>391</ele></trkpt>
      <trkpt lat="46.616471999999995" lon="14.539005"><ele>391</ele></trkpt>
      <trkpt lat="46.616582" lon="14.539162"><ele>391</ele></trkpt>
      <trkpt lat="46.616834" lon="14.539562"><ele>391</ele></trkpt>
      <trkpt lat="46.616873999999996" lon="14.539665"><ele>391</ele></trkpt>
      <trkpt lat="46.616896999999994" lon="14.539781"><ele>391</ele></trkpt>
      <trkpt lat="46.616918" lon="14.540001"><ele>391.04</ele></trkpt>
      <trkpt lat="46.616899" lon="14.540911999999999"><ele>393.32</ele></trkpt>
      <trkpt lat="46.616841" lon="14.541509"><ele>392.42</ele></trkpt>
      <trkpt lat="46.616867" lon="14.541568999999999"><ele>392.22</ele></trkpt>
      <trkpt lat="46.616873" lon="14.541611999999999"><ele>392.16</ele></trkpt>
      <trkpt lat="46.616873999999996" lon="14.542392"><ele>392</ele></trkpt>
      <trkpt lat="46.616883" lon="14.542708"><ele>392.14</ele></trkpt>
      <trkpt lat="46.616907999999995" lon="14.543032"><ele>392.16</ele></trkpt>
      <trkpt lat="46.616955" lon="14.543334999999999"><ele>391.9</ele></trkpt>
      <trkpt lat="46.616997" lon="14.543548"><ele>391.89</ele></trkpt>
      <trkpt lat="46.617065" lon="14.543830999999999"><ele>391.81</ele></trkpt>
      <trkpt lat="46.617126" lon="14.544025999999999"><ele>391.62</ele></trkpt>
      <trkpt lat="46.617374" lon="14.544671"><ele>391.53</ele></trkpt>
      <trkpt lat="46.617438" lon="14.544737"><ele>391.75</ele></trkpt>
      <trkpt lat="46.617508" lon="14.544887"><ele>391.76</ele></trkpt>
      <trkpt lat="46.617579" lon="14.545074999999999"><ele>391.64</ele></trkpt>
      <trkpt lat="46.617747" lon="14.54539"><ele>391.61</ele></trkpt>
      <trkpt lat="46.617829" lon="14.545525"><ele>391.67</ele></trkpt>
      <trkpt lat="46.618145" lon="14.545933"><ele>391.74</ele></trkpt>
      <trkpt lat="46.618545999999995" lon="14.546166999999999"><ele>391.81</ele></trkpt>
      <trkpt lat="46.618759999999995" lon="14.546256"><ele>391.78</ele></trkpt>
      <trkpt lat="46.618995" lon="14.546422999999999"><ele>391.56</ele></trkpt>
      <trkpt lat="46.619181" lon="14.546629"><ele>391.58</ele></trkpt>
      <trkpt lat="46.619271999999995" lon="14.546797"><ele>391.04</ele></trkpt>
      <trkpt lat="46.619319999999995" lon="14.546977"><ele>390.87</ele></trkpt>
      <trkpt lat="46.619391" lon="14.547397"><ele>392.56</ele></trkpt>
      <trkpt lat="46.619422" lon="14.547616"><ele>392.59</ele></trkpt>
      <trkpt lat="46.619392" lon="14.547694"><ele>392.3</ele></trkpt>
      <trkpt lat="46.619312" lon="14.547777"><ele>392.1</ele></trkpt>
      <trkpt lat="46.619265999999996" lon="14.547773"><ele>392.2</ele></trkpt>
      <trkpt lat="46.619229999999995" lon="14.547730999999999"><ele>392.33</ele></trkpt>
      <trkpt lat="46.619229999999995" lon="14.547659999999999"><ele>392.42</ele></trkpt>
      <trkpt lat="46.619279" lon="14.547595"><ele>392.51</ele></trkpt>
      <trkpt lat="46.619476" lon="14.5475"><ele>392.77</ele></trkpt>
      <trkpt lat="46.621331" lon="14.547094"><ele>398.11</ele></trkpt>
      <trkpt lat="46.621688999999996" lon="14.547022"><ele>400.74</ele></trkpt>
      <trkpt lat="46.621703" lon="14.547886"><ele>400.09</ele></trkpt>
      <trkpt lat="46.621724" lon="14.548226"><ele>399.72</ele></trkpt>
      <trkpt lat="46.621742999999995" lon="14.548542"><ele>399.12</ele></trkpt>
      <trkpt lat="46.621733" lon="14.548624"><ele>398.51</ele></trkpt>
      <trkpt lat="46.621688" lon="14.548675"><ele>397.95</ele></trkpt>
      <trkpt lat="46.621555" lon="14.548689"><ele>397.35</ele></trkpt>
      <trkpt lat="46.621527" lon="14.548753999999999"><ele>397.21</ele></trkpt>
      <trkpt lat="46.621522" lon="14.548839"><ele>397.02</ele></trkpt>
      <trkpt lat="46.621658" lon="14.549309"><ele>395.51</ele></trkpt>
      <trkpt lat="46.621899" lon="14.550037999999999"><ele>393.4</ele></trkpt>
      <trkpt lat="46.622091" lon="14.55054"><ele>391.61</ele></trkpt>
      <trkpt lat="46.622282" lon="14.551"><ele>391.94</ele></trkpt>
      <trkpt lat="46.622665" lon="14.551684"><ele>392.38</ele></trkpt>
      <trkpt lat="46.623053999999996" lon="14.552280999999999"><ele>392.11</ele></trkpt>
      <trkpt lat="46.623221" lon="14.552501999999999"><ele>392</ele></trkpt>
      <trkpt lat="46.62387" lon="14.553258999999999"><ele>391.56</ele></trkpt>
      <trkpt lat="46.624105" lon="14.553545"><ele>391.54</ele></trkpt>
      <trkpt lat="46.624339" lon="14.553782"><ele>391.56</ele></trkpt>
      <trkpt lat="46.624755" lon="14.554134"><ele>391.64</ele></trkpt>
      <trkpt lat="46.624911999999995" lon="14.554309"><ele>391.63</ele></trkpt>
      <trkpt lat="46.625046999999995" lon="14.554518"><ele>391.63</ele></trkpt>
      <trkpt lat="46.625451" lon="14.555266"><ele>391.73</ele></trkpt>
      <trkpt lat="46.625792" lon="14.555938"><ele>391.76</ele></trkpt>
      <trkpt lat="46.626297" lon="14.556885999999999"><ele>391.71</ele></trkpt>
      <trkpt lat="46.626538" lon="14.557252"><ele>391.65</ele></trkpt>
      <trkpt lat="46.626815" lon="14.557716"><ele>391.64</ele></trkpt>
      <trkpt lat="46.627109" lon="14.558181999999999"><ele>391.46</ele></trkpt>
      <trkpt lat="46.627533" lon="14.558893"><ele>391.7</ele></trkpt>
      <trkpt lat="46.628" lon="14.559721999999999"><ele>391.55</ele></trkpt>
      <trkpt lat="46.628834999999995" lon="14.561259999999999"><ele>390.87</ele></trkpt>
      <trkpt lat="46.629360999999996" lon="14.562280999999999"><ele>390.86</ele></trkpt>
      <trkpt lat="46.629596" lon="14.562764"><ele>391.13</ele></trkpt>
      <trkpt lat="46.629711" lon="14.562983"><ele>391.71</ele></trkpt>
      <trkpt lat="46.63073" lon="14.565265"><ele>390.37</ele></trkpt>
      <trkpt lat="46.630976" lon="14.565836"><ele>390.26</ele></trkpt>
      <trkpt lat="46.631566" lon="14.567305"><ele>390.24</ele></trkpt>
      <trkpt lat="46.631802" lon="14.567966"><ele>390.04</ele></trkpt>
      <trkpt lat="46.632078" lon="14.568648999999999"><ele>390.03</ele></trkpt>
      <trkpt lat="46.632343" lon="14.569267"><ele>390.18</ele></trkpt>
      <trkpt lat="46.632681999999996" lon="14.570001"><ele>390.48</ele></trkpt>
      <trkpt lat="46.633029" lon="14.570723"><ele>390.8</ele></trkpt>
      <trkpt lat="46.633368" lon="14.571354999999999"><ele>391.04</ele></trkpt>
      <trkpt lat="46.63388" lon="14.572258999999999"><ele>390.81</ele></trkpt>
      <trkpt lat="46.634080999999995" lon="14.572629"><ele>390.78</ele></trkpt>
      <trkpt lat="46.634488999999995" lon="14.573329"><ele>390.81</ele></trkpt>
      <trkpt lat="46.635791" lon="14.575638"><ele>390.41</ele></trkpt>
      <trkpt lat="46.636348999999996" lon="14.576588"><ele>390.65</ele></trkpt>
      <trkpt lat="46.637336" lon="14.578325999999999"><ele>390.23</ele></trkpt>
      <trkpt lat="46.63754" lon="14.578633"><ele>390.86</ele></trkpt>
      <trkpt lat="46.63778" lon="14.578883"><ele>391.51</ele></trkpt>
      <trkpt lat="46.638186999999995" lon="14.579191"><ele>391.03</ele></trkpt>
      <trkpt lat="46.638583" lon="14.579346999999999"><ele>390.95</ele></trkpt>
      <trkpt lat="46.638863" lon="14.579405"><ele>390.85</ele></trkpt>
      <trkpt lat="46.639182999999996" lon="14.579391999999999"><ele>390.83</ele></trkpt>
      <trkpt lat="46.642064999999995" lon="14.578958"><ele>390.9</ele></trkpt>
      <trkpt lat="46.642469999999996" lon="14.578914999999999"><ele>391.46</ele></trkpt>
      <trkpt lat="46.642675999999994" lon="14.578921"><ele>391.88</ele></trkpt>
      <trkpt lat="46.642858" lon="14.578977"><ele>392.09</ele></trkpt>
      <trkpt lat="46.643007" lon="14.579079"><ele>392.18</ele></trkpt>
      <trkpt lat="46.643201999999995" lon="14.579283"><ele>392.95</ele></trkpt>
      <trkpt lat="46.643294999999995" lon="14.579421"><ele>392.95</ele></trkpt>
      <trkpt lat="46.643657999999995" lon="14.580760999999999"><ele>393.7</ele></trkpt>
      <trkpt lat="46.643735" lon="14.581009"><ele>393.67</ele></trkpt>
      <trkpt lat="46.644096999999995" lon="14.581923999999999"><ele>392.86</ele></trkpt>
      <trkpt lat="46.644332" lon="14.582491999999998"><ele>391.63</ele></trkpt>
      <trkpt lat="46.644377999999996" lon="14.582628999999999"><ele>392.15</ele></trkpt>
      <trkpt lat="46.644405" lon="14.582759"><ele>392.75</ele></trkpt>
      <trkpt lat="46.644408" lon="14.582939"><ele>393.74</ele></trkpt>
      <trkpt lat="46.644397999999995" lon="14.58311"><ele>394.25</ele></trkpt>
      <trkpt lat="46.644405" lon="14.583264"><ele>394.64</ele></trkpt>
      <trkpt lat="46.644424" lon="14.583451"><ele>395.83</ele></trkpt>
      <trkpt lat="46.644498999999996" lon="14.583955999999999"><ele>399.66</ele></trkpt>
      <trkpt lat="46.644549" lon="14.5842"><ele>401.82</ele></trkpt>
      <trkpt lat="46.644605999999996" lon="14.584302999999998"><ele>403.37</ele></trkpt>
      <trkpt lat="46.644664" lon="14.584342"><ele>404.31</ele></trkpt>
      <trkpt lat="46.644721" lon="14.584347"><ele>404.99</ele></trkpt>
      <trkpt lat="46.64479" lon="14.58433"><ele>405.7</ele></trkpt>
      <trkpt lat="46.644922" lon="14.584235"><ele>406.86</ele></trkpt>
      <trkpt lat="46.644991" lon="14.5842"><ele>407.43</ele></trkpt>
      <trkpt lat="46.645058999999996" lon="14.584182"><ele>408.04</ele></trkpt>
      <trkpt lat="46.645137" lon="14.584192999999999"><ele>408.79</ele></trkpt>
      <trkpt lat="46.645629" lon="14.584408999999999"><ele>414.64</ele></trkpt>
      <trkpt lat="46.645826" lon="14.584515999999999"><ele>417.37</ele></trkpt>
      <trkpt lat="46.645911" lon="14.584603"><ele>419.09</ele></trkpt>
      <trkpt lat="46.645958" lon="14.584684999999999"><ele>420.49</ele></trkpt>
      <trkpt lat="46.646004999999995" lon="14.584838999999999"><ele>422.47</ele></trkpt>
      <trkpt lat="46.646063" lon="14.585130999999999"><ele>423.86</ele></trkpt>
      <trkpt lat="46.646074" lon="14.585299"><ele>424.32</ele></trkpt>
      <trkpt lat="46.646003" lon="14.585681999999998"><ele>425.03</ele></trkpt>
      <trkpt lat="46.646012" lon="14.585742"><ele>425.11</ele></trkpt>
      <trkpt lat="46.646049" lon="14.585811999999999"><ele>425.79</ele></trkpt>
      <trkpt lat="46.6461" lon="14.585846"><ele>427.49</ele></trkpt>
      <trkpt lat="46.64613" lon="14.585844999999999"><ele>428.52</ele></trkpt>
      <trkpt lat="46.6461" lon="14.586509999999999"><ele>422.48</ele></trkpt>
      <trkpt lat="46.646043999999996" lon="14.587109"><ele>418.04</ele></trkpt>
      <trkpt lat="46.646001" lon="14.587715"><ele>414.06</ele></trkpt>
      <trkpt lat="46.645978" lon="14.587904"><ele>413.03</ele></trkpt>
      <trkpt lat="46.645934999999994" lon="14.58809"><ele>412.09</ele></trkpt>
      <trkpt lat="46.645792" lon="14.588452"><ele>410.27</ele></trkpt>
      <trkpt lat="46.645706999999994" lon="14.588693999999998"><ele>409.24</ele></trkpt>
      <trkpt lat="46.645661999999994" lon="14.588887"><ele>408.58</ele></trkpt>
      <trkpt lat="46.645514" lon="14.589768"><ele>405.1</ele></trkpt>
      <trkpt lat="46.645388" lon="14.590297"><ele>402.29</ele></trkpt>
      <trkpt lat="46.645354" lon="14.590523999999998"><ele>401.11</ele></trkpt>
      <trkpt lat="46.645272999999996" lon="14.591306"><ele>397.65</ele></trkpt>
      <trkpt lat="46.645218" lon="14.591724999999999"><ele>396.98</ele></trkpt>
      <trkpt lat="46.64516" lon="14.592079"><ele>397.01</ele></trkpt>
      <trkpt lat="46.645102" lon="14.592305"><ele>397</ele></trkpt>
      <trkpt lat="46.644963" lon="14.592761999999999"><ele>397.09</ele></trkpt>
      <trkpt lat="46.644878999999996" lon="14.593138"><ele>397.39</ele></trkpt>
      <trkpt lat="46.644870999999995" lon="14.593392999999999"><ele>397.58</ele></trkpt>
      <trkpt lat="46.644892" lon="14.593681"><ele>397.63</ele></trkpt>
      <trkpt lat="46.644886" lon="14.593764"><ele>397.62</ele></trkpt>
      <trkpt lat="46.644839999999995" lon="14.594202"><ele>397.72</ele></trkpt>
      <trkpt lat="46.644765" lon="14.594647"><ele>397.64</ele></trkpt>
      <trkpt lat="46.644748" lon="14.594835"><ele>397.5</ele></trkpt>
      <trkpt lat="46.644743999999996" lon="14.595123"><ele>397.27</ele></trkpt>
      <trkpt lat="46.644783" lon="14.595355"><ele>397.16</ele></trkpt>
      <trkpt lat="46.644816999999996" lon="14.595455999999999"><ele>397.12</ele></trkpt>
      <trkpt lat="46.644912" lon="14.595585"><ele>397.03</ele></trkpt>
      <trkpt lat="46.644996" lon="14.595734"><ele>396.92</ele></trkpt>
      <trkpt lat="46.645043" lon="14.595837999999999"><ele>396.85</ele></trkpt>
      <trkpt lat="46.645084999999995" lon="14.595987"><ele>396.77</ele></trkpt>
      <trkpt lat="46.645111" lon="14.596259"><ele>396.73</ele></trkpt>
      <trkpt lat="46.645160999999995" lon="14.597351999999999"><ele>397.1</ele></trkpt>
      <trkpt lat="46.645167" lon="14.597828"><ele>397.13</ele></trkpt>
      <trkpt lat="46.645160999999995" lon="14.598173"><ele>397.19</ele></trkpt>
      <trkpt lat="46.645091" lon="14.598889999999999"><ele>397.43</ele></trkpt>
      <trkpt lat="46.645123999999996" lon="14.599518999999999"><ele>397.82</ele></trkpt>
      <trkpt lat="46.64515" lon="14.599701999999999"><ele>398.07</ele></trkpt>
      <trkpt lat="46.645205" lon="14.599993"><ele>398.56</ele></trkpt>
      <trkpt lat="46.645278999999995" lon="14.600311"><ele>399.16</ele></trkpt>
      <trkpt lat="46.645398" lon="14.600689"><ele>400.05</ele></trkpt>
      <trkpt lat="46.645525" lon="14.601026"><ele>400.66</ele></trkpt>
      <trkpt lat="46.645638999999996" lon="14.601291"><ele>401.09</ele></trkpt>
      <trkpt lat="46.645683" lon="14.601498"><ele>401.3</ele></trkpt>
      <trkpt lat="46.645689" lon="14.601693"><ele>401.39</ele></trkpt>
      <trkpt lat="46.645672999999995" lon="14.601901"><ele>401.42</ele></trkpt>
      <trkpt lat="46.645599" lon="14.602737999999999"><ele>400.77</ele></trkpt>
      <trkpt lat="46.645243" lon="14.605293"><ele>397.56</ele></trkpt>
      <trkpt lat="46.645208" lon="14.605455"><ele>397.57</ele></trkpt>
      <trkpt lat="46.644574999999996" lon="14.607534999999999"><ele>399.03</ele></trkpt>
      <trkpt lat="46.644289" lon="14.608635"><ele>401.92</ele></trkpt>
      <trkpt lat="46.644239999999996" lon="14.608899"><ele>403.21</ele></trkpt>
      <trkpt lat="46.644213" lon="14.609658"><ele>407.14</ele></trkpt>
      <trkpt lat="46.644106" lon="14.610019999999999"><ele>409.75</ele></trkpt>
      <trkpt lat="46.64409" lon="14.610106"><ele>410.33</ele></trkpt>
      <trkpt lat="46.644090999999996" lon="14.610183999999999"><ele>410.81</ele></trkpt>
      <trkpt lat="46.644161999999994" lon="14.61041"><ele>412.22</ele></trkpt>
      <trkpt lat="46.644186999999995" lon="14.610584999999999"><ele>413.04</ele></trkpt>
      <trkpt lat="46.644231" lon="14.61181"><ele>416.14</ele></trkpt>
      <trkpt lat="46.644256999999996" lon="14.612229999999998"><ele>416.44</ele></trkpt>
      <trkpt lat="46.644301999999996" lon="14.612528"><ele>416.57</ele></trkpt>
      <trkpt lat="46.644388" lon="14.612862999999999"><ele>416.61</ele></trkpt>
      <trkpt lat="46.644413" lon="14.613085"><ele>416.64</ele></trkpt>
      <trkpt lat="46.644403999999994" lon="14.613553"><ele>416.56</ele></trkpt>
      <trkpt lat="46.644421" lon="14.613823"><ele>416.19</ele></trkpt>
      <trkpt lat="46.644557999999996" lon="14.614937"><ele>412.31</ele></trkpt>
      <trkpt lat="46.644721999999994" lon="14.616088999999999"><ele>408.26</ele></trkpt>
      <trkpt lat="46.644771" lon="14.616353"><ele>408.01</ele></trkpt>
      <trkpt lat="46.644873999999994" lon="14.616748"><ele>408.41</ele></trkpt>
      <trkpt lat="46.644999999999996" lon="14.617279"><ele>409.12</ele></trkpt>
      <trkpt lat="46.645219999999995" lon="14.618155999999999"><ele>409.57</ele></trkpt>
      <trkpt lat="46.645258" lon="14.618414"><ele>409.12</ele></trkpt>
      <trkpt lat="46.645354999999995" lon="14.619228999999999"><ele>407.38</ele></trkpt>
      <trkpt lat="46.645423" lon="14.619517"><ele>406.78</ele></trkpt>
      <trkpt lat="46.645551999999995" lon="14.619975"><ele>405.8</ele></trkpt>
      <trkpt lat="46.645703999999995" lon="14.620918"><ele>404.79</ele></trkpt>
      <trkpt lat="46.645725999999996" lon="14.62102"><ele>404.72</ele></trkpt>
      <trkpt lat="46.645773" lon="14.621155"><ele>404.62</ele></trkpt>
      <trkpt lat="46.645854" lon="14.621310999999999"><ele>404.5</ele></trkpt>
      <trkpt lat="46.645944" lon="14.621457"><ele>404.51</ele></trkpt>
      <trkpt lat="46.646079" lon="14.621602"><ele>404.6</ele></trkpt>
      <trkpt lat="46.646347999999996" lon="14.621811"><ele>404.97</ele></trkpt>
      <trkpt lat="46.646473" lon="14.621972"><ele>405.2</ele></trkpt>
      <trkpt lat="46.646626" lon="14.622252999999999"><ele>405.75</ele></trkpt>
      <trkpt lat="46.646778999999995" lon="14.622575"><ele>406.87</ele></trkpt>
      <trkpt lat="46.646912" lon="14.622784999999999"><ele>407.77</ele></trkpt>
      <trkpt lat="46.647017999999996" lon="14.622919"><ele>408.4</ele></trkpt>
      <trkpt lat="46.647171" lon="14.623038999999999"><ele>409.35</ele></trkpt>
      <trkpt lat="46.647293999999995" lon="14.623156999999999"><ele>410.31</ele></trkpt>
      <trkpt lat="46.647442" lon="14.623223"><ele>411.1</ele></trkpt>
      <trkpt lat="46.647527" lon="14.623239"><ele>411.2</ele></trkpt>
      <trkpt lat="46.647683" lon="14.623337999999999"><ele>411.27</ele></trkpt>
      <trkpt lat="46.647735999999995" lon="14.623384"><ele>411.02</ele></trkpt>
      <trkpt lat="46.647951" lon="14.623707"><ele>409.01</ele></trkpt>
      <trkpt lat="46.648489" lon="14.624607999999998"><ele>404.32</ele></trkpt>
      <trkpt lat="46.648624999999996" lon="14.624951999999999"><ele>402.65</ele></trkpt>
      <trkpt lat="46.648868" lon="14.625746"><ele>399.11</ele></trkpt>
      <trkpt lat="46.649149" lon="14.62656"><ele>396.01</ele></trkpt>
      <trkpt lat="46.6492" lon="14.626771"><ele>395.97</ele></trkpt>
      <trkpt lat="46.649119999999996" lon="14.626731999999999"><ele>394.52</ele></trkpt>
      <trkpt lat="46.648593" lon="14.625988999999999"><ele>392.67</ele></trkpt>
      <trkpt lat="46.648567" lon="14.625988999999999"><ele>392.61</ele></trkpt>
      <trkpt lat="46.648590999999996" lon="14.626394"><ele>392.21</ele></trkpt>
      <trkpt lat="46.648585999999995" lon="14.626641"><ele>392.16</ele></trkpt>
      <trkpt lat="46.648596999999995" lon="14.626679999999999"><ele>392.17</ele></trkpt>
      <trkpt lat="46.648652999999996" lon="14.626726999999999"><ele>392.18</ele></trkpt>
      <trkpt lat="46.648875" lon="14.626816999999999"><ele>392.34</ele></trkpt>
      <trkpt lat="46.64904" lon="14.626921"><ele>392.49</ele></trkpt>
      <trkpt lat="46.649333999999996" lon="14.627193"><ele>392.87</ele></trkpt>
      <trkpt lat="46.651537999999995" lon="14.6297"><ele>392.5</ele></trkpt>
      <trkpt lat="46.651953999999996" lon="14.630158"><ele>392.78</ele></trkpt>
      <trkpt lat="46.6521" lon="14.630341999999999"><ele>393.05</ele></trkpt>
      <trkpt lat="46.652327" lon="14.630599"><ele>393.64</ele></trkpt>
      <trkpt lat="46.652525999999995" lon="14.630811999999999"><ele>394.28</ele></trkpt>
      <trkpt lat="46.653166999999996" lon="14.631556"><ele>395.43</ele></trkpt>
      <trkpt lat="46.653441" lon="14.631903"><ele>394.98</ele></trkpt>
      <trkpt lat="46.653743" lon="14.63218"><ele>394.19</ele></trkpt>
      <trkpt lat="46.653951" lon="14.632589999999999"><ele>393.43</ele></trkpt>
      <trkpt lat="46.65423" lon="14.632981"><ele>392.91</ele></trkpt>
      <trkpt lat="46.654329" lon="14.633101"><ele>392.84</ele></trkpt>
      <trkpt lat="46.654562" lon="14.633215"><ele>393.11</ele></trkpt>
      <trkpt lat="46.654675999999995" lon="14.633232999999999"><ele>393.52</ele></trkpt>
      <trkpt lat="46.654812" lon="14.6334"><ele>393.16</ele></trkpt>
      <trkpt lat="46.656409" lon="14.635651999999999"><ele>391.98</ele></trkpt>
      <trkpt lat="46.656608" lon="14.635957999999999"><ele>392.05</ele></trkpt>
      <trkpt lat="46.656732" lon="14.636168"><ele>392.1</ele></trkpt>
      <trkpt lat="46.656863" lon="14.636424"><ele>392.14</ele></trkpt>
      <trkpt lat="46.656999" lon="14.636754"><ele>391.88</ele></trkpt>
      <trkpt lat="46.65709" lon="14.637004"><ele>391.88</ele></trkpt>
      <trkpt lat="46.657187" lon="14.637303999999999"><ele>391.92</ele></trkpt>
      <trkpt lat="46.657257" lon="14.63759"><ele>391.79</ele></trkpt>
      <trkpt lat="46.657315" lon="14.637905"><ele>391.77</ele></trkpt>
      <trkpt lat="46.657367" lon="14.638278"><ele>391.7</ele></trkpt>
      <trkpt lat="46.657396" lon="14.638587999999999"><ele>391.63</ele></trkpt>
      <trkpt lat="46.657418" lon="14.638926"><ele>391.6</ele></trkpt>
      <trkpt lat="46.657422" lon="14.639194"><ele>391.58</ele></trkpt>
      <trkpt lat="46.657407" lon="14.639453"><ele>391.6</ele></trkpt>
      <trkpt lat="46.657384" lon="14.639619"><ele>391.62</ele></trkpt>
      <trkpt lat="46.657354999999995" lon="14.63975"><ele>391.61</ele></trkpt>
      <trkpt lat="46.657249" lon="14.640077"><ele>391.56</ele></trkpt>
      <trkpt lat="46.657176" lon="14.640244"><ele>391.7</ele></trkpt>
      <trkpt lat="46.657075" lon="14.640435"><ele>392.04</ele></trkpt>
      <trkpt lat="46.656906" lon="14.640658"><ele>392.62</ele></trkpt>
      <trkpt lat="46.656800999999994" lon="14.640766999999999"><ele>393.28</ele></trkpt>
      <trkpt lat="46.65671" lon="14.640827999999999"><ele>393.77</ele></trkpt>
      <trkpt lat="46.656223" lon="14.64102"><ele>394.76</ele></trkpt>
      <trkpt lat="46.656034" lon="14.641133"><ele>394.98</ele></trkpt>
      <trkpt lat="46.655525999999995" lon="14.641534"><ele>394.86</ele></trkpt>
      <trkpt lat="46.654938" lon="14.642076999999999"><ele>394.86</ele></trkpt>
      <trkpt lat="46.654413999999996" lon="14.642477999999999"><ele>394.67</ele></trkpt>
      <trkpt lat="46.65417" lon="14.642743"><ele>394.4</ele></trkpt>
      <trkpt lat="46.653932" lon="14.643136"><ele>394.04</ele></trkpt>
      <trkpt lat="46.653850999999996" lon="14.643313"><ele>394.34</ele></trkpt>
      <trkpt lat="46.653847999999996" lon="14.643642999999999"><ele>394.52</ele></trkpt>
      <trkpt lat="46.653935" lon="14.644003"><ele>394.98</ele></trkpt>
      <trkpt lat="46.654094" lon="14.644449"><ele>395.19</ele></trkpt>
      <trkpt lat="46.654118" lon="14.644632999999999"><ele>395.18</ele></trkpt>
      <trkpt lat="46.654137999999996" lon="14.645074999999999"><ele>395.34</ele></trkpt>
      <trkpt lat="46.654160999999995" lon="14.645199"><ele>395.4</ele></trkpt>
      <trkpt lat="46.654191999999995" lon="14.645316999999999"><ele>395.46</ele></trkpt>
      <trkpt lat="46.65444" lon="14.645966999999999"><ele>395.77</ele></trkpt>
      <trkpt lat="46.654474" lon="14.646108"><ele>396.37</ele></trkpt>
      <trkpt lat="46.654517" lon="14.646676999999999"><ele>396.26</ele></trkpt>
      <trkpt lat="46.654557999999994" lon="14.646773999999999"><ele>396.9</ele></trkpt>
      <trkpt lat="46.654619" lon="14.646844"><ele>397.54</ele></trkpt>
      <trkpt lat="46.654685" lon="14.646873999999999"><ele>397.93</ele></trkpt>
      <trkpt lat="46.654768" lon="14.646861"><ele>398.3</ele></trkpt>
      <trkpt lat="46.65521" lon="14.646687"><ele>400.99</ele></trkpt>
      <trkpt lat="46.655325999999995" lon="14.646662"><ele>401.73</ele></trkpt>
      <trkpt lat="46.655412999999996" lon="14.646669999999999"><ele>402.21</ele></trkpt>
      <trkpt lat="46.655587" lon="14.64673"><ele>402.98</ele></trkpt>
      <trkpt lat="46.655918" lon="14.647046"><ele>404.71</ele></trkpt>
      <trkpt lat="46.655985" lon="14.647065999999999"><ele>404.84</ele></trkpt>
      <trkpt lat="46.656361999999994" lon="14.647034999999999"><ele>406.8</ele></trkpt>
      <trkpt lat="46.656316" lon="14.647112"><ele>407.61</ele></trkpt>
      <trkpt lat="46.656268" lon="14.647222999999999"><ele>407.97</ele></trkpt>
      <trkpt lat="46.656166" lon="14.647324999999999"><ele>410.05</ele></trkpt>
      <trkpt lat="46.656090999999996" lon="14.647383"><ele>411.37</ele></trkpt>
      <trkpt lat="46.656009999999995" lon="14.647409"><ele>411.91</ele></trkpt>
      <trkpt lat="46.655930999999995" lon="14.647416"><ele>412.2</ele></trkpt>
      <trkpt lat="46.655812999999995" lon="14.647381"><ele>412.85</ele></trkpt>
      <trkpt lat="46.655752" lon="14.64734"><ele>413.45</ele></trkpt>
      <trkpt lat="46.655609999999996" lon="14.647215999999998"><ele>415.13</ele></trkpt>
      <trkpt lat="46.655578" lon="14.6472"><ele>415.46</ele></trkpt>
      <trkpt lat="46.655508" lon="14.647196999999998"><ele>416.06</ele></trkpt>
      <trkpt lat="46.655442" lon="14.647234999999998"><ele>416.58</ele></trkpt>
      <trkpt lat="46.655280999999995" lon="14.647407"><ele>418.23</ele></trkpt>
      <trkpt lat="46.655103999999994" lon="14.647487"><ele>420.27</ele></trkpt>
      <trkpt lat="46.65502" lon="14.647556"><ele>421.4</ele></trkpt>
      <trkpt lat="46.654948999999995" lon="14.647670999999999"><ele>422.61</ele></trkpt>
      <trkpt lat="46.654923" lon="14.647739"><ele>423.26</ele></trkpt>
      <trkpt lat="46.654924" lon="14.647846999999999"><ele>424.23</ele></trkpt>
      <trkpt lat="46.654965999999995" lon="14.64791"><ele>425.03</ele></trkpt>
      <trkpt lat="46.655037" lon="14.647927999999999"><ele>425.92</ele></trkpt>
      <trkpt lat="46.655082" lon="14.647914"><ele>426.45</ele></trkpt>
      <trkpt lat="46.655372" lon="14.647734999999999"><ele>429.74</ele></trkpt>
      <trkpt lat="46.655421999999994" lon="14.647725"><ele>430.28</ele></trkpt>
      <trkpt lat="46.655474999999996" lon="14.647774"><ele>430.98</ele></trkpt>
      <trkpt lat="46.655480999999995" lon="14.647832999999999"><ele>431.44</ele></trkpt>
      <trkpt lat="46.655465" lon="14.647877"><ele>431.82</ele></trkpt>
      <trkpt lat="46.655249" lon="14.648162999999998"><ele>434.41</ele></trkpt>
      <trkpt lat="46.654886" lon="14.648719999999999"><ele>437.45</ele></trkpt>
      <trkpt lat="46.654582" lon="14.649225"><ele>443.53</ele></trkpt>
      <trkpt lat="46.654502" lon="14.649393"><ele>445.38</ele></trkpt>
      <trkpt lat="46.654472999999996" lon="14.649426"><ele>445.8</ele></trkpt>
      <trkpt lat="46.654436999999994" lon="14.649441"><ele>446.2</ele></trkpt>
      <trkpt lat="46.654381" lon="14.649441"><ele>446.86</ele></trkpt>
      <trkpt lat="46.654174" lon="14.649382"><ele>449.26</ele></trkpt>
      <trkpt lat="46.654094" lon="14.649401"><ele>450.16</ele></trkpt>
      <trkpt lat="46.653569" lon="14.649683999999999"><ele>454.7</ele></trkpt>
      <trkpt lat="46.653262" lon="14.649865"><ele>455.79</ele></trkpt>
      <trkpt lat="46.652767" lon="14.650224"><ele>457.95</ele></trkpt>
      <trkpt lat="46.652519999999996" lon="14.650374"><ele>459</ele></trkpt>
      <trkpt lat="46.652192" lon="14.650513"><ele>459.86</ele></trkpt>
      <trkpt lat="46.651855" lon="14.650732999999999"><ele>461.22</ele></trkpt>
      <trkpt lat="46.651494" lon="14.651050999999999"><ele>461.92</ele></trkpt>
      <trkpt lat="46.651078" lon="14.651567"><ele>462.26</ele></trkpt>
      <trkpt lat="46.650752" lon="14.652102"><ele>461.94</ele></trkpt>
      <trkpt lat="46.650417" lon="14.65289"><ele>459.81</ele></trkpt>
      <trkpt lat="46.650276999999996" lon="14.653163999999999"><ele>458.56</ele></trkpt>
      <trkpt lat="46.650061" lon="14.653635999999999"><ele>456.28</ele></trkpt>
      <trkpt lat="46.650011" lon="14.653723"><ele>455.74</ele></trkpt>
      <trkpt lat="46.649946" lon="14.653792999999999"><ele>455.15</ele></trkpt>
      <trkpt lat="46.649682" lon="14.654036"><ele>453.93</ele></trkpt>
      <trkpt lat="46.649651999999996" lon="14.654079"><ele>453.8</ele></trkpt>
      <trkpt lat="46.649637" lon="14.654150999999999"><ele>453.79</ele></trkpt>
      <trkpt lat="46.649642" lon="14.65419"><ele>454.12</ele></trkpt>
      <trkpt lat="46.649727" lon="14.654414"><ele>456.45</ele></trkpt>
      <trkpt lat="46.649744" lon="14.65448"><ele>456.83</ele></trkpt>
      <trkpt lat="46.649746" lon="14.654658999999999"><ele>457.75</ele></trkpt>
      <trkpt lat="46.649713999999996" lon="14.654936999999999"><ele>457.95</ele></trkpt>
      <trkpt lat="46.649693" lon="14.655012999999999"><ele>457.89</ele></trkpt>
      <trkpt lat="46.649668999999996" lon="14.655054999999999"><ele>457.81</ele></trkpt>
      <trkpt lat="46.64962" lon="14.655087"><ele>457.62</ele></trkpt>
      <trkpt lat="46.648987999999996" lon="14.655313999999999"><ele>454.8</ele></trkpt>
      <trkpt lat="46.648804999999996" lon="14.655930999999999"><ele>454.96</ele></trkpt>
      <trkpt lat="46.648804999999996" lon="14.655930999999999"><ele>454.96</ele></trkpt>
      <trkpt lat="46.648685" lon="14.656338"><ele>455.13</ele></trkpt>
      <trkpt lat="46.648637" lon="14.656447"><ele>455.07</ele></trkpt>
      <trkpt lat="46.648292999999995" lon="14.657117999999999"><ele>454.56</ele></trkpt>
      <trkpt lat="46.648073" lon="14.657599999999999"><ele>454.44</ele></trkpt>
      <trkpt lat="46.647611999999995" lon="14.658678"><ele>454.55</ele></trkpt>
      <trkpt lat="46.647484999999996" lon="14.659175"><ele>454.99</ele></trkpt>
      <trkpt lat="46.647233" lon="14.660257"><ele>455.53</ele></trkpt>
      <trkpt lat="46.647107999999996" lon="14.661225"><ele>455.21</ele></trkpt>
      <trkpt lat="46.646906" lon="14.662154"><ele>454.42</ele></trkpt>
      <trkpt lat="46.646823999999995" lon="14.662768999999999"><ele>453.61</ele></trkpt>
      <trkpt lat="46.646795" lon="14.663067"><ele>453.24</ele></trkpt>
      <trkpt lat="46.646785" lon="14.663374"><ele>452.89</ele></trkpt>
      <trkpt lat="46.646859" lon="14.663988999999999"><ele>452.4</ele></trkpt>
      <trkpt lat="46.646857999999995" lon="14.66509"><ele>451.79</ele></trkpt>
      <trkpt lat="46.646797" lon="14.665562999999999"><ele>451.28</ele></trkpt>
      <trkpt lat="46.64671" lon="14.665987999999999"><ele>450.79</ele></trkpt>
      <trkpt lat="46.646179" lon="14.66841"><ele>449.5</ele></trkpt>
      <trkpt lat="46.646127" lon="14.66878"><ele>449.71</ele></trkpt>
      <trkpt lat="46.646113" lon="14.669023999999999"><ele>450.19</ele></trkpt>
      <trkpt lat="46.646066" lon="14.669251"><ele>450.08</ele></trkpt>
      <trkpt lat="46.645961" lon="14.669257"><ele>449.42</ele></trkpt>
      <trkpt lat="46.645723" lon="14.669207"><ele>447.91</ele></trkpt>
      <trkpt lat="46.645617" lon="14.669222"><ele>447.27</ele></trkpt>
      <trkpt lat="46.645478" lon="14.669258999999998"><ele>446.66</ele></trkpt>
      <trkpt lat="46.645361" lon="14.669310999999999"><ele>446.05</ele></trkpt>
      <trkpt lat="46.645216" lon="14.669443"><ele>445.05</ele></trkpt>
      <trkpt lat="46.64514" lon="14.669571999999999"><ele>444.3</ele></trkpt>
      <trkpt lat="46.645033" lon="14.669798"><ele>443.03</ele></trkpt>
      <trkpt lat="46.644953" lon="14.670015999999999"><ele>441.8</ele></trkpt>
      <trkpt lat="46.644891" lon="14.670262999999998"><ele>440.6</ele></trkpt>
      <trkpt lat="46.644836999999995" lon="14.670631"><ele>437.99</ele></trkpt>
      <trkpt lat="46.644844" lon="14.670976999999999"><ele>434.8</ele></trkpt>
      <trkpt lat="46.64503" lon="14.671617"><ele>434.55</ele></trkpt>
      <trkpt lat="46.645067999999995" lon="14.671838"><ele>436.54</ele></trkpt>
      <trkpt lat="46.645063" lon="14.671954999999999"><ele>437.58</ele></trkpt>
      <trkpt lat="46.645001" lon="14.672168"><ele>439.28</ele></trkpt>
      <trkpt lat="46.64478" lon="14.672692999999999"><ele>442.92</ele></trkpt>
      <trkpt lat="46.644701999999995" lon="14.672975999999998"><ele>444.75</ele></trkpt>
      <trkpt lat="46.644666" lon="14.673155999999999"><ele>445.88</ele></trkpt>
      <trkpt lat="46.644642999999995" lon="14.673357999999999"><ele>447.09</ele></trkpt>
      <trkpt lat="46.644639" lon="14.673539"><ele>449.34</ele></trkpt>
      <trkpt lat="46.64467" lon="14.673817"><ele>451.02</ele></trkpt>
      <trkpt lat="46.644701999999995" lon="14.67403"><ele>451.16</ele></trkpt>
      <trkpt lat="46.644752" lon="14.674266"><ele>451.23</ele></trkpt>
      <trkpt lat="46.644836" lon="14.674565"><ele>451.41</ele></trkpt>
      <trkpt lat="46.645061" lon="14.675307"><ele>451.85</ele></trkpt>
      <trkpt lat="46.645084999999995" lon="14.675462999999999"><ele>452.03</ele></trkpt>
      <trkpt lat="46.645094" lon="14.675605"><ele>452.16</ele></trkpt>
      <trkpt lat="46.645089" lon="14.675721"><ele>452.26</ele></trkpt>
      <trkpt lat="46.645035" lon="14.676141"><ele>452.53</ele></trkpt>
      <trkpt lat="46.64503" lon="14.676307999999999"><ele>452.59</ele></trkpt>
      <trkpt lat="46.645047999999996" lon="14.676642999999999"><ele>452.69</ele></trkpt>
      <trkpt lat="46.645103999999996" lon="14.677092"><ele>452.6</ele></trkpt>
      <trkpt lat="46.645146999999994" lon="14.677264999999998"><ele>452.47</ele></trkpt>
      <trkpt lat="46.645210999999996" lon="14.677413"><ele>452.34</ele></trkpt>
      <trkpt lat="46.6455" lon="14.677944"><ele>452.06</ele></trkpt>
      <trkpt lat="46.645582999999995" lon="14.67813"><ele>451.99</ele></trkpt>
      <trkpt lat="46.645655" lon="14.678317"><ele>451.95</ele></trkpt>
      <trkpt lat="46.646127" lon="14.6799"><ele>451.72</ele></trkpt>
      <trkpt lat="46.646235999999995" lon="14.680214"><ele>451.72</ele></trkpt>
      <trkpt lat="46.64637" lon="14.680532"><ele>451.77</ele></trkpt>
      <trkpt lat="46.646681" lon="14.68116"><ele>451.59</ele></trkpt>
      <trkpt lat="46.646724" lon="14.681277999999999"><ele>451.54</ele></trkpt>
      <trkpt lat="46.646743" lon="14.681370999999999"><ele>451.5</ele></trkpt>
      <trkpt lat="46.64675" lon="14.681453999999999"><ele>451.47</ele></trkpt>
      <trkpt lat="46.646747" lon="14.681550999999999"><ele>451.43</ele></trkpt>
      <trkpt lat="46.646721" lon="14.681697"><ele>451.39</ele></trkpt>
      <trkpt lat="46.64669" lon="14.681813"><ele>451.35</ele></trkpt>
      <trkpt lat="46.646637999999996" lon="14.681927"><ele>451.3</ele></trkpt>
      <trkpt lat="46.646378" lon="14.682352"><ele>451.03</ele></trkpt>
      <trkpt lat="46.646256" lon="14.682604"><ele>450.99</ele></trkpt>
      <trkpt lat="46.646169" lon="14.682831"><ele>450.99</ele></trkpt>
      <trkpt lat="46.646088" lon="14.683116"><ele>450.99</ele></trkpt>
      <trkpt lat="46.646032999999996" lon="14.683406999999999"><ele>450.99</ele></trkpt>
      <trkpt lat="46.645944" lon="14.684054999999999"><ele>451.04</ele></trkpt>
      <trkpt lat="46.645877" lon="14.684429"><ele>451.11</ele></trkpt>
      <trkpt lat="46.645528999999996" lon="14.68567"><ele>452</ele></trkpt>
      <trkpt lat="46.645478" lon="14.685796999999999"><ele>452.02</ele></trkpt>
      <trkpt lat="46.645326999999995" lon="14.686098"><ele>451.85</ele></trkpt>
      <trkpt lat="46.645053" lon="14.686783"><ele>451.61</ele></trkpt>
      <trkpt lat="46.644904" lon="14.687287999999999"><ele>451.65</ele></trkpt>
      <trkpt lat="46.644813" lon="14.687990999999998"><ele>451</ele></trkpt>
      <trkpt lat="46.644748" lon="14.6882"><ele>450.96</ele></trkpt>
      <trkpt lat="46.644431" lon="14.688975999999998"><ele>450.91</ele></trkpt>
      <trkpt lat="46.644397" lon="14.689169999999999"><ele>450.83</ele></trkpt>
      <trkpt lat="46.644275" lon="14.689224"><ele>450.52</ele></trkpt>
      <trkpt lat="46.643989999999995" lon="14.689414"><ele>450.57</ele></trkpt>
      <trkpt lat="46.643992999999995" lon="14.689696"><ele>450.39</ele></trkpt>
      <trkpt lat="46.644014999999996" lon="14.689824"><ele>451.01</ele></trkpt>
      <trkpt lat="46.644059999999996" lon="14.689928"><ele>452</ele></trkpt>
      <trkpt lat="46.644197" lon="14.690128999999999"><ele>454.56</ele></trkpt>
      <trkpt lat="46.644231" lon="14.690223"><ele>455.29</ele></trkpt>
      <trkpt lat="46.644242999999996" lon="14.690394999999999"><ele>456.3</ele></trkpt>
      <trkpt lat="46.644238" lon="14.690545"><ele>457.19</ele></trkpt>
      <trkpt lat="46.644216" lon="14.690652"><ele>457.89</ele></trkpt>
      <trkpt lat="46.643702999999995" lon="14.691942"><ele>463.92</ele></trkpt>
      <trkpt lat="46.64362" lon="14.692183"><ele>464.83</ele></trkpt>
      <trkpt lat="46.643575999999996" lon="14.692357999999999"><ele>465.49</ele></trkpt>
      <trkpt lat="46.643543" lon="14.692544"><ele>466.33</ele></trkpt>
      <trkpt lat="46.643535" lon="14.692682"><ele>467.09</ele></trkpt>
      <trkpt lat="46.643541" lon="14.693042"><ele>469.67</ele></trkpt>
      <trkpt lat="46.643530999999996" lon="14.693187"><ele>470.85</ele></trkpt>
      <trkpt lat="46.643507" lon="14.693354"><ele>472.32</ele></trkpt>
      <trkpt lat="46.643386" lon="14.693840999999999"><ele>477.27</ele></trkpt>
      <trkpt lat="46.643288" lon="14.694296999999999"><ele>481.89</ele></trkpt>
      <trkpt lat="46.643262" lon="14.694471"><ele>483.39</ele></trkpt>
      <trkpt lat="46.643229" lon="14.695177"><ele>487.11</ele></trkpt>
      <trkpt lat="46.643201" lon="14.69544"><ele>487.84</ele></trkpt>
      <trkpt lat="46.643074" lon="14.696244"><ele>488.91</ele></trkpt>
      <trkpt lat="46.643066" lon="14.696489"><ele>489.5</ele></trkpt>
      <trkpt lat="46.643015" lon="14.696916"><ele>490.29</ele></trkpt>
      <trkpt lat="46.642965" lon="14.697146"><ele>490.02</ele></trkpt>
      <trkpt lat="46.642916" lon="14.697256999999999"><ele>489.75</ele></trkpt>
      <trkpt lat="46.642857" lon="14.697358999999999"><ele>489.37</ele></trkpt>
      <trkpt lat="46.642682" lon="14.697583999999999"><ele>488.61</ele></trkpt>
      <trkpt lat="46.642469" lon="14.697764999999999"><ele>487.34</ele></trkpt>
      <trkpt lat="46.642049" lon="14.698043"><ele>484.42</ele></trkpt>
      <trkpt lat="46.641954" lon="14.698138"><ele>483.72</ele></trkpt>
      <trkpt lat="46.641881" lon="14.698250999999999"><ele>483.16</ele></trkpt>
      <trkpt lat="46.641768" lon="14.698456"><ele>482.1</ele></trkpt>
      <trkpt lat="46.641666" lon="14.698675999999999"><ele>481.01</ele></trkpt>
      <trkpt lat="46.641521" lon="14.699060999999999"><ele>480.79</ele></trkpt>
      <trkpt lat="46.641514" lon="14.699162999999999"><ele>480.89</ele></trkpt>
      <trkpt lat="46.641545" lon="14.699254999999999"><ele>481.36</ele></trkpt>
      <trkpt lat="46.641866" lon="14.699710999999999"><ele>484.47</ele></trkpt>
      <trkpt lat="46.64328" lon="14.701578"><ele>489.33</ele></trkpt>
      <trkpt lat="46.643516" lon="14.701929"><ele>490.22</ele></trkpt>
      <trkpt lat="46.643957" lon="14.702717"><ele>491.51</ele></trkpt>
      <trkpt lat="46.644051" lon="14.702824"><ele>491.64</ele></trkpt>
      <trkpt lat="46.644224" lon="14.702978"><ele>491.92</ele></trkpt>
      <trkpt lat="46.644348" lon="14.703202999999998"><ele>492.14</ele></trkpt>
      <trkpt lat="46.6447" lon="14.703673"><ele>492.51</ele></trkpt>
      <trkpt lat="46.644822999999995" lon="14.703807"><ele>492.7</ele></trkpt>
      <trkpt lat="46.644940999999996" lon="14.70397"><ele>492.95</ele></trkpt>
      <trkpt lat="46.64527" lon="14.704543999999999"><ele>494.12</ele></trkpt>
      <trkpt lat="46.645433" lon="14.704884999999999"><ele>495.13</ele></trkpt>
      <trkpt lat="46.64555" lon="14.705183"><ele>495.94</ele></trkpt>
      <trkpt lat="46.64562" lon="14.705316999999999"><ele>496.31</ele></trkpt>
      <trkpt lat="46.645708" lon="14.705433999999999"><ele>496.69</ele></trkpt>
      <trkpt lat="46.646018999999995" lon="14.705751"><ele>497.77</ele></trkpt>
      <trkpt lat="46.646083999999995" lon="14.705846999999999"><ele>498</ele></trkpt>
      <trkpt lat="46.646384999999995" lon="14.706373999999999"><ele>499.11</ele></trkpt>
      <trkpt lat="46.646659" lon="14.706816"><ele>500.11</ele></trkpt>
      <trkpt lat="46.646806" lon="14.707120999999999"><ele>500.72</ele></trkpt>
      <trkpt lat="46.646938" lon="14.707441"><ele>501.36</ele></trkpt>
      <trkpt lat="46.647138999999996" lon="14.707986"><ele>502.13</ele></trkpt>
      <trkpt lat="46.647219" lon="14.708165"><ele>502.28</ele></trkpt>
      <trkpt lat="46.647278" lon="14.708288999999999"><ele>502.48</ele></trkpt>
      <trkpt lat="46.647548" lon="14.708718999999999"><ele>502.38</ele></trkpt>
      <trkpt lat="46.647602" lon="14.708851999999998"><ele>501.82</ele></trkpt>
      <trkpt lat="46.647597" lon="14.708959"><ele>501.74</ele></trkpt>
      <trkpt lat="46.647577" lon="14.709022"><ele>501.79</ele></trkpt>
      <trkpt lat="46.647455" lon="14.709306999999999"><ele>501.43</ele></trkpt>
      <trkpt lat="46.647417" lon="14.709422"><ele>501.09</ele></trkpt>
      <trkpt lat="46.647362" lon="14.709655999999999"><ele>500.34</ele></trkpt>
      <trkpt lat="46.647130999999995" lon="14.711058"><ele>495.78</ele></trkpt>
      <trkpt lat="46.647089" lon="14.711419"><ele>494.97</ele></trkpt>
      <trkpt lat="46.647088" lon="14.711502"><ele>494.82</ele></trkpt>
      <trkpt lat="46.647118" lon="14.711784999999999"><ele>494.43</ele></trkpt>
      <trkpt lat="46.647127" lon="14.711951"><ele>494.22</ele></trkpt>
      <trkpt lat="46.647109" lon="14.712297999999999"><ele>493.8</ele></trkpt>
      <trkpt lat="46.647112" lon="14.712539999999999"><ele>493.72</ele></trkpt>
      <trkpt lat="46.647124" lon="14.712703999999999"><ele>493.71</ele></trkpt>
      <trkpt lat="46.647152999999996" lon="14.712893"><ele>493.45</ele></trkpt>
      <trkpt lat="46.647234" lon="14.713199"><ele>492.48</ele></trkpt>
      <trkpt lat="46.64729" lon="14.713187999999999"><ele>492.51</ele></trkpt>
      <trkpt lat="46.647343" lon="14.713192999999999"><ele>492.47</ele></trkpt>
      <trkpt lat="46.647431999999995" lon="14.713223"><ele>492.32</ele></trkpt>
      <trkpt lat="46.647506" lon="14.713270999999999"><ele>492.2</ele></trkpt>
      <trkpt lat="46.647577999999996" lon="14.713334"><ele>492.09</ele></trkpt>
      <trkpt lat="46.647675" lon="14.713443999999999"><ele>491.9</ele></trkpt>
      <trkpt lat="46.648272999999996" lon="14.714354"><ele>490.08</ele></trkpt>
      <trkpt lat="46.648512" lon="14.714592"><ele>489.43</ele></trkpt>
      <trkpt lat="46.648782999999995" lon="14.714808999999999"><ele>488.78</ele></trkpt>
      <trkpt lat="46.649094" lon="14.714972"><ele>488.05</ele></trkpt>
      <trkpt lat="46.649373" lon="14.715064"><ele>487.51</ele></trkpt>
      <trkpt lat="46.649736999999995" lon="14.715095"><ele>486.84</ele></trkpt>
      <trkpt lat="46.649856" lon="14.71516"><ele>486.65</ele></trkpt>
      <trkpt lat="46.65004" lon="14.715371"><ele>487.28</ele></trkpt>
      <trkpt lat="46.649958999999996" lon="14.715622999999999"><ele>486.8</ele></trkpt>
      <trkpt lat="46.650363" lon="14.715888999999999"><ele>488.36</ele></trkpt>
      <trkpt lat="46.650782" lon="14.716135"><ele>488.26</ele></trkpt>
      <trkpt lat="46.650938" lon="14.716187"><ele>488.13</ele></trkpt>
      <trkpt lat="46.651073" lon="14.716163"><ele>487.8</ele></trkpt>
      <trkpt lat="46.651374" lon="14.715983999999999"><ele>487</ele></trkpt>
      <trkpt lat="46.651469999999996" lon="14.715962999999999"><ele>487.19</ele></trkpt>
      <trkpt lat="46.651579" lon="14.715971"><ele>487.46</ele></trkpt>
      <trkpt lat="46.651703999999995" lon="14.716031999999998"><ele>488.12</ele></trkpt>
      <trkpt lat="46.652119" lon="14.716332999999999"><ele>491.99</ele></trkpt>
      <trkpt lat="46.652834" lon="14.716512999999999"><ele>496.33</ele></trkpt>
      <trkpt lat="46.653838" lon="14.716811"><ele>497.38</ele></trkpt>
      <trkpt lat="46.654163999999994" lon="14.716940999999998"><ele>497.01</ele></trkpt>
      <trkpt lat="46.654129" lon="14.717151999999999"><ele>496.25</ele></trkpt>
      <trkpt lat="46.653951" lon="14.718416999999999"><ele>491.88</ele></trkpt>
      <trkpt lat="46.653926" lon="14.718689999999999"><ele>491.03</ele></trkpt>
      <trkpt lat="46.653921999999994" lon="14.719368999999999"><ele>489.19</ele></trkpt>
      <trkpt lat="46.653929999999995" lon="14.719595"><ele>488.46</ele></trkpt>
      <trkpt lat="46.653966" lon="14.720028"><ele>487.19</ele></trkpt>
      <trkpt lat="46.654002" lon="14.720286999999999"><ele>486.36</ele></trkpt>
      <trkpt lat="46.654067999999995" lon="14.720626"><ele>485.64</ele></trkpt>
      <trkpt lat="46.654149" lon="14.720763"><ele>485.86</ele></trkpt>
      <trkpt lat="46.654509999999995" lon="14.721146"><ele>485.9</ele></trkpt>
      <trkpt lat="46.654387" lon="14.721333999999999"><ele>485.15</ele></trkpt>
      <trkpt lat="46.654364" lon="14.721397"><ele>484.91</ele></trkpt>
      <trkpt lat="46.654298" lon="14.721639999999999"><ele>483.45</ele></trkpt>
      <trkpt lat="46.654212" lon="14.721788"><ele>482.33</ele></trkpt>
      <trkpt lat="46.654072" lon="14.721941999999999"><ele>480.03</ele></trkpt>
      <trkpt lat="46.653745" lon="14.722337999999999"><ele>477.78</ele></trkpt>
      <trkpt lat="46.653675" lon="14.722408999999999"><ele>477.71</ele></trkpt>
      <trkpt lat="46.653608" lon="14.722444"><ele>477.66</ele></trkpt>
      <trkpt lat="46.653306" lon="14.722503"><ele>477.48</ele></trkpt>
      <trkpt lat="46.653175" lon="14.722551"><ele>477.56</ele></trkpt>
      <trkpt lat="46.653101" lon="14.722605"><ele>477.7</ele></trkpt>
      <trkpt lat="46.653028" lon="14.722676"><ele>477.89</ele></trkpt>
      <trkpt lat="46.652778999999995" lon="14.722978999999999"><ele>478.55</ele></trkpt>
      <trkpt lat="46.652632" lon="14.723201"><ele>478.85</ele></trkpt>
      <trkpt lat="46.652468999999996" lon="14.723467"><ele>479.01</ele></trkpt>
      <trkpt lat="46.652243999999996" lon="14.723898"><ele>479.52</ele></trkpt>
      <trkpt lat="46.652138" lon="14.724131999999999"><ele>479.82</ele></trkpt>
      <trkpt lat="46.65211" lon="14.724203999999999"><ele>479.93</ele></trkpt>
      <trkpt lat="46.652010999999995" lon="14.724566"><ele>480.59</ele></trkpt>
      <trkpt lat="46.651931" lon="14.724934999999999"><ele>481.36</ele></trkpt>
      <trkpt lat="46.651888" lon="14.725024"><ele>481.6</ele></trkpt>
      <trkpt lat="46.651834" lon="14.725095999999999"><ele>481.85</ele></trkpt>
      <trkpt lat="46.651778" lon="14.725145"><ele>482.05</ele></trkpt>
      <trkpt lat="46.651669" lon="14.725206"><ele>482.37</ele></trkpt>
      <trkpt lat="46.651137" lon="14.725434"><ele>483.72</ele></trkpt>
      <trkpt lat="46.65103" lon="14.725501"><ele>483.8</ele></trkpt>
      <trkpt lat="46.650968999999996" lon="14.725553999999999"><ele>483.9</ele></trkpt>
      <trkpt lat="46.650869" lon="14.725733"><ele>484.46</ele></trkpt>
      <trkpt lat="46.650748" lon="14.726137999999999"><ele>487.5</ele></trkpt>
      <trkpt lat="46.650348" lon="14.725873"><ele>488.77</ele></trkpt>
      <trkpt lat="46.650217" lon="14.725859"><ele>489.46</ele></trkpt>
      <trkpt lat="46.650146" lon="14.725868"><ele>489.84</ele></trkpt>
      <trkpt lat="46.649657" lon="14.72602"><ele>492.43</ele></trkpt>
      <trkpt lat="46.649127" lon="14.726037"><ele>495.21</ele></trkpt>
      <trkpt lat="46.648989" lon="14.726064"><ele>495.8</ele></trkpt>
      <trkpt lat="46.648782" lon="14.726149999999999"><ele>496.64</ele></trkpt>
      <trkpt lat="46.648463" lon="14.726344"><ele>497.84</ele></trkpt>
      <trkpt lat="46.648202999999995" lon="14.726467"><ele>498.53</ele></trkpt>
      <trkpt lat="46.647937" lon="14.726522"><ele>499.17</ele></trkpt>
      <trkpt lat="46.647535" lon="14.726507"><ele>499.95</ele></trkpt>
      <trkpt lat="46.647335999999996" lon="14.726512"><ele>499.67</ele></trkpt>
      <trkpt lat="46.647109" lon="14.726531999999999"><ele>499.65</ele></trkpt>
      <trkpt lat="46.646867" lon="14.726579999999998"><ele>500.13</ele></trkpt>
      <trkpt lat="46.646733" lon="14.726628"><ele>500.23</ele></trkpt>
      <trkpt lat="46.646618" lon="14.726694"><ele>500.32</ele></trkpt>
      <trkpt lat="46.646488999999995" lon="14.726787999999999"><ele>500.47</ele></trkpt>
      <trkpt lat="46.646103" lon="14.727146"><ele>500.8</ele></trkpt>
      <trkpt lat="46.645976999999995" lon="14.727248"><ele>500.79</ele></trkpt>
      <trkpt lat="46.645911" lon="14.727281"><ele>500.64</ele></trkpt>
      <trkpt lat="46.645827" lon="14.727286"><ele>500.42</ele></trkpt>
      <trkpt lat="46.645733" lon="14.727272999999999"><ele>499.97</ele></trkpt>
      <trkpt lat="46.645593" lon="14.727217"><ele>499.12</ele></trkpt>
      <trkpt lat="46.645384" lon="14.727103"><ele>498</ele></trkpt>
      <trkpt lat="46.645064999999995" lon="14.726956"><ele>496.6</ele></trkpt>
      <trkpt lat="46.644788999999996" lon="14.726897999999998"><ele>495.42</ele></trkpt>
      <trkpt lat="46.644647" lon="14.726899"><ele>494.89</ele></trkpt>
      <trkpt lat="46.64447" lon="14.726934"><ele>494.27</ele></trkpt>
      <trkpt lat="46.644281" lon="14.726992"><ele>493.51</ele></trkpt>
      <trkpt lat="46.64391" lon="14.727158"><ele>492.08</ele></trkpt>
      <trkpt lat="46.64348" lon="14.727416"><ele>491.06</ele></trkpt>
      <trkpt lat="46.643099" lon="14.727613"><ele>487.43</ele></trkpt>
      <trkpt lat="46.642992" lon="14.72768"><ele>486.31</ele></trkpt>
      <trkpt lat="46.642801999999996" lon="14.727844999999999"><ele>484.45</ele></trkpt>
      <trkpt lat="46.642686999999995" lon="14.727998999999999"><ele>483.12</ele></trkpt>
      <trkpt lat="46.642607999999996" lon="14.728149"><ele>482.06</ele></trkpt>
      <trkpt lat="46.642463" lon="14.728482999999999"><ele>480.12</ele></trkpt>
      <trkpt lat="46.642299" lon="14.728895999999999"><ele>478.39</ele></trkpt>
      <trkpt lat="46.642224" lon="14.729121999999998"><ele>477.68</ele></trkpt>
      <trkpt lat="46.642176" lon="14.72935"><ele>477.12</ele></trkpt>
      <trkpt lat="46.642092999999996" lon="14.729944"><ele>476.09</ele></trkpt>
      <trkpt lat="46.642067" lon="14.730055"><ele>475.91</ele></trkpt>
      <trkpt lat="46.642005999999995" lon="14.730220999999998"><ele>475.56</ele></trkpt>
      <trkpt lat="46.641960999999995" lon="14.730293999999999"><ele>475.34</ele></trkpt>
      <trkpt lat="46.641901999999995" lon="14.730353"><ele>475.06</ele></trkpt>
      <trkpt lat="46.641847999999996" lon="14.73039"><ele>474.8</ele></trkpt>
      <trkpt lat="46.641763" lon="14.730419999999999"><ele>474.41</ele></trkpt>
      <trkpt lat="46.641459999999995" lon="14.730421"><ele>473.05</ele></trkpt>
      <trkpt lat="46.64136" lon="14.730436"><ele>472.57</ele></trkpt>
      <trkpt lat="46.641270999999996" lon="14.730487"><ele>472.15</ele></trkpt>
      <trkpt lat="46.641237" lon="14.730532"><ele>471.9</ele></trkpt>
      <trkpt lat="46.641200999999995" lon="14.730601"><ele>471.55</ele></trkpt>
      <trkpt lat="46.641117" lon="14.730882"><ele>470.21</ele></trkpt>
      <trkpt lat="46.641076" lon="14.731074"><ele>469.93</ele></trkpt>
      <trkpt lat="46.641059" lon="14.731195999999999"><ele>469.8</ele></trkpt>
      <trkpt lat="46.641056999999996" lon="14.731396"><ele>470.01</ele></trkpt>
      <trkpt lat="46.641121" lon="14.732334"><ele>468.31</ele></trkpt>
      <trkpt lat="46.641304" lon="14.733578"><ele>465.05</ele></trkpt>
      <trkpt lat="46.641366" lon="14.733948999999999"><ele>464.03</ele></trkpt>
      <trkpt lat="46.641396" lon="14.734064"><ele>463.75</ele></trkpt>
      <trkpt lat="46.641435" lon="14.734176999999999"><ele>463.4</ele></trkpt>
      <trkpt lat="46.641645" lon="14.734454"><ele>463.58</ele></trkpt>
      <trkpt lat="46.641779" lon="14.734553"><ele>464.19</ele></trkpt>
      <trkpt lat="46.641844" lon="14.73457"><ele>464.59</ele></trkpt>
      <trkpt lat="46.64217" lon="14.734561999999999"><ele>467.04</ele></trkpt>
      <trkpt lat="46.642238" lon="14.734573"><ele>467.5</ele></trkpt>
      <trkpt lat="46.642286999999996" lon="14.734599"><ele>467.86</ele></trkpt>
      <trkpt lat="46.64233" lon="14.734648"><ele>468.24</ele></trkpt>
      <trkpt lat="46.642399" lon="14.734769"><ele>468.99</ele></trkpt>
      <trkpt lat="46.642599" lon="14.735206999999999"><ele>472.09</ele></trkpt>
      <trkpt lat="46.64266" lon="14.735408"><ele>472.78</ele></trkpt>
      <trkpt lat="46.642692" lon="14.735633"><ele>472.76</ele></trkpt>
      <trkpt lat="46.642696" lon="14.736042999999999"><ele>472.67</ele></trkpt>
      <trkpt lat="46.642727" lon="14.736424999999999"><ele>472.43</ele></trkpt>
      <trkpt lat="46.642762" lon="14.736701"><ele>472.35</ele></trkpt>
      <trkpt lat="46.642778" lon="14.736896999999999"><ele>472.2</ele></trkpt>
      <trkpt lat="46.642783" lon="14.737081"><ele>472</ele></trkpt>
      <trkpt lat="46.642756999999996" lon="14.73726"><ele>471.76</ele></trkpt>
      <trkpt lat="46.642617" lon="14.737831"><ele>470.55</ele></trkpt>
      <trkpt lat="46.642568" lon="14.738168"><ele>469.32</ele></trkpt>
      <trkpt lat="46.642513" lon="14.738465999999999"><ele>468.16</ele></trkpt>
      <trkpt lat="46.642396999999995" lon="14.738947999999999"><ele>466.65</ele></trkpt>
      <trkpt lat="46.642351999999995" lon="14.739287"><ele>466.02</ele></trkpt>
      <trkpt lat="46.64236" lon="14.739929"><ele>465.95</ele></trkpt>
      <trkpt lat="46.642382999999995" lon="14.740642999999999"><ele>465.84</ele></trkpt>
      <trkpt lat="46.642373" lon="14.74076"><ele>465.65</ele></trkpt>
      <trkpt lat="46.642351999999995" lon="14.740843"><ele>465.48</ele></trkpt>
      <trkpt lat="46.642126999999995" lon="14.741093"><ele>464.53</ele></trkpt>
      <trkpt lat="46.641951" lon="14.741489999999999"><ele>463.12</ele></trkpt>
      <trkpt lat="46.641602999999996" lon="14.742512"><ele>460.77</ele></trkpt>
      <trkpt lat="46.641276" lon="14.743046"><ele>459.97</ele></trkpt>
      <trkpt lat="46.641169999999995" lon="14.743361"><ele>459.63</ele></trkpt>
      <trkpt lat="46.641062" lon="14.744413"><ele>458.82</ele></trkpt>
      <trkpt lat="46.640888" lon="14.74537"><ele>458.25</ele></trkpt>
      <trkpt lat="46.640667" lon="14.747401"><ele>457.26</ele></trkpt>
      <trkpt lat="46.640529" lon="14.74842"><ele>457.55</ele></trkpt>
      <trkpt lat="46.640366" lon="14.749255999999999"><ele>457.99</ele></trkpt>
      <trkpt lat="46.639933" lon="14.750824999999999"><ele>459.72</ele></trkpt>
      <trkpt lat="46.639894" lon="14.751009"><ele>459.94</ele></trkpt>
      <trkpt lat="46.639860999999996" lon="14.751346"><ele>460.77</ele></trkpt>
      <trkpt lat="46.639908999999996" lon="14.751493"><ele>461.72</ele></trkpt>
      <trkpt lat="46.640004999999995" lon="14.751596999999999"><ele>462.45</ele></trkpt>
      <trkpt lat="46.640366" lon="14.751932"><ele>462.58</ele></trkpt>
      <trkpt lat="46.640423" lon="14.75203"><ele>462.72</ele></trkpt>
      <trkpt lat="46.640471" lon="14.752168999999999"><ele>463.26</ele></trkpt>
      <trkpt lat="46.640349" lon="14.753069"><ele>463.47</ele></trkpt>
      <trkpt lat="46.640305999999995" lon="14.753667"><ele>463.56</ele></trkpt>
      <trkpt lat="46.640308999999995" lon="14.754258"><ele>463.65</ele></trkpt>
      <trkpt lat="46.640374" lon="14.754788"><ele>463.78</ele></trkpt>
      <trkpt lat="46.640372" lon="14.755163999999999"><ele>463.91</ele></trkpt>
      <trkpt lat="46.640344999999996" lon="14.755531999999999"><ele>464.14</ele></trkpt>
      <trkpt lat="46.64027" lon="14.755944"><ele>464.44</ele></trkpt>
      <trkpt lat="46.640132" lon="14.756355999999998"><ele>464.82</ele></trkpt>
      <trkpt lat="46.640083999999995" lon="14.756592"><ele>465.05</ele></trkpt>
      <trkpt lat="46.640097999999995" lon="14.756924"><ele>465.46</ele></trkpt>
      <trkpt lat="46.640156" lon="14.757277"><ele>466.77</ele></trkpt>
      <trkpt lat="46.64024" lon="14.757691"><ele>467.56</ele></trkpt>
      <trkpt lat="46.640612" lon="14.758633"><ele>469.24</ele></trkpt>
      <trkpt lat="46.640844" lon="14.759246999999998"><ele>470.65</ele></trkpt>
      <trkpt lat="46.641436" lon="14.760252999999999"><ele>472.08</ele></trkpt>
      <trkpt lat="46.641666" lon="14.760591999999999"><ele>472.24</ele></trkpt>
      <trkpt lat="46.641793" lon="14.760679999999999"><ele>472.26</ele></trkpt>
      <trkpt lat="46.642221" lon="14.760879"><ele>472.13</ele></trkpt>
      <trkpt lat="46.642489999999995" lon="14.761059999999999"><ele>471.96</ele></trkpt>
      <trkpt lat="46.64263" lon="14.761204999999999"><ele>471.9</ele></trkpt>
      <trkpt lat="46.642742999999996" lon="14.761374"><ele>471.83</ele></trkpt>
      <trkpt lat="46.642927" lon="14.76173"><ele>471.57</ele></trkpt>
      <trkpt lat="46.642998999999996" lon="14.761890999999999"><ele>471.38</ele></trkpt>
      <trkpt lat="46.643077" lon="14.762132"><ele>471.05</ele></trkpt>
      <trkpt lat="46.643223" lon="14.763513999999999"><ele>468.14</ele></trkpt>
      <trkpt lat="46.643322999999995" lon="14.764429"><ele>466.04</ele></trkpt>
      <trkpt lat="46.643463999999994" lon="14.765896"><ele>462.24</ele></trkpt>
      <trkpt lat="46.643527" lon="14.766172"><ele>461.5</ele></trkpt>
      <trkpt lat="46.643632" lon="14.766357"><ele>460.99</ele></trkpt>
      <trkpt lat="46.643864" lon="14.766527"><ele>460.34</ele></trkpt>
      <trkpt lat="46.644341" lon="14.766547999999998"><ele>459.92</ele></trkpt>
      <trkpt lat="46.645072" lon="14.766547999999998"><ele>460.43</ele></trkpt>
      <trkpt lat="46.645944" lon="14.76661"><ele>461.86</ele></trkpt>
      <trkpt lat="46.646291" lon="14.766663"><ele>462.19</ele></trkpt>
      <trkpt lat="46.646625" lon="14.766748999999999"><ele>462.17</ele></trkpt>
      <trkpt lat="46.647295" lon="14.766883"><ele>461.74</ele></trkpt>
      <trkpt lat="46.648219" lon="14.766947"><ele>462.28</ele></trkpt>
      <trkpt lat="46.649392999999996" lon="14.767011"><ele>461.74</ele></trkpt>
      <trkpt lat="46.649651999999996" lon="14.767043999999999"><ele>461.55</ele></trkpt>
      <trkpt lat="46.650326" lon="14.767197999999999"><ele>462.18</ele></trkpt>
      <trkpt lat="46.65042" lon="14.767177"><ele>462.33</ele></trkpt>
      <trkpt lat="46.650726" lon="14.766993999999999"><ele>463.68</ele></trkpt>
      <trkpt lat="46.650844" lon="14.766986"><ele>463.84</ele></trkpt>
      <trkpt lat="46.65092" lon="14.767026"><ele>462.66</ele></trkpt>
      <trkpt lat="46.651227" lon="14.767285999999999"><ele>460.77</ele></trkpt>
      <trkpt lat="46.651557" lon="14.767491999999999"><ele>461.83</ele></trkpt>
      <trkpt lat="46.651934" lon="14.767655"><ele>461.41</ele></trkpt>
      <trkpt lat="46.652421" lon="14.767932"><ele>460.96</ele></trkpt>
      <trkpt lat="46.652882" lon="14.768275"><ele>460.96</ele></trkpt>
      <trkpt lat="46.653106" lon="14.768409"><ele>461.07</ele></trkpt>
      <trkpt lat="46.65333" lon="14.768505999999999"><ele>461.24</ele></trkpt>
      <trkpt lat="46.653786" lon="14.768604"><ele>461.48</ele></trkpt>
      <trkpt lat="46.654253" lon="14.768638999999999"><ele>461.75</ele></trkpt>
      <trkpt lat="46.654737" lon="14.768742999999999"><ele>461.36</ele></trkpt>
      <trkpt lat="46.655024" lon="14.769057"><ele>459.99</ele></trkpt>
      <trkpt lat="46.655193999999995" lon="14.769200999999999"><ele>459.68</ele></trkpt>
      <trkpt lat="46.655358" lon="14.769247"><ele>460</ele></trkpt>
      <trkpt lat="46.655276" lon="14.769616"><ele>457.15</ele></trkpt>
      <trkpt lat="46.655173" lon="14.769938999999999"><ele>454.98</ele></trkpt>
      <trkpt lat="46.655032999999996" lon="14.770227"><ele>452.74</ele></trkpt>
      <trkpt lat="46.654855999999995" lon="14.770493"><ele>451.24</ele></trkpt>
      <trkpt lat="46.654607999999996" lon="14.770752"><ele>448.94</ele></trkpt>
      <trkpt lat="46.654368" lon="14.770887"><ele>447.3</ele></trkpt>
      <trkpt lat="46.654233" lon="14.770942"><ele>446.28</ele></trkpt>
      <trkpt lat="46.654098999999995" lon="14.770966"><ele>445.53</ele></trkpt>
      <trkpt lat="46.653828999999995" lon="14.770983"><ele>444.36</ele></trkpt>
      <trkpt lat="46.65362" lon="14.770973"><ele>444.18</ele></trkpt>
      <trkpt lat="46.653514" lon="14.770952"><ele>444.5</ele></trkpt>
      <trkpt lat="46.653369" lon="14.770897999999999"><ele>445.07</ele></trkpt>
      <trkpt lat="46.65323" lon="14.770791"><ele>446.01</ele></trkpt>
      <trkpt lat="46.65307" lon="14.770629"><ele>446.52</ele></trkpt>
      <trkpt lat="46.652941" lon="14.770470999999999"><ele>447.36</ele></trkpt>
      <trkpt lat="46.652749" lon="14.770284"><ele>447.15</ele></trkpt>
      <trkpt lat="46.652395999999996" lon="14.770059999999999"><ele>448.83</ele></trkpt>
      <trkpt lat="46.652035" lon="14.769947"><ele>450.59</ele></trkpt>
      <trkpt lat="46.651863999999996" lon="14.769941999999999"><ele>451.46</ele></trkpt>
      <trkpt lat="46.651685" lon="14.769967999999999"><ele>452.47</ele></trkpt>
      <trkpt lat="46.651337" lon="14.770126999999999"><ele>454.46</ele></trkpt>
      <trkpt lat="46.651004" lon="14.770249999999999"><ele>456.37</ele></trkpt>
      <trkpt lat="46.650832" lon="14.770294"><ele>457.18</ele></trkpt>
      <trkpt lat="46.650656999999995" lon="14.770304999999999"><ele>457.83</ele></trkpt>
      <trkpt lat="46.650614999999995" lon="14.770396"><ele>458.56</ele></trkpt>
      <trkpt lat="46.650538999999995" lon="14.770432"><ele>458.92</ele></trkpt>
      <trkpt lat="46.650343" lon="14.770425"><ele>459.29</ele></trkpt>
      <trkpt lat="46.649867" lon="14.770439999999999"><ele>459.83</ele></trkpt>
      <trkpt lat="46.649730999999996" lon="14.770462"><ele>459.98</ele></trkpt>
      <trkpt lat="46.649553" lon="14.770594"><ele>460.19</ele></trkpt>
      <trkpt lat="46.649029" lon="14.770895999999999"><ele>461.11</ele></trkpt>
      <trkpt lat="46.648672999999995" lon="14.771116"><ele>461.03</ele></trkpt>
      <trkpt lat="46.648149" lon="14.771398999999999"><ele>461.04</ele></trkpt>
      <trkpt lat="46.646676" lon="14.772063"><ele>462.57</ele></trkpt>
      <trkpt lat="46.64635" lon="14.772255999999999"><ele>463.69</ele></trkpt>
      <trkpt lat="46.645993" lon="14.77257"><ele>465.32</ele></trkpt>
      <trkpt lat="46.645292999999995" lon="14.773081999999999"><ele>469.2</ele></trkpt>
      <trkpt lat="46.645205" lon="14.773219999999998"><ele>469.82</ele></trkpt>
      <trkpt lat="46.644957999999995" lon="14.77327"><ele>469.18</ele></trkpt>
      <trkpt lat="46.644853999999995" lon="14.773171"><ele>468.55</ele></trkpt>
      <trkpt lat="46.644227" lon="14.773387999999999"><ele>469.65</ele></trkpt>
      <trkpt lat="46.643936" lon="14.773544999999999"><ele>470.23</ele></trkpt>
      <trkpt lat="46.643512" lon="14.773838999999999"><ele>471.02</ele></trkpt>
      <trkpt lat="46.642727" lon="14.774469"><ele>471.83</ele></trkpt>
      <trkpt lat="46.642156" lon="14.774846"><ele>472.27</ele></trkpt>
      <trkpt lat="46.640875" lon="14.775642999999999"><ele>472.9</ele></trkpt>
      <trkpt lat="46.640206" lon="14.776093"><ele>472.92</ele></trkpt>
      <trkpt lat="46.639461999999995" lon="14.77665"><ele>472.86</ele></trkpt>
      <trkpt lat="46.638785" lon="14.777192999999999"><ele>472.59</ele></trkpt>
      <trkpt lat="46.637889" lon="14.777861"><ele>472.94</ele></trkpt>
      <trkpt lat="46.636708" lon="14.778822"><ele>470.37</ele></trkpt>
      <trkpt lat="46.636424999999996" lon="14.779150999999999"><ele>469.94</ele></trkpt>
      <trkpt lat="46.636176" lon="14.779544999999999"><ele>469.48</ele></trkpt>
      <trkpt lat="46.635995" lon="14.78"><ele>469.2</ele></trkpt>
      <trkpt lat="46.635777" lon="14.780778"><ele>468.64</ele></trkpt>
      <trkpt lat="46.635633999999996" lon="14.781336"><ele>468.39</ele></trkpt>
      <trkpt lat="46.635546999999995" lon="14.781706"><ele>468.24</ele></trkpt>
      <trkpt lat="46.635469" lon="14.782095"><ele>468.13</ele></trkpt>
      <trkpt lat="46.635422" lon="14.782385"><ele>468.08</ele></trkpt>
      <trkpt lat="46.635382" lon="14.78272"><ele>468.19</ele></trkpt>
      <trkpt lat="46.635363999999996" lon="14.782948999999999"><ele>468.23</ele></trkpt>
      <trkpt lat="46.635355" lon="14.783375999999999"><ele>468.25</ele></trkpt>
      <trkpt lat="46.635360999999996" lon="14.783647"><ele>468.25</ele></trkpt>
      <trkpt lat="46.635383" lon="14.783894"><ele>468.29</ele></trkpt>
      <trkpt lat="46.635413" lon="14.784118"><ele>468.34</ele></trkpt>
      <trkpt lat="46.635448" lon="14.784315999999999"><ele>468.38</ele></trkpt>
      <trkpt lat="46.635493" lon="14.784542"><ele>468.42</ele></trkpt>
      <trkpt lat="46.635543" lon="14.784735999999999"><ele>468.46</ele></trkpt>
      <trkpt lat="46.635622" lon="14.784996"><ele>468.63</ele></trkpt>
      <trkpt lat="46.635734" lon="14.785299"><ele>469.03</ele></trkpt>
      <trkpt lat="46.635844" lon="14.785549999999999"><ele>469.57</ele></trkpt>
      <trkpt lat="46.635979" lon="14.785817999999999"><ele>470.17</ele></trkpt>
      <trkpt lat="46.636195" lon="14.786140999999999"><ele>471.39</ele></trkpt>
      <trkpt lat="46.636297" lon="14.786256999999999"><ele>472.01</ele></trkpt>
      <trkpt lat="46.636419" lon="14.786359"><ele>472.7</ele></trkpt>
      <trkpt lat="46.636536" lon="14.786430999999999"><ele>473.26</ele></trkpt>
      <trkpt lat="46.636669999999995" lon="14.786491"><ele>473.78</ele></trkpt>
      <trkpt lat="46.636786" lon="14.786518"><ele>474.13</ele></trkpt>
      <trkpt lat="46.636902" lon="14.786532"><ele>474.42</ele></trkpt>
      <trkpt lat="46.636998999999996" lon="14.786529999999999"><ele>474.64</ele></trkpt>
      <trkpt lat="46.637158" lon="14.786505"><ele>474.95</ele></trkpt>
      <trkpt lat="46.637668" lon="14.786354999999999"><ele>475.13</ele></trkpt>
      <trkpt lat="46.637898" lon="14.786328999999999"><ele>475.08</ele></trkpt>
      <trkpt lat="46.638013" lon="14.786344999999999"><ele>475.05</ele></trkpt>
      <trkpt lat="46.638169" lon="14.786387"><ele>475.05</ele></trkpt>
      <trkpt lat="46.638292" lon="14.786442"><ele>475.06</ele></trkpt>
      <trkpt lat="46.638397" lon="14.786501999999999"><ele>475.06</ele></trkpt>
      <trkpt lat="46.638548" lon="14.786643999999999"><ele>475.06</ele></trkpt>
      <trkpt lat="46.638833999999996" lon="14.786961"><ele>474.99</ele></trkpt>
      <trkpt lat="46.638897" lon="14.787051"><ele>474.91</ele></trkpt>
      <trkpt lat="46.639105" lon="14.787434"><ele>474.72</ele></trkpt>
      <trkpt lat="46.639317999999996" lon="14.787757"><ele>474.63</ele></trkpt>
      <trkpt lat="46.639595" lon="14.788089"><ele>474.66</ele></trkpt>
      <trkpt lat="46.639784999999996" lon="14.788267999999999"><ele>475.18</ele></trkpt>
      <trkpt lat="46.640128" lon="14.788511"><ele>474.7</ele></trkpt>
      <trkpt lat="46.640318" lon="14.788663999999999"><ele>474.73</ele></trkpt>
      <trkpt lat="46.640434" lon="14.788774"><ele>474.74</ele></trkpt>
      <trkpt lat="46.640544999999996" lon="14.788896999999999"><ele>474.71</ele></trkpt>
      <trkpt lat="46.640662999999996" lon="14.789048"><ele>474.59</ele></trkpt>
      <trkpt lat="46.640755" lon="14.78918"><ele>474.33</ele></trkpt>
      <trkpt lat="46.640901" lon="14.789425999999999"><ele>473.35</ele></trkpt>
      <trkpt lat="46.640946" lon="14.789487"><ele>472.97</ele></trkpt>
      <trkpt lat="46.641096999999995" lon="14.789645"><ele>472.08</ele></trkpt>
      <trkpt lat="46.641175999999994" lon="14.789715999999999"><ele>471.51</ele></trkpt>
      <trkpt lat="46.641265999999995" lon="14.789769999999999"><ele>470.56</ele></trkpt>
      <trkpt lat="46.641331" lon="14.78979"><ele>469.71</ele></trkpt>
      <trkpt lat="46.641511" lon="14.789791999999998"><ele>466.78</ele></trkpt>
      <trkpt lat="46.641542" lon="14.789804"><ele>466.21</ele></trkpt>
      <trkpt lat="46.641580999999995" lon="14.789883999999999"><ele>464.83</ele></trkpt>
      <trkpt lat="46.641678" lon="14.790094"><ele>465.85</ele></trkpt>
      <trkpt lat="46.641684999999995" lon="14.790125"><ele>466.88</ele></trkpt>
      <trkpt lat="46.641673" lon="14.790208999999999"><ele>468.28</ele></trkpt>
      <trkpt lat="46.641576" lon="14.790419"><ele>470.85</ele></trkpt>
      <trkpt lat="46.64145" lon="14.790740999999999"><ele>473.19</ele></trkpt>
      <trkpt lat="46.641417999999994" lon="14.790877"><ele>473.44</ele></trkpt>
      <trkpt lat="46.641681999999996" lon="14.791858999999999"><ele>474.08</ele></trkpt>
      <trkpt lat="46.641808999999995" lon="14.792423999999999"><ele>472.66</ele></trkpt>
      <trkpt lat="46.641962" lon="14.793209"><ele>471.79</ele></trkpt>
      <trkpt lat="46.642039999999994" lon="14.793431"><ele>471.48</ele></trkpt>
      <trkpt lat="46.642081" lon="14.793598999999999"><ele>471.04</ele></trkpt>
      <trkpt lat="46.642587999999996" lon="14.794457999999999"><ele>469.86</ele></trkpt>
      <trkpt lat="46.643311" lon="14.795328999999999"><ele>469.13</ele></trkpt>
      <trkpt lat="46.644037999999995" lon="14.796011"><ele>469</ele></trkpt>
      <trkpt lat="46.644396" lon="14.796401999999999"><ele>468.83</ele></trkpt>
      <trkpt lat="46.644662" lon="14.796638"><ele>468.61</ele></trkpt>
      <trkpt lat="46.645351999999995" lon="14.79734"><ele>467.69</ele></trkpt>
      <trkpt lat="46.645627999999995" lon="14.797671"><ele>467.38</ele></trkpt>
      <trkpt lat="46.646007999999995" lon="14.798169999999999"><ele>467.1</ele></trkpt>
      <trkpt lat="46.646194" lon="14.79849"><ele>467.12</ele></trkpt>
      <trkpt lat="46.646487" lon="14.799119"><ele>467.29</ele></trkpt>
      <trkpt lat="46.647341999999995" lon="14.800265"><ele>468.93</ele></trkpt>
      <trkpt lat="46.647846" lon="14.800958"><ele>468.2</ele></trkpt>
      <trkpt lat="46.648024" lon="14.801079999999999"><ele>468.24</ele></trkpt>
      <trkpt lat="46.648297" lon="14.801093999999999"><ele>468.4</ele></trkpt>
      <trkpt lat="46.648374" lon="14.801117"><ele>468.47</ele></trkpt>
      <trkpt lat="46.648452" lon="14.801179"><ele>468.56</ele></trkpt>
      <trkpt lat="46.648498" lon="14.801229999999999"><ele>468.62</ele></trkpt>
      <trkpt lat="46.648962999999995" lon="14.801898999999999"><ele>469.2</ele></trkpt>
      <trkpt lat="46.649150999999996" lon="14.802150999999999"><ele>469.37</ele></trkpt>
      <trkpt lat="46.649592" lon="14.802634999999999"><ele>469.73</ele></trkpt>
      <trkpt lat="46.650343" lon="14.803191"><ele>470.12</ele></trkpt>
      <trkpt lat="46.650639" lon="14.8033"><ele>470.03</ele></trkpt>
      <trkpt lat="46.650983" lon="14.803557"><ele>470.03</ele></trkpt>
      <trkpt lat="46.651264" lon="14.803923999999999"><ele>469.89</ele></trkpt>
      <trkpt lat="46.65153" lon="14.804222"><ele>470.92</ele></trkpt>
      <trkpt lat="46.651785" lon="14.804131"><ele>472.28</ele></trkpt>
      <trkpt lat="46.652162" lon="14.80402"><ele>474.02</ele></trkpt>
      <trkpt lat="46.652454999999996" lon="14.803863"><ele>475.69</ele></trkpt>
      <trkpt lat="46.65262" lon="14.803709999999999"><ele>476.28</ele></trkpt>
      <trkpt lat="46.653132" lon="14.804476"><ele>474.14</ele></trkpt>
      <trkpt lat="46.653268999999995" lon="14.804815"><ele>473.18</ele></trkpt>
      <trkpt lat="46.65329" lon="14.804844999999998"><ele>473.03</ele></trkpt>
      <trkpt lat="46.653847" lon="14.805541999999999"><ele>470.19</ele></trkpt>
      <trkpt lat="46.654371999999995" lon="14.806147999999999"><ele>468.31</ele></trkpt>
      <trkpt lat="46.655100999999995" lon="14.806626"><ele>467.73</ele></trkpt>
      <trkpt lat="46.655879999999996" lon="14.807117"><ele>468.64</ele></trkpt>
      <trkpt lat="46.656307" lon="14.807502"><ele>469.35</ele></trkpt>
      <trkpt lat="46.656461" lon="14.807697"><ele>469.47</ele></trkpt>
      <trkpt lat="46.656825" lon="14.808394"><ele>468.89</ele></trkpt>
      <trkpt lat="46.656991999999995" lon="14.808689"><ele>468.75</ele></trkpt>
      <trkpt lat="46.657312999999995" lon="14.809346"><ele>468.7</ele></trkpt>
      <trkpt lat="46.657654" lon="14.810284"><ele>468.55</ele></trkpt>
      <trkpt lat="46.657111" lon="14.810856999999999"><ele>467.92</ele></trkpt>
      <trkpt lat="46.656183" lon="14.811703"><ele>465.89</ele></trkpt>
      <trkpt lat="46.654852" lon="14.812688999999999"><ele>463.82</ele></trkpt>
      <trkpt lat="46.653278" lon="14.813989"><ele>462.41</ele></trkpt>
      <trkpt lat="46.653177" lon="14.814091"><ele>461.87</ele></trkpt>
      <trkpt lat="46.653107999999996" lon="14.814064"><ele>461.77</ele></trkpt>
      <trkpt lat="46.653025" lon="14.814103999999999"><ele>461.53</ele></trkpt>
      <trkpt lat="46.652263999999995" lon="14.814833"><ele>460.64</ele></trkpt>
      <trkpt lat="46.651554" lon="14.815593"><ele>460.27</ele></trkpt>
      <trkpt lat="46.651382" lon="14.815817"><ele>459.96</ele></trkpt>
      <trkpt lat="46.651312" lon="14.815977"><ele>459.72</ele></trkpt>
      <trkpt lat="46.65125" lon="14.816075"><ele>459.53</ele></trkpt>
      <trkpt lat="46.651176" lon="14.816149999999999"><ele>459.32</ele></trkpt>
      <trkpt lat="46.651019999999995" lon="14.816227999999999"><ele>458.92</ele></trkpt>
      <trkpt lat="46.650912999999996" lon="14.816295"><ele>458.6</ele></trkpt>
      <trkpt lat="46.650774999999996" lon="14.81641"><ele>458.04</ele></trkpt>
      <trkpt lat="46.650725" lon="14.81649"><ele>457.78</ele></trkpt>
      <trkpt lat="46.650667" lon="14.816735"><ele>457.24</ele></trkpt>
      <trkpt lat="46.65056" lon="14.817024"><ele>457.01</ele></trkpt>
      <trkpt lat="46.650493999999995" lon="14.817136"><ele>455</ele></trkpt>
      <trkpt lat="46.650438" lon="14.817283"><ele>453.65</ele></trkpt>
      <trkpt lat="46.650348" lon="14.817705"><ele>452.76</ele></trkpt>
      <trkpt lat="46.650219" lon="14.817972"><ele>451.85</ele></trkpt>
      <trkpt lat="46.650036" lon="14.818245999999998"><ele>451.07</ele></trkpt>
      <trkpt lat="46.649795999999995" lon="14.818582"><ele>449.71</ele></trkpt>
      <trkpt lat="46.649634" lon="14.818783"><ele>448.87</ele></trkpt>
      <trkpt lat="46.649494999999995" lon="14.818988"><ele>449.01</ele></trkpt>
      <trkpt lat="46.649471" lon="14.818968"><ele>447.84</ele></trkpt>
      <trkpt lat="46.649387999999995" lon="14.819141"><ele>442.42</ele></trkpt>
      <trkpt lat="46.649186" lon="14.819049999999999"><ele>437.4</ele></trkpt>
      <trkpt lat="46.64915" lon="14.819085999999999"><ele>435.97</ele></trkpt>
      <trkpt lat="46.645756" lon="14.817540999999999"><ele>436.96</ele></trkpt>
      <trkpt lat="46.645716" lon="14.817585999999999"><ele>437.93</ele></trkpt>
      <trkpt lat="46.64555" lon="14.817508"><ele>444.45</ele></trkpt>
      <trkpt lat="46.645513" lon="14.817497"><ele>445.79</ele></trkpt>
      <trkpt lat="46.645486999999996" lon="14.817501"><ele>446.73</ele></trkpt>
      <trkpt lat="46.645374" lon="14.817629"><ele>447.29</ele></trkpt>
      <trkpt lat="46.64534" lon="14.817644"><ele>447.51</ele></trkpt>
      <trkpt lat="46.645257" lon="14.817649999999999"><ele>448.08</ele></trkpt>
      <trkpt lat="46.645226" lon="14.817666"><ele>448.36</ele></trkpt>
      <trkpt lat="46.645191" lon="14.817706"><ele>448.61</ele></trkpt>
      <trkpt lat="46.645095" lon="14.817684999999999"><ele>449.8</ele></trkpt>
      <trkpt lat="46.644974999999995" lon="14.81768"><ele>450.72</ele></trkpt>
      <trkpt lat="46.64486" lon="14.817715"><ele>451.16</ele></trkpt>
      <trkpt lat="46.643747999999995" lon="14.818529999999999"><ele>453.56</ele></trkpt>
      <trkpt lat="46.643491999999995" lon="14.818598"><ele>453.88</ele></trkpt>
      <trkpt lat="46.642693" lon="14.818714"><ele>455.57</ele></trkpt>
      <trkpt lat="46.642274" lon="14.818709"><ele>456.88</ele></trkpt>
      <trkpt lat="46.641515" lon="14.818669"><ele>458.52</ele></trkpt>
      <trkpt lat="46.641011" lon="14.818788"><ele>458</ele></trkpt>
      <trkpt lat="46.640342" lon="14.821520999999999"><ele>453.73</ele></trkpt>
      <trkpt lat="46.640228" lon="14.821957999999999"><ele>452.76</ele></trkpt>
      <trkpt lat="46.640051" lon="14.822486999999999"><ele>451.94</ele></trkpt>
      <trkpt lat="46.640003" lon="14.822564"><ele>451.82</ele></trkpt>
      <trkpt lat="46.639964" lon="14.822588999999999"><ele>451.75</ele></trkpt>
      <trkpt lat="46.639815999999996" lon="14.822621999999999"><ele>451.5</ele></trkpt>
      <trkpt lat="46.639179999999996" lon="14.822866"><ele>450.81</ele></trkpt>
      <trkpt lat="46.639109999999995" lon="14.822884"><ele>451</ele></trkpt>
      <trkpt lat="46.639053" lon="14.822882"><ele>451.75</ele></trkpt>
      <trkpt lat="46.638928" lon="14.822851"><ele>452.69</ele></trkpt>
      <trkpt lat="46.638846" lon="14.822864"><ele>452.2</ele></trkpt>
      <trkpt lat="46.638813" lon="14.822884"><ele>452.21</ele></trkpt>
      <trkpt lat="46.638773" lon="14.822934"><ele>451.8</ele></trkpt>
      <trkpt lat="46.638757" lon="14.822984"><ele>451.13</ele></trkpt>
      <trkpt lat="46.638740999999996" lon="14.823115999999999"><ele>448.26</ele></trkpt>
      <trkpt lat="46.638545" lon="14.824990999999999"><ele>442.59</ele></trkpt>
      <trkpt lat="46.638541" lon="14.825045999999999"><ele>443.82</ele></trkpt>
      <trkpt lat="46.638835" lon="14.825054999999999"><ele>445.04</ele></trkpt>
      <trkpt lat="46.63892" lon="14.825049"><ele>445.41</ele></trkpt>
      <trkpt lat="46.639398" lon="14.824967"><ele>446.88</ele></trkpt>
      <trkpt lat="46.639505" lon="14.824959"><ele>447.11</ele></trkpt>
      <trkpt lat="46.639724" lon="14.824974"><ele>448.61</ele></trkpt>
      <trkpt lat="46.640118" lon="14.825044"><ele>449.93</ele></trkpt>
      <trkpt lat="46.640387999999994" lon="14.825069"><ele>449.48</ele></trkpt>
      <trkpt lat="46.64046" lon="14.825064999999999"><ele>449.47</ele></trkpt>
      <trkpt lat="46.640685" lon="14.825023"><ele>449.49</ele></trkpt>
      <trkpt lat="46.640913" lon="14.824967"><ele>448.93</ele></trkpt>
      <trkpt lat="46.641239999999996" lon="14.824916"><ele>448.54</ele></trkpt>
      <trkpt lat="46.641476" lon="14.824914"><ele>447.95</ele></trkpt>
      <trkpt lat="46.641512999999996" lon="14.824919"><ele>447.89</ele></trkpt>
      <trkpt lat="46.641542" lon="14.824900999999999"><ele>447.67</ele></trkpt>
      <trkpt lat="46.641587" lon="14.824898999999998"><ele>447.54</ele></trkpt>
      <trkpt lat="46.641819999999996" lon="14.825009999999999"><ele>449.48</ele></trkpt>
      <trkpt lat="46.641936" lon="14.82508"><ele>449.83</ele></trkpt>
      <trkpt lat="46.642167" lon="14.825289"><ele>450.45</ele></trkpt>
      <trkpt lat="46.642278999999995" lon="14.825417"><ele>450.74</ele></trkpt>
      <trkpt lat="46.642426" lon="14.825628"><ele>451.22</ele></trkpt>
      <trkpt lat="46.642506" lon="14.825766999999999"><ele>451.42</ele></trkpt>
      <trkpt lat="46.642683999999996" lon="14.826143"><ele>450.61</ele></trkpt>
      <trkpt lat="46.643021999999995" lon="14.827076"><ele>452.27</ele></trkpt>
      <trkpt lat="46.643198999999996" lon="14.827542"><ele>453.14</ele></trkpt>
      <trkpt lat="46.643415999999995" lon="14.827986999999998"><ele>453.73</ele></trkpt>
      <trkpt lat="46.643811" lon="14.828736999999999"><ele>455.35</ele></trkpt>
      <trkpt lat="46.643933" lon="14.829011999999999"><ele>456.15</ele></trkpt>
      <trkpt lat="46.644051" lon="14.829321"><ele>457.14</ele></trkpt>
      <trkpt lat="46.644146" lon="14.829625"><ele>458.3</ele></trkpt>
      <trkpt lat="46.64421" lon="14.830001999999999"><ele>459.29</ele></trkpt>
      <trkpt lat="46.644236" lon="14.830233"><ele>460.49</ele></trkpt>
      <trkpt lat="46.644236" lon="14.830542"><ele>460.95</ele></trkpt>
      <trkpt lat="46.644223" lon="14.83077"><ele>461.11</ele></trkpt>
      <trkpt lat="46.644076999999996" lon="14.831674999999999"><ele>460.56</ele></trkpt>
      <trkpt lat="46.643952999999996" lon="14.832353999999999"><ele>461.03</ele></trkpt>
      <trkpt lat="46.643913999999995" lon="14.832716999999999"><ele>461.81</ele></trkpt>
      <trkpt lat="46.64386" lon="14.833585"><ele>463.38</ele></trkpt>
      <trkpt lat="46.643820999999996" lon="14.834845999999999"><ele>463.29</ele></trkpt>
      <trkpt lat="46.643781" lon="14.835497"><ele>463.04</ele></trkpt>
      <trkpt lat="46.643820999999996" lon="14.835752"><ele>463</ele></trkpt>
      <trkpt lat="46.643802" lon="14.83589"><ele>462.99</ele></trkpt>
      <trkpt lat="46.643754" lon="14.836058"><ele>462.99</ele></trkpt>
      <trkpt lat="46.643601" lon="14.837242999999999"><ele>462.55</ele></trkpt>
      <trkpt lat="46.643502" lon="14.837821"><ele>461.94</ele></trkpt>
      <trkpt lat="46.643170999999995" lon="14.839450999999999"><ele>457.32</ele></trkpt>
      <trkpt lat="46.643135" lon="14.83972"><ele>456.94</ele></trkpt>
      <trkpt lat="46.643119999999996" lon="14.839965999999999"><ele>456.72</ele></trkpt>
      <trkpt lat="46.643133" lon="14.840314"><ele>456.35</ele></trkpt>
      <trkpt lat="46.643249" lon="14.841076"><ele>456.33</ele></trkpt>
      <trkpt lat="46.643329" lon="14.841529"><ele>456.46</ele></trkpt>
      <trkpt lat="46.643392" lon="14.842065999999999"><ele>456.87</ele></trkpt>
      <trkpt lat="46.643418999999994" lon="14.842538"><ele>457.04</ele></trkpt>
      <trkpt lat="46.643426" lon="14.842784"><ele>457.44</ele></trkpt>
      <trkpt lat="46.643411" lon="14.843288999999999"><ele>458.68</ele></trkpt>
      <trkpt lat="46.643378999999996" lon="14.843770999999998"><ele>459.67</ele></trkpt>
      <trkpt lat="46.643333" lon="14.844767"><ele>461.47</ele></trkpt>
      <trkpt lat="46.643322999999995" lon="14.845479999999998"><ele>462.03</ele></trkpt>
      <trkpt lat="46.643345" lon="14.846229"><ele>462.76</ele></trkpt>
      <trkpt lat="46.643415" lon="14.846449"><ele>462.91</ele></trkpt>
      <trkpt lat="46.643466" lon="14.847"><ele>463</ele></trkpt>
      <trkpt lat="46.64346" lon="14.847054"><ele>463</ele></trkpt>
      <trkpt lat="46.643439" lon="14.847095999999999"><ele>463</ele></trkpt>
      <trkpt lat="46.643370999999995" lon="14.847121999999999"><ele>463</ele></trkpt>
      <trkpt lat="46.643302999999996" lon="14.847147999999999"><ele>463.07</ele></trkpt>
      <trkpt lat="46.643446" lon="14.848193"><ele>461.8</ele></trkpt>
      <trkpt lat="46.643679999999996" lon="14.849509999999999"><ele>459.74</ele></trkpt>
      <trkpt lat="46.643771" lon="14.850166"><ele>458.77</ele></trkpt>
      <trkpt lat="46.643797" lon="14.850728"><ele>458.08</ele></trkpt>
      <trkpt lat="46.643785" lon="14.852369999999999"><ele>456.64</ele></trkpt>
      <trkpt lat="46.643820999999996" lon="14.853081"><ele>456.15</ele></trkpt>
      <trkpt lat="46.643885" lon="14.853767999999999"><ele>455.48</ele></trkpt>
      <trkpt lat="46.643949" lon="14.854191"><ele>454.97</ele></trkpt>
      <trkpt lat="46.644034999999995" lon="14.854985999999998"><ele>453.81</ele></trkpt>
      <trkpt lat="46.644047" lon="14.855554999999999"><ele>453.21</ele></trkpt>
      <trkpt lat="46.644034" lon="14.855782"><ele>453.13</ele></trkpt>
      <trkpt lat="46.644003999999995" lon="14.856104"><ele>453.1</ele></trkpt>
      <trkpt lat="46.643963" lon="14.856377"><ele>453.14</ele></trkpt>
      <trkpt lat="46.643867" lon="14.85676"><ele>453.58</ele></trkpt>
      <trkpt lat="46.643660999999994" lon="14.857381"><ele>453.82</ele></trkpt>
      <trkpt lat="46.643539" lon="14.857660999999998"><ele>453.97</ele></trkpt>
      <trkpt lat="46.643412" lon="14.857906999999999"><ele>454.11</ele></trkpt>
      <trkpt lat="46.643271999999996" lon="14.858207"><ele>454.53</ele></trkpt>
      <trkpt lat="46.643060999999996" lon="14.858568"><ele>455</ele></trkpt>
      <trkpt lat="46.642998" lon="14.858625"><ele>455.17</ele></trkpt>
      <trkpt lat="46.642894" lon="14.858804"><ele>455.56</ele></trkpt>
      <trkpt lat="46.642849999999996" lon="14.85892"><ele>455.73</ele></trkpt>
      <trkpt lat="46.642837" lon="14.859043999999999"><ele>455.8</ele></trkpt>
      <trkpt lat="46.642737" lon="14.859233999999999"><ele>456.02</ele></trkpt>
      <trkpt lat="46.642575" lon="14.85962"><ele>455.79</ele></trkpt>
      <trkpt lat="46.642436" lon="14.860062"><ele>455.3</ele></trkpt>
      <trkpt lat="46.642361" lon="14.860418"><ele>454.3</ele></trkpt>
      <trkpt lat="46.642316" lon="14.860749"><ele>453.88</ele></trkpt>
      <trkpt lat="46.642303" lon="14.861009"><ele>454.37</ele></trkpt>
      <trkpt lat="46.642312" lon="14.861258"><ele>454.67</ele></trkpt>
      <trkpt lat="46.642344" lon="14.861576999999999"><ele>454.83</ele></trkpt>
      <trkpt lat="46.642419" lon="14.861989999999999"><ele>455.25</ele></trkpt>
      <trkpt lat="46.642469" lon="14.862222"><ele>455.41</ele></trkpt>
      <trkpt lat="46.642542999999996" lon="14.862464999999998"><ele>455.5</ele></trkpt>
      <trkpt lat="46.642717" lon="14.862950999999999"><ele>455.59</ele></trkpt>
      <trkpt lat="46.644445999999995" lon="14.867541999999998"><ele>449.81</ele></trkpt>
      <trkpt lat="46.644631" lon="14.868072999999999"><ele>449.39</ele></trkpt>
      <trkpt lat="46.6448" lon="14.868642"><ele>448.92</ele></trkpt>
      <trkpt lat="46.644936" lon="14.86913"><ele>448.45</ele></trkpt>
      <trkpt lat="46.645049" lon="14.869598"><ele>448.33</ele></trkpt>
      <trkpt lat="46.645315" lon="14.87087"><ele>448.15</ele></trkpt>
      <trkpt lat="46.645423" lon="14.871312"><ele>447.97</ele></trkpt>
      <trkpt lat="46.645528999999996" lon="14.871656"><ele>447.85</ele></trkpt>
      <trkpt lat="46.645678" lon="14.872045"><ele>447.8</ele></trkpt>
      <trkpt lat="46.64582" lon="14.872316999999999"><ele>447.52</ele></trkpt>
      <trkpt lat="46.646024999999995" lon="14.872582"><ele>447.01</ele></trkpt>
      <trkpt lat="46.646269" lon="14.872815"><ele>446.79</ele></trkpt>
      <trkpt lat="46.646681" lon="14.873047"><ele>446.56</ele></trkpt>
      <trkpt lat="46.646808" lon="14.873145"><ele>446.43</ele></trkpt>
      <trkpt lat="46.646937" lon="14.873334"><ele>446.17</ele></trkpt>
      <trkpt lat="46.647056" lon="14.873584"><ele>446.06</ele></trkpt>
      <trkpt lat="46.647194" lon="14.873984"><ele>445.85</ele></trkpt>
      <trkpt lat="46.647242" lon="14.874179999999999"><ele>445.16</ele></trkpt>
      <trkpt lat="46.647363" lon="14.874469999999999"><ele>445.29</ele></trkpt>
      <trkpt lat="46.64745" lon="14.87459"><ele>444.06</ele></trkpt>
      <trkpt lat="46.647583999999995" lon="14.874934999999999"><ele>443.88</ele></trkpt>
      <trkpt lat="46.647780999999995" lon="14.875528999999998"><ele>443.23</ele></trkpt>
      <trkpt lat="46.647824" lon="14.875706999999998"><ele>442.69</ele></trkpt>
      <trkpt lat="46.647855" lon="14.875876"><ele>442.07</ele></trkpt>
      <trkpt lat="46.64788" lon="14.876216999999999"><ele>440.92</ele></trkpt>
      <trkpt lat="46.64787" lon="14.876384"><ele>440.44</ele></trkpt>
      <trkpt lat="46.647821" lon="14.87679"><ele>438.82</ele></trkpt>
      <trkpt lat="46.64777" lon="14.877023999999999"><ele>437.51</ele></trkpt>
      <trkpt lat="46.647634" lon="14.877524999999999"><ele>437.42</ele></trkpt>
      <trkpt lat="46.647427" lon="14.87834"><ele>438.14</ele></trkpt>
      <trkpt lat="46.647287" lon="14.878943"><ele>437.89</ele></trkpt>
      <trkpt lat="46.647197999999996" lon="14.879444"><ele>437.77</ele></trkpt>
      <trkpt lat="46.647048999999996" lon="14.880512"><ele>435.98</ele></trkpt>
      <trkpt lat="46.646978" lon="14.880859"><ele>435.45</ele></trkpt>
      <trkpt lat="46.64691" lon="14.881103999999999"><ele>434.97</ele></trkpt>
      <trkpt lat="46.64683" lon="14.881354"><ele>434.5</ele></trkpt>
      <trkpt lat="46.64673" lon="14.881589"><ele>434.34</ele></trkpt>
      <trkpt lat="46.646463" lon="14.88213"><ele>434.4</ele></trkpt>
      <trkpt lat="46.646066" lon="14.882788999999999"><ele>434.47</ele></trkpt>
      <trkpt lat="46.64589" lon="14.883106"><ele>434.73</ele></trkpt>
      <trkpt lat="46.645734" lon="14.883407"><ele>434.8</ele></trkpt>
      <trkpt lat="46.645590999999996" lon="14.883700999999999"><ele>434.94</ele></trkpt>
      <trkpt lat="46.645407999999996" lon="14.884177999999999"><ele>435.58</ele></trkpt>
      <trkpt lat="46.645351" lon="14.884307"><ele>435.81</ele></trkpt>
      <trkpt lat="46.645320999999996" lon="14.884357999999999"><ele>435.9</ele></trkpt>
      <trkpt lat="46.644903" lon="14.884748"><ele>437.54</ele></trkpt>
      <trkpt lat="46.644881999999996" lon="14.884834999999999"><ele>437.15</ele></trkpt>
      <trkpt lat="46.644068999999995" lon="14.885428"><ele>442.91</ele></trkpt>
      <trkpt lat="46.643775" lon="14.885686999999999"><ele>443.34</ele></trkpt>
      <trkpt lat="46.643496999999996" lon="14.885956"><ele>443.08</ele></trkpt>
      <trkpt lat="46.643153" lon="14.886185"><ele>442.52</ele></trkpt>
      <trkpt lat="46.642821" lon="14.886391999999999"><ele>441.95</ele></trkpt>
      <trkpt lat="46.642514" lon="14.886642"><ele>441.19</ele></trkpt>
      <trkpt lat="46.642129" lon="14.887345999999999"><ele>435.62</ele></trkpt>
      <trkpt lat="46.642126" lon="14.887429"><ele>434.92</ele></trkpt>
      <trkpt lat="46.642132" lon="14.887490999999999"><ele>434.68</ele></trkpt>
      <trkpt lat="46.642154999999995" lon="14.887554"><ele>434.37</ele></trkpt>
      <trkpt lat="46.642198" lon="14.887599"><ele>434.69</ele></trkpt>
      <trkpt lat="46.642385" lon="14.887706"><ele>434.64</ele></trkpt>
      <trkpt lat="46.642509999999994" lon="14.887706999999999"><ele>434.47</ele></trkpt>
      <trkpt lat="46.642815" lon="14.887582"><ele>433.8</ele></trkpt>
      <trkpt lat="46.642919" lon="14.887526"><ele>433.5</ele></trkpt>
      <trkpt lat="46.642992" lon="14.887552999999999"><ele>433.25</ele></trkpt>
      <trkpt lat="46.643065" lon="14.887627"><ele>432.97</ele></trkpt>
      <trkpt lat="46.643133" lon="14.887770999999999"><ele>432.74</ele></trkpt>
      <trkpt lat="46.643178" lon="14.887936999999999"><ele>432.58</ele></trkpt>
      <trkpt lat="46.643259" lon="14.888321999999999"><ele>432.25</ele></trkpt>
      <trkpt lat="46.643287" lon="14.888385999999999"><ele>432.14</ele></trkpt>
      <trkpt lat="46.643328" lon="14.888437999999999"><ele>432.01</ele></trkpt>
      <trkpt lat="46.643341" lon="14.888494999999999"><ele>431.96</ele></trkpt>
      <trkpt lat="46.643372" lon="14.888574"><ele>431.82</ele></trkpt>
      <trkpt lat="46.643451999999996" lon="14.888634"><ele>431.49</ele></trkpt>
      <trkpt lat="46.643542" lon="14.888653999999999"><ele>431.11</ele></trkpt>
      <trkpt lat="46.643646" lon="14.888653999999999"><ele>430.76</ele></trkpt>
      <trkpt lat="46.643972999999995" lon="14.888577999999999"><ele>429.82</ele></trkpt>
      <trkpt lat="46.644856" lon="14.888342999999999"><ele>427.16</ele></trkpt>
      <trkpt lat="46.645168999999996" lon="14.888247999999999"><ele>425.78</ele></trkpt>
      <trkpt lat="46.645271" lon="14.888209"><ele>425.07</ele></trkpt>
      <trkpt lat="46.645364" lon="14.888122999999998"><ele>424.94</ele></trkpt>
      <trkpt lat="46.645416999999995" lon="14.888112999999999"><ele>424.61</ele></trkpt>
      <trkpt lat="46.645467" lon="14.888138999999999"><ele>424.2</ele></trkpt>
      <trkpt lat="46.645539" lon="14.888275"><ele>423.55</ele></trkpt>
      <trkpt lat="46.645596999999995" lon="14.888435999999999"><ele>422.84</ele></trkpt>
      <trkpt lat="46.645742999999996" lon="14.88899"><ele>421.13</ele></trkpt>
      <trkpt lat="46.645795" lon="14.889292"><ele>419.9</ele></trkpt>
      <trkpt lat="46.64582" lon="14.889541999999999"><ele>419.18</ele></trkpt>
      <trkpt lat="46.645827999999995" lon="14.889723"><ele>418.76</ele></trkpt>
      <trkpt lat="46.645827999999995" lon="14.889978999999999"><ele>418.27</ele></trkpt>
      <trkpt lat="46.645789" lon="14.890346999999998"><ele>417.6</ele></trkpt>
      <trkpt lat="46.645618999999996" lon="14.891485"><ele>413.9</ele></trkpt>
      <trkpt lat="46.645607999999996" lon="14.891572"><ele>413.43</ele></trkpt>
      <trkpt lat="46.645595" lon="14.891917999999999"><ele>411.38</ele></trkpt>
      <trkpt lat="46.645613" lon="14.892332"><ele>408.71</ele></trkpt>
      <trkpt lat="46.645669999999996" lon="14.892807999999999"><ele>405.71</ele></trkpt>
      <trkpt lat="46.645739999999996" lon="14.893288"><ele>403.02</ele></trkpt>
      <trkpt lat="46.645806" lon="14.893956"><ele>399.45</ele></trkpt>
      <trkpt lat="46.645815999999996" lon="14.894136"><ele>398.28</ele></trkpt>
      <trkpt lat="46.645861" lon="14.896218"><ele>390.97</ele></trkpt>
      <trkpt lat="46.645879" lon="14.896519"><ele>388.32</ele></trkpt>
      <trkpt lat="46.645922" lon="14.898359999999998"><ele>383.86</ele></trkpt>
      <trkpt lat="46.645917999999995" lon="14.898472"><ele>384.44</ele></trkpt>
      <trkpt lat="46.645934" lon="14.899218"><ele>387.34</ele></trkpt>
      <trkpt lat="46.645964" lon="14.899989"><ele>387.1</ele></trkpt>
      <trkpt lat="46.645997" lon="14.900526999999999"><ele>386.79</ele></trkpt>
      <trkpt lat="46.646214" lon="14.902538999999999"><ele>388.07</ele></trkpt>
      <trkpt lat="46.646356" lon="14.903497"><ele>388</ele></trkpt>
      <trkpt lat="46.646378999999996" lon="14.903702"><ele>387.9</ele></trkpt>
      <trkpt lat="46.646406" lon="14.904097"><ele>387.23</ele></trkpt>
      <trkpt lat="46.646415" lon="14.904819"><ele>385.87</ele></trkpt>
      <trkpt lat="46.646384999999995" lon="14.905391"><ele>384.95</ele></trkpt>
      <trkpt lat="46.646347999999996" lon="14.905849"><ele>384.42</ele></trkpt>
      <trkpt lat="46.646252999999994" lon="14.906505"><ele>384</ele></trkpt>
      <trkpt lat="46.646361999999996" lon="14.906647999999999"><ele>384</ele></trkpt>
      <trkpt lat="46.646284" lon="14.907114"><ele>384</ele></trkpt>
      <trkpt lat="46.646252999999994" lon="14.90742"><ele>384</ele></trkpt>
      <trkpt lat="46.646214" lon="14.908066"><ele>384</ele></trkpt>
      <trkpt lat="46.646218999999995" lon="14.908783"><ele>384</ele></trkpt>
      <trkpt lat="46.646263" lon="14.909352"><ele>383.96</ele></trkpt>
      <trkpt lat="46.646336" lon="14.909886"><ele>383.81</ele></trkpt>
      <trkpt lat="46.646446999999995" lon="14.910463"><ele>383.79</ele></trkpt>
      <trkpt lat="46.646631" lon="14.911569"><ele>382.92</ele></trkpt>
      <trkpt lat="46.646682999999996" lon="14.912372999999999"><ele>382.67</ele></trkpt>
      <trkpt lat="46.64669" lon="14.913751"><ele>381.74</ele></trkpt>
      <trkpt lat="46.646709" lon="14.913869"><ele>381.66</ele></trkpt>
      <trkpt lat="46.646721" lon="14.914036999999999"><ele>381.56</ele></trkpt>
      <trkpt lat="46.646716" lon="14.914264999999999"><ele>381.44</ele></trkpt>
      <trkpt lat="46.646688" lon="14.914468"><ele>381.34</ele></trkpt>
      <trkpt lat="46.646691999999994" lon="14.915704999999999"><ele>380.97</ele></trkpt>
      <trkpt lat="46.646673" lon="14.915890999999998"><ele>381</ele></trkpt>
      <trkpt lat="46.646681" lon="14.917162999999999"><ele>380</ele></trkpt>
      <trkpt lat="46.646691999999994" lon="14.917499"><ele>380</ele></trkpt>
      <trkpt lat="46.646687" lon="14.918826"><ele>380</ele></trkpt>
      <trkpt lat="46.646660999999995" lon="14.919842"><ele>378.86</ele></trkpt>
      <trkpt lat="46.646595" lon="14.920904"><ele>376.89</ele></trkpt>
      <trkpt lat="46.646494" lon="14.921989"><ele>376.53</ele></trkpt>
      <trkpt lat="46.646349" lon="14.923019"><ele>376.31</ele></trkpt>
      <trkpt lat="46.646255" lon="14.923601999999999"><ele>375.71</ele></trkpt>
      <trkpt lat="46.646029999999996" lon="14.924722"><ele>374.09</ele></trkpt>
      <trkpt lat="46.645891999999996" lon="14.925329"><ele>373.71</ele></trkpt>
      <trkpt lat="46.645665" lon="14.926174999999999"><ele>373.14</ele></trkpt>
      <trkpt lat="46.64541" lon="14.92701"><ele>372.81</ele></trkpt>
      <trkpt lat="46.645238" lon="14.927534999999999"><ele>373.04</ele></trkpt>
      <trkpt lat="46.644905" lon="14.928434999999999"><ele>373.71</ele></trkpt>
      <trkpt lat="46.644375" lon="14.9298"><ele>373.61</ele></trkpt>
      <trkpt lat="46.644292" lon="14.930050999999999"><ele>373.55</ele></trkpt>
      <trkpt lat="46.644155" lon="14.930537"><ele>373.15</ele></trkpt>
      <trkpt lat="46.644039" lon="14.931061"><ele>372.37</ele></trkpt>
      <trkpt lat="46.643995" lon="14.931313999999999"><ele>371.74</ele></trkpt>
      <trkpt lat="46.643992999999995" lon="14.93154"><ele>371.28</ele></trkpt>
      <trkpt lat="46.643947999999995" lon="14.931851"><ele>370.52</ele></trkpt>
      <trkpt lat="46.643899999999995" lon="14.932042"><ele>370.03</ele></trkpt>
      <trkpt lat="46.643853" lon="14.932535"><ele>369.05</ele></trkpt>
      <trkpt lat="46.643809" lon="14.933041999999999"><ele>368.34</ele></trkpt>
      <trkpt lat="46.64376" lon="14.933383999999998"><ele>367.28</ele></trkpt>
      <trkpt lat="46.64367" lon="14.933921"><ele>364.6</ele></trkpt>
      <trkpt lat="46.643640999999995" lon="14.934056"><ele>364.1</ele></trkpt>
      <trkpt lat="46.643516" lon="14.934491"><ele>362.16</ele></trkpt>
      <trkpt lat="46.643462" lon="14.934648"><ele>361.51</ele></trkpt>
      <trkpt lat="46.643308999999995" lon="14.934996"><ele>360.19</ele></trkpt>
      <trkpt lat="46.643108" lon="14.935341"><ele>358.94</ele></trkpt>
      <trkpt lat="46.643006" lon="14.935485"><ele>358.48</ele></trkpt>
      <trkpt lat="46.642672999999995" lon="14.935901"><ele>357.38</ele></trkpt>
      <trkpt lat="46.642522" lon="14.936105"><ele>356.99</ele></trkpt>
      <trkpt lat="46.64243" lon="14.936250999999999"><ele>356.69</ele></trkpt>
      <trkpt lat="46.642250999999995" lon="14.936589"><ele>355.9</ele></trkpt>
      <trkpt lat="46.642176" lon="14.936767"><ele>355.53</ele></trkpt>
      <trkpt lat="46.641912999999995" lon="14.937577999999998"><ele>353.47</ele></trkpt>
      <trkpt lat="46.641836999999995" lon="14.937788"><ele>352.12</ele></trkpt>
      <trkpt lat="46.641763999999995" lon="14.937961"><ele>351.58</ele></trkpt>
      <trkpt lat="46.641678" lon="14.938136"><ele>351.02</ele></trkpt>
      <trkpt lat="46.641588" lon="14.938291999999999"><ele>350.32</ele></trkpt>
      <trkpt lat="46.641456999999996" lon="14.938488999999999"><ele>350.19</ele></trkpt>
      <trkpt lat="46.641382" lon="14.938585999999999"><ele>349.91</ele></trkpt>
      <trkpt lat="46.640657999999995" lon="14.93938"><ele>350.64</ele></trkpt>
      <trkpt lat="46.640539" lon="14.939532"><ele>350.86</ele></trkpt>
      <trkpt lat="46.64047" lon="14.939651"><ele>351.23</ele></trkpt>
      <trkpt lat="46.640453" lon="14.939693"><ele>351.18</ele></trkpt>
      <trkpt lat="46.640395999999996" lon="14.939858"><ele>349.26</ele></trkpt>
      <trkpt lat="46.640381" lon="14.939936999999999"><ele>348.19</ele></trkpt>
      <trkpt lat="46.640328" lon="14.939967"><ele>349.1</ele></trkpt>
      <trkpt lat="46.640322999999995" lon="14.940085"><ele>348.27</ele></trkpt>
      <trkpt lat="46.640347999999996" lon="14.940271999999998"><ele>347.34</ele></trkpt>
      <trkpt lat="46.640389" lon="14.940411"><ele>346.9</ele></trkpt>
      <trkpt lat="46.640451" lon="14.940539"><ele>346.46</ele></trkpt>
      <trkpt lat="46.64051" lon="14.940638"><ele>346.11</ele></trkpt>
      <trkpt lat="46.641020999999995" lon="14.941376"><ele>343.35</ele></trkpt>
      <trkpt lat="46.641450999999996" lon="14.941963999999999"><ele>344</ele></trkpt>
      <trkpt lat="46.641343" lon="14.942152"><ele>344</ele></trkpt>
      <trkpt lat="46.641331" lon="14.942241999999998"><ele>343.99</ele></trkpt>
      <trkpt lat="46.641348" lon="14.942355"><ele>343.96</ele></trkpt>
      <trkpt lat="46.641472" lon="14.942749"><ele>343.73</ele></trkpt>
      <trkpt lat="46.641296999999994" lon="14.942905999999999"><ele>343.43</ele></trkpt>
      <trkpt lat="46.641151" lon="14.943100999999999"><ele>343.04</ele></trkpt>
      <trkpt lat="46.641045999999996" lon="14.943175"><ele>343</ele></trkpt>
      <trkpt lat="46.641102" lon="14.943437"><ele>341.9</ele></trkpt>
      <trkpt lat="46.640671" lon="14.943703999999999"><ele>341.58</ele></trkpt>
      <trkpt lat="46.640242" lon="14.943864999999999"><ele>341.18</ele></trkpt>
      <trkpt lat="46.639744" lon="14.943874"><ele>341.01</ele></trkpt>
      <trkpt lat="46.639691" lon="14.944277"><ele>341.98</ele></trkpt>
      <trkpt lat="46.639649999999996" lon="14.944322"><ele>342.67</ele></trkpt>
      <trkpt lat="46.639537" lon="14.944363"><ele>343.62</ele></trkpt>
      <trkpt lat="46.639531" lon="14.944393999999999"><ele>344.08</ele></trkpt>
      <trkpt lat="46.639392" lon="14.944443"><ele>344.05</ele></trkpt>
      <trkpt lat="46.639247999999995" lon="14.944545"><ele>343.19</ele></trkpt>
      <trkpt lat="46.638926999999995" lon="14.944878999999998"><ele>343.47</ele></trkpt>
      <trkpt lat="46.638864999999996" lon="14.944994"><ele>343.79</ele></trkpt>
      <trkpt lat="46.638771999999996" lon="14.945003999999999"><ele>343.26</ele></trkpt>
      <trkpt lat="46.638732" lon="14.945025999999999"><ele>343.16</ele></trkpt>
      <trkpt lat="46.638535" lon="14.945217"><ele>342.91</ele></trkpt>
      <trkpt lat="46.638324" lon="14.945445"><ele>342.85</ele></trkpt>
      <trkpt lat="46.638079" lon="14.945748"><ele>342.62</ele></trkpt>
      <trkpt lat="46.637729" lon="14.94633"><ele>342.31</ele></trkpt>
      <trkpt lat="46.637249999999995" lon="14.947405999999999"><ele>341.89</ele></trkpt>
      <trkpt lat="46.636475" lon="14.949266"><ele>341.97</ele></trkpt>
      <trkpt lat="46.635821" lon="14.950794"><ele>343.72</ele></trkpt>
      <trkpt lat="46.635771" lon="14.950994999999999"><ele>344.45</ele></trkpt>
      <trkpt lat="46.635971" lon="14.951196"><ele>345.7</ele></trkpt>
      <trkpt lat="46.636053" lon="14.951305"><ele>346.39</ele></trkpt>
      <trkpt lat="46.636258999999995" lon="14.951618999999999"><ele>348.78</ele></trkpt>
      <trkpt lat="46.63642" lon="14.951884999999999"><ele>349.3</ele></trkpt>
      <trkpt lat="46.636385999999995" lon="14.951944999999998"><ele>349</ele></trkpt>
      <trkpt lat="46.63637" lon="14.951996"><ele>349.17</ele></trkpt>
      <trkpt lat="46.636379" lon="14.952072999999999"><ele>349.44</ele></trkpt>
      <trkpt lat="46.636717" lon="14.952670999999999"><ele>350.5</ele></trkpt>
      <trkpt lat="46.637004999999995" lon="14.95312"><ele>351</ele></trkpt>
      <trkpt lat="46.636179" lon="14.953778"><ele>350.24</ele></trkpt>
      <trkpt lat="46.635956" lon="14.954042"><ele>349.51</ele></trkpt>
      <trkpt lat="46.635729999999995" lon="14.954253"><ele>348.94</ele></trkpt>
      <trkpt lat="46.635642" lon="14.954312"><ele>348.82</ele></trkpt>
      <trkpt lat="46.635439" lon="14.954410999999999"><ele>348.94</ele></trkpt>
      <trkpt lat="46.635377" lon="14.954464999999999"><ele>349.22</ele></trkpt>
      <trkpt lat="46.635338" lon="14.954528"><ele>349.41</ele></trkpt>
      <trkpt lat="46.635315" lon="14.954619999999998"><ele>349.52</ele></trkpt>
      <trkpt lat="46.635313" lon="14.954694"><ele>349.66</ele></trkpt>
      <trkpt lat="46.63532" lon="14.954758"><ele>349.86</ele></trkpt>
      <trkpt lat="46.635345" lon="14.954816"><ele>350.13</ele></trkpt>
      <trkpt lat="46.635811" lon="14.955585999999998"><ele>354.11</ele></trkpt>
      <trkpt lat="46.636081" lon="14.95594"><ele>356.86</ele></trkpt>
      <trkpt lat="46.635957999999995" lon="14.956195"><ele>357.44</ele></trkpt>
      <trkpt lat="46.635622999999995" lon="14.956712999999999"><ele>358.13</ele></trkpt>
      <trkpt lat="46.635543999999996" lon="14.956854"><ele>357.96</ele></trkpt>
      <trkpt lat="46.634727" lon="14.958013999999999"><ele>356.91</ele></trkpt>
      <trkpt lat="46.634420999999996" lon="14.958499"><ele>356.54</ele></trkpt>
      <trkpt lat="46.633469999999996" lon="14.959715"><ele>354.98</ele></trkpt>
      <trkpt lat="46.632911" lon="14.960611"><ele>353.62</ele></trkpt>
      <trkpt lat="46.632242" lon="14.961813999999999"><ele>351.86</ele></trkpt>
      <trkpt lat="46.631572" lon="14.962971999999999"><ele>349.6</ele></trkpt>
      <trkpt lat="46.631051" lon="14.963913999999999"><ele>348.62</ele></trkpt>
      <trkpt lat="46.63057" lon="14.964936"><ele>348.32</ele></trkpt>
      <trkpt lat="46.630133" lon="14.965765999999999"><ele>348.24</ele></trkpt>
      <trkpt lat="46.629887" lon="14.966137"><ele>348.12</ele></trkpt>
      <trkpt lat="46.629753" lon="14.966386"><ele>347.97</ele></trkpt>
      <trkpt lat="46.629374" lon="14.966921999999999"><ele>347.31</ele></trkpt>
      <trkpt lat="46.629107" lon="14.967219"><ele>346.82</ele></trkpt>
      <trkpt lat="46.628299999999996" lon="14.968071"><ele>345.98</ele></trkpt>
      <trkpt lat="46.627931" lon="14.968421"><ele>345.48</ele></trkpt>
      <trkpt lat="46.627708999999996" lon="14.968608999999999"><ele>345.16</ele></trkpt>
      <trkpt lat="46.627536" lon="14.968632"><ele>344.93</ele></trkpt>
      <trkpt lat="46.626768" lon="14.969353"><ele>344.11</ele></trkpt>
      <trkpt lat="46.624660999999996" lon="14.97144"><ele>344.79</ele></trkpt>
      <trkpt lat="46.624061999999995" lon="14.971997"><ele>344.85</ele></trkpt>
      <trkpt lat="46.623608999999995" lon="14.972328"><ele>344.97</ele></trkpt>
      <trkpt lat="46.623163" lon="14.972489"><ele>344.95</ele></trkpt>
      <trkpt lat="46.622791" lon="14.972567"><ele>344.91</ele></trkpt>
      <trkpt lat="46.622589999999995" lon="14.972584999999999"><ele>344.85</ele></trkpt>
      <trkpt lat="46.622094999999995" lon="14.97276"><ele>344.49</ele></trkpt>
      <trkpt lat="46.621804" lon="14.97288"><ele>344.55</ele></trkpt>
      <trkpt lat="46.621448" lon="14.973122"><ele>344.74</ele></trkpt>
      <trkpt lat="46.621341" lon="14.973212"><ele>344.88</ele></trkpt>
      <trkpt lat="46.620895" lon="14.97383"><ele>346.22</ele></trkpt>
      <trkpt lat="46.620253999999996" lon="14.974506"><ele>348.64</ele></trkpt>
      <trkpt lat="46.619538999999996" lon="14.974946"><ele>348.19</ele></trkpt>
      <trkpt lat="46.618750999999996" lon="14.975192999999999"><ele>348.11</ele></trkpt>
      <trkpt lat="46.615545" lon="14.975493"><ele>346.38</ele></trkpt>
      <trkpt lat="46.614808" lon="14.975439"><ele>346.58</ele></trkpt>
      <trkpt lat="46.614107999999995" lon="14.975449999999999"><ele>347.29</ele></trkpt>
      <trkpt lat="46.613076" lon="14.975482"><ele>348.19</ele></trkpt>
      <trkpt lat="46.612258" lon="14.975665"><ele>349.43</ele></trkpt>
      <trkpt lat="46.611514" lon="14.975783"><ele>350.45</ele></trkpt>
      <trkpt lat="46.610642" lon="14.975888"><ele>351.27</ele></trkpt>
      <trkpt lat="46.609848" lon="14.976028999999999"><ele>352.16</ele></trkpt>
      <trkpt lat="46.609338" lon="14.976135999999999"><ele>353.25</ele></trkpt>
      <trkpt lat="46.608813" lon="14.976348999999999"><ele>355.13</ele></trkpt>
      <trkpt lat="46.608616" lon="14.976367999999999"><ele>356.39</ele></trkpt>
      <trkpt lat="46.608385" lon="14.976507"><ele>357.74</ele></trkpt>
      <trkpt lat="46.608292999999996" lon="14.976595"><ele>358.45</ele></trkpt>
      <trkpt lat="46.608315999999995" lon="14.976697"><ele>358.96</ele></trkpt>
      <trkpt lat="46.608407" lon="14.976695999999999"><ele>359.63</ele></trkpt>
      <trkpt lat="46.608543999999995" lon="14.976534"><ele>360.99</ele></trkpt>
      <trkpt lat="46.608619999999995" lon="14.976516"><ele>361.65</ele></trkpt>
      <trkpt lat="46.60864" lon="14.976543999999999"><ele>361.9</ele></trkpt>
      <trkpt lat="46.608647" lon="14.976628"><ele>362.42</ele></trkpt>
      <trkpt lat="46.60838" lon="14.976853"><ele>365.02</ele></trkpt>
      <trkpt lat="46.608202" lon="14.977068"><ele>366.81</ele></trkpt>
      <trkpt lat="46.608019999999996" lon="14.977466999999999"><ele>369.02</ele></trkpt>
      <trkpt lat="46.607924999999994" lon="14.977822"><ele>370.21</ele></trkpt>
      <trkpt lat="46.607873999999995" lon="14.978235"><ele>371.01</ele></trkpt>
      <trkpt lat="46.607687" lon="14.979322"><ele>372.34</ele></trkpt>
      <trkpt lat="46.607586" lon="14.979712"><ele>372.92</ele></trkpt>
      <trkpt lat="46.607479" lon="14.980169"><ele>373.64</ele></trkpt>
      <trkpt lat="46.607319" lon="14.980661"><ele>374.22</ele></trkpt>
      <trkpt lat="46.607053" lon="14.981119"><ele>374.51</ele></trkpt>
      <trkpt lat="46.606628" lon="14.981727999999999"><ele>374.87</ele></trkpt>
      <trkpt lat="46.606190999999995" lon="14.982381"><ele>375.2</ele></trkpt>
      <trkpt lat="46.605913" lon="14.982678"><ele>374.94</ele></trkpt>
      <trkpt lat="46.605790999999996" lon="14.982854"><ele>374.61</ele></trkpt>
      <trkpt lat="46.605456" lon="14.983193"><ele>373.21</ele></trkpt>
      <trkpt lat="46.605382" lon="14.983324"><ele>372.52</ele></trkpt>
      <trkpt lat="46.605022999999996" lon="14.983730999999999"><ele>370.68</ele></trkpt>
      <trkpt lat="46.604963999999995" lon="14.983853"><ele>370.33</ele></trkpt>
      <trkpt lat="46.604876" lon="14.984128"><ele>369.59</ele></trkpt>
      <trkpt lat="46.604848999999994" lon="14.984506999999999"><ele>368.64</ele></trkpt>
      <trkpt lat="46.604827" lon="14.984681"><ele>368.24</ele></trkpt>
      <trkpt lat="46.604782" lon="14.984838"><ele>367.78</ele></trkpt>
      <trkpt lat="46.604659" lon="14.985007"><ele>367.09</ele></trkpt>
      <trkpt lat="46.604548" lon="14.985111"><ele>366.67</ele></trkpt>
      <trkpt lat="46.60425" lon="14.985263"><ele>367.7</ele></trkpt>
      <trkpt lat="46.604043" lon="14.985355"><ele>368.75</ele></trkpt>
      <trkpt lat="46.603887" lon="14.985515"><ele>369.12</ele></trkpt>
      <trkpt lat="46.60378" lon="14.985688"><ele>369.68</ele></trkpt>
      <trkpt lat="46.603468" lon="14.986355999999999"><ele>370</ele></trkpt>
      <trkpt lat="46.603206" lon="14.986891"><ele>369</ele></trkpt>
      <trkpt lat="46.602187" lon="14.988921999999999"><ele>365.85</ele></trkpt>
      <trkpt lat="46.60185" lon="14.989495"><ele>364.74</ele></trkpt>
      <trkpt lat="46.601349" lon="14.990267999999999"><ele>363.68</ele></trkpt>
      <trkpt lat="46.600452" lon="14.991537"><ele>362.13</ele></trkpt>
      <trkpt lat="46.599866999999996" lon="14.992417"><ele>361.63</ele></trkpt>
      <trkpt lat="46.599334" lon="14.993324"><ele>360.46</ele></trkpt>
      <trkpt lat="46.598785" lon="14.994413999999999"><ele>358.13</ele></trkpt>
      <trkpt lat="46.598496999999995" lon="14.995035"><ele>357.68</ele></trkpt>
      <trkpt lat="46.598226" lon="14.995681"><ele>355.61</ele></trkpt>
      <trkpt lat="46.597065" lon="14.998655"><ele>347.52</ele></trkpt>
      <trkpt lat="46.596922" lon="14.99907"><ele>346.53</ele></trkpt>
      <trkpt lat="46.596772" lon="14.999557999999999"><ele>345.8</ele></trkpt>
      <trkpt lat="46.596258" lon="15.001377"><ele>342.57</ele></trkpt>
      <trkpt lat="46.595605" lon="15.004275999999999"><ele>342.91</ele></trkpt>
      <trkpt lat="46.595444" lon="15.004928"><ele>343.21</ele></trkpt>
      <trkpt lat="46.595137" lon="15.006103999999999"><ele>343.95</ele></trkpt>
      <trkpt lat="46.594682" lon="15.007423999999999"><ele>344.05</ele></trkpt>
      <trkpt lat="46.594228" lon="15.008526"><ele>344.22</ele></trkpt>
      <trkpt lat="46.594034" lon="15.008973999999998"><ele>344.35</ele></trkpt>
      <trkpt lat="46.593734" lon="15.009590999999999"><ele>344.78</ele></trkpt>
      <trkpt lat="46.593052" lon="15.010902999999999"><ele>346.31</ele></trkpt>
      <trkpt lat="46.59214" lon="15.012573"><ele>351.97</ele></trkpt>
      <trkpt lat="46.591598999999995" lon="15.013641999999999"><ele>359.07</ele></trkpt>
      <trkpt lat="46.590426" lon="15.0161"><ele>363</ele></trkpt>
      <trkpt lat="46.589922" lon="15.015867"><ele>363</ele></trkpt>
      <trkpt lat="46.589887" lon="15.015858"><ele>363</ele></trkpt>
      <trkpt lat="46.589817" lon="15.015875"><ele>363</ele></trkpt>
      <trkpt lat="46.589757999999996" lon="15.015970999999999"><ele>363</ele></trkpt>
      <trkpt lat="46.589698" lon="15.016233999999999"><ele>362.6</ele></trkpt>
      <trkpt lat="46.589611999999995" lon="15.016789999999999"><ele>362.27</ele></trkpt>
      <trkpt lat="46.589507999999995" lon="15.017244"><ele>362.21</ele></trkpt>
      <trkpt lat="46.589141" lon="15.016895"><ele>362.02</ele></trkpt>
      <trkpt lat="46.58891" lon="15.016715"><ele>362.18</ele></trkpt>
      <trkpt lat="46.588561999999996" lon="15.016342"><ele>363.03</ele></trkpt>
      <trkpt lat="46.588564" lon="15.016112"><ele>363.31</ele></trkpt>
      <trkpt lat="46.588539999999995" lon="15.015868"><ele>363.86</ele></trkpt>
      <trkpt lat="46.588522" lon="15.015773"><ele>364</ele></trkpt>
      <trkpt lat="46.588485" lon="15.015652"><ele>364</ele></trkpt>
      <trkpt lat="46.588414" lon="15.015505"><ele>363.98</ele></trkpt>
      <trkpt lat="46.588321" lon="15.015352"><ele>363.93</ele></trkpt>
      <trkpt lat="46.588048" lon="15.015020999999999"><ele>363.8</ele></trkpt>
      <trkpt lat="46.587641" lon="15.014674999999999"><ele>363.51</ele></trkpt>
      <trkpt lat="46.587610999999995" lon="15.014628"><ele>363.4</ele></trkpt>
      <trkpt lat="46.587562999999996" lon="15.014548"><ele>363.23</ele></trkpt>
      <trkpt lat="46.587277" lon="15.014223999999999"><ele>362.87</ele></trkpt>
      <trkpt lat="46.587216" lon="15.014135"><ele>362.43</ele></trkpt>
      <trkpt lat="46.587185" lon="15.014073999999999"><ele>361.56</ele></trkpt>
      <trkpt lat="46.587137999999996" lon="15.014038"><ele>361.32</ele></trkpt>
      <trkpt lat="46.586965" lon="15.014024"><ele>361.45</ele></trkpt>
      <trkpt lat="46.58632" lon="15.013786"><ele>357.27</ele></trkpt>
      <trkpt lat="46.586237999999994" lon="15.013772999999999"><ele>356.59</ele></trkpt>
      <trkpt lat="46.586189999999995" lon="15.01379"><ele>356.16</ele></trkpt>
      <trkpt lat="46.586152" lon="15.013829"><ele>355.72</ele></trkpt>
      <trkpt lat="46.586126" lon="15.013886"><ele>355.28</ele></trkpt>
      <trkpt lat="46.586116999999994" lon="15.01398"><ele>354.66</ele></trkpt>
      <trkpt lat="46.58621" lon="15.014705999999999"><ele>350.28</ele></trkpt>
      <trkpt lat="46.586264" lon="15.015215"><ele>347.19</ele></trkpt>
      <trkpt lat="46.586282" lon="15.015438"><ele>345.77</ele></trkpt>
      <trkpt lat="46.586284" lon="15.015602999999999"><ele>344.35</ele></trkpt>
      <trkpt lat="46.586261" lon="15.015811"><ele>343.77</ele></trkpt>
      <trkpt lat="46.586318999999996" lon="15.015984999999999"><ele>343.52</ele></trkpt>
      <trkpt lat="46.586687" lon="15.016713"><ele>344.5</ele></trkpt>
      <trkpt lat="46.586918999999995" lon="15.017138999999998"><ele>345.01</ele></trkpt>
      <trkpt lat="46.587153" lon="15.017628"><ele>345.31</ele></trkpt>
      <trkpt lat="46.587281999999995" lon="15.017928"><ele>345.1</ele></trkpt>
      <trkpt lat="46.587485" lon="15.018511"><ele>342.32</ele></trkpt>
      <trkpt lat="46.587725999999996" lon="15.019293"><ele>337.57</ele></trkpt>
      <trkpt lat="46.587813" lon="15.019606999999999"><ele>335.83</ele></trkpt>
      <trkpt lat="46.587922" lon="15.020244"><ele>334.24</ele></trkpt>
      <trkpt lat="46.588004" lon="15.020840999999999"><ele>334.54</ele></trkpt>
      <trkpt lat="46.588029" lon="15.021263"><ele>334.66</ele></trkpt>
      <trkpt lat="46.588026" lon="15.021559"><ele>334.75</ele></trkpt>
      <trkpt lat="46.588066" lon="15.02184"><ele>333.92</ele></trkpt>
      <trkpt lat="46.588147" lon="15.022022999999999"><ele>333.94</ele></trkpt>
      <trkpt lat="46.588246999999996" lon="15.022146999999999"><ele>334.36</ele></trkpt>
      <trkpt lat="46.588314" lon="15.022359"><ele>334.93</ele></trkpt>
      <trkpt lat="46.588409999999996" lon="15.022556"><ele>336.05</ele></trkpt>
      <trkpt lat="46.588609999999996" lon="15.023254999999999"><ele>337.27</ele></trkpt>
      <trkpt lat="46.588718" lon="15.024097"><ele>338.42</ele></trkpt>
      <trkpt lat="46.588744999999996" lon="15.024206999999999"><ele>338.92</ele></trkpt>
      <trkpt lat="46.588784999999994" lon="15.024270999999999"><ele>339.28</ele></trkpt>
      <trkpt lat="46.588847" lon="15.02432"><ele>339.7</ele></trkpt>
      <trkpt lat="46.588848999999996" lon="15.024398999999999"><ele>339.71</ele></trkpt>
      <trkpt lat="46.588727999999996" lon="15.024393"><ele>338.84</ele></trkpt>
      <trkpt lat="46.588620999999996" lon="15.024401"><ele>338.07</ele></trkpt>
      <trkpt lat="46.588519" lon="15.024427999999999"><ele>335.67</ele></trkpt>
      <trkpt lat="46.587289" lon="15.02477"><ele>335.44</ele></trkpt>
      <trkpt lat="46.587164" lon="15.024890999999998"><ele>337.9</ele></trkpt>
      <trkpt lat="46.587132999999994" lon="15.024776999999998"><ele>337.7</ele></trkpt>
      <trkpt lat="46.587077" lon="15.024443"><ele>336.62</ele></trkpt>
      <trkpt lat="46.587091" lon="15.02437"><ele>336.12</ele></trkpt>
      <trkpt lat="46.587119" lon="15.024296"><ele>335.43</ele></trkpt>
      <trkpt lat="46.587142" lon="15.024156"><ele>334.73</ele></trkpt>
      <trkpt lat="46.587146" lon="15.024032"><ele>334.34</ele></trkpt>
      <trkpt lat="46.587142" lon="15.023876999999999"><ele>334.14</ele></trkpt>
      <trkpt lat="46.587112" lon="15.023748"><ele>333.72</ele></trkpt>
      <trkpt lat="46.587064999999996" lon="15.023622"><ele>333.55</ele></trkpt>
      <trkpt lat="46.586982" lon="15.023316"><ele>334.26</ele></trkpt>
      <trkpt lat="46.586971" lon="15.023138"><ele>333.86</ele></trkpt>
      <trkpt lat="46.586954" lon="15.023010999999999"><ele>333.56</ele></trkpt>
      <trkpt lat="46.586915999999995" lon="15.022924999999999"><ele>333.46</ele></trkpt>
      <trkpt lat="46.586856999999995" lon="15.022857"><ele>333.27</ele></trkpt>
      <trkpt lat="46.586782" lon="15.022818"><ele>333.33</ele></trkpt>
      <trkpt lat="46.586715" lon="15.022822"><ele>333.71</ele></trkpt>
      <trkpt lat="46.586619999999996" lon="15.022862"><ele>334.13</ele></trkpt>
      <trkpt lat="46.586523" lon="15.022943"><ele>334.53</ele></trkpt>
      <trkpt lat="46.586022" lon="15.023121999999999"><ele>336.54</ele></trkpt>
      <trkpt lat="46.585888" lon="15.023150999999999"><ele>337.19</ele></trkpt>
      <trkpt lat="46.585735" lon="15.023136"><ele>337.87</ele></trkpt>
      <trkpt lat="46.585677" lon="15.023088"><ele>338.24</ele></trkpt>
      <trkpt lat="46.585553999999995" lon="15.02301"><ele>338.87</ele></trkpt>
      <trkpt lat="46.585454" lon="15.023002"><ele>339.34</ele></trkpt>
      <trkpt lat="46.585352" lon="15.023022999999998"><ele>339.82</ele></trkpt>
      <trkpt lat="46.585245" lon="15.023019"><ele>340.37</ele></trkpt>
      <trkpt lat="46.585156999999995" lon="15.022996"><ele>340.86</ele></trkpt>
      <trkpt lat="46.585086" lon="15.022933"><ele>341.09</ele></trkpt>
      <trkpt lat="46.585045" lon="15.022912"><ele>341.17</ele></trkpt>
      <trkpt lat="46.584962999999995" lon="15.022891"><ele>341.46</ele></trkpt>
      <trkpt lat="46.584917" lon="15.023026999999999"><ele>342.17</ele></trkpt>
      <trkpt lat="46.584947" lon="15.023031999999999"><ele>342.11</ele></trkpt>
      <trkpt lat="46.585004999999995" lon="15.023071"><ele>342.37</ele></trkpt>
      <trkpt lat="46.585031" lon="15.023145"><ele>342.8</ele></trkpt>
      <trkpt lat="46.585035999999995" lon="15.023183"><ele>343.12</ele></trkpt>
      <trkpt lat="46.585355" lon="15.02342"><ele>341.98</ele></trkpt>
      <trkpt lat="46.585552" lon="15.023532999999999"><ele>340.77</ele></trkpt>
      <trkpt lat="46.585538" lon="15.023622999999999"><ele>341.57</ele></trkpt>
      <trkpt lat="46.585536999999995" lon="15.023717999999999"><ele>342.48</ele></trkpt>
      <trkpt lat="46.585563" lon="15.023788"><ele>342.87</ele></trkpt>
      <trkpt lat="46.585727" lon="15.023968"><ele>344.01</ele></trkpt>
      <trkpt lat="46.585845" lon="15.024068"><ele>344.41</ele></trkpt>
      <trkpt lat="46.585878" lon="15.024109999999999"><ele>344.53</ele></trkpt>
      <trkpt lat="46.585888" lon="15.024137"><ele>344.67</ele></trkpt>
      <trkpt lat="46.585896" lon="15.024211"><ele>344.99</ele></trkpt>
      <trkpt lat="46.585876999999996" lon="15.024261999999998"><ele>345.32</ele></trkpt>
      <trkpt lat="46.58573" lon="15.024488999999999"><ele>346.65</ele></trkpt>
      <trkpt lat="46.586149" lon="15.025519"><ele>349.51</ele></trkpt>
      <trkpt lat="46.586796" lon="15.027282"><ele>352.36</ele></trkpt>
      <trkpt lat="46.587005999999995" lon="15.027771999999999"><ele>353.17</ele></trkpt>
      <trkpt lat="46.587209" lon="15.028189999999999"><ele>354.53</ele></trkpt>
      <trkpt lat="46.587444999999995" lon="15.028627"><ele>353.69</ele></trkpt>
      <trkpt lat="46.587610999999995" lon="15.028953"><ele>352.7</ele></trkpt>
      <trkpt lat="46.587891" lon="15.029435"><ele>355.06</ele></trkpt>
      <trkpt lat="46.588032999999996" lon="15.029651999999999"><ele>356.24</ele></trkpt>
      <trkpt lat="46.58819" lon="15.02998"><ele>358.78</ele></trkpt>
      <trkpt lat="46.588407" lon="15.030375"><ele>361.23</ele></trkpt>
      <trkpt lat="46.588477999999995" lon="15.030467"><ele>361.94</ele></trkpt>
      <trkpt lat="46.588837999999996" lon="15.030842999999999"><ele>363.82</ele></trkpt>
      <trkpt lat="46.589743" lon="15.031851999999999"><ele>366.59</ele></trkpt>
      <trkpt lat="46.590222" lon="15.03248"><ele>368.68</ele></trkpt>
      <trkpt lat="46.590340999999995" lon="15.03266"><ele>369.17</ele></trkpt>
      <trkpt lat="46.590452" lon="15.032858"><ele>369.67</ele></trkpt>
      <trkpt lat="46.590635999999996" lon="15.033252"><ele>370.48</ele></trkpt>
      <trkpt lat="46.590962" lon="15.033888999999999"><ele>371.67</ele></trkpt>
      <trkpt lat="46.591676" lon="15.035082"><ele>375.42</ele></trkpt>
      <trkpt lat="46.591803999999996" lon="15.035252"><ele>374.84</ele></trkpt>
      <trkpt lat="46.591877" lon="15.035385999999999"><ele>374.94</ele></trkpt>
      <trkpt lat="46.591938999999996" lon="15.03552"><ele>375.05</ele></trkpt>
      <trkpt lat="46.591978999999995" lon="15.035639999999999"><ele>375.33</ele></trkpt>
      <trkpt lat="46.592079999999996" lon="15.036024999999999"><ele>376.04</ele></trkpt>
      <trkpt lat="46.59223" lon="15.0365"><ele>378.05</ele></trkpt>
      <trkpt lat="46.592572999999994" lon="15.037507999999999"><ele>381.57</ele></trkpt>
      <trkpt lat="46.592759" lon="15.038114"><ele>383.68</ele></trkpt>
      <trkpt lat="46.592915999999995" lon="15.038888"><ele>385.92</ele></trkpt>
      <trkpt lat="46.593230999999996" lon="15.041120999999999"><ele>391.06</ele></trkpt>
      <trkpt lat="46.593315999999994" lon="15.041395"><ele>390.08</ele></trkpt>
      <trkpt lat="46.593413" lon="15.041663"><ele>389.8</ele></trkpt>
      <trkpt lat="46.593581" lon="15.042057999999999"><ele>388.95</ele></trkpt>
      <trkpt lat="46.593775" lon="15.042847"><ele>391.44</ele></trkpt>
      <trkpt lat="46.594237" lon="15.04422"><ele>389.26</ele></trkpt>
      <trkpt lat="46.594331" lon="15.044763999999999"><ele>389.77</ele></trkpt>
      <trkpt lat="46.59448" lon="15.045796999999999"><ele>388.43</ele></trkpt>
      <trkpt lat="46.594618999999994" lon="15.046251999999999"><ele>387.83</ele></trkpt>
      <trkpt lat="46.59475" lon="15.046482999999998"><ele>386.39</ele></trkpt>
      <trkpt lat="46.594899" lon="15.046622999999999"><ele>385.78</ele></trkpt>
      <trkpt lat="46.595009999999995" lon="15.04671"><ele>385.06</ele></trkpt>
      <trkpt lat="46.595188" lon="15.046951"><ele>384.03</ele></trkpt>
      <trkpt lat="46.595394" lon="15.047583"><ele>382.11</ele></trkpt>
      <trkpt lat="46.595639" lon="15.048226"><ele>380.68</ele></trkpt>
      <trkpt lat="46.595791999999996" lon="15.048719"><ele>378.34</ele></trkpt>
      <trkpt lat="46.595853" lon="15.048997"><ele>377.03</ele></trkpt>
      <trkpt lat="46.595977999999995" lon="15.049323"><ele>375.3</ele></trkpt>
      <trkpt lat="46.596171999999996" lon="15.0497"><ele>372.77</ele></trkpt>
      <trkpt lat="46.596667" lon="15.050426999999999"><ele>370.94</ele></trkpt>
      <trkpt lat="46.597114" lon="15.051338999999999"><ele>368.05</ele></trkpt>
      <trkpt lat="46.597184999999996" lon="15.051575"><ele>367.13</ele></trkpt>
      <trkpt lat="46.597207999999995" lon="15.051877"><ele>365.07</ele></trkpt>
      <trkpt lat="46.597193999999995" lon="15.052033"><ele>364.23</ele></trkpt>
      <trkpt lat="46.597243999999996" lon="15.052188999999998"><ele>363.7</ele></trkpt>
      <trkpt lat="46.597311999999995" lon="15.052249"><ele>363.62</ele></trkpt>
      <trkpt lat="46.597581" lon="15.052548999999999"><ele>363.05</ele></trkpt>
      <trkpt lat="46.597733999999996" lon="15.053084"><ele>362.27</ele></trkpt>
      <trkpt lat="46.597725" lon="15.053242"><ele>361.94</ele></trkpt>
      <trkpt lat="46.597761999999996" lon="15.053433"><ele>361.53</ele></trkpt>
      <trkpt lat="46.597874999999995" lon="15.053626999999999"><ele>361.02</ele></trkpt>
      <trkpt lat="46.598062999999996" lon="15.054476999999999"><ele>357.48</ele></trkpt>
      <trkpt lat="46.598399" lon="15.055202"><ele>355.1</ele></trkpt>
      <trkpt lat="46.598779" lon="15.055769"><ele>356.49</ele></trkpt>
      <trkpt lat="46.598988" lon="15.056056"><ele>354.76</ele></trkpt>
      <trkpt lat="46.599354999999996" lon="15.057202"><ele>357.91</ele></trkpt>
      <trkpt lat="46.599382999999996" lon="15.057412"><ele>358.3</ele></trkpt>
      <trkpt lat="46.599412" lon="15.057535"><ele>358.51</ele></trkpt>
      <trkpt lat="46.599546" lon="15.05772"><ele>358.89</ele></trkpt>
      <trkpt lat="46.599638" lon="15.057812"><ele>359.08</ele></trkpt>
      <trkpt lat="46.600094" lon="15.058727"><ele>361.31</ele></trkpt>
      <trkpt lat="46.600162999999995" lon="15.058869999999999"><ele>361.77</ele></trkpt>
      <trkpt lat="46.600198" lon="15.058971"><ele>362.08</ele></trkpt>
      <trkpt lat="46.600238" lon="15.059021999999999"><ele>362.3</ele></trkpt>
      <trkpt lat="46.600404" lon="15.059154999999999"><ele>363.08</ele></trkpt>
      <trkpt lat="46.600454" lon="15.059211999999999"><ele>363.35</ele></trkpt>
      <trkpt lat="46.600522999999995" lon="15.059329"><ele>363.81</ele></trkpt>
      <trkpt lat="46.600953" lon="15.060151999999999"><ele>366.8</ele></trkpt>
      <trkpt lat="46.601088" lon="15.060395999999999"><ele>367.79</ele></trkpt>
      <trkpt lat="46.601259" lon="15.060675999999999"><ele>368.92</ele></trkpt>
      <trkpt lat="46.601583999999995" lon="15.061523999999999"><ele>371.65</ele></trkpt>
      <trkpt lat="46.601807" lon="15.062209999999999"><ele>373.2</ele></trkpt>
      <trkpt lat="46.601938999999994" lon="15.062686"><ele>372.97</ele></trkpt>
      <trkpt lat="46.602353" lon="15.063562999999998"><ele>368.25</ele></trkpt>
      <trkpt lat="46.602567" lon="15.064160999999999"><ele>366.02</ele></trkpt>
      <trkpt lat="46.602653" lon="15.064568"><ele>367.04</ele></trkpt>
      <trkpt lat="46.602689999999996" lon="15.065610999999999"><ele>373.08</ele></trkpt>
      <trkpt lat="46.602771999999995" lon="15.066728999999999"><ele>379.82</ele></trkpt>
      <trkpt lat="46.602773" lon="15.066961"><ele>381.2</ele></trkpt>
      <trkpt lat="46.602734" lon="15.067393"><ele>383.89</ele></trkpt>
      <trkpt lat="46.60265" lon="15.067803"><ele>386.61</ele></trkpt>
      <trkpt lat="46.602520999999996" lon="15.068202999999999"><ele>388.92</ele></trkpt>
      <trkpt lat="46.602512" lon="15.068354"><ele>389.45</ele></trkpt>
      <trkpt lat="46.602547" lon="15.068995999999999"><ele>391.77</ele></trkpt>
      <trkpt lat="46.602517" lon="15.069488"><ele>393.42</ele></trkpt>
      <trkpt lat="46.602464999999995" lon="15.069773999999999"><ele>394.48</ele></trkpt>
      <trkpt lat="46.602367" lon="15.07006"><ele>395.77</ele></trkpt>
      <trkpt lat="46.602255" lon="15.070248999999999"><ele>396.68</ele></trkpt>
      <trkpt lat="46.601938" lon="15.070594999999999"><ele>399.42</ele></trkpt>
      <trkpt lat="46.601873999999995" lon="15.070718999999999"><ele>400.85</ele></trkpt>
      <trkpt lat="46.601856" lon="15.070843"><ele>400.73</ele></trkpt>
      <trkpt lat="46.601833" lon="15.071731999999999"><ele>396.62</ele></trkpt>
      <trkpt lat="46.601856999999995" lon="15.071947"><ele>395.56</ele></trkpt>
      <trkpt lat="46.601909" lon="15.072121999999998"><ele>397.93</ele></trkpt>
      <trkpt lat="46.602016" lon="15.072405"><ele>399.93</ele></trkpt>
      <trkpt lat="46.602205" lon="15.073381"><ele>395.94</ele></trkpt>
      <trkpt lat="46.602219" lon="15.07355"><ele>395.54</ele></trkpt>
      <trkpt lat="46.602184" lon="15.073775999999999"><ele>394.37</ele></trkpt>
      <trkpt lat="46.602087999999995" lon="15.074138999999999"><ele>394.77</ele></trkpt>
      <trkpt lat="46.601915" lon="15.074532999999999"><ele>396.15</ele></trkpt>
      <trkpt lat="46.601563999999996" lon="15.075614999999999"><ele>397.89</ele></trkpt>
      <trkpt lat="46.601428" lon="15.076405"><ele>398.43</ele></trkpt>
      <trkpt lat="46.601347" lon="15.076732"><ele>398.53</ele></trkpt>
      <trkpt lat="46.60106" lon="15.078062999999998"><ele>399.47</ele></trkpt>
      <trkpt lat="46.600936999999995" lon="15.078878999999999"><ele>401.8</ele></trkpt>
      <trkpt lat="46.600896999999996" lon="15.079206999999998"><ele>403.27</ele></trkpt>
      <trkpt lat="46.600853" lon="15.079360999999999"><ele>404.04</ele></trkpt>
      <trkpt lat="46.600615999999995" lon="15.079735"><ele>406.64</ele></trkpt>
      <trkpt lat="46.600313" lon="15.080305999999998"><ele>410.02</ele></trkpt>
      <trkpt lat="46.600272" lon="15.080528"><ele>411.19</ele></trkpt>
      <trkpt lat="46.600235" lon="15.080881"><ele>412.43</ele></trkpt>
      <trkpt lat="46.600228" lon="15.081417"><ele>413.11</ele></trkpt>
      <trkpt lat="46.600251" lon="15.082289"><ele>414.57</ele></trkpt>
      <trkpt lat="46.600152" lon="15.082765"><ele>415.77</ele></trkpt>
      <trkpt lat="46.600144" lon="15.083324"><ele>416.32</ele></trkpt>
      <trkpt lat="46.600055" lon="15.083796"><ele>415.68</ele></trkpt>
      <trkpt lat="46.599984" lon="15.084451999999999"><ele>412.72</ele></trkpt>
      <trkpt lat="46.600058999999995" lon="15.084847"><ele>411</ele></trkpt>
      <trkpt lat="46.600071" lon="15.0854"><ele>410.2</ele></trkpt>
      <trkpt lat="46.600158" lon="15.085977999999999"><ele>411.29</ele></trkpt>
      <trkpt lat="46.600381999999996" lon="15.086462"><ele>412.82</ele></trkpt>
      <trkpt lat="46.600519" lon="15.086967"><ele>412.94</ele></trkpt>
      <trkpt lat="46.600457999999996" lon="15.087346"><ele>412.02</ele></trkpt>
      <trkpt lat="46.600547999999996" lon="15.087786"><ele>409.99</ele></trkpt>
      <trkpt lat="46.600685" lon="15.088113"><ele>407.59</ele></trkpt>
      <trkpt lat="46.600758" lon="15.088236"><ele>405.35</ele></trkpt>
      <trkpt lat="46.600822" lon="15.08845"><ele>402.95</ele></trkpt>
      <trkpt lat="46.600832" lon="15.088638999999999"><ele>401.97</ele></trkpt>
      <trkpt lat="46.600845" lon="15.089509999999999"><ele>403.16</ele></trkpt>
      <trkpt lat="46.600888" lon="15.089884999999999"><ele>405.17</ele></trkpt>
      <trkpt lat="46.601400999999996" lon="15.090855"><ele>409.84</ele></trkpt>
      <trkpt lat="46.601504" lon="15.091313999999999"><ele>409.4</ele></trkpt>
      <trkpt lat="46.601541" lon="15.091735"><ele>407.63</ele></trkpt>
      <trkpt lat="46.601623" lon="15.091963"><ele>406.25</ele></trkpt>
      <trkpt lat="46.601917" lon="15.092234"><ele>404.1</ele></trkpt>
      <trkpt lat="46.601973" lon="15.092302"><ele>403.4</ele></trkpt>
      <trkpt lat="46.602002" lon="15.092362999999999"><ele>402.83</ele></trkpt>
      <trkpt lat="46.602014999999994" lon="15.092426999999999"><ele>402.28</ele></trkpt>
      <trkpt lat="46.601982" lon="15.093292"><ele>399.88</ele></trkpt>
      <trkpt lat="46.602001" lon="15.093739"><ele>401.27</ele></trkpt>
      <trkpt lat="46.602134" lon="15.094164"><ele>403.83</ele></trkpt>
      <trkpt lat="46.602314" lon="15.094422999999999"><ele>404.43</ele></trkpt>
      <trkpt lat="46.602368999999996" lon="15.094577"><ele>404.66</ele></trkpt>
      <trkpt lat="46.602382999999996" lon="15.094731"><ele>405.65</ele></trkpt>
      <trkpt lat="46.602374999999995" lon="15.094897999999999"><ele>405.86</ele></trkpt>
      <trkpt lat="46.602351" lon="15.095082999999999"><ele>405.3</ele></trkpt>
      <trkpt lat="46.602345" lon="15.0952"><ele>404.51</ele></trkpt>
      <trkpt lat="46.602359" lon="15.095336999999999"><ele>403.71</ele></trkpt>
      <trkpt lat="46.602483" lon="15.095602999999999"><ele>402.26</ele></trkpt>
      <trkpt lat="46.602534" lon="15.095761999999999"><ele>401.29</ele></trkpt>
      <trkpt lat="46.602546" lon="15.095873"><ele>400.64</ele></trkpt>
      <trkpt lat="46.602534999999996" lon="15.096129999999999"><ele>398.95</ele></trkpt>
      <trkpt lat="46.602627999999996" lon="15.096762"><ele>394.8</ele></trkpt>
      <trkpt lat="46.602875999999995" lon="15.097968"><ele>388.95</ele></trkpt>
      <trkpt lat="46.602993" lon="15.098873"><ele>388.43</ele></trkpt>
      <trkpt lat="46.603139999999996" lon="15.099675"><ele>389.39</ele></trkpt>
      <trkpt lat="46.603705" lon="15.101505"><ele>390.58</ele></trkpt>
      <trkpt lat="46.603933" lon="15.101830999999999"><ele>387.18</ele></trkpt>
      <trkpt lat="46.604033" lon="15.10202"><ele>386.66</ele></trkpt>
      <trkpt lat="46.604082999999996" lon="15.102303"><ele>386.65</ele></trkpt>
      <trkpt lat="46.604101" lon="15.102542"><ele>386.62</ele></trkpt>
      <trkpt lat="46.604093" lon="15.102732999999999"><ele>386.17</ele></trkpt>
      <trkpt lat="46.604074" lon="15.102867"><ele>385.82</ele></trkpt>
      <trkpt lat="46.603981" lon="15.103308"><ele>385.19</ele></trkpt>
      <trkpt lat="46.603935" lon="15.103482999999999"><ele>385.08</ele></trkpt>
      <trkpt lat="46.603865" lon="15.103646"><ele>385.01</ele></trkpt>
      <trkpt lat="46.603704" lon="15.103969999999999"><ele>384.72</ele></trkpt>
      <trkpt lat="46.603626999999996" lon="15.104142999999999"><ele>384.54</ele></trkpt>
      <trkpt lat="46.603569" lon="15.104313999999999"><ele>384.36</ele></trkpt>
      <trkpt lat="46.603524" lon="15.104502"><ele>384.17</ele></trkpt>
      <trkpt lat="46.603460999999996" lon="15.104690999999999"><ele>383.98</ele></trkpt>
      <trkpt lat="46.603285" lon="15.10503"><ele>383.24</ele></trkpt>
      <trkpt lat="46.60322" lon="15.105170999999999"><ele>383.27</ele></trkpt>
      <trkpt lat="46.603093" lon="15.105335"><ele>383.74</ele></trkpt>
      <trkpt lat="46.602956999999996" lon="15.10553"><ele>384.97</ele></trkpt>
      <trkpt lat="46.602855999999996" lon="15.105599999999999"><ele>385.75</ele></trkpt>
      <trkpt lat="46.602759" lon="15.105642999999999"><ele>386.5</ele></trkpt>
      <trkpt lat="46.602515" lon="15.105716999999999"><ele>388.91</ele></trkpt>
      <trkpt lat="46.602325" lon="15.105728"><ele>389.37</ele></trkpt>
      <trkpt lat="46.602174999999995" lon="15.105699"><ele>389.81</ele></trkpt>
      <trkpt lat="46.601549999999996" lon="15.105362999999999"><ele>391.39</ele></trkpt>
      <trkpt lat="46.601248999999996" lon="15.105253999999999"><ele>392.18</ele></trkpt>
      <trkpt lat="46.601098" lon="15.105236999999999"><ele>392.39</ele></trkpt>
      <trkpt lat="46.601023999999995" lon="15.105217"><ele>392.29</ele></trkpt>
      <trkpt lat="46.600891" lon="15.105155"><ele>392.18</ele></trkpt>
      <trkpt lat="46.600339" lon="15.104735"><ele>390.38</ele></trkpt>
      <trkpt lat="46.600269999999995" lon="15.104752"><ele>390.16</ele></trkpt>
      <trkpt lat="46.600176" lon="15.104806"><ele>389.86</ele></trkpt>
      <trkpt lat="46.599734999999995" lon="15.105148"><ele>388.04</ele></trkpt>
      <trkpt lat="46.59964" lon="15.105177999999999"><ele>386.81</ele></trkpt>
      <trkpt lat="46.599564" lon="15.105179999999999"><ele>385.67</ele></trkpt>
      <trkpt lat="46.599388999999995" lon="15.105124"><ele>383.32</ele></trkpt>
      <trkpt lat="46.599263" lon="15.105065999999999"><ele>381.67</ele></trkpt>
      <trkpt lat="46.599163999999995" lon="15.104978"><ele>380.12</ele></trkpt>
      <trkpt lat="46.599091" lon="15.10489"><ele>378.83</ele></trkpt>
      <trkpt lat="46.598946999999995" lon="15.104681999999999"><ele>375.67</ele></trkpt>
      <trkpt lat="46.598797" lon="15.104355"><ele>371.98</ele></trkpt>
      <trkpt lat="46.598723" lon="15.104135"><ele>370.53</ele></trkpt>
      <trkpt lat="46.598566999999996" lon="15.103821"><ele>368.48</ele></trkpt>
      <trkpt lat="46.598414999999996" lon="15.103589999999999"><ele>367.06</ele></trkpt>
      <trkpt lat="46.598321999999996" lon="15.103373999999999"><ele>366.35</ele></trkpt>
      <trkpt lat="46.598172" lon="15.102941"><ele>365.08</ele></trkpt>
      <trkpt lat="46.598054" lon="15.102699"><ele>364.27</ele></trkpt>
      <trkpt lat="46.597947" lon="15.10295"><ele>362.83</ele></trkpt>
      <trkpt lat="46.59766" lon="15.103829999999999"><ele>359.92</ele></trkpt>
      <trkpt lat="46.597432999999995" lon="15.104059999999999"><ele>358.38</ele></trkpt>
      <trkpt lat="46.597342" lon="15.104173"><ele>358.02</ele></trkpt>
      <trkpt lat="46.597214" lon="15.104413"><ele>358.12</ele></trkpt>
      <trkpt lat="46.59717" lon="15.104562"><ele>359.14</ele></trkpt>
      <trkpt lat="46.597128" lon="15.104769999999998"><ele>360.61</ele></trkpt>
      <trkpt lat="46.597131" lon="15.104977"><ele>362.54</ele></trkpt>
      <trkpt lat="46.597058999999994" lon="15.105293999999999"><ele>365.33</ele></trkpt>
      <trkpt lat="46.596993" lon="15.105518"><ele>366.77</ele></trkpt>
      <trkpt lat="46.596999" lon="15.105684"><ele>367.9</ele></trkpt>
      <trkpt lat="46.597069" lon="15.105863999999999"><ele>369.34</ele></trkpt>
      <trkpt lat="46.597217" lon="15.106065"><ele>371.37</ele></trkpt>
      <trkpt lat="46.597245" lon="15.106323999999999"><ele>373.03</ele></trkpt>
      <trkpt lat="46.597204999999995" lon="15.106434"><ele>373.73</ele></trkpt>
      <trkpt lat="46.596559" lon="15.107173"><ele>381.73</ele></trkpt>
      <trkpt lat="46.596554999999995" lon="15.107318"><ele>382.73</ele></trkpt>
      <trkpt lat="46.596567" lon="15.107534"><ele>384.17</ele></trkpt>
      <trkpt lat="46.596649" lon="15.10765"><ele>384.91</ele></trkpt>
      <trkpt lat="46.59666" lon="15.107769"><ele>385.1</ele></trkpt>
      <trkpt lat="46.596637" lon="15.107883"><ele>385.08</ele></trkpt>
      <trkpt lat="46.596588" lon="15.107946"><ele>384.97</ele></trkpt>
      <trkpt lat="46.596502" lon="15.107985999999999"><ele>386.53</ele></trkpt>
      <trkpt lat="46.596322" lon="15.108032"><ele>389.51</ele></trkpt>
      <trkpt lat="46.596181" lon="15.108028"><ele>390.7</ele></trkpt>
      <trkpt lat="46.596081999999996" lon="15.108063"><ele>391.78</ele></trkpt>
      <trkpt lat="46.596039999999995" lon="15.108151999999999"><ele>392.2</ele></trkpt>
      <trkpt lat="46.596047999999996" lon="15.108258999999999"><ele>392.8</ele></trkpt>
      <trkpt lat="46.596087999999995" lon="15.108355999999999"><ele>392.58</ele></trkpt>
      <trkpt lat="46.596247999999996" lon="15.108537"><ele>392.08</ele></trkpt>
      <trkpt lat="46.596303999999996" lon="15.108661"><ele>392.07</ele></trkpt>
      <trkpt lat="46.596326999999995" lon="15.108858"><ele>392.4</ele></trkpt>
      <trkpt lat="46.596323999999996" lon="15.109148"><ele>392.32</ele></trkpt>
      <trkpt lat="46.596284999999995" lon="15.109340999999999"><ele>392.36</ele></trkpt>
      <trkpt lat="46.59627" lon="15.109459999999999"><ele>392.44</ele></trkpt>
      <trkpt lat="46.59619" lon="15.109684999999999"><ele>392.57</ele></trkpt>
      <trkpt lat="46.596058" lon="15.109898999999999"><ele>392.55</ele></trkpt>
      <trkpt lat="46.595852" lon="15.110045"><ele>392.16</ele></trkpt>
      <trkpt lat="46.595752" lon="15.110183"><ele>391.88</ele></trkpt>
      <trkpt lat="46.595679999999994" lon="15.110615999999998"><ele>391.35</ele></trkpt>
      <trkpt lat="46.595375" lon="15.111747"><ele>389.34</ele></trkpt>
      <trkpt lat="46.595099" lon="15.112185"><ele>389.26</ele></trkpt>
      <trkpt lat="46.59504" lon="15.112594999999999"><ele>389.07</ele></trkpt>
      <trkpt lat="46.594713999999996" lon="15.113681"><ele>386.9</ele></trkpt>
      <trkpt lat="46.594477999999995" lon="15.11408"><ele>386.49</ele></trkpt>
      <trkpt lat="46.594173999999995" lon="15.114906999999999"><ele>386.17</ele></trkpt>
      <trkpt lat="46.593793" lon="15.115578"><ele>384.89</ele></trkpt>
      <trkpt lat="46.593689999999995" lon="15.115775999999999"><ele>384.38</ele></trkpt>
      <trkpt lat="46.593464" lon="15.116042"><ele>384.32</ele></trkpt>
      <trkpt lat="46.593258999999996" lon="15.116142"><ele>383.66</ele></trkpt>
      <trkpt lat="46.593013" lon="15.115991999999999"><ele>382.66</ele></trkpt>
      <trkpt lat="46.592655" lon="15.115853999999999"><ele>380.97</ele></trkpt>
      <trkpt lat="46.592437" lon="15.115637"><ele>379.32</ele></trkpt>
      <trkpt lat="46.592129" lon="15.115447"><ele>377.14</ele></trkpt>
      <trkpt lat="46.592008" lon="15.115461999999999"><ele>376.52</ele></trkpt>
      <trkpt lat="46.591969999999996" lon="15.115542"><ele>376.18</ele></trkpt>
      <trkpt lat="46.592057999999994" lon="15.116105"><ele>374.24</ele></trkpt>
      <trkpt lat="46.592113999999995" lon="15.116206"><ele>373.8</ele></trkpt>
      <trkpt lat="46.59229" lon="15.116385"><ele>372.93</ele></trkpt>
      <trkpt lat="46.592521999999995" lon="15.116774999999999"><ele>372.07</ele></trkpt>
      <trkpt lat="46.592652" lon="15.117177"><ele>371.36</ele></trkpt>
      <trkpt lat="46.592780999999995" lon="15.117535"><ele>370.97</ele></trkpt>
      <trkpt lat="46.592864" lon="15.11783"><ele>370.69</ele></trkpt>
      <trkpt lat="46.592887999999995" lon="15.118139999999999"><ele>370.19</ele></trkpt>
      <trkpt lat="46.592853" lon="15.118267"><ele>370.75</ele></trkpt>
      <trkpt lat="46.592785" lon="15.118341"><ele>371.16</ele></trkpt>
      <trkpt lat="46.592673" lon="15.118352"><ele>370.91</ele></trkpt>
      <trkpt lat="46.592417999999995" lon="15.118269999999999"><ele>370.8</ele></trkpt>
      <trkpt lat="46.592239" lon="15.118259"><ele>370.8</ele></trkpt>
      <trkpt lat="46.592138" lon="15.118395"><ele>370.4</ele></trkpt>
      <trkpt lat="46.592121" lon="15.118575"><ele>369.96</ele></trkpt>
      <trkpt lat="46.592175" lon="15.118780999999998"><ele>369.36</ele></trkpt>
      <trkpt lat="46.592355" lon="15.119114"><ele>368.22</ele></trkpt>
      <trkpt lat="46.592397" lon="15.11938"><ele>367.38</ele></trkpt>
      <trkpt lat="46.592292" lon="15.119677"><ele>366.17</ele></trkpt>
      <trkpt lat="46.591986999999996" lon="15.120201"><ele>364.92</ele></trkpt>
      <trkpt lat="46.591460999999995" lon="15.12078"><ele>364.35</ele></trkpt>
      <trkpt lat="46.591347999999996" lon="15.121108999999999"><ele>364.45</ele></trkpt>
      <trkpt lat="46.590956" lon="15.121969"><ele>365.24</ele></trkpt>
      <trkpt lat="46.590827" lon="15.122549999999999"><ele>365.69</ele></trkpt>
      <trkpt lat="46.590723999999994" lon="15.122824"><ele>364.9</ele></trkpt>
      <trkpt lat="46.590621" lon="15.122862999999999"><ele>364.08</ele></trkpt>
      <trkpt lat="46.590446" lon="15.122786999999999"><ele>362.49</ele></trkpt>
      <trkpt lat="46.590323999999995" lon="15.122658"><ele>361.76</ele></trkpt>
      <trkpt lat="46.590047" lon="15.122304"><ele>359.29</ele></trkpt>
      <trkpt lat="46.589766" lon="15.122107"><ele>357.22</ele></trkpt>
      <trkpt lat="46.589451" lon="15.121782999999999"><ele>354.63</ele></trkpt>
      <trkpt lat="46.589214999999996" lon="15.121367"><ele>352.23</ele></trkpt>
      <trkpt lat="46.589099" lon="15.121179999999999"><ele>351.56</ele></trkpt>
      <trkpt lat="46.588978" lon="15.121074"><ele>351.25</ele></trkpt>
      <trkpt lat="46.588643" lon="15.121023"><ele>351.05</ele></trkpt>
      <trkpt lat="46.588463999999995" lon="15.120939"><ele>351.23</ele></trkpt>
      <trkpt lat="46.588215" lon="15.120560999999999"><ele>352.52</ele></trkpt>
      <trkpt lat="46.587706" lon="15.120384999999999"><ele>355.58</ele></trkpt>
      <trkpt lat="46.587585" lon="15.120422999999999"><ele>356.39</ele></trkpt>
      <trkpt lat="46.587545" lon="15.12051"><ele>356.85</ele></trkpt>
      <trkpt lat="46.587545" lon="15.120629"><ele>357.44</ele></trkpt>
      <trkpt lat="46.587688" lon="15.120937"><ele>359.65</ele></trkpt>
      <trkpt lat="46.587919" lon="15.121170999999999"><ele>362.43</ele></trkpt>
      <trkpt lat="46.588136999999996" lon="15.121704"><ele>366.49</ele></trkpt>
      <trkpt lat="46.588297999999995" lon="15.121875"><ele>368.64</ele></trkpt>
      <trkpt lat="46.588426" lon="15.122074"><ele>370.17</ele></trkpt>
      <trkpt lat="46.588508" lon="15.122349"><ele>372.4</ele></trkpt>
      <trkpt lat="46.588604" lon="15.122535"><ele>372.88</ele></trkpt>
      <trkpt lat="46.588736999999995" lon="15.122891999999998"><ele>375.13</ele></trkpt>
      <trkpt lat="46.588707" lon="15.123389"><ele>378.91</ele></trkpt>
      <trkpt lat="46.588656" lon="15.123576"><ele>380.86</ele></trkpt>
      <trkpt lat="46.588550999999995" lon="15.123719999999999"><ele>382.48</ele></trkpt>
      <trkpt lat="46.588527" lon="15.123883"><ele>382.21</ele></trkpt>
      <trkpt lat="46.58853" lon="15.124054999999998"><ele>381.59</ele></trkpt>
      <trkpt lat="46.588553999999995" lon="15.124191"><ele>381.04</ele></trkpt>
      <trkpt lat="46.588687" lon="15.124505"><ele>380.23</ele></trkpt>
      <trkpt lat="46.588778999999995" lon="15.124823"><ele>379.65</ele></trkpt>
      <trkpt lat="46.58884" lon="15.125152"><ele>379.05</ele></trkpt>
      <trkpt lat="46.588865999999996" lon="15.125497999999999"><ele>378.54</ele></trkpt>
      <trkpt lat="46.588851" lon="15.125943999999999"><ele>377.87</ele></trkpt>
      <trkpt lat="46.588865999999996" lon="15.126526"><ele>376.8</ele></trkpt>
      <trkpt lat="46.58891" lon="15.126882"><ele>376.04</ele></trkpt>
      <trkpt lat="46.588947" lon="15.127108"><ele>375.58</ele></trkpt>
      <trkpt lat="46.588961" lon="15.127602"><ele>374.69</ele></trkpt>
      <trkpt lat="46.588969999999996" lon="15.128369999999999"><ele>373.43</ele></trkpt>
      <trkpt lat="46.589003999999996" lon="15.128521999999998"><ele>373.15</ele></trkpt>
      <trkpt lat="46.589104" lon="15.128634"><ele>373.48</ele></trkpt>
      <trkpt lat="46.589196" lon="15.128717"><ele>373.75</ele></trkpt>
      <trkpt lat="46.589228" lon="15.128760999999999"><ele>373.8</ele></trkpt>
      <trkpt lat="46.589242999999996" lon="15.128871"><ele>373.65</ele></trkpt>
      <trkpt lat="46.589262999999995" lon="15.129183999999999"><ele>373.47</ele></trkpt>
      <trkpt lat="46.589304" lon="15.129636"><ele>373.16</ele></trkpt>
      <trkpt lat="46.589313999999995" lon="15.130345"><ele>372.88</ele></trkpt>
      <trkpt lat="46.589332999999996" lon="15.130676"><ele>372.9</ele></trkpt>
      <trkpt lat="46.589420999999994" lon="15.131497"><ele>373.02</ele></trkpt>
      <trkpt lat="46.589433" lon="15.131753"><ele>372.95</ele></trkpt>
      <trkpt lat="46.589420999999994" lon="15.132064999999999"><ele>372.73</ele></trkpt>
      <trkpt lat="46.589420999999994" lon="15.132321"><ele>372.46</ele></trkpt>
      <trkpt lat="46.589438" lon="15.132627"><ele>372.01</ele></trkpt>
      <trkpt lat="46.589479" lon="15.132933999999999"><ele>371.2</ele></trkpt>
      <trkpt lat="46.589534" lon="15.13312"><ele>370.57</ele></trkpt>
      <trkpt lat="46.589634" lon="15.133353"><ele>369.61</ele></trkpt>
      <trkpt lat="46.589692" lon="15.13346"><ele>369.13</ele></trkpt>
      <trkpt lat="46.589731" lon="15.133586999999999"><ele>368.68</ele></trkpt>
      <trkpt lat="46.589745" lon="15.133757"><ele>368.13</ele></trkpt>
      <trkpt lat="46.589749999999995" lon="15.134151"><ele>366.76</ele></trkpt>
      <trkpt lat="46.589731" lon="15.1343"><ele>366.14</ele></trkpt>
      <trkpt lat="46.589687" lon="15.134535999999999"><ele>365.16</ele></trkpt>
      <trkpt lat="46.589531" lon="15.134984"><ele>363.53</ele></trkpt>
      <trkpt lat="46.589417999999995" lon="15.135454"><ele>362.05</ele></trkpt>
      <trkpt lat="46.589374" lon="15.135753999999999"><ele>361.03</ele></trkpt>
      <trkpt lat="46.589423" lon="15.136621"><ele>357.8</ele></trkpt>
      <trkpt lat="46.589431999999995" lon="15.136949999999999"><ele>356.51</ele></trkpt>
      <trkpt lat="46.589434" lon="15.137455999999998"><ele>354.82</ele></trkpt>
      <trkpt lat="46.589504999999996" lon="15.137913999999999"><ele>353.25</ele></trkpt>
      <trkpt lat="46.589517" lon="15.138257999999999"><ele>352.16</ele></trkpt>
      <trkpt lat="46.589482" lon="15.13926"><ele>347.95</ele></trkpt>
      <trkpt lat="46.589456" lon="15.139469"><ele>346.66</ele></trkpt>
      <trkpt lat="46.589411" lon="15.139622999999998"><ele>345.63</ele></trkpt>
      <trkpt lat="46.589349999999996" lon="15.139693999999999"><ele>344.96</ele></trkpt>
      <trkpt lat="46.589272" lon="15.139764999999999"><ele>344.22</ele></trkpt>
      <trkpt lat="46.589161999999995" lon="15.139832"><ele>343.34</ele></trkpt>
      <trkpt lat="46.589076" lon="15.139869"><ele>342.73</ele></trkpt>
      <trkpt lat="46.589019" lon="15.139927"><ele>342.29</ele></trkpt>
      <trkpt lat="46.588975999999995" lon="15.140008"><ele>341.89</ele></trkpt>
      <trkpt lat="46.588958999999996" lon="15.140113999999999"><ele>341.51</ele></trkpt>
      <trkpt lat="46.588961999999995" lon="15.14021"><ele>341.15</ele></trkpt>
      <trkpt lat="46.589003" lon="15.140308999999998"><ele>340.72</ele></trkpt>
      <trkpt lat="46.589127999999995" lon="15.140441"><ele>340.04</ele></trkpt>
      <trkpt lat="46.589614999999995" lon="15.141058"><ele>338.53</ele></trkpt>
      <trkpt lat="46.589755" lon="15.141266"><ele>337.88</ele></trkpt>
      <trkpt lat="46.589875" lon="15.141465"><ele>336.92</ele></trkpt>
      <trkpt lat="46.590092999999996" lon="15.141724"><ele>336.86</ele></trkpt>
      <trkpt lat="46.590143" lon="15.141824999999999"><ele>336.79</ele></trkpt>
      <trkpt lat="46.590191999999995" lon="15.141979999999998"><ele>336.56</ele></trkpt>
      <trkpt lat="46.590221" lon="15.142152"><ele>336.31</ele></trkpt>
      <trkpt lat="46.590224" lon="15.142377999999999"><ele>335.97</ele></trkpt>
      <trkpt lat="46.590182" lon="15.142956"><ele>335.33</ele></trkpt>
      <trkpt lat="46.590171999999995" lon="15.143265"><ele>335.14</ele></trkpt>
      <trkpt lat="46.590249" lon="15.144428999999999"><ele>335.13</ele></trkpt>
      <trkpt lat="46.590329" lon="15.144867999999999"><ele>335.48</ele></trkpt>
      <trkpt lat="46.590348999999996" lon="15.145562"><ele>338.86</ele></trkpt>
      <trkpt lat="46.590373" lon="15.145947"><ele>338.94</ele></trkpt>
      <trkpt lat="46.590449" lon="15.146723"><ele>339.6</ele></trkpt>
      <trkpt lat="46.590503999999996" lon="15.147174999999999"><ele>340.17</ele></trkpt>
      <trkpt lat="46.590697999999996" lon="15.148323999999999"><ele>342.47</ele></trkpt>
      <trkpt lat="46.590913" lon="15.149382"><ele>342.88</ele></trkpt>
      <trkpt lat="46.591038" lon="15.149935999999999"><ele>342.64</ele></trkpt>
      <trkpt lat="46.591383" lon="15.151371999999999"><ele>340.31</ele></trkpt>
      <trkpt lat="46.591721" lon="15.152635"><ele>339.11</ele></trkpt>
      <trkpt lat="46.591981" lon="15.153466"><ele>338.99</ele></trkpt>
      <trkpt lat="46.592213" lon="15.154097"><ele>337.84</ele></trkpt>
      <trkpt lat="46.592375999999994" lon="15.154477"><ele>336.6</ele></trkpt>
      <trkpt lat="46.592427" lon="15.154618"><ele>335.66</ele></trkpt>
      <trkpt lat="46.592475" lon="15.154649"><ele>335.26</ele></trkpt>
      <trkpt lat="46.592617" lon="15.154637999999998"><ele>334.49</ele></trkpt>
      <trkpt lat="46.592759" lon="15.154694"><ele>333.89</ele></trkpt>
      <trkpt lat="46.592878" lon="15.154791999999999"><ele>333.28</ele></trkpt>
      <trkpt lat="46.593166" lon="15.155795"><ele>332.09</ele></trkpt>
      <trkpt lat="46.594173" lon="15.159144"><ele>332.33</ele></trkpt>
      <trkpt lat="46.594262" lon="15.159407"><ele>332.42</ele></trkpt>
      <trkpt lat="46.594352" lon="15.159621"><ele>332.45</ele></trkpt>
      <trkpt lat="46.594487" lon="15.159861"><ele>332.55</ele></trkpt>
      <trkpt lat="46.595259999999996" lon="15.161074999999999"><ele>331.9</ele></trkpt>
      <trkpt lat="46.595354" lon="15.161242"><ele>331.87</ele></trkpt>
      <trkpt lat="46.595465999999995" lon="15.161489999999999"><ele>331.63</ele></trkpt>
      <trkpt lat="46.595822" lon="15.162552999999999"><ele>327.34</ele></trkpt>
      <trkpt lat="46.595903" lon="15.162992"><ele>325.08</ele></trkpt>
      <trkpt lat="46.595974" lon="15.163148999999999"><ele>324.69</ele></trkpt>
      <trkpt lat="46.596063" lon="15.163279"><ele>324.7</ele></trkpt>
      <trkpt lat="46.596224" lon="15.163392"><ele>322.66</ele></trkpt>
      <trkpt lat="46.596333" lon="15.163412"><ele>321.55</ele></trkpt>
      <trkpt lat="46.596515" lon="15.163457999999999"><ele>321.66</ele></trkpt>
      <trkpt lat="46.596638999999996" lon="15.163478"><ele>322.37</ele></trkpt>
      <trkpt lat="46.597088" lon="15.163461"><ele>322.21</ele></trkpt>
      <trkpt lat="46.597792" lon="15.163452999999999"><ele>322</ele></trkpt>
      <trkpt lat="46.597981" lon="15.163469"><ele>322</ele></trkpt>
      <trkpt lat="46.598183999999996" lon="15.163526"><ele>322.38</ele></trkpt>
      <trkpt lat="46.598382" lon="15.163606999999999"><ele>323.41</ele></trkpt>
      <trkpt lat="46.598569999999995" lon="15.163704"><ele>324.51</ele></trkpt>
      <trkpt lat="46.598729" lon="15.1638"><ele>325.63</ele></trkpt>
      <trkpt lat="46.598952" lon="15.163959"><ele>325.55</ele></trkpt>
      <trkpt lat="46.599655" lon="15.164522999999999"><ele>325.32</ele></trkpt>
      <trkpt lat="46.600035999999996" lon="15.164812"><ele>324.56</ele></trkpt>
      <trkpt lat="46.600286" lon="15.165094"><ele>324.31</ele></trkpt>
      <trkpt lat="46.600721" lon="15.165569999999999"><ele>323.56</ele></trkpt>
      <trkpt lat="46.600846" lon="15.165761999999999"><ele>323.26</ele></trkpt>
      <trkpt lat="46.600877999999994" lon="15.165842999999999"><ele>323.11</ele></trkpt>
      <trkpt lat="46.600898" lon="15.165925"><ele>322.96</ele></trkpt>
      <trkpt lat="46.600943" lon="15.166221"><ele>323.37</ele></trkpt>
      <trkpt lat="46.600981999999995" lon="15.16635"><ele>323.72</ele></trkpt>
      <trkpt lat="46.601043999999995" lon="15.166499"><ele>324.2</ele></trkpt>
      <trkpt lat="46.601155" lon="15.166666999999999"><ele>324.82</ele></trkpt>
      <trkpt lat="46.601507999999995" lon="15.167126"><ele>325.64</ele></trkpt>
      <trkpt lat="46.601754" lon="15.16738"><ele>325.72</ele></trkpt>
      <trkpt lat="46.602104" lon="15.167862"><ele>325.19</ele></trkpt>
      <trkpt lat="46.602433" lon="15.168337"><ele>324.45</ele></trkpt>
      <trkpt lat="46.602576" lon="15.168502"><ele>324.23</ele></trkpt>
      <trkpt lat="46.602895" lon="15.16874"><ele>324.01</ele></trkpt>
      <trkpt lat="46.603175" lon="15.168949"><ele>324.25</ele></trkpt>
      <trkpt lat="46.603477999999996" lon="15.169222999999999"><ele>325.19</ele></trkpt>
      <trkpt lat="46.603646" lon="15.169381"><ele>325.89</ele></trkpt>
      <trkpt lat="46.603925" lon="15.169699999999999"><ele>327.7</ele></trkpt>
      <trkpt lat="46.604231999999996" lon="15.169955"><ele>329.9</ele></trkpt>
      <trkpt lat="46.604333" lon="15.170022"><ele>330.7</ele></trkpt>
      <trkpt lat="46.604624" lon="15.170171"><ele>332.86</ele></trkpt>
      <trkpt lat="46.604693999999995" lon="15.170231999999999"><ele>333.56</ele></trkpt>
      <trkpt lat="46.604729" lon="15.170274"><ele>334.32</ele></trkpt>
      <trkpt lat="46.604759" lon="15.170333999999999"><ele>336.65</ele></trkpt>
      <trkpt lat="46.604856999999996" lon="15.170478999999998"><ele>339.51</ele></trkpt>
      <trkpt lat="46.604976" lon="15.170535999999998"><ele>339.87</ele></trkpt>
      <trkpt lat="46.605371999999996" lon="15.170677999999999"><ele>343.52</ele></trkpt>
      <trkpt lat="46.605633999999995" lon="15.170726"><ele>346.18</ele></trkpt>
      <trkpt lat="46.605874" lon="15.170727"><ele>349.35</ele></trkpt>
      <trkpt lat="46.606009" lon="15.170751999999998"><ele>351.15</ele></trkpt>
      <trkpt lat="46.606272999999995" lon="15.170836"><ele>354.93</ele></trkpt>
      <trkpt lat="46.606545999999994" lon="15.171"><ele>359.84</ele></trkpt>
      <trkpt lat="46.606665" lon="15.171083999999999"><ele>361.95</ele></trkpt>
      <trkpt lat="46.606741" lon="15.171154999999999"><ele>363.25</ele></trkpt>
      <trkpt lat="46.606801999999995" lon="15.171277"><ele>364.56</ele></trkpt>
      <trkpt lat="46.606842" lon="15.171394"><ele>365.53</ele></trkpt>
      <trkpt lat="46.606888" lon="15.171581"><ele>366.83</ele></trkpt>
      <trkpt lat="46.606927999999996" lon="15.171925"><ele>368.78</ele></trkpt>
      <trkpt lat="46.606949" lon="15.172441999999998"><ele>370.64</ele></trkpt>
      <trkpt lat="46.606893" lon="15.173205"><ele>371.97</ele></trkpt>
      <trkpt lat="46.606898" lon="15.173290999999999"><ele>371.86</ele></trkpt>
      <trkpt lat="46.60697" lon="15.173722"><ele>372.27</ele></trkpt>
      <trkpt lat="46.606964999999995" lon="15.174171999999999"><ele>373.13</ele></trkpt>
      <trkpt lat="46.606950999999995" lon="15.174446999999999"><ele>373.24</ele></trkpt>
      <trkpt lat="46.606871" lon="15.174949999999999"><ele>373.02</ele></trkpt>
      <trkpt lat="46.606809999999996" lon="15.175486999999999"><ele>372.34</ele></trkpt>
      <trkpt lat="46.606792" lon="15.175727"><ele>371.52</ele></trkpt>
      <trkpt lat="46.606787999999995" lon="15.176457999999998"><ele>371.11</ele></trkpt>
      <trkpt lat="46.606730999999996" lon="15.176801"><ele>371.2</ele></trkpt>
      <trkpt lat="46.606685999999996" lon="15.176979999999999"><ele>371.19</ele></trkpt>
      <trkpt lat="46.606569" lon="15.177351"><ele>371.23</ele></trkpt>
      <trkpt lat="46.606493" lon="15.177627999999999"><ele>371.2</ele></trkpt>
      <trkpt lat="46.60644" lon="15.177904999999999"><ele>371.2</ele></trkpt>
      <trkpt lat="46.606403" lon="15.178196999999999"><ele>371.06</ele></trkpt>
      <trkpt lat="46.606383" lon="15.178631"><ele>371.05</ele></trkpt>
      <trkpt lat="46.606365" lon="15.178833"><ele>371.71</ele></trkpt>
      <trkpt lat="46.606311999999996" lon="15.179060999999999"><ele>371.54</ele></trkpt>
      <trkpt lat="46.606246" lon="15.179274999999999"><ele>371.52</ele></trkpt>
      <trkpt lat="46.606105" lon="15.179601"><ele>371.9</ele></trkpt>
      <trkpt lat="46.605993" lon="15.179825999999998"><ele>372.16</ele></trkpt>
      <trkpt lat="46.605866999999996" lon="15.180041999999998"><ele>372.46</ele></trkpt>
      <trkpt lat="46.60548" lon="15.180646999999999"><ele>373.67</ele></trkpt>
      <trkpt lat="46.605259" lon="15.181147999999999"><ele>374.36</ele></trkpt>
      <trkpt lat="46.605101" lon="15.18159"><ele>374.73</ele></trkpt>
      <trkpt lat="46.604755999999995" lon="15.182813"><ele>374.81</ele></trkpt>
      <trkpt lat="46.604622" lon="15.18338"><ele>374.72</ele></trkpt>
      <trkpt lat="46.604544999999995" lon="15.183752"><ele>374.61</ele></trkpt>
      <trkpt lat="46.604493" lon="15.184064"><ele>374.45</ele></trkpt>
      <trkpt lat="46.604397" lon="15.184778999999999"><ele>373.73</ele></trkpt>
      <trkpt lat="46.604290999999996" lon="15.18535"><ele>373.18</ele></trkpt>
      <trkpt lat="46.604174" lon="15.185784"><ele>372.82</ele></trkpt>
      <trkpt lat="46.604029" lon="15.186242"><ele>372.27</ele></trkpt>
      <trkpt lat="46.603867" lon="15.186796999999999"><ele>372.33</ele></trkpt>
      <trkpt lat="46.603722999999995" lon="15.187456"><ele>372.49</ele></trkpt>
      <trkpt lat="46.603592" lon="15.188213999999999"><ele>372.99</ele></trkpt>
      <trkpt lat="46.603570999999995" lon="15.188291"><ele>373</ele></trkpt>
      <trkpt lat="46.603459" lon="15.188557"><ele>372.64</ele></trkpt>
      <trkpt lat="46.603277999999996" lon="15.189070999999998"><ele>372.87</ele></trkpt>
      <trkpt lat="46.603015" lon="15.190432999999999"><ele>372.85</ele></trkpt>
      <trkpt lat="46.602866999999996" lon="15.190958"><ele>372.21</ele></trkpt>
      <trkpt lat="46.602678999999995" lon="15.191564999999999"><ele>372</ele></trkpt>
      <trkpt lat="46.602596999999996" lon="15.191925999999999"><ele>371.99</ele></trkpt>
      <trkpt lat="46.602543" lon="15.192516"><ele>371.41</ele></trkpt>
      <trkpt lat="46.602502" lon="15.192774"><ele>370.73</ele></trkpt>
      <trkpt lat="46.602466" lon="15.192943999999999"><ele>369.43</ele></trkpt>
      <trkpt lat="46.602433" lon="15.193055"><ele>368.82</ele></trkpt>
      <trkpt lat="46.60236" lon="15.193244"><ele>368.26</ele></trkpt>
      <trkpt lat="46.602278" lon="15.193418999999999"><ele>368</ele></trkpt>
      <trkpt lat="46.602084999999995" lon="15.193743999999999"><ele>366.76</ele></trkpt>
      <trkpt lat="46.602011999999995" lon="15.193895999999999"><ele>366.18</ele></trkpt>
      <trkpt lat="46.60191" lon="15.194154"><ele>363.86</ele></trkpt>
      <trkpt lat="46.601887" lon="15.19432"><ele>362.43</ele></trkpt>
      <trkpt lat="46.601884999999996" lon="15.194481999999999"><ele>361.11</ele></trkpt>
      <trkpt lat="46.601901" lon="15.194849999999999"><ele>358.55</ele></trkpt>
      <trkpt lat="46.601914" lon="15.195583"><ele>353.17</ele></trkpt>
      <trkpt lat="46.601890999999995" lon="15.195822999999999"><ele>351.41</ele></trkpt>
      <trkpt lat="46.6017" lon="15.196762"><ele>344.32</ele></trkpt>
      <trkpt lat="46.601655" lon="15.197097999999999"><ele>342.07</ele></trkpt>
      <trkpt lat="46.601616" lon="15.197747999999999"><ele>338.19</ele></trkpt>
      <trkpt lat="46.60158" lon="15.198155"><ele>336.04</ele></trkpt>
      <trkpt lat="46.601444" lon="15.199185"><ele>330.79</ele></trkpt>
      <trkpt lat="46.601382" lon="15.199485999999998"><ele>328.67</ele></trkpt>
      <trkpt lat="46.601273" lon="15.199814"><ele>327.55</ele></trkpt>
      <trkpt lat="46.600902999999995" lon="15.200669999999999"><ele>328.85</ele></trkpt>
      <trkpt lat="46.600795" lon="15.200982"><ele>330.25</ele></trkpt>
      <trkpt lat="46.600755" lon="15.201236"><ele>331.52</ele></trkpt>
      <trkpt lat="46.600736" lon="15.201509999999999"><ele>333.09</ele></trkpt>
      <trkpt lat="46.600789" lon="15.202777999999999"><ele>342.87</ele></trkpt>
      <trkpt lat="46.600763" lon="15.203128999999999"><ele>345.38</ele></trkpt>
      <trkpt lat="46.600705" lon="15.20345"><ele>347.35</ele></trkpt>
      <trkpt lat="46.600623" lon="15.203748"><ele>348.92</ele></trkpt>
      <trkpt lat="46.600023" lon="15.205131999999999"><ele>350.39</ele></trkpt>
      <trkpt lat="46.599851" lon="15.205452"><ele>350.47</ele></trkpt>
      <trkpt lat="46.59954" lon="15.205926"><ele>350.7</ele></trkpt>
      <trkpt lat="46.599469" lon="15.206147999999999"><ele>350.91</ele></trkpt>
      <trkpt lat="46.599416999999995" lon="15.206384"><ele>351.08</ele></trkpt>
      <trkpt lat="46.599309" lon="15.207336999999999"><ele>350.5</ele></trkpt>
      <trkpt lat="46.599273" lon="15.207548999999998"><ele>350.11</ele></trkpt>
      <trkpt lat="46.599224" lon="15.207721999999999"><ele>349.71</ele></trkpt>
      <trkpt lat="46.599135" lon="15.207913999999999"><ele>349.19</ele></trkpt>
      <trkpt lat="46.598988999999996" lon="15.208148999999999"><ele>348.4</ele></trkpt>
      <trkpt lat="46.598929999999996" lon="15.208297"><ele>347.8</ele></trkpt>
      <trkpt lat="46.598889" lon="15.208444"><ele>347.23</ele></trkpt>
      <trkpt lat="46.598813" lon="15.2089"><ele>345.61</ele></trkpt>
      <trkpt lat="46.59878" lon="15.209176999999999"><ele>344.59</ele></trkpt>
      <trkpt lat="46.598774" lon="15.209366"><ele>343.67</ele></trkpt>
      <trkpt lat="46.598788" lon="15.209563"><ele>344.53</ele></trkpt>
      <trkpt lat="46.598794999999996" lon="15.20989"><ele>347.1</ele></trkpt>
      <trkpt lat="46.598783" lon="15.210073"><ele>347.35</ele></trkpt>
      <trkpt lat="46.598738" lon="15.210319"><ele>347.97</ele></trkpt>
      <trkpt lat="46.598628999999995" lon="15.210571999999999"><ele>348.83</ele></trkpt>
      <trkpt lat="46.598538999999995" lon="15.210735"><ele>349.38</ele></trkpt>
      <trkpt lat="46.598341999999995" lon="15.211018999999999"><ele>350.37</ele></trkpt>
      <trkpt lat="46.598192999999995" lon="15.211205999999999"><ele>351.31</ele></trkpt>
      <trkpt lat="46.598073" lon="15.211333"><ele>352.03</ele></trkpt>
      <trkpt lat="46.597936999999995" lon="15.211437"><ele>352.62</ele></trkpt>
      <trkpt lat="46.597812" lon="15.211495999999999"><ele>352.97</ele></trkpt>
      <trkpt lat="46.59773" lon="15.211573999999999"><ele>353.15</ele></trkpt>
      <trkpt lat="46.59771" lon="15.211701"><ele>353.27</ele></trkpt>
      <trkpt lat="46.597713999999996" lon="15.211789999999999"><ele>353.32</ele></trkpt>
      <trkpt lat="46.597775999999996" lon="15.212174"><ele>353.43</ele></trkpt>
      <trkpt lat="46.597792" lon="15.212442999999999"><ele>353.38</ele></trkpt>
      <trkpt lat="46.597783" lon="15.212717999999999"><ele>353.26</ele></trkpt>
      <trkpt lat="46.597712" lon="15.213572999999998"><ele>353.17</ele></trkpt>
      <trkpt lat="46.597694999999995" lon="15.213852999999999"><ele>353.1</ele></trkpt>
      <trkpt lat="46.597656" lon="15.214134999999999"><ele>352.94</ele></trkpt>
      <trkpt lat="46.597502999999996" lon="15.214815"><ele>352.59</ele></trkpt>
      <trkpt lat="46.59749" lon="15.215152999999999"><ele>351.91</ele></trkpt>
      <trkpt lat="46.597460999999996" lon="15.215392999999999"><ele>352.17</ele></trkpt>
      <trkpt lat="46.597359999999995" lon="15.215764"><ele>351.65</ele></trkpt>
      <trkpt lat="46.597148" lon="15.21626"><ele>350.66</ele></trkpt>
      <trkpt lat="46.59695" lon="15.216802"><ele>347.93</ele></trkpt>
      <trkpt lat="46.596803" lon="15.217245"><ele>345.79</ele></trkpt>
      <trkpt lat="46.596764" lon="15.217505"><ele>344.84</ele></trkpt>
      <trkpt lat="46.596751" lon="15.217749"><ele>343.9</ele></trkpt>
      <trkpt lat="46.596678" lon="15.218031"><ele>342.79</ele></trkpt>
      <trkpt lat="46.596599999999995" lon="15.218247999999999"><ele>341.96</ele></trkpt>
      <trkpt lat="46.596433999999995" lon="15.21862"><ele>340.83</ele></trkpt>
      <trkpt lat="46.596402999999995" lon="15.218762"><ele>340.42</ele></trkpt>
      <trkpt lat="46.596391999999994" lon="15.218919999999999"><ele>339.9</ele></trkpt>
      <trkpt lat="46.596391" lon="15.219171999999999"><ele>338.84</ele></trkpt>
      <trkpt lat="46.596381" lon="15.219341"><ele>338.14</ele></trkpt>
      <trkpt lat="46.59635" lon="15.219586"><ele>337.42</ele></trkpt>
      <trkpt lat="46.596301" lon="15.219857999999999"><ele>336.82</ele></trkpt>
      <trkpt lat="46.596255" lon="15.220054"><ele>336.33</ele></trkpt>
      <trkpt lat="46.596123" lon="15.220486999999999"><ele>334.75</ele></trkpt>
      <trkpt lat="46.596104" lon="15.220621"><ele>334.16</ele></trkpt>
      <trkpt lat="46.596092" lon="15.220754"><ele>333.58</ele></trkpt>
      <trkpt lat="46.596078999999996" lon="15.221205999999999"><ele>331.9</ele></trkpt>
      <trkpt lat="46.596038" lon="15.221523"><ele>330.19</ele></trkpt>
      <trkpt lat="46.595956" lon="15.221748999999999"><ele>328.48</ele></trkpt>
      <trkpt lat="46.595845" lon="15.221836999999999"><ele>327.19</ele></trkpt>
      <trkpt lat="46.595675" lon="15.221947"><ele>325.37</ele></trkpt>
      <trkpt lat="46.595613" lon="15.222057"><ele>324.68</ele></trkpt>
      <trkpt lat="46.59559" lon="15.222259999999999"><ele>323.03</ele></trkpt>
      <trkpt lat="46.595631" lon="15.222624999999999"><ele>320.47</ele></trkpt>
      <trkpt lat="46.595647" lon="15.222828999999999"><ele>320.23</ele></trkpt>
      <trkpt lat="46.595723" lon="15.223306"><ele>323.01</ele></trkpt>
      <trkpt lat="46.595717" lon="15.223576999999999"><ele>323.57</ele></trkpt>
      <trkpt lat="46.595586999999995" lon="15.224139"><ele>324.62</ele></trkpt>
      <trkpt lat="46.595537" lon="15.224433999999999"><ele>324.86</ele></trkpt>
      <trkpt lat="46.595459" lon="15.225076999999999"><ele>325.7</ele></trkpt>
      <trkpt lat="46.59542" lon="15.225226999999999"><ele>326.02</ele></trkpt>
      <trkpt lat="46.595358" lon="15.225354"><ele>326.38</ele></trkpt>
      <trkpt lat="46.595126" lon="15.225778"><ele>327.72</ele></trkpt>
      <trkpt lat="46.595079999999996" lon="15.225883999999999"><ele>328.08</ele></trkpt>
      <trkpt lat="46.59505" lon="15.226044"><ele>328.54</ele></trkpt>
      <trkpt lat="46.59504" lon="15.226184"><ele>328.91</ele></trkpt>
      <trkpt lat="46.595034" lon="15.226732"><ele>330.29</ele></trkpt>
      <trkpt lat="46.595056" lon="15.227386"><ele>330.52</ele></trkpt>
      <trkpt lat="46.595048999999996" lon="15.227829"><ele>329.89</ele></trkpt>
      <trkpt lat="46.595009" lon="15.228444"><ele>330.49</ele></trkpt>
      <trkpt lat="46.59495" lon="15.228688"><ele>330.97</ele></trkpt>
      <trkpt lat="46.594871" lon="15.228966"><ele>331.49</ele></trkpt>
      <trkpt lat="46.594739999999994" lon="15.229199999999999"><ele>331.39</ele></trkpt>
      <trkpt lat="46.594428" lon="15.229633"><ele>331.97</ele></trkpt>
      <trkpt lat="46.594122999999996" lon="15.230094"><ele>333.14</ele></trkpt>
      <trkpt lat="46.594015" lon="15.230215999999999"><ele>332.21</ele></trkpt>
      <trkpt lat="46.594024999999995" lon="15.230302"><ele>331.08</ele></trkpt>
      <trkpt lat="46.594015999999996" lon="15.230436"><ele>328.63</ele></trkpt>
      <trkpt lat="46.594032999999996" lon="15.230523999999999"><ele>326.98</ele></trkpt>
      <trkpt lat="46.594111999999996" lon="15.230706999999999"><ele>329.44</ele></trkpt>
      <trkpt lat="46.594654" lon="15.231122"><ele>329.67</ele></trkpt>
      <trkpt lat="46.595017" lon="15.231522"><ele>327.9</ele></trkpt>
      <trkpt lat="46.594895" lon="15.231952"><ele>329.86</ele></trkpt>
      <trkpt lat="46.594868999999996" lon="15.232261999999999"><ele>330.57</ele></trkpt>
      <trkpt lat="46.59489" lon="15.232809"><ele>331.73</ele></trkpt>
      <trkpt lat="46.595186" lon="15.234694"><ele>335.48</ele></trkpt>
      <trkpt lat="46.595247" lon="15.235215"><ele>336.86</ele></trkpt>
      <trkpt lat="46.595149" lon="15.235662"><ele>338.31</ele></trkpt>
      <trkpt lat="46.595144" lon="15.235930999999999"><ele>339.02</ele></trkpt>
      <trkpt lat="46.595200999999996" lon="15.236108"><ele>339.27</ele></trkpt>
      <trkpt lat="46.595324999999995" lon="15.236578"><ele>339.72</ele></trkpt>
      <trkpt lat="46.595335999999996" lon="15.23672"><ele>339.83</ele></trkpt>
      <trkpt lat="46.595194" lon="15.237399"><ele>340.46</ele></trkpt>
      <trkpt lat="46.595169999999996" lon="15.237763999999999"><ele>340.73</ele></trkpt>
      <trkpt lat="46.59527" lon="15.238707"><ele>341.45</ele></trkpt>
      <trkpt lat="46.595349999999996" lon="15.239374"><ele>342.03</ele></trkpt>
      <trkpt lat="46.595465" lon="15.240077999999999"><ele>342.21</ele></trkpt>
      <trkpt lat="46.59569" lon="15.240836999999999"><ele>342.21</ele></trkpt>
      <trkpt lat="46.595901999999995" lon="15.241677"><ele>342.03</ele></trkpt>
      <trkpt lat="46.596179" lon="15.24254"><ele>341.55</ele></trkpt>
      <trkpt lat="46.596405999999995" lon="15.243457999999999"><ele>340.9</ele></trkpt>
      <trkpt lat="46.596689999999995" lon="15.244779"><ele>340.09</ele></trkpt>
      <trkpt lat="46.596833" lon="15.245163"><ele>339.84</ele></trkpt>
      <trkpt lat="46.597274999999996" lon="15.246099"><ele>339.35</ele></trkpt>
      <trkpt lat="46.597403" lon="15.246445"><ele>339.68</ele></trkpt>
      <trkpt lat="46.597465" lon="15.246704"><ele>339.92</ele></trkpt>
      <trkpt lat="46.597528999999994" lon="15.247086"><ele>340.74</ele></trkpt>
      <trkpt lat="46.597702" lon="15.247943"><ele>341.71</ele></trkpt>
      <trkpt lat="46.597763" lon="15.248740999999999"><ele>341.91</ele></trkpt>
      <trkpt lat="46.597882" lon="15.249547"><ele>341.99</ele></trkpt>
      <trkpt lat="46.597916999999995" lon="15.249906999999999"><ele>341.9</ele></trkpt>
      <trkpt lat="46.597925" lon="15.250211"><ele>341.72</ele></trkpt>
      <trkpt lat="46.597921" lon="15.250433999999998"><ele>341.57</ele></trkpt>
      <trkpt lat="46.597846999999994" lon="15.250922999999998"><ele>341.19</ele></trkpt>
      <trkpt lat="46.597705999999995" lon="15.251472"><ele>340.66</ele></trkpt>
      <trkpt lat="46.597437" lon="15.252153999999999"><ele>339.68</ele></trkpt>
      <trkpt lat="46.597392" lon="15.252294"><ele>339.32</ele></trkpt>
      <trkpt lat="46.597355" lon="15.252441999999999"><ele>338.92</ele></trkpt>
      <trkpt lat="46.597336999999996" lon="15.252585999999999"><ele>338.54</ele></trkpt>
      <trkpt lat="46.597331" lon="15.252742999999999"><ele>338.17</ele></trkpt>
      <trkpt lat="46.597353" lon="15.253072"><ele>337.43</ele></trkpt>
      <trkpt lat="46.597359" lon="15.253266"><ele>337.01</ele></trkpt>
      <trkpt lat="46.597342999999995" lon="15.253409"><ele>336.68</ele></trkpt>
      <trkpt lat="46.597265" lon="15.253694"><ele>336.06</ele></trkpt>
      <trkpt lat="46.597184999999996" lon="15.254057"><ele>335.86</ele></trkpt>
      <trkpt lat="46.597075" lon="15.254648"><ele>336.18</ele></trkpt>
      <trkpt lat="46.597018" lon="15.254871999999999"><ele>336.47</ele></trkpt>
      <trkpt lat="46.596939" lon="15.255108"><ele>336.91</ele></trkpt>
      <trkpt lat="46.596877" lon="15.255246"><ele>337.32</ele></trkpt>
      <trkpt lat="46.596636" lon="15.255583"><ele>339.06</ele></trkpt>
      <trkpt lat="46.596574" lon="15.255709999999999"><ele>339.72</ele></trkpt>
      <trkpt lat="46.596454" lon="15.256267999999999"><ele>342.89</ele></trkpt>
      <trkpt lat="46.596302" lon="15.257325"><ele>349.68</ele></trkpt>
      <trkpt lat="46.596238" lon="15.258066999999999"><ele>354.41</ele></trkpt>
      <trkpt lat="46.596153" lon="15.258604"><ele>358.08</ele></trkpt>
      <trkpt lat="46.595949" lon="15.259469"><ele>364.45</ele></trkpt>
      <trkpt lat="46.595741" lon="15.259951"><ele>368.17</ele></trkpt>
      <trkpt lat="46.595448" lon="15.260494999999999"><ele>372.58</ele></trkpt>
      <trkpt lat="46.595279" lon="15.260655999999999"><ele>374.26</ele></trkpt>
      <trkpt lat="46.595023" lon="15.260788"><ele>376.36</ele></trkpt>
      <trkpt lat="46.594753999999995" lon="15.260826"><ele>378.49</ele></trkpt>
      <trkpt lat="46.594632" lon="15.260886999999999"><ele>379.3</ele></trkpt>
      <trkpt lat="46.594525" lon="15.260905999999999"><ele>379.83</ele></trkpt>
      <trkpt lat="46.594272" lon="15.261"><ele>380.92</ele></trkpt>
      <trkpt lat="46.593996" lon="15.261133999999998"><ele>379.35</ele></trkpt>
      <trkpt lat="46.593678999999995" lon="15.261334999999999"><ele>377.29</ele></trkpt>
      <trkpt lat="46.593564" lon="15.261387"><ele>376.6</ele></trkpt>
      <trkpt lat="46.59345" lon="15.2614"><ele>375.95</ele></trkpt>
      <trkpt lat="46.593125" lon="15.261223"><ele>373.94</ele></trkpt>
      <trkpt lat="46.592728" lon="15.260826"><ele>371.3</ele></trkpt>
      <trkpt lat="46.592605" lon="15.260729999999999"><ele>370.43</ele></trkpt>
      <trkpt lat="46.592569" lon="15.260734"><ele>369.48</ele></trkpt>
      <trkpt lat="46.592468" lon="15.260793999999999"><ele>369.49</ele></trkpt>
      <trkpt lat="46.592459999999996" lon="15.260942"><ele>369.79</ele></trkpt>
      <trkpt lat="46.592526" lon="15.261159"><ele>369.86</ele></trkpt>
      <trkpt lat="46.592647" lon="15.26136"><ele>369.85</ele></trkpt>
      <trkpt lat="46.592717" lon="15.261529999999999"><ele>369.63</ele></trkpt>
      <trkpt lat="46.592762" lon="15.261785"><ele>369.39</ele></trkpt>
      <trkpt lat="46.592841" lon="15.26241"><ele>368.94</ele></trkpt>
      <trkpt lat="46.592845999999994" lon="15.262633"><ele>368.78</ele></trkpt>
      <trkpt lat="46.592746" lon="15.262865"><ele>368.42</ele></trkpt>
      <trkpt lat="46.592569" lon="15.263067999999999"><ele>368.02</ele></trkpt>
      <trkpt lat="46.592318999999996" lon="15.263300999999998"><ele>367.6</ele></trkpt>
      <trkpt lat="46.591921" lon="15.263558999999999"><ele>366.11</ele></trkpt>
      <trkpt lat="46.591459" lon="15.263745"><ele>363.98</ele></trkpt>
      <trkpt lat="46.590995" lon="15.263914999999999"><ele>361.32</ele></trkpt>
      <trkpt lat="46.590826" lon="15.26395"><ele>360.02</ele></trkpt>
      <trkpt lat="46.590447999999995" lon="15.263940999999999"><ele>359.25</ele></trkpt>
      <trkpt lat="46.590302" lon="15.263888"><ele>359.15</ele></trkpt>
      <trkpt lat="46.590182999999996" lon="15.263786999999999"><ele>358.84</ele></trkpt>
      <trkpt lat="46.590061" lon="15.263710999999999"><ele>358.58</ele></trkpt>
      <trkpt lat="46.589968999999996" lon="15.263688"><ele>358.4</ele></trkpt>
      <trkpt lat="46.589839" lon="15.263726"><ele>358.05</ele></trkpt>
      <trkpt lat="46.589814" lon="15.263827"><ele>357.86</ele></trkpt>
      <trkpt lat="46.589849" lon="15.263926"><ele>357.64</ele></trkpt>
      <trkpt lat="46.589959" lon="15.264133"><ele>356.96</ele></trkpt>
      <trkpt lat="46.590041" lon="15.264422"><ele>355.96</ele></trkpt>
      <trkpt lat="46.590059" lon="15.264562"><ele>355.41</ele></trkpt>
      <trkpt lat="46.590029" lon="15.264714"><ele>354.79</ele></trkpt>
      <trkpt lat="46.589949999999995" lon="15.26483"><ele>354.34</ele></trkpt>
      <trkpt lat="46.589725" lon="15.265037999999999"><ele>353.46</ele></trkpt>
      <trkpt lat="46.58965" lon="15.265079"><ele>353.15</ele></trkpt>
      <trkpt lat="46.589569999999995" lon="15.265056999999999"><ele>352.99</ele></trkpt>
      <trkpt lat="46.58942" lon="15.264933999999998"><ele>352.41</ele></trkpt>
      <trkpt lat="46.589334" lon="15.264914999999998"><ele>352.24</ele></trkpt>
      <trkpt lat="46.589234999999995" lon="15.264963"><ele>352.51</ele></trkpt>
      <trkpt lat="46.589109" lon="15.265212"><ele>350.35</ele></trkpt>
      <trkpt lat="46.589029" lon="15.265414"><ele>349.38</ele></trkpt>
      <trkpt lat="46.588904" lon="15.265668999999999"><ele>348.34</ele></trkpt>
      <trkpt lat="46.588715" lon="15.26583"><ele>347.29</ele></trkpt>
      <trkpt lat="46.588485999999996" lon="15.265972"><ele>346.06</ele></trkpt>
      <trkpt lat="46.588324" lon="15.266197"><ele>344.99</ele></trkpt>
      <trkpt lat="46.588086999999994" lon="15.266653999999999"><ele>343.25</ele></trkpt>
      <trkpt lat="46.587948" lon="15.266881999999999"><ele>342.82</ele></trkpt>
      <trkpt lat="46.587883" lon="15.266934"><ele>342.83</ele></trkpt>
      <trkpt lat="46.587609" lon="15.266992"><ele>342.79</ele></trkpt>
      <trkpt lat="46.587531" lon="15.267094"><ele>342.71</ele></trkpt>
      <trkpt lat="46.587475" lon="15.267266999999999"><ele>342.49</ele></trkpt>
      <trkpt lat="46.587477" lon="15.267498999999999"><ele>342.08</ele></trkpt>
      <trkpt lat="46.587508" lon="15.267778999999999"><ele>341.52</ele></trkpt>
      <trkpt lat="46.587506999999995" lon="15.267966"><ele>341.21</ele></trkpt>
      <trkpt lat="46.587492" lon="15.268084"><ele>340.91</ele></trkpt>
      <trkpt lat="46.587453" lon="15.268196"><ele>340.48</ele></trkpt>
      <trkpt lat="46.587384" lon="15.268322999999999"><ele>339.61</ele></trkpt>
      <trkpt lat="46.587312" lon="15.268412"><ele>338.85</ele></trkpt>
      <trkpt lat="46.587216" lon="15.268583999999999"><ele>338.53</ele></trkpt>
      <trkpt lat="46.586946999999995" lon="15.269179"><ele>336.4</ele></trkpt>
      <trkpt lat="46.586816" lon="15.269556999999999"><ele>335.13</ele></trkpt>
      <trkpt lat="46.586698999999996" lon="15.270009"><ele>334.34</ele></trkpt>
      <trkpt lat="46.586568" lon="15.270463"><ele>334.45</ele></trkpt>
      <trkpt lat="46.586403" lon="15.270976"><ele>335.23</ele></trkpt>
      <trkpt lat="46.5863" lon="15.271370999999998"><ele>335.91</ele></trkpt>
      <trkpt lat="46.586211999999996" lon="15.271794"><ele>336.69</ele></trkpt>
      <trkpt lat="46.58613" lon="15.272293"><ele>337.46</ele></trkpt>
      <trkpt lat="46.586048999999996" lon="15.272876"><ele>338.05</ele></trkpt>
      <trkpt lat="46.586090999999996" lon="15.273242999999999"><ele>338.18</ele></trkpt>
      <trkpt lat="46.586104999999996" lon="15.273546"><ele>337.76</ele></trkpt>
      <trkpt lat="46.586089" lon="15.273707"><ele>337.41</ele></trkpt>
      <trkpt lat="46.585988" lon="15.274087"><ele>336.19</ele></trkpt>
      <trkpt lat="46.585961999999995" lon="15.274272"><ele>335.52</ele></trkpt>
      <trkpt lat="46.585943" lon="15.274472"><ele>334.75</ele></trkpt>
      <trkpt lat="46.585947" lon="15.274745999999999"><ele>333.46</ele></trkpt>
      <trkpt lat="46.585978" lon="15.275259"><ele>331.88</ele></trkpt>
      <trkpt lat="46.586057" lon="15.275841999999999"><ele>327.45</ele></trkpt>
      <trkpt lat="46.586092" lon="15.276432"><ele>323.52</ele></trkpt>
      <trkpt lat="46.586092" lon="15.276757"><ele>322.07</ele></trkpt>
      <trkpt lat="46.586121999999996" lon="15.277994"><ele>319.46</ele></trkpt>
      <trkpt lat="46.586141" lon="15.2782"><ele>319.52</ele></trkpt>
      <trkpt lat="46.586189999999995" lon="15.278386"><ele>319.35</ele></trkpt>
      <trkpt lat="46.586216" lon="15.278519999999999"><ele>319.29</ele></trkpt>
      <trkpt lat="46.586183" lon="15.278644"><ele>319.86</ele></trkpt>
      <trkpt lat="46.586154" lon="15.278851999999999"><ele>320.1</ele></trkpt>
      <trkpt lat="46.586172" lon="15.279162999999999"><ele>320.42</ele></trkpt>
      <trkpt lat="46.58618" lon="15.279447999999999"><ele>320.79</ele></trkpt>
      <trkpt lat="46.586179" lon="15.280147"><ele>322.2</ele></trkpt>
      <trkpt lat="46.5862" lon="15.280323"><ele>322.67</ele></trkpt>
      <trkpt lat="46.586245" lon="15.280546"><ele>323.29</ele></trkpt>
      <trkpt lat="46.586279" lon="15.280838999999999"><ele>324.13</ele></trkpt>
      <trkpt lat="46.586293" lon="15.281165"><ele>325.11</ele></trkpt>
      <trkpt lat="46.586273999999996" lon="15.281875"><ele>326.85</ele></trkpt>
      <trkpt lat="46.586358999999995" lon="15.282580999999999"><ele>327.57</ele></trkpt>
      <trkpt lat="46.586496" lon="15.283361"><ele>327.54</ele></trkpt>
      <trkpt lat="46.586611999999995" lon="15.283914"><ele>327.07</ele></trkpt>
      <trkpt lat="46.586686" lon="15.284125999999999"><ele>326.93</ele></trkpt>
      <trkpt lat="46.586889" lon="15.285399"><ele>327.38</ele></trkpt>
      <trkpt lat="46.586866" lon="15.28557"><ele>327.7</ele></trkpt>
      <trkpt lat="46.586815" lon="15.285794"><ele>328.45</ele></trkpt>
      <trkpt lat="46.586794" lon="15.286076"><ele>329.53</ele></trkpt>
      <trkpt lat="46.586749" lon="15.286413"><ele>332.57</ele></trkpt>
      <trkpt lat="46.586738999999994" lon="15.286615"><ele>334.11</ele></trkpt>
      <trkpt lat="46.58678" lon="15.286997999999999"><ele>335.3</ele></trkpt>
      <trkpt lat="46.5868" lon="15.287341"><ele>336.79</ele></trkpt>
      <trkpt lat="46.586805" lon="15.287683999999999"><ele>338.7</ele></trkpt>
      <trkpt lat="46.586847999999996" lon="15.288113999999998"><ele>341.17</ele></trkpt>
      <trkpt lat="46.586850999999996" lon="15.28829"><ele>342.33</ele></trkpt>
      <trkpt lat="46.586831" lon="15.288383999999999"><ele>342.99</ele></trkpt>
      <trkpt lat="46.586779" lon="15.288528999999999"><ele>344.05</ele></trkpt>
      <trkpt lat="46.586694" lon="15.288694999999999"><ele>345.53</ele></trkpt>
      <trkpt lat="46.586524" lon="15.288891"><ele>347.8</ele></trkpt>
      <trkpt lat="46.586386999999995" lon="15.289069999999999"><ele>349.6</ele></trkpt>
      <trkpt lat="46.586374" lon="15.289121"><ele>349.33</ele></trkpt>
      <trkpt lat="46.586392" lon="15.289223999999999"><ele>349.2</ele></trkpt>
      <trkpt lat="46.586434999999994" lon="15.289254999999999"><ele>349.13</ele></trkpt>
      <trkpt lat="46.586532999999996" lon="15.289247999999999"><ele>348.19</ele></trkpt>
      <trkpt lat="46.586574999999996" lon="15.289264"><ele>347.98</ele></trkpt>
      <trkpt lat="46.586608999999996" lon="15.289301"><ele>347.82</ele></trkpt>
      <trkpt lat="46.586628" lon="15.289346"><ele>347.64</ele></trkpt>
      <trkpt lat="46.58667" lon="15.289527999999999"><ele>346.93</ele></trkpt>
      <trkpt lat="46.586737" lon="15.289729999999999"><ele>346.13</ele></trkpt>
      <trkpt lat="46.586954" lon="15.290280999999998"><ele>344.6</ele></trkpt>
      <trkpt lat="46.587016" lon="15.290521"><ele>344.3</ele></trkpt>
      <trkpt lat="46.587077" lon="15.290802999999999"><ele>344.25</ele></trkpt>
      <trkpt lat="46.587112" lon="15.291063999999999"><ele>344.33</ele></trkpt>
      <trkpt lat="46.587134999999996" lon="15.291343"><ele>344.54</ele></trkpt>
      <trkpt lat="46.587139" lon="15.291654999999999"><ele>344.91</ele></trkpt>
      <trkpt lat="46.587123999999996" lon="15.292138999999999"><ele>345.75</ele></trkpt>
      <trkpt lat="46.587092999999996" lon="15.292736999999999"><ele>347.04</ele></trkpt>
      <trkpt lat="46.586988" lon="15.294099"><ele>351.21</ele></trkpt>
      <trkpt lat="46.586994" lon="15.29435"><ele>351.67</ele></trkpt>
      <trkpt lat="46.587005999999995" lon="15.294549"><ele>351.56</ele></trkpt>
      <trkpt lat="46.587049" lon="15.294739"><ele>351.28</ele></trkpt>
      <trkpt lat="46.587123999999996" lon="15.294986"><ele>351.94</ele></trkpt>
      <trkpt lat="46.587129999999995" lon="15.29529"><ele>351.68</ele></trkpt>
      <trkpt lat="46.587038" lon="15.295622"><ele>350.88</ele></trkpt>
      <trkpt lat="46.586923999999996" lon="15.295886999999999"><ele>350.3</ele></trkpt>
      <trkpt lat="46.586861" lon="15.296145"><ele>349.65</ele></trkpt>
      <trkpt lat="46.586842999999995" lon="15.296272"><ele>349.33</ele></trkpt>
      <trkpt lat="46.586841" lon="15.296408"><ele>349.02</ele></trkpt>
      <trkpt lat="46.586889" lon="15.297011999999999"><ele>347.98</ele></trkpt>
      <trkpt lat="46.586881" lon="15.297203"><ele>347.63</ele></trkpt>
      <trkpt lat="46.586845" lon="15.297459"><ele>347.16</ele></trkpt>
      <trkpt lat="46.586831" lon="15.297638999999998"><ele>346.89</ele></trkpt>
      <trkpt lat="46.586839999999995" lon="15.297775"><ele>346.72</ele></trkpt>
      <trkpt lat="46.586911" lon="15.298051999999998"><ele>346.46</ele></trkpt>
      <trkpt lat="46.58697" lon="15.298338999999999"><ele>346.31</ele></trkpt>
      <trkpt lat="46.586973" lon="15.298575"><ele>346.31</ele></trkpt>
      <trkpt lat="46.586959" lon="15.298900999999999"><ele>346.41</ele></trkpt>
      <trkpt lat="46.586914" lon="15.299529"><ele>346.84</ele></trkpt>
      <trkpt lat="46.586928" lon="15.299729"><ele>347.26</ele></trkpt>
      <trkpt lat="46.586968999999996" lon="15.299925"><ele>348.02</ele></trkpt>
      <trkpt lat="46.587038" lon="15.30013"><ele>349.1</ele></trkpt>
      <trkpt lat="46.587047" lon="15.300291"><ele>349.96</ele></trkpt>
      <trkpt lat="46.586997" lon="15.300426999999999"><ele>350.7</ele></trkpt>
      <trkpt lat="46.586864999999996" lon="15.300564999999999"><ele>351.71</ele></trkpt>
      <trkpt lat="46.586453" lon="15.300816999999999"><ele>357.21</ele></trkpt>
      <trkpt lat="46.586437" lon="15.300887"><ele>356.93</ele></trkpt>
      <trkpt lat="46.586431999999995" lon="15.301022"><ele>357.16</ele></trkpt>
      <trkpt lat="46.586482" lon="15.30107"><ele>356.64</ele></trkpt>
      <trkpt lat="46.58654" lon="15.301088"><ele>355.94</ele></trkpt>
      <trkpt lat="46.586669" lon="15.30107"><ele>354.28</ele></trkpt>
      <trkpt lat="46.58685" lon="15.301069"><ele>352.83</ele></trkpt>
      <trkpt lat="46.587041" lon="15.301126"><ele>351.26</ele></trkpt>
      <trkpt lat="46.587111" lon="15.301184"><ele>350.66</ele></trkpt>
      <trkpt lat="46.587179" lon="15.301274999999999"><ele>350.32</ele></trkpt>
      <trkpt lat="46.587236999999995" lon="15.301414"><ele>350.32</ele></trkpt>
      <trkpt lat="46.587275999999996" lon="15.301585999999999"><ele>349.85</ele></trkpt>
      <trkpt lat="46.587295999999995" lon="15.301779"><ele>348.95</ele></trkpt>
      <trkpt lat="46.587289" lon="15.3022"><ele>347.28</ele></trkpt>
      <trkpt lat="46.587329999999994" lon="15.302294999999999"><ele>346.82</ele></trkpt>
      <trkpt lat="46.587468" lon="15.302308"><ele>344.84</ele></trkpt>
      <trkpt lat="46.587682" lon="15.302304"><ele>339.54</ele></trkpt>
      <trkpt lat="46.587771" lon="15.302337999999999"><ele>337.76</ele></trkpt>
      <trkpt lat="46.58781" lon="15.302366999999998"><ele>337.18</ele></trkpt>
      <trkpt lat="46.587844" lon="15.302425999999999"><ele>336.58</ele></trkpt>
      <trkpt lat="46.587872" lon="15.302506"><ele>335.94</ele></trkpt>
      <trkpt lat="46.587925999999996" lon="15.302785"><ele>333.87</ele></trkpt>
      <trkpt lat="46.587958" lon="15.302864"><ele>333.18</ele></trkpt>
      <trkpt lat="46.588026" lon="15.302966999999999"><ele>332.16</ele></trkpt>
      <trkpt lat="46.588623999999996" lon="15.303654"><ele>324.82</ele></trkpt>
      <trkpt lat="46.588685999999996" lon="15.303694"><ele>324.3</ele></trkpt>
      <trkpt lat="46.588766" lon="15.30373"><ele>323.68</ele></trkpt>
      <trkpt lat="46.588946" lon="15.303851"><ele>322.53</ele></trkpt>
      <trkpt lat="46.589107999999996" lon="15.303984999999999"><ele>321.81</ele></trkpt>
      <trkpt lat="46.589315" lon="15.304193999999999"><ele>321.26</ele></trkpt>
      <trkpt lat="46.589574999999996" lon="15.304483999999999"><ele>321.05</ele></trkpt>
      <trkpt lat="46.589794" lon="15.304701"><ele>321</ele></trkpt>
      <trkpt lat="46.590050999999995" lon="15.304905"><ele>320.99</ele></trkpt>
      <trkpt lat="46.590754999999994" lon="15.305302999999999"><ele>320.61</ele></trkpt>
      <trkpt lat="46.590933" lon="15.305416999999998"><ele>320.72</ele></trkpt>
      <trkpt lat="46.59108" lon="15.305532999999999"><ele>320.87</ele></trkpt>
      <trkpt lat="46.591245" lon="15.305691999999999"><ele>321.26</ele></trkpt>
      <trkpt lat="46.591370999999995" lon="15.305838"><ele>321.45</ele></trkpt>
      <trkpt lat="46.591477999999995" lon="15.306028999999999"><ele>322.52</ele></trkpt>
      <trkpt lat="46.591556" lon="15.306139"><ele>322.97</ele></trkpt>
      <trkpt lat="46.591663" lon="15.306223"><ele>323.32</ele></trkpt>
      <trkpt lat="46.591778" lon="15.306289999999999"><ele>323.63</ele></trkpt>
      <trkpt lat="46.591881" lon="15.306334"><ele>324.04</ele></trkpt>
      <trkpt lat="46.592135" lon="15.306403"><ele>325.11</ele></trkpt>
      <trkpt lat="46.592272" lon="15.306484999999999"><ele>325.71</ele></trkpt>
      <trkpt lat="46.592878" lon="15.307001"><ele>329.31</ele></trkpt>
      <trkpt lat="46.592980999999995" lon="15.307068"><ele>330.01</ele></trkpt>
      <trkpt lat="46.593233" lon="15.307191"><ele>331.8</ele></trkpt>
      <trkpt lat="46.593339" lon="15.307267"><ele>332.64</ele></trkpt>
      <trkpt lat="46.593703" lon="15.307644"><ele>336.16</ele></trkpt>
      <trkpt lat="46.593936" lon="15.307848"><ele>338.68</ele></trkpt>
      <trkpt lat="46.594102" lon="15.308012999999999"><ele>340.48</ele></trkpt>
      <trkpt lat="46.594217" lon="15.308143"><ele>341.72</ele></trkpt>
      <trkpt lat="46.594305" lon="15.308219999999999"><ele>342.56</ele></trkpt>
      <trkpt lat="46.594443" lon="15.308313"><ele>343.71</ele></trkpt>
      <trkpt lat="46.594536999999995" lon="15.308396"><ele>344.5</ele></trkpt>
      <trkpt lat="46.594774" lon="15.308681"><ele>346.72</ele></trkpt>
      <trkpt lat="46.595023" lon="15.308933"><ele>348.86</ele></trkpt>
      <trkpt lat="46.595192" lon="15.309192999999999"><ele>350.89</ele></trkpt>
      <trkpt lat="46.595242" lon="15.309387"><ele>352.44</ele></trkpt>
      <trkpt lat="46.59534" lon="15.309641"><ele>354.77</ele></trkpt>
      <trkpt lat="46.595365" lon="15.309783999999999"><ele>355.98</ele></trkpt>
      <trkpt lat="46.595318" lon="15.309923"><ele>357.3</ele></trkpt>
      <trkpt lat="46.595088999999994" lon="15.310205"><ele>360.98</ele></trkpt>
      <trkpt lat="46.595012999999994" lon="15.310405999999999"><ele>362.82</ele></trkpt>
      <trkpt lat="46.594955" lon="15.310656999999999"><ele>364.93</ele></trkpt>
      <trkpt lat="46.59482" lon="15.310848"><ele>366.73</ele></trkpt>
      <trkpt lat="46.594393" lon="15.311338999999998"><ele>370.39</ele></trkpt>
      <trkpt lat="46.594100999999995" lon="15.311582999999999"><ele>372.01</ele></trkpt>
      <trkpt lat="46.593815" lon="15.311722999999999"><ele>373.08</ele></trkpt>
      <trkpt lat="46.593571999999995" lon="15.311822"><ele>373.77</ele></trkpt>
      <trkpt lat="46.593267999999995" lon="15.311912999999999"><ele>374.45</ele></trkpt>
      <trkpt lat="46.593095" lon="15.31194"><ele>374.81</ele></trkpt>
      <trkpt lat="46.592805" lon="15.311936999999999"><ele>375.33</ele></trkpt>
      <trkpt lat="46.592599" lon="15.311950999999999"><ele>375.59</ele></trkpt>
      <trkpt lat="46.592318999999996" lon="15.312033999999999"><ele>375.8</ele></trkpt>
      <trkpt lat="46.591654999999996" lon="15.312304999999999"><ele>375.22</ele></trkpt>
      <trkpt lat="46.591358" lon="15.312503"><ele>374.49</ele></trkpt>
      <trkpt lat="46.590925" lon="15.313111999999999"><ele>373.64</ele></trkpt>
      <trkpt lat="46.590762999999995" lon="15.313213999999999"><ele>373.57</ele></trkpt>
      <trkpt lat="46.590593999999996" lon="15.31316"><ele>373.98</ele></trkpt>
      <trkpt lat="46.590477" lon="15.313039999999999"><ele>375.6</ele></trkpt>
      <trkpt lat="46.59043" lon="15.313034"><ele>376.1</ele></trkpt>
      <trkpt lat="46.590379" lon="15.313075999999999"><ele>376.05</ele></trkpt>
      <trkpt lat="46.590362" lon="15.313174"><ele>375.09</ele></trkpt>
      <trkpt lat="46.590368" lon="15.313291999999999"><ele>373.92</ele></trkpt>
      <trkpt lat="46.590402" lon="15.313464"><ele>372.25</ele></trkpt>
      <trkpt lat="46.590388999999995" lon="15.313701"><ele>371.39</ele></trkpt>
      <trkpt lat="46.590182999999996" lon="15.314022999999999"><ele>369.59</ele></trkpt>
      <trkpt lat="46.589977" lon="15.314416"><ele>367.29</ele></trkpt>
      <trkpt lat="46.5899" lon="15.314852"><ele>364.99</ele></trkpt>
      <trkpt lat="46.589751" lon="15.315282"><ele>364.22</ele></trkpt>
      <trkpt lat="46.589348" lon="15.316004"><ele>363.21</ele></trkpt>
      <trkpt lat="46.58882" lon="15.316922"><ele>361.18</ele></trkpt>
      <trkpt lat="46.588563" lon="15.317533"><ele>358.77</ele></trkpt>
      <trkpt lat="46.588485999999996" lon="15.317924999999999"><ele>357.03</ele></trkpt>
      <trkpt lat="46.588429" lon="15.318067999999998"><ele>356.19</ele></trkpt>
      <trkpt lat="46.588349" lon="15.318123"><ele>355.72</ele></trkpt>
      <trkpt lat="46.58822" lon="15.318164999999999"><ele>355.36</ele></trkpt>
      <trkpt lat="46.588175" lon="15.318233999999999"><ele>354.94</ele></trkpt>
      <trkpt lat="46.588147" lon="15.318292999999999"><ele>354.63</ele></trkpt>
      <trkpt lat="46.588149" lon="15.318415"><ele>353.16</ele></trkpt>
      <trkpt lat="46.588195999999996" lon="15.318712999999999"><ele>349.68</ele></trkpt>
      <trkpt lat="46.588215999999996" lon="15.319051"><ele>346.78</ele></trkpt>
      <trkpt lat="46.588184999999996" lon="15.319479999999999"><ele>343.08</ele></trkpt>
      <trkpt lat="46.588099" lon="15.319837999999999"><ele>341.29</ele></trkpt>
      <trkpt lat="46.587951" lon="15.320511999999999"><ele>338.11</ele></trkpt>
      <trkpt lat="46.58791" lon="15.320862"><ele>336.46</ele></trkpt>
      <trkpt lat="46.587894999999996" lon="15.321225"><ele>334.54</ele></trkpt>
      <trkpt lat="46.5879" lon="15.321505"><ele>333.1</ele></trkpt>
      <trkpt lat="46.587961" lon="15.321778"><ele>331.5</ele></trkpt>
      <trkpt lat="46.58806" lon="15.322040999999999"><ele>328.49</ele></trkpt>
      <trkpt lat="46.5881" lon="15.322197999999998"><ele>327.53</ele></trkpt>
      <trkpt lat="46.588097" lon="15.322476"><ele>326.86</ele></trkpt>
      <trkpt lat="46.588043" lon="15.322953"><ele>326.72</ele></trkpt>
      <trkpt lat="46.588029" lon="15.323834"><ele>325.35</ele></trkpt>
      <trkpt lat="46.588065" lon="15.324033"><ele>323.94</ele></trkpt>
      <trkpt lat="46.588453" lon="15.325389"><ele>315.71</ele></trkpt>
      <trkpt lat="46.588522999999995" lon="15.325866999999999"><ele>314.73</ele></trkpt>
      <trkpt lat="46.588699" lon="15.326571999999999"><ele>312.04</ele></trkpt>
      <trkpt lat="46.588756" lon="15.326747999999998"><ele>311.27</ele></trkpt>
      <trkpt lat="46.588781999999995" lon="15.326905"><ele>310.62</ele></trkpt>
      <trkpt lat="46.588786" lon="15.327060999999999"><ele>308.33</ele></trkpt>
      <trkpt lat="46.588724" lon="15.327259999999999"><ele>306.41</ele></trkpt>
      <trkpt lat="46.588476" lon="15.327731"><ele>301.25</ele></trkpt>
      <trkpt lat="46.588366" lon="15.327942"><ele>303.74</ele></trkpt>
      <trkpt lat="46.588044" lon="15.327575999999999"><ele>304.6</ele></trkpt>
      <trkpt lat="46.587973999999996" lon="15.32753"><ele>304.88</ele></trkpt>
      <trkpt lat="46.587872999999995" lon="15.327484"><ele>305.24</ele></trkpt>
      <trkpt lat="46.587716" lon="15.327446"><ele>305.7</ele></trkpt>
      <trkpt lat="46.587589" lon="15.327439"><ele>306.07</ele></trkpt>
      <trkpt lat="46.587503999999996" lon="15.327452999999998"><ele>306.32</ele></trkpt>
      <trkpt lat="46.587359" lon="15.327494999999999"><ele>306.8</ele></trkpt>
      <trkpt lat="46.587056999999994" lon="15.327622"><ele>307.8</ele></trkpt>
      <trkpt lat="46.586749" lon="15.327727"><ele>308.66</ele></trkpt>
      <trkpt lat="46.586582" lon="15.327746999999999"><ele>309.15</ele></trkpt>
      <trkpt lat="46.586315" lon="15.327748"><ele>310.2</ele></trkpt>
      <trkpt lat="46.586096" lon="15.327694999999999"><ele>311.27</ele></trkpt>
      <trkpt lat="46.585906" lon="15.327604"><ele>312.29</ele></trkpt>
      <trkpt lat="46.585682999999996" lon="15.327433"><ele>313.66</ele></trkpt>
      <trkpt lat="46.585442" lon="15.32719"><ele>315.66</ele></trkpt>
      <trkpt lat="46.585274999999996" lon="15.32705"><ele>316.62</ele></trkpt>
      <trkpt lat="46.585142" lon="15.326981"><ele>316.88</ele></trkpt>
      <trkpt lat="46.58488" lon="15.326951999999999"><ele>318.35</ele></trkpt>
      <trkpt lat="46.58474" lon="15.326951"><ele>318.15</ele></trkpt>
      <trkpt lat="46.584638" lon="15.326989999999999"><ele>318.28</ele></trkpt>
      <trkpt lat="46.584457" lon="15.32716"><ele>317.64</ele></trkpt>
      <trkpt lat="46.584329" lon="15.32723"><ele>317.82</ele></trkpt>
      <trkpt lat="46.584212" lon="15.327221999999999"><ele>317.51</ele></trkpt>
      <trkpt lat="46.583985" lon="15.32715"><ele>318.35</ele></trkpt>
      <trkpt lat="46.583585" lon="15.32705"><ele>320.11</ele></trkpt>
      <trkpt lat="46.583436999999996" lon="15.326979"><ele>320.8</ele></trkpt>
      <trkpt lat="46.583304" lon="15.326851"><ele>321.48</ele></trkpt>
      <trkpt lat="46.582902" lon="15.326006"><ele>323.59</ele></trkpt>
      <trkpt lat="46.582808" lon="15.325899999999999"><ele>323.86</ele></trkpt>
      <trkpt lat="46.582707" lon="15.325823"><ele>324.12</ele></trkpt>
      <trkpt lat="46.582572" lon="15.325790999999999"><ele>324.45</ele></trkpt>
      <trkpt lat="46.582389" lon="15.325787"><ele>324.93</ele></trkpt>
      <trkpt lat="46.582132" lon="15.325835999999999"><ele>325.71</ele></trkpt>
      <trkpt lat="46.581781" lon="15.325984"><ele>327.34</ele></trkpt>
      <trkpt lat="46.581303999999996" lon="15.32616"><ele>329.79</ele></trkpt>
      <trkpt lat="46.581168" lon="15.326179999999999"><ele>330.7</ele></trkpt>
      <trkpt lat="46.580996" lon="15.32612"><ele>332.09</ele></trkpt>
      <trkpt lat="46.580877" lon="15.326044"><ele>333.48</ele></trkpt>
      <trkpt lat="46.580766" lon="15.325887"><ele>334.51</ele></trkpt>
      <trkpt lat="46.580706" lon="15.325716"><ele>335.06</ele></trkpt>
      <trkpt lat="46.580638" lon="15.325446"><ele>335.96</ele></trkpt>
      <trkpt lat="46.580583" lon="15.325137999999999"><ele>337.07</ele></trkpt>
      <trkpt lat="46.580579" lon="15.32491"><ele>337.18</ele></trkpt>
      <trkpt lat="46.580607" lon="15.324726"><ele>337.05</ele></trkpt>
      <trkpt lat="46.580681" lon="15.324363"><ele>337.78</ele></trkpt>
      <trkpt lat="46.580740999999996" lon="15.324019"><ele>337.34</ele></trkpt>
      <trkpt lat="46.580746999999995" lon="15.32381"><ele>337.5</ele></trkpt>
      <trkpt lat="46.580714" lon="15.323661"><ele>337.69</ele></trkpt>
      <trkpt lat="46.580663" lon="15.323540999999999"><ele>337.91</ele></trkpt>
      <trkpt lat="46.580577999999996" lon="15.323481999999998"><ele>338.11</ele></trkpt>
      <trkpt lat="46.580453999999996" lon="15.323468"><ele>338.3</ele></trkpt>
      <trkpt lat="46.580326" lon="15.323485999999999"><ele>338.53</ele></trkpt>
      <trkpt lat="46.579546" lon="15.324074999999999"><ele>341.09</ele></trkpt>
      <trkpt lat="46.579403" lon="15.324161"><ele>341.32</ele></trkpt>
      <trkpt lat="46.579282" lon="15.324178"><ele>341.5</ele></trkpt>
      <trkpt lat="46.579128" lon="15.32416"><ele>341.86</ele></trkpt>
      <trkpt lat="46.57902" lon="15.32409"><ele>342.1</ele></trkpt>
      <trkpt lat="46.578880999999996" lon="15.323951999999998"><ele>342.33</ele></trkpt>
      <trkpt lat="46.578725999999996" lon="15.323716999999998"><ele>342.84</ele></trkpt>
      <trkpt lat="46.578511" lon="15.323236999999999"><ele>343.96</ele></trkpt>
      <trkpt lat="46.57834" lon="15.322878999999999"><ele>344.91</ele></trkpt>
      <trkpt lat="46.578205999999994" lon="15.322631999999999"><ele>346.42</ele></trkpt>
      <trkpt lat="46.577898" lon="15.322227"><ele>348.75</ele></trkpt>
      <trkpt lat="46.577711" lon="15.32204"><ele>349.48</ele></trkpt>
      <trkpt lat="46.577563999999995" lon="15.321937"><ele>350.19</ele></trkpt>
      <trkpt lat="46.577425999999996" lon="15.321862999999999"><ele>350.78</ele></trkpt>
      <trkpt lat="46.577312" lon="15.321848"><ele>351.21</ele></trkpt>
      <trkpt lat="46.577154" lon="15.321869"><ele>351.89</ele></trkpt>
      <trkpt lat="46.576938999999996" lon="15.321931"><ele>352.86</ele></trkpt>
      <trkpt lat="46.576679" lon="15.321954"><ele>354.05</ele></trkpt>
      <trkpt lat="46.576504" lon="15.321904"><ele>354.67</ele></trkpt>
      <trkpt lat="46.576408" lon="15.321845"><ele>354.98</ele></trkpt>
      <trkpt lat="46.576335" lon="15.321767"><ele>355.24</ele></trkpt>
      <trkpt lat="46.576194" lon="15.321534"><ele>355.85</ele></trkpt>
      <trkpt lat="46.576015" lon="15.321292999999999"><ele>356.31</ele></trkpt>
      <trkpt lat="46.575706" lon="15.321009"><ele>356.61</ele></trkpt>
      <trkpt lat="46.575267" lon="15.320654999999999"><ele>357.9</ele></trkpt>
      <trkpt lat="46.575103" lon="15.320571"><ele>358.62</ele></trkpt>
      <trkpt lat="46.574681999999996" lon="15.320459"><ele>360.99</ele></trkpt>
      <trkpt lat="46.574484999999996" lon="15.320461"><ele>362.26</ele></trkpt>
      <trkpt lat="46.574162" lon="15.320435"><ele>364.38</ele></trkpt>
      <trkpt lat="46.573764" lon="15.320309"><ele>366.89</ele></trkpt>
      <trkpt lat="46.573473" lon="15.320321999999999"><ele>368.76</ele></trkpt>
      <trkpt lat="46.573253" lon="15.320418"><ele>370.41</ele></trkpt>
      <trkpt lat="46.572956" lon="15.320494"><ele>372.67</ele></trkpt>
      <trkpt lat="46.572564" lon="15.320708"><ele>375.09</ele></trkpt>
      <trkpt lat="46.572429" lon="15.320753999999999"><ele>375.75</ele></trkpt>
      <trkpt lat="46.572295999999994" lon="15.320761999999998"><ele>376.33</ele></trkpt>
      <trkpt lat="46.572089999999996" lon="15.320727"><ele>377.12</ele></trkpt>
      <trkpt lat="46.571888" lon="15.320782"><ele>377.85</ele></trkpt>
      <trkpt lat="46.571729" lon="15.320841"><ele>378.47</ele></trkpt>
      <trkpt lat="46.57159" lon="15.320832"><ele>379.04</ele></trkpt>
      <trkpt lat="46.571408999999996" lon="15.320765999999999"><ele>379.99</ele></trkpt>
      <trkpt lat="46.570712" lon="15.320435"><ele>384.05</ele></trkpt>
      <trkpt lat="46.570479999999996" lon="15.320416"><ele>385.33</ele></trkpt>
      <trkpt lat="46.570332" lon="15.320487"><ele>386.16</ele></trkpt>
      <trkpt lat="46.570038" lon="15.320670999999999"><ele>387.72</ele></trkpt>
      <trkpt lat="46.569871" lon="15.320725"><ele>388.55</ele></trkpt>
      <trkpt lat="46.569559" lon="15.320706"><ele>389.74</ele></trkpt>
      <trkpt lat="46.569294" lon="15.320649"><ele>390.5</ele></trkpt>
      <trkpt lat="46.568971999999995" lon="15.320549999999999"><ele>391.43</ele></trkpt>
      <trkpt lat="46.568826" lon="15.320530999999999"><ele>392.07</ele></trkpt>
      <trkpt lat="46.568531" lon="15.320604"><ele>393.54</ele></trkpt>
      <trkpt lat="46.56843" lon="15.320673"><ele>394.16</ele></trkpt>
      <trkpt lat="46.568214" lon="15.320874"><ele>395.74</ele></trkpt>
      <trkpt lat="46.567958" lon="15.321083999999999"><ele>397.64</ele></trkpt>
      <trkpt lat="46.567803999999995" lon="15.321152999999999"><ele>398.72</ele></trkpt>
      <trkpt lat="46.567712" lon="15.321152999999999"><ele>399.31</ele></trkpt>
      <trkpt lat="46.567448" lon="15.321057999999999"><ele>400.94</ele></trkpt>
      <trkpt lat="46.567088999999996" lon="15.320986999999999"><ele>403.29</ele></trkpt>
      <trkpt lat="46.566978" lon="15.320943999999999"><ele>404.09</ele></trkpt>
      <trkpt lat="46.56686" lon="15.320874"><ele>404.96</ele></trkpt>
      <trkpt lat="46.566657" lon="15.320708"><ele>405.15</ele></trkpt>
      <trkpt lat="46.566286" lon="15.320511"><ele>404.9</ele></trkpt>
      <trkpt lat="46.565988" lon="15.320433"><ele>404.67</ele></trkpt>
      <trkpt lat="46.565736" lon="15.320440999999999"><ele>404.41</ele></trkpt>
      <trkpt lat="46.565563" lon="15.320516"><ele>404.12</ele></trkpt>
      <trkpt lat="46.565407" lon="15.320628"><ele>404.14</ele></trkpt>
      <trkpt lat="46.565148" lon="15.320659"><ele>403.68</ele></trkpt>
      <trkpt lat="46.564972" lon="15.320632"><ele>403.16</ele></trkpt>
      <trkpt lat="46.56474" lon="15.320621"><ele>403.84</ele></trkpt>
      <trkpt lat="46.564471" lon="15.320673"><ele>404.74</ele></trkpt>
      <trkpt lat="46.564164999999996" lon="15.320801"><ele>405.77</ele></trkpt>
      <trkpt lat="46.563966" lon="15.320939"><ele>406.57</ele></trkpt>
      <trkpt lat="46.563623" lon="15.321339"><ele>408.45</ele></trkpt>
      <trkpt lat="46.563182999999995" lon="15.321765999999998"><ele>410.6</ele></trkpt>
      <trkpt lat="46.562978" lon="15.321843999999999"><ele>411.11</ele></trkpt>
      <trkpt lat="46.562844999999996" lon="15.321848"><ele>411.34</ele></trkpt>
      <trkpt lat="46.562681999999995" lon="15.321814"><ele>411.58</ele></trkpt>
      <trkpt lat="46.562348" lon="15.321658"><ele>411.92</ele></trkpt>
      <trkpt lat="46.561951" lon="15.321456999999999"><ele>412.94</ele></trkpt>
      <trkpt lat="46.561792" lon="15.32143"><ele>413.73</ele></trkpt>
      <trkpt lat="46.561642" lon="15.321444"><ele>414.55</ele></trkpt>
      <trkpt lat="46.561488" lon="15.321482999999999"><ele>415.35</ele></trkpt>
      <trkpt lat="46.561298" lon="15.321608999999999"><ele>416.39</ele></trkpt>
      <trkpt lat="46.561177" lon="15.321767999999999"><ele>417.12</ele></trkpt>
      <trkpt lat="46.561014" lon="15.321935"><ele>417.8</ele></trkpt>
      <trkpt lat="46.560767999999996" lon="15.322054999999999"><ele>418.36</ele></trkpt>
      <trkpt lat="46.560372" lon="15.322197"><ele>418.78</ele></trkpt>
      <trkpt lat="46.560162999999996" lon="15.322292"><ele>418.93</ele></trkpt>
      <trkpt lat="46.559871" lon="15.322391"><ele>419.06</ele></trkpt>
      <trkpt lat="46.559582" lon="15.322445"><ele>419.52</ele></trkpt>
      <trkpt lat="46.559393" lon="15.322512999999999"><ele>419.9</ele></trkpt>
      <trkpt lat="46.559084" lon="15.32274"><ele>420.98</ele></trkpt>
      <trkpt lat="46.55863" lon="15.323141999999999"><ele>423.43</ele></trkpt>
      <trkpt lat="46.558394" lon="15.323283"><ele>424.28</ele></trkpt>
      <trkpt lat="46.558336999999995" lon="15.323281999999999"><ele>423.73</ele></trkpt>
      <trkpt lat="46.558268" lon="15.323265999999998"><ele>423.03</ele></trkpt>
      <trkpt lat="46.55824" lon="15.323089"><ele>421.88</ele></trkpt>
      <trkpt lat="46.558198" lon="15.322996999999999"><ele>424.22</ele></trkpt>
      <trkpt lat="46.557837" lon="15.322916999999999"><ele>427.24</ele></trkpt>
      <trkpt lat="46.557677999999996" lon="15.322807999999998"><ele>428.63</ele></trkpt>
      <trkpt lat="46.557514" lon="15.32273"><ele>429.98</ele></trkpt>
      <trkpt lat="46.557182999999995" lon="15.32263"><ele>432.02</ele></trkpt>
      <trkpt lat="46.557089999999995" lon="15.322676999999999"><ele>432.67</ele></trkpt>
      <trkpt lat="46.556807" lon="15.322984"><ele>433.81</ele></trkpt>
      <trkpt lat="46.556551999999996" lon="15.323058999999999"><ele>433.84</ele></trkpt>
      <trkpt lat="46.556419999999996" lon="15.323167"><ele>433.52</ele></trkpt>
      <trkpt lat="46.556278999999996" lon="15.323348999999999"><ele>433.15</ele></trkpt>
      <trkpt lat="46.556104" lon="15.323533999999999"><ele>431.67</ele></trkpt>
      <trkpt lat="46.556024" lon="15.323576"><ele>431.72</ele></trkpt>
      <trkpt lat="46.555946" lon="15.323561"><ele>431.51</ele></trkpt>
      <trkpt lat="46.555887999999996" lon="15.323538999999998"><ele>431.47</ele></trkpt>
      <trkpt lat="46.555834999999995" lon="15.323485999999999"><ele>431.46</ele></trkpt>
      <trkpt lat="46.555789" lon="15.323594"><ele>431.2</ele></trkpt>
      <trkpt lat="46.555696999999995" lon="15.323668999999999"><ele>431.28</ele></trkpt>
      <trkpt lat="46.555634999999995" lon="15.323763"><ele>431.41</ele></trkpt>
      <trkpt lat="46.555552999999996" lon="15.324157999999999"><ele>432.38</ele></trkpt>
      <trkpt lat="46.555214" lon="15.325381"><ele>435.26</ele></trkpt>
      <trkpt lat="46.554964999999996" lon="15.325676"><ele>435.67</ele></trkpt>
      <trkpt lat="46.554908999999995" lon="15.325821"><ele>436.07</ele></trkpt>
      <trkpt lat="46.554794" lon="15.326234"><ele>435.5</ele></trkpt>
      <trkpt lat="46.554711999999995" lon="15.326402999999999"><ele>435.21</ele></trkpt>
      <trkpt lat="46.554216" lon="15.327193999999999"><ele>437.04</ele></trkpt>
      <trkpt lat="46.554089" lon="15.327316"><ele>437.41</ele></trkpt>
      <trkpt lat="46.55396" lon="15.327333999999999"><ele>438.47</ele></trkpt>
      <trkpt lat="46.553689999999996" lon="15.327302999999999"><ele>440.03</ele></trkpt>
      <trkpt lat="46.5535" lon="15.327333999999999"><ele>440.65</ele></trkpt>
      <trkpt lat="46.553022999999996" lon="15.327523999999999"><ele>441.48</ele></trkpt>
      <trkpt lat="46.552876999999995" lon="15.32761"><ele>442.42</ele></trkpt>
      <trkpt lat="46.552535999999996" lon="15.327850999999999"><ele>443.27</ele></trkpt>
      <trkpt lat="46.552153999999994" lon="15.328157"><ele>444.52</ele></trkpt>
      <trkpt lat="46.551741" lon="15.328444"><ele>445.41</ele></trkpt>
      <trkpt lat="46.55159" lon="15.328486999999999"><ele>445.81</ele></trkpt>
      <trkpt lat="46.551148999999995" lon="15.328446"><ele>447.19</ele></trkpt>
      <trkpt lat="46.551083999999996" lon="15.328451999999999"><ele>447.29</ele></trkpt>
      <trkpt lat="46.550574999999995" lon="15.32861"><ele>448.81</ele></trkpt>
      <trkpt lat="46.550385" lon="15.328723"><ele>449.3</ele></trkpt>
      <trkpt lat="46.550253999999995" lon="15.329073999999999"><ele>450.05</ele></trkpt>
      <trkpt lat="46.550095" lon="15.329331999999999"><ele>450.69</ele></trkpt>
      <trkpt lat="46.549679999999995" lon="15.329835999999998"><ele>452.26</ele></trkpt>
      <trkpt lat="46.549198999999994" lon="15.330461"><ele>454.37</ele></trkpt>
      <trkpt lat="46.548601" lon="15.330858"><ele>456.95</ele></trkpt>
      <trkpt lat="46.547982" lon="15.331085999999999"><ele>459.75</ele></trkpt>
      <trkpt lat="46.547678999999995" lon="15.331123"><ele>460.68</ele></trkpt>
      <trkpt lat="46.547456" lon="15.331102"><ele>461.32</ele></trkpt>
      <trkpt lat="46.547194" lon="15.331337999999999"><ele>462.18</ele></trkpt>
      <trkpt lat="46.546687999999996" lon="15.331930999999999"><ele>463.83</ele></trkpt>
      <trkpt lat="46.546518" lon="15.332011"><ele>463.89</ele></trkpt>
      <trkpt lat="46.546472" lon="15.332042"><ele>463.9</ele></trkpt>
      <trkpt lat="46.546330999999995" lon="15.332049999999999"><ele>464.45</ele></trkpt>
      <trkpt lat="46.54611" lon="15.332008"><ele>465.62</ele></trkpt>
      <trkpt lat="46.545837999999996" lon="15.331971999999999"><ele>466.88</ele></trkpt>
      <trkpt lat="46.545691999999995" lon="15.332028"><ele>467.96</ele></trkpt>
      <trkpt lat="46.545407999999995" lon="15.332168999999999"><ele>469.48</ele></trkpt>
      <trkpt lat="46.54488" lon="15.332559999999999"><ele>472.2</ele></trkpt>
      <trkpt lat="46.544523999999996" lon="15.332925999999999"><ele>473.81</ele></trkpt>
      <trkpt lat="46.544354999999996" lon="15.333253"><ele>474.77</ele></trkpt>
      <trkpt lat="46.543844" lon="15.334342999999999"><ele>478.22</ele></trkpt>
      <trkpt lat="46.543628" lon="15.334869999999999"><ele>480.44</ele></trkpt>
      <trkpt lat="46.543462" lon="15.335607999999999"><ele>483.43</ele></trkpt>
      <trkpt lat="46.543316" lon="15.335996999999999"><ele>484.96</ele></trkpt>
      <trkpt lat="46.543155999999996" lon="15.336177"><ele>485.92</ele></trkpt>
      <trkpt lat="46.542708" lon="15.336352"><ele>487.92</ele></trkpt>
      <trkpt lat="46.542435999999995" lon="15.336542"><ele>489.13</ele></trkpt>
      <trkpt lat="46.54231" lon="15.336744999999999"><ele>489.92</ele></trkpt>
      <trkpt lat="46.542058999999995" lon="15.337428"><ele>492.31</ele></trkpt>
      <trkpt lat="46.541579999999996" lon="15.338104999999999"><ele>495.94</ele></trkpt>
      <trkpt lat="46.541241" lon="15.338486"><ele>498.36</ele></trkpt>
      <trkpt lat="46.540977" lon="15.338804999999999"><ele>499.91</ele></trkpt>
      <trkpt lat="46.540915" lon="15.338954999999999"><ele>500.33</ele></trkpt>
      <trkpt lat="46.540901" lon="15.339051"><ele>500.7</ele></trkpt>
      <trkpt lat="46.540825999999996" lon="15.339794999999999"><ele>507.33</ele></trkpt>
      <trkpt lat="46.540776" lon="15.340124999999999"><ele>510.39</ele></trkpt>
      <trkpt lat="46.540689" lon="15.340212999999999"><ele>511.71</ele></trkpt>
      <trkpt lat="46.540544999999995" lon="15.34024"><ele>513.5</ele></trkpt>
      <trkpt lat="46.54032" lon="15.340216"><ele>516.34</ele></trkpt>
      <trkpt lat="46.540082999999996" lon="15.340216999999999"><ele>519.26</ele></trkpt>
      <trkpt lat="46.539834" lon="15.340299"><ele>522.01</ele></trkpt>
      <trkpt lat="46.539632" lon="15.340435999999999"><ele>524.43</ele></trkpt>
      <trkpt lat="46.539339999999996" lon="15.340878"><ele>529.22</ele></trkpt>
      <trkpt lat="46.53911" lon="15.341291"><ele>532.96</ele></trkpt>
      <trkpt lat="46.539024999999995" lon="15.341479"><ele>534.49</ele></trkpt>
      <trkpt lat="46.538827" lon="15.341755"><ele>537.3</ele></trkpt>
      <trkpt lat="46.53861" lon="15.342096"><ele>540.31</ele></trkpt>
      <trkpt lat="46.538547" lon="15.342265"><ele>542.06</ele></trkpt>
      <trkpt lat="46.538562" lon="15.342461"><ele>544.15</ele></trkpt>
      <trkpt lat="46.53863" lon="15.34267"><ele>543.84</ele></trkpt>
      <trkpt lat="46.538754999999995" lon="15.34337"><ele>540.55</ele></trkpt>
      <trkpt lat="46.538892" lon="15.343670999999999"><ele>538.35</ele></trkpt>
      <trkpt lat="46.539159999999995" lon="15.344073"><ele>534.71</ele></trkpt>
      <trkpt lat="46.539355" lon="15.344482999999999"><ele>531.65</ele></trkpt>
      <trkpt lat="46.539483999999995" lon="15.344709"><ele>529.5</ele></trkpt>
      <trkpt lat="46.539660999999995" lon="15.344909999999999"><ele>527.45</ele></trkpt>
      <trkpt lat="46.540001" lon="15.345115999999999"><ele>524.44</ele></trkpt>
      <trkpt lat="46.54025" lon="15.345085"><ele>522.43</ele></trkpt>
      <trkpt lat="46.540468999999995" lon="15.34502"><ele>520.8</ele></trkpt>
      <trkpt lat="46.540572999999995" lon="15.345123999999998"><ele>520.3</ele></trkpt>
      <trkpt lat="46.540611" lon="15.345258"><ele>519.01</ele></trkpt>
      <trkpt lat="46.540624" lon="15.345376"><ele>518.01</ele></trkpt>
      <trkpt lat="46.540575999999994" lon="15.346012"><ele>513.56</ele></trkpt>
      <trkpt lat="46.540569999999995" lon="15.346257999999999"><ele>511.95</ele></trkpt>
      <trkpt lat="46.540608" lon="15.346551999999999"><ele>509.85</ele></trkpt>
      <trkpt lat="46.5407" lon="15.3469"><ele>507.43</ele></trkpt>
      <trkpt lat="46.540811" lon="15.347214"><ele>505.67</ele></trkpt>
      <trkpt lat="46.540876" lon="15.347346"><ele>504.94</ele></trkpt>
      <trkpt lat="46.540957" lon="15.347418"><ele>504.37</ele></trkpt>
      <trkpt lat="46.540994" lon="15.347429"><ele>504.14</ele></trkpt>
      <trkpt lat="46.54121" lon="15.347398"><ele>502.7</ele></trkpt>
      <trkpt lat="46.541326999999995" lon="15.347403"><ele>502.45</ele></trkpt>
      <trkpt lat="46.541519" lon="15.347439999999999"><ele>501.87</ele></trkpt>
      <trkpt lat="46.541588999999995" lon="15.347468"><ele>501.49</ele></trkpt>
      <trkpt lat="46.541654" lon="15.347517"><ele>500.94</ele></trkpt>
      <trkpt lat="46.541643" lon="15.347627"><ele>500.51</ele></trkpt>
      <trkpt lat="46.541608" lon="15.347722"><ele>499.77</ele></trkpt>
      <trkpt lat="46.541408999999994" lon="15.348047"><ele>497.09</ele></trkpt>
      <trkpt lat="46.541287999999994" lon="15.348324999999999"><ele>495.15</ele></trkpt>
      <trkpt lat="46.541228" lon="15.348538999999999"><ele>493.76</ele></trkpt>
      <trkpt lat="46.541211" lon="15.348647"><ele>493.16</ele></trkpt>
      <trkpt lat="46.541227" lon="15.349266"><ele>489.04</ele></trkpt>
      <trkpt lat="46.541261" lon="15.349922999999999"><ele>484.23</ele></trkpt>
      <trkpt lat="46.541272" lon="15.350627"><ele>479.69</ele></trkpt>
      <trkpt lat="46.541308" lon="15.350862"><ele>478.29</ele></trkpt>
      <trkpt lat="46.541342" lon="15.350997999999999"><ele>477.46</ele></trkpt>
      <trkpt lat="46.541534" lon="15.351261"><ele>475.04</ele></trkpt>
      <trkpt lat="46.541557999999995" lon="15.351351999999999"><ele>474.52</ele></trkpt>
      <trkpt lat="46.541574999999995" lon="15.351467999999999"><ele>473.92</ele></trkpt>
      <trkpt lat="46.541563" lon="15.351567"><ele>473.31</ele></trkpt>
      <trkpt lat="46.541534999999996" lon="15.351673"><ele>472.62</ele></trkpt>
      <trkpt lat="46.541464" lon="15.351808"><ele>472.29</ele></trkpt>
      <trkpt lat="46.541202" lon="15.351992999999998"><ele>468.28</ele></trkpt>
      <trkpt lat="46.541104" lon="15.352148999999999"><ele>467.81</ele></trkpt>
      <trkpt lat="46.541032" lon="15.352348"><ele>467.03</ele></trkpt>
      <trkpt lat="46.540996" lon="15.352504"><ele>466.24</ele></trkpt>
      <trkpt lat="46.540912" lon="15.353140999999999"><ele>462.97</ele></trkpt>
      <trkpt lat="46.540945" lon="15.353428"><ele>461.37</ele></trkpt>
      <trkpt lat="46.541058" lon="15.353992"><ele>458.29</ele></trkpt>
      <trkpt lat="46.541064" lon="15.354104"><ele>456.97</ele></trkpt>
      <trkpt lat="46.541111" lon="15.354458"><ele>455.46</ele></trkpt>
      <trkpt lat="46.541128" lon="15.354954999999999"><ele>451.99</ele></trkpt>
      <trkpt lat="46.54123" lon="15.355732"><ele>446.35</ele></trkpt>
      <trkpt lat="46.541253999999995" lon="15.356027999999998"><ele>445.36</ele></trkpt>
      <trkpt lat="46.54146" lon="15.356781"><ele>441.51</ele></trkpt>
      <trkpt lat="46.541619" lon="15.357197"><ele>439.85</ele></trkpt>
      <trkpt lat="46.541920999999995" lon="15.358101"><ele>436.11</ele></trkpt>
      <trkpt lat="46.542049" lon="15.358645"><ele>433.65</ele></trkpt>
      <trkpt lat="46.542071" lon="15.358836"><ele>432.75</ele></trkpt>
      <trkpt lat="46.542082" lon="15.35905"><ele>431.71</ele></trkpt>
      <trkpt lat="46.542114999999995" lon="15.35919"><ele>431.03</ele></trkpt>
      <trkpt lat="46.542778999999996" lon="15.361191"><ele>422.76</ele></trkpt>
      <trkpt lat="46.542995" lon="15.362003"><ele>421.74</ele></trkpt>
      <trkpt lat="46.543082" lon="15.362221"><ele>421.55</ele></trkpt>
      <trkpt lat="46.543209" lon="15.362440999999999"><ele>421.67</ele></trkpt>
      <trkpt lat="46.543991" lon="15.363572999999999"><ele>418.58</ele></trkpt>
      <trkpt lat="46.544183" lon="15.363888999999999"><ele>417.99</ele></trkpt>
      <trkpt lat="46.544236999999995" lon="15.364028999999999"><ele>417.75</ele></trkpt>
      <trkpt lat="46.544275" lon="15.364208"><ele>417.48</ele></trkpt>
      <trkpt lat="46.544298" lon="15.364377"><ele>417.23</ele></trkpt>
      <trkpt lat="46.544309999999996" lon="15.364597"><ele>416.9</ele></trkpt>
      <trkpt lat="46.54436" lon="15.365112"><ele>415.56</ele></trkpt>
      <trkpt lat="46.544382" lon="15.365423"><ele>414.32</ele></trkpt>
      <trkpt lat="46.54439" lon="15.36571"><ele>413.03</ele></trkpt>
      <trkpt lat="46.544177999999995" lon="15.366624999999999"><ele>407.34</ele></trkpt>
      <trkpt lat="46.544149" lon="15.366745"><ele>407.21</ele></trkpt>
      <trkpt lat="46.544138" lon="15.366798999999999"><ele>407.36</ele></trkpt>
      <trkpt lat="46.544126" lon="15.366966"><ele>407.51</ele></trkpt>
      <trkpt lat="46.544132" lon="15.367084"><ele>407.25</ele></trkpt>
      <trkpt lat="46.544159" lon="15.367163999999999"><ele>407.03</ele></trkpt>
      <trkpt lat="46.544233" lon="15.367363"><ele>406.49</ele></trkpt>
      <trkpt lat="46.54456" lon="15.368087"><ele>404.19</ele></trkpt>
      <trkpt lat="46.544802" lon="15.368692"><ele>402.26</ele></trkpt>
      <trkpt lat="46.544917999999996" lon="15.368934999999999"><ele>400.42</ele></trkpt>
      <trkpt lat="46.545874999999995" lon="15.370336"><ele>395.94</ele></trkpt>
      <trkpt lat="46.545981" lon="15.370474999999999"><ele>395.82</ele></trkpt>
      <trkpt lat="46.546079999999996" lon="15.370927"><ele>395.09</ele></trkpt>
      <trkpt lat="46.546194" lon="15.371383"><ele>394.56</ele></trkpt>
      <trkpt lat="46.546316" lon="15.371791"><ele>394.02</ele></trkpt>
      <trkpt lat="46.546437" lon="15.372072999999999"><ele>393.7</ele></trkpt>
      <trkpt lat="46.546817999999995" lon="15.372824"><ele>392.54</ele></trkpt>
      <trkpt lat="46.546882" lon="15.372997999999999"><ele>392.23</ele></trkpt>
      <trkpt lat="46.546915" lon="15.373159"><ele>391.97</ele></trkpt>
      <trkpt lat="46.546912" lon="15.373317"><ele>391.7</ele></trkpt>
      <trkpt lat="46.546889" lon="15.373493999999999"><ele>391.36</ele></trkpt>
      <trkpt lat="46.546775" lon="15.373831"><ele>390.53</ele></trkpt>
      <trkpt lat="46.546578" lon="15.374474"><ele>388.87</ele></trkpt>
      <trkpt lat="46.546526" lon="15.374715"><ele>388.49</ele></trkpt>
      <trkpt lat="46.54649" lon="15.374931"><ele>388.26</ele></trkpt>
      <trkpt lat="46.546462999999996" lon="15.375281999999999"><ele>387.77</ele></trkpt>
      <trkpt lat="46.546454" lon="15.375601"><ele>387.52</ele></trkpt>
      <trkpt lat="46.54633" lon="15.376078999999999"><ele>386.89</ele></trkpt>
      <trkpt lat="46.546104" lon="15.376638"><ele>386.08</ele></trkpt>
      <trkpt lat="46.545984" lon="15.377030999999999"><ele>385.39</ele></trkpt>
      <trkpt lat="46.545905999999995" lon="15.377604999999999"><ele>384.26</ele></trkpt>
      <trkpt lat="46.545868" lon="15.377991"><ele>384.05</ele></trkpt>
      <trkpt lat="46.545857999999996" lon="15.378198999999999"><ele>384</ele></trkpt>
      <trkpt lat="46.545874999999995" lon="15.378789"><ele>382.95</ele></trkpt>
      <trkpt lat="46.545919" lon="15.379068"><ele>382.35</ele></trkpt>
      <trkpt lat="46.545953999999995" lon="15.379195999999999"><ele>382.16</ele></trkpt>
      <trkpt lat="46.546022" lon="15.379399999999999"><ele>381.83</ele></trkpt>
      <trkpt lat="46.546094" lon="15.379567"><ele>381.49</ele></trkpt>
      <trkpt lat="46.546104" lon="15.379736"><ele>381.17</ele></trkpt>
      <trkpt lat="46.546088" lon="15.380296"><ele>381.03</ele></trkpt>
      <trkpt lat="46.546065" lon="15.380740999999999"><ele>380.89</ele></trkpt>
      <trkpt lat="46.546065" lon="15.380956999999999"><ele>380.59</ele></trkpt>
      <trkpt lat="46.546098" lon="15.381136"><ele>380.44</ele></trkpt>
      <trkpt lat="46.546284" lon="15.381618"><ele>379.62</ele></trkpt>
      <trkpt lat="46.546417" lon="15.381846"><ele>378.88</ele></trkpt>
      <trkpt lat="46.546664" lon="15.382316"><ele>378.7</ele></trkpt>
      <trkpt lat="46.546713999999994" lon="15.382454999999998"><ele>378.77</ele></trkpt>
      <trkpt lat="46.546769999999995" lon="15.38275"><ele>379.42</ele></trkpt>
      <trkpt lat="46.546780999999996" lon="15.382909"><ele>381.18</ele></trkpt>
      <trkpt lat="46.546765" lon="15.383073999999999"><ele>382.48</ele></trkpt>
      <trkpt lat="46.546686" lon="15.383414"><ele>381.83</ele></trkpt>
      <trkpt lat="46.546631999999995" lon="15.383763"><ele>381.6</ele></trkpt>
      <trkpt lat="46.546613" lon="15.384174999999999"><ele>381.4</ele></trkpt>
      <trkpt lat="46.546582" lon="15.384554"><ele>381.22</ele></trkpt>
      <trkpt lat="46.546586999999995" lon="15.384834"><ele>381.18</ele></trkpt>
      <trkpt lat="46.546611" lon="15.384984999999999"><ele>381.13</ele></trkpt>
      <trkpt lat="46.546656999999996" lon="15.385116"><ele>381.14</ele></trkpt>
      <trkpt lat="46.546729" lon="15.385256"><ele>381.04</ele></trkpt>
      <trkpt lat="46.546808" lon="15.385382"><ele>380.9</ele></trkpt>
      <trkpt lat="46.547011" lon="15.385644"><ele>381.63</ele></trkpt>
      <trkpt lat="46.547063" lon="15.385736"><ele>381.64</ele></trkpt>
      <trkpt lat="46.547112999999996" lon="15.385888999999999"><ele>381.03</ele></trkpt>
      <trkpt lat="46.547225" lon="15.386489"><ele>379.08</ele></trkpt>
      <trkpt lat="46.547250999999996" lon="15.386716999999999"><ele>378.73</ele></trkpt>
      <trkpt lat="46.547233" lon="15.386966999999999"><ele>378.32</ele></trkpt>
      <trkpt lat="46.547166" lon="15.387404"><ele>377.88</ele></trkpt>
      <trkpt lat="46.547157" lon="15.387616"><ele>377.89</ele></trkpt>
      <trkpt lat="46.547155" lon="15.387785"><ele>377.73</ele></trkpt>
      <trkpt lat="46.547199" lon="15.387967"><ele>377.53</ele></trkpt>
      <trkpt lat="46.547345" lon="15.388311"><ele>376.94</ele></trkpt>
      <trkpt lat="46.547404" lon="15.388472"><ele>376.44</ele></trkpt>
      <trkpt lat="46.547495" lon="15.388643"><ele>375.92</ele></trkpt>
      <trkpt lat="46.547598" lon="15.388772"><ele>374.88</ele></trkpt>
      <trkpt lat="46.547773" lon="15.388948999999998"><ele>373.55</ele></trkpt>
      <trkpt lat="46.547821" lon="15.388978"><ele>373.51</ele></trkpt>
      <trkpt lat="46.5479" lon="15.389099"><ele>373.49</ele></trkpt>
      <trkpt lat="46.547923" lon="15.389266"><ele>373.78</ele></trkpt>
      <trkpt lat="46.547988" lon="15.389512999999999"><ele>374.21</ele></trkpt>
      <trkpt lat="46.548049999999996" lon="15.389645999999999"><ele>374.52</ele></trkpt>
      <trkpt lat="46.548232" lon="15.389987"><ele>374.66</ele></trkpt>
      <trkpt lat="46.548413" lon="15.390270999999998"><ele>374.75</ele></trkpt>
      <trkpt lat="46.548548" lon="15.390518"><ele>374.59</ele></trkpt>
      <trkpt lat="46.548646" lon="15.390887999999999"><ele>373.99</ele></trkpt>
      <trkpt lat="46.548662" lon="15.391038"><ele>373.72</ele></trkpt>
      <trkpt lat="46.54866" lon="15.391425"><ele>373.04</ele></trkpt>
      <trkpt lat="46.548677" lon="15.391606999999999"><ele>372.72</ele></trkpt>
      <trkpt lat="46.548738" lon="15.391824"><ele>372.32</ele></trkpt>
      <trkpt lat="46.54914" lon="15.392951"><ele>370.53</ele></trkpt>
      <trkpt lat="46.549257999999995" lon="15.393379999999999"><ele>372.14</ele></trkpt>
      <trkpt lat="46.549316" lon="15.393794"><ele>371.73</ele></trkpt>
      <trkpt lat="46.549364" lon="15.394319999999999"><ele>371.26</ele></trkpt>
      <trkpt lat="46.549347999999995" lon="15.394765"><ele>370.48</ele></trkpt>
      <trkpt lat="46.549274999999994" lon="15.395657"><ele>367.14</ele></trkpt>
      <trkpt lat="46.549271" lon="15.396049"><ele>365.46</ele></trkpt>
      <trkpt lat="46.54935" lon="15.397234"><ele>361.63</ele></trkpt>
      <trkpt lat="46.549347" lon="15.397587999999999"><ele>360.79</ele></trkpt>
      <trkpt lat="46.54931" lon="15.398062999999999"><ele>360.3</ele></trkpt>
      <trkpt lat="46.549312" lon="15.398425"><ele>360</ele></trkpt>
      <trkpt lat="46.549332" lon="15.398736"><ele>359.65</ele></trkpt>
      <trkpt lat="46.549408" lon="15.399121999999998"><ele>359.25</ele></trkpt>
      <trkpt lat="46.549549" lon="15.399469"><ele>358.84</ele></trkpt>
      <trkpt lat="46.549692" lon="15.399712999999998"><ele>358.36</ele></trkpt>
      <trkpt lat="46.550065" lon="15.400284"><ele>357.48</ele></trkpt>
      <trkpt lat="46.550487" lon="15.400841999999999"><ele>356.72</ele></trkpt>
      <trkpt lat="46.550931" lon="15.401451"><ele>355.8</ele></trkpt>
      <trkpt lat="46.551016" lon="15.401622"><ele>355.55</ele></trkpt>
      <trkpt lat="46.551111999999996" lon="15.401853"><ele>355.29</ele></trkpt>
      <trkpt lat="46.551206" lon="15.402137"><ele>355.07</ele></trkpt>
      <trkpt lat="46.551261" lon="15.402363"><ele>354.84</ele></trkpt>
      <trkpt lat="46.551269999999995" lon="15.402557999999999"><ele>354.68</ele></trkpt>
      <trkpt lat="46.551229" lon="15.40312"><ele>355.17</ele></trkpt>
      <trkpt lat="46.551203" lon="15.403272"><ele>355.79</ele></trkpt>
      <trkpt lat="46.551187" lon="15.403362"><ele>356.08</ele></trkpt>
      <trkpt lat="46.551199999999994" lon="15.403528999999999"><ele>355.24</ele></trkpt>
      <trkpt lat="46.551266999999996" lon="15.403872999999999"><ele>353.58</ele></trkpt>
      <trkpt lat="46.551303999999995" lon="15.404145999999999"><ele>352.61</ele></trkpt>
      <trkpt lat="46.551291" lon="15.404368999999999"><ele>352.38</ele></trkpt>
      <trkpt lat="46.551258999999995" lon="15.404532999999999"><ele>352.49</ele></trkpt>
      <trkpt lat="46.551178" lon="15.404828"><ele>352.24</ele></trkpt>
      <trkpt lat="46.55111" lon="15.405437"><ele>351.02</ele></trkpt>
      <trkpt lat="46.551142999999996" lon="15.405954"><ele>352.39</ele></trkpt>
      <trkpt lat="46.551159999999996" lon="15.406499"><ele>353.8</ele></trkpt>
      <trkpt lat="46.551313" lon="15.406744999999999"><ele>352.03</ele></trkpt>
      <trkpt lat="46.551449999999996" lon="15.407001"><ele>351.53</ele></trkpt>
      <trkpt lat="46.551623" lon="15.407390999999999"><ele>350.3</ele></trkpt>
      <trkpt lat="46.551776" lon="15.407907"><ele>349.78</ele></trkpt>
      <trkpt lat="46.551950999999995" lon="15.408562"><ele>349.44</ele></trkpt>
      <trkpt lat="46.552019" lon="15.408721"><ele>350.81</ele></trkpt>
      <trkpt lat="46.55205" lon="15.408887"><ele>350.45</ele></trkpt>
      <trkpt lat="46.552071" lon="15.409125"><ele>349.33</ele></trkpt>
      <trkpt lat="46.552102999999995" lon="15.409305999999999"><ele>348.5</ele></trkpt>
      <trkpt lat="46.552203999999996" lon="15.409576999999999"><ele>347.46</ele></trkpt>
      <trkpt lat="46.552318" lon="15.409847999999998"><ele>350.66</ele></trkpt>
      <trkpt lat="46.55238" lon="15.410110999999999"><ele>350.62</ele></trkpt>
      <trkpt lat="46.552395" lon="15.410409"><ele>349.36</ele></trkpt>
      <trkpt lat="46.552338" lon="15.411359"><ele>345.26</ele></trkpt>
      <trkpt lat="46.552305999999994" lon="15.411584999999999"><ele>344.08</ele></trkpt>
      <trkpt lat="46.552237" lon="15.411852"><ele>343.24</ele></trkpt>
      <trkpt lat="46.552147" lon="15.412061999999999"><ele>343.39</ele></trkpt>
      <trkpt lat="46.551995" lon="15.412365"><ele>342.22</ele></trkpt>
      <trkpt lat="46.551902999999996" lon="15.412624999999998"><ele>341.54</ele></trkpt>
      <trkpt lat="46.551852" lon="15.412868"><ele>341.76</ele></trkpt>
      <trkpt lat="46.551832999999995" lon="15.413253999999998"><ele>342.02</ele></trkpt>
      <trkpt lat="46.551823999999996" lon="15.413988999999999"><ele>341.64</ele></trkpt>
      <trkpt lat="46.551789" lon="15.414382"><ele>341.08</ele></trkpt>
      <trkpt lat="46.551553999999996" lon="15.415588999999999"><ele>340.22</ele></trkpt>
      <trkpt lat="46.551528" lon="15.415785"><ele>340.04</ele></trkpt>
      <trkpt lat="46.551539" lon="15.416087"><ele>338.87</ele></trkpt>
      <trkpt lat="46.551584" lon="15.416362"><ele>338.21</ele></trkpt>
      <trkpt lat="46.551662" lon="15.416666"><ele>337.27</ele></trkpt>
      <trkpt lat="46.551852" lon="15.417335999999999"><ele>334.86</ele></trkpt>
      <trkpt lat="46.552019" lon="15.418163"><ele>332.49</ele></trkpt>
      <trkpt lat="46.552126" lon="15.418553999999999"><ele>331.41</ele></trkpt>
      <trkpt lat="46.55225" lon="15.418906999999999"><ele>330.2</ele></trkpt>
      <trkpt lat="46.552597999999996" lon="15.419694999999999"><ele>328.42</ele></trkpt>
      <trkpt lat="46.552656" lon="15.419870999999999"><ele>330.48</ele></trkpt>
      <trkpt lat="46.552699999999994" lon="15.420055999999999"><ele>331.23</ele></trkpt>
      <trkpt lat="46.552712" lon="15.420252"><ele>330.85</ele></trkpt>
      <trkpt lat="46.552685" lon="15.420473"><ele>330.38</ele></trkpt>
      <trkpt lat="46.552619" lon="15.420703"><ele>329.16</ele></trkpt>
      <trkpt lat="46.552547999999994" lon="15.420803"><ele>327.88</ele></trkpt>
      <trkpt lat="46.552504" lon="15.420888"><ele>326.57</ele></trkpt>
      <trkpt lat="46.552490999999996" lon="15.420954"><ele>326.39</ele></trkpt>
      <trkpt lat="46.552537" lon="15.421125"><ele>327.5</ele></trkpt>
      <trkpt lat="46.552617999999995" lon="15.421246"><ele>327.77</ele></trkpt>
      <trkpt lat="46.552717" lon="15.421318"><ele>327.93</ele></trkpt>
      <trkpt lat="46.552807" lon="15.421329"><ele>328.08</ele></trkpt>
      <trkpt lat="46.553078" lon="15.421266999999999"><ele>327.47</ele></trkpt>
      <trkpt lat="46.553211" lon="15.421254"><ele>327.12</ele></trkpt>
      <trkpt lat="46.553335999999994" lon="15.421301"><ele>326.77</ele></trkpt>
      <trkpt lat="46.553484" lon="15.421396"><ele>326.48</ele></trkpt>
      <trkpt lat="46.553596" lon="15.421579999999999"><ele>325.82</ele></trkpt>
      <trkpt lat="46.553633" lon="15.421736"><ele>325.34</ele></trkpt>
      <trkpt lat="46.553638" lon="15.422011999999999"><ele>324.76</ele></trkpt>
      <trkpt lat="46.55365" lon="15.422177999999999"><ele>325.7</ele></trkpt>
      <trkpt lat="46.553674" lon="15.422283"><ele>326.69</ele></trkpt>
      <trkpt lat="46.553273999999995" lon="15.422429"><ele>321.53</ele></trkpt>
      <trkpt lat="46.553087" lon="15.422536"><ele>324.52</ele></trkpt>
      <trkpt lat="46.552912" lon="15.422533999999999"><ele>325.31</ele></trkpt>
      <trkpt lat="46.552693" lon="15.422500999999999"><ele>325.63</ele></trkpt>
      <trkpt lat="46.552482" lon="15.42245"><ele>326.17</ele></trkpt>
      <trkpt lat="46.552243" lon="15.422454"><ele>326.31</ele></trkpt>
      <trkpt lat="46.552121" lon="15.422499"><ele>326.16</ele></trkpt>
      <trkpt lat="46.551943" lon="15.422721999999998"><ele>325.43</ele></trkpt>
      <trkpt lat="46.551843" lon="15.422825"><ele>326.29</ele></trkpt>
      <trkpt lat="46.551558" lon="15.422932999999999"><ele>328.62</ele></trkpt>
      <trkpt lat="46.551382" lon="15.423076"><ele>328.87</ele></trkpt>
      <trkpt lat="46.5513" lon="15.42319"><ele>328.96</ele></trkpt>
      <trkpt lat="46.551226" lon="15.423343"><ele>329.27</ele></trkpt>
      <trkpt lat="46.551114999999996" lon="15.423546"><ele>329.65</ele></trkpt>
      <trkpt lat="46.551027" lon="15.423641"><ele>329.8</ele></trkpt>
      <trkpt lat="46.550931" lon="15.423658"><ele>330.01</ele></trkpt>
      <trkpt lat="46.550807" lon="15.423653999999999"><ele>330.41</ele></trkpt>
      <trkpt lat="46.55059" lon="15.423623"><ele>331.19</ele></trkpt>
      <trkpt lat="46.550314" lon="15.423622"><ele>332.61</ele></trkpt>
      <trkpt lat="46.550176" lon="15.423705"><ele>333.41</ele></trkpt>
      <trkpt lat="46.549883" lon="15.423808999999999"><ele>335.23</ele></trkpt>
      <trkpt lat="46.549596" lon="15.423964999999999"><ele>337.37</ele></trkpt>
      <trkpt lat="46.549293" lon="15.423988"><ele>339.36</ele></trkpt>
      <trkpt lat="46.549109" lon="15.423979"><ele>340.43</ele></trkpt>
      <trkpt lat="46.548525" lon="15.423789"><ele>344.07</ele></trkpt>
      <trkpt lat="46.548069999999996" lon="15.423625"><ele>346.94</ele></trkpt>
      <trkpt lat="46.546808999999996" lon="15.423141999999999"><ele>356.23</ele></trkpt>
      <trkpt lat="46.546606" lon="15.423102"><ele>357.54</ele></trkpt>
      <trkpt lat="46.546385" lon="15.423083"><ele>358.83</ele></trkpt>
      <trkpt lat="46.546034" lon="15.423095"><ele>360.96</ele></trkpt>
      <trkpt lat="46.545778999999996" lon="15.423141999999999"><ele>362.41</ele></trkpt>
      <trkpt lat="46.544419" lon="15.423306"><ele>370.23</ele></trkpt>
      <trkpt lat="46.543803" lon="15.423286999999998"><ele>373.58</ele></trkpt>
      <trkpt lat="46.543468999999995" lon="15.423255999999999"><ele>375.47</ele></trkpt>
      <trkpt lat="46.543163" lon="15.423181"><ele>377.24</ele></trkpt>
      <trkpt lat="46.542547" lon="15.422951999999999"><ele>380.79</ele></trkpt>
      <trkpt lat="46.542353999999996" lon="15.422920999999999"><ele>381.53</ele></trkpt>
      <trkpt lat="46.542294999999996" lon="15.422925999999999"><ele>381.74</ele></trkpt>
      <trkpt lat="46.542137" lon="15.422963999999999"><ele>382.3</ele></trkpt>
      <trkpt lat="46.541874" lon="15.423126"><ele>383.07</ele></trkpt>
      <trkpt lat="46.541761" lon="15.423292"><ele>383.32</ele></trkpt>
      <trkpt lat="46.541657" lon="15.423489"><ele>383.57</ele></trkpt>
      <trkpt lat="46.541587" lon="15.4237"><ele>383.97</ele></trkpt>
      <trkpt lat="46.541553" lon="15.423922"><ele>384.33</ele></trkpt>
      <trkpt lat="46.541512" lon="15.424268999999999"><ele>385.11</ele></trkpt>
      <trkpt lat="46.541381" lon="15.425678"><ele>391.99</ele></trkpt>
      <trkpt lat="46.541242" lon="15.42729"><ele>402.7</ele></trkpt>
      <trkpt lat="46.541233999999996" lon="15.427693999999999"><ele>404.13</ele></trkpt>
      <trkpt lat="46.541267" lon="15.428365999999999"><ele>406.87</ele></trkpt>
      <trkpt lat="46.541331" lon="15.429177"><ele>410.79</ele></trkpt>
      <trkpt lat="46.541340999999996" lon="15.429433999999999"><ele>412.23</ele></trkpt>
      <trkpt lat="46.541306999999996" lon="15.429616999999999"><ele>413.47</ele></trkpt>
      <trkpt lat="46.541255" lon="15.429796"><ele>414.85</ele></trkpt>
      <trkpt lat="46.541028" lon="15.430237"><ele>417.52</ele></trkpt>
      <trkpt lat="46.54094" lon="15.430501"><ele>418.18</ele></trkpt>
      <trkpt lat="46.54091" lon="15.43074"><ele>418.73</ele></trkpt>
      <trkpt lat="46.540903" lon="15.430935999999999"><ele>419.16</ele></trkpt>
      <trkpt lat="46.540915" lon="15.431159999999998"><ele>419.36</ele></trkpt>
      <trkpt lat="46.540963999999995" lon="15.431391999999999"><ele>419.24</ele></trkpt>
      <trkpt lat="46.541094" lon="15.431776999999999"><ele>420.76</ele></trkpt>
      <trkpt lat="46.541205" lon="15.431979"><ele>422.05</ele></trkpt>
      <trkpt lat="46.541565" lon="15.432488"><ele>426.07</ele></trkpt>
      <trkpt lat="46.541761" lon="15.432822999999999"><ele>428.21</ele></trkpt>
      <trkpt lat="46.541906" lon="15.433178"><ele>427.95</ele></trkpt>
      <trkpt lat="46.541975" lon="15.433444999999999"><ele>427.2</ele></trkpt>
      <trkpt lat="46.542004" lon="15.433667999999999"><ele>426.66</ele></trkpt>
      <trkpt lat="46.542021" lon="15.433969999999999"><ele>426.04</ele></trkpt>
      <trkpt lat="46.542010999999995" lon="15.434168999999999"><ele>425.5</ele></trkpt>
      <trkpt lat="46.541962" lon="15.434393"><ele>424.96</ele></trkpt>
      <trkpt lat="46.541905" lon="15.434552"><ele>424.78</ele></trkpt>
      <trkpt lat="46.541799999999995" lon="15.434752999999999"><ele>424.24</ele></trkpt>
      <trkpt lat="46.5417" lon="15.434906999999999"><ele>422.47</ele></trkpt>
      <trkpt lat="46.541627" lon="15.434996"><ele>421.34</ele></trkpt>
      <trkpt lat="46.541458999999996" lon="15.435167999999999"><ele>419.16</ele></trkpt>
      <trkpt lat="46.541377" lon="15.435224999999999"><ele>418.11</ele></trkpt>
      <trkpt lat="46.541122" lon="15.435353999999998"><ele>415.05</ele></trkpt>
      <trkpt lat="46.540765" lon="15.435485"><ele>411.27</ele></trkpt>
      <trkpt lat="46.540403999999995" lon="15.435656"><ele>407.75</ele></trkpt>
      <trkpt lat="46.540034" lon="15.435865"><ele>404.18</ele></trkpt>
      <trkpt lat="46.539938" lon="15.435948"><ele>403.15</ele></trkpt>
      <trkpt lat="46.539885999999996" lon="15.436091"><ele>402.16</ele></trkpt>
      <trkpt lat="46.539846" lon="15.436326"><ele>400.76</ele></trkpt>
      <trkpt lat="46.539832999999994" lon="15.436509"><ele>399.68</ele></trkpt>
      <trkpt lat="46.539843" lon="15.436688"><ele>398.55</ele></trkpt>
      <trkpt lat="46.539955" lon="15.437289"><ele>394.41</ele></trkpt>
      <trkpt lat="46.540068999999995" lon="15.437548"><ele>392.62</ele></trkpt>
      <trkpt lat="46.540518" lon="15.43835"><ele>386.16</ele></trkpt>
      <trkpt lat="46.540821" lon="15.438778"><ele>382.14</ele></trkpt>
      <trkpt lat="46.541249" lon="15.439160999999999"><ele>377.03</ele></trkpt>
      <trkpt lat="46.541371" lon="15.439247"><ele>375.73</ele></trkpt>
      <trkpt lat="46.541483" lon="15.439319999999999"><ele>374.53</ele></trkpt>
      <trkpt lat="46.541613999999996" lon="15.439385999999999"><ele>373.25</ele></trkpt>
      <trkpt lat="46.541866" lon="15.439565"><ele>370.85</ele></trkpt>
      <trkpt lat="46.542179999999995" lon="15.439713"><ele>367.88</ele></trkpt>
      <trkpt lat="46.542263" lon="15.439776"><ele>367.05</ele></trkpt>
      <trkpt lat="46.542432999999996" lon="15.440017"><ele>364.82</ele></trkpt>
      <trkpt lat="46.542563" lon="15.440228999999999"><ele>363.01</ele></trkpt>
      <trkpt lat="46.54275" lon="15.440456"><ele>360.63</ele></trkpt>
      <trkpt lat="46.542891" lon="15.440605999999999"><ele>358.87</ele></trkpt>
      <trkpt lat="46.542961" lon="15.440703999999998"><ele>358.12</ele></trkpt>
      <trkpt lat="46.543046" lon="15.440897999999999"><ele>356.42</ele></trkpt>
      <trkpt lat="46.543105" lon="15.441137999999999"><ele>353.56</ele></trkpt>
      <trkpt lat="46.543132" lon="15.441377999999998"><ele>352.34</ele></trkpt>
      <trkpt lat="46.543132" lon="15.441733999999999"><ele>349.64</ele></trkpt>
      <trkpt lat="46.543144" lon="15.441908999999999"><ele>348.51</ele></trkpt>
      <trkpt lat="46.543166" lon="15.442072999999999"><ele>347.34</ele></trkpt>
      <trkpt lat="46.543274" lon="15.442501"><ele>344</ele></trkpt>
      <trkpt lat="46.543306" lon="15.44267"><ele>342.71</ele></trkpt>
      <trkpt lat="46.54333" lon="15.442855999999999"><ele>341.41</ele></trkpt>
      <trkpt lat="46.543381" lon="15.443627999999999"><ele>336.45</ele></trkpt>
      <trkpt lat="46.543414" lon="15.443836999999998"><ele>335.28</ele></trkpt>
      <trkpt lat="46.543476999999996" lon="15.444016999999999"><ele>334.29</ele></trkpt>
      <trkpt lat="46.543591" lon="15.444220999999999"><ele>333.14</ele></trkpt>
      <trkpt lat="46.543732999999996" lon="15.444431999999999"><ele>332.05</ele></trkpt>
      <trkpt lat="46.544111" lon="15.444901"><ele>329.82</ele></trkpt>
      <trkpt lat="46.544179" lon="15.444965999999999"><ele>329.51</ele></trkpt>
      <trkpt lat="46.544238" lon="15.445003999999999"><ele>329.24</ele></trkpt>
      <trkpt lat="46.544539" lon="15.445112"><ele>328.14</ele></trkpt>
      <trkpt lat="46.544664" lon="15.445174999999999"><ele>327.32</ele></trkpt>
      <trkpt lat="46.544709" lon="15.445219"><ele>326.71</ele></trkpt>
      <trkpt lat="46.544788" lon="15.445340999999999"><ele>325.59</ele></trkpt>
      <trkpt lat="46.54484" lon="15.445473"><ele>324.79</ele></trkpt>
      <trkpt lat="46.544878999999995" lon="15.445673"><ele>323.77</ele></trkpt>
      <trkpt lat="46.544903" lon="15.446047"><ele>324.81</ele></trkpt>
      <trkpt lat="46.544931" lon="15.446314"><ele>327.12</ele></trkpt>
      <trkpt lat="46.54495" lon="15.44671"><ele>325.69</ele></trkpt>
      <trkpt lat="46.544939" lon="15.446841"><ele>324.98</ele></trkpt>
      <trkpt lat="46.54492" lon="15.44694"><ele>324.34</ele></trkpt>
      <trkpt lat="46.544849" lon="15.447173999999999"><ele>322.09</ele></trkpt>
      <trkpt lat="46.544903999999995" lon="15.447293"><ele>320.31</ele></trkpt>
      <trkpt lat="46.544982" lon="15.44765"><ele>315.91</ele></trkpt>
      <trkpt lat="46.54512" lon="15.448151999999999"><ele>311.92</ele></trkpt>
      <trkpt lat="46.545187999999996" lon="15.448291999999999"><ele>310.97</ele></trkpt>
      <trkpt lat="46.545258999999994" lon="15.448388999999999"><ele>310.61</ele></trkpt>
      <trkpt lat="46.545415999999996" lon="15.448561"><ele>310.32</ele></trkpt>
      <trkpt lat="46.545674999999996" lon="15.448815999999999"><ele>309.69</ele></trkpt>
      <trkpt lat="46.545925" lon="15.448983"><ele>309.01</ele></trkpt>
      <trkpt lat="46.546166" lon="15.449071"><ele>308.38</ele></trkpt>
      <trkpt lat="46.546304" lon="15.449141"><ele>307.7</ele></trkpt>
      <trkpt lat="46.546392999999995" lon="15.449207"><ele>307.02</ele></trkpt>
      <trkpt lat="46.546488" lon="15.449313"><ele>306.85</ele></trkpt>
      <trkpt lat="46.546603999999995" lon="15.449487999999999"><ele>306.17</ele></trkpt>
      <trkpt lat="46.546763999999996" lon="15.449883999999999"><ele>303.55</ele></trkpt>
      <trkpt lat="46.547111" lon="15.450493"><ele>298.71</ele></trkpt>
      <trkpt lat="46.547157" lon="15.450593"><ele>297.42</ele></trkpt>
      <trkpt lat="46.547151" lon="15.450768"><ele>294.4</ele></trkpt>
      <trkpt lat="46.547174999999996" lon="15.450923999999999"><ele>291.57</ele></trkpt>
      <trkpt lat="46.54727" lon="15.451061"><ele>290.27</ele></trkpt>
      <trkpt lat="46.547436999999995" lon="15.451248999999999"><ele>288.23</ele></trkpt>
      <trkpt lat="46.547543999999995" lon="15.451393999999999"><ele>286.43</ele></trkpt>
      <trkpt lat="46.547784" lon="15.451832"><ele>281.58</ele></trkpt>
      <trkpt lat="46.547843" lon="15.451960999999999"><ele>279.97</ele></trkpt>
      <trkpt lat="46.547867" lon="15.452046"><ele>278.92</ele></trkpt>
      <trkpt lat="46.547953" lon="15.452447999999999"><ele>274.75</ele></trkpt>
      <trkpt lat="46.548004" lon="15.452601"><ele>273.64</ele></trkpt>
      <trkpt lat="46.548061999999994" lon="15.452727"><ele>272.73</ele></trkpt>
      <trkpt lat="46.548125" lon="15.452824999999999"><ele>271.98</ele></trkpt>
      <trkpt lat="46.548504" lon="15.453211999999999"><ele>271.89</ele></trkpt>
      <trkpt lat="46.548854999999996" lon="15.453529"><ele>272.93</ele></trkpt>
      <trkpt lat="46.548973" lon="15.45361"><ele>273.16</ele></trkpt>
      <trkpt lat="46.549451999999995" lon="15.45383"><ele>273.98</ele></trkpt>
      <trkpt lat="46.549917" lon="15.454004"><ele>274.07</ele></trkpt>
      <trkpt lat="46.550402999999996" lon="15.454156"><ele>274.42</ele></trkpt>
      <trkpt lat="46.550573" lon="15.454196"><ele>274.55</ele></trkpt>
      <trkpt lat="46.550923999999995" lon="15.454253999999999"><ele>275.22</ele></trkpt>
      <trkpt lat="46.551212" lon="15.454322999999999"><ele>275.64</ele></trkpt>
      <trkpt lat="46.551921" lon="15.454668999999999"><ele>276.27</ele></trkpt>
      <trkpt lat="46.551987999999994" lon="15.454687999999999"><ele>276.53</ele></trkpt>
      <trkpt lat="46.552085999999996" lon="15.454699"><ele>276.85</ele></trkpt>
      <trkpt lat="46.55216" lon="15.454676"><ele>277.18</ele></trkpt>
      <trkpt lat="46.552428" lon="15.454533999999999"><ele>278.47</ele></trkpt>
      <trkpt lat="46.552648" lon="15.454509"><ele>278.85</ele></trkpt>
      <trkpt lat="46.552972999999994" lon="15.454559999999999"><ele>278.9</ele></trkpt>
      <trkpt lat="46.553852" lon="15.454804999999999"><ele>278.18</ele></trkpt>
      <trkpt lat="46.554424" lon="15.455013"><ele>277.16</ele></trkpt>
      <trkpt lat="46.554756999999995" lon="15.455077"><ele>276.32</ele></trkpt>
      <trkpt lat="46.554953999999995" lon="15.455096"><ele>275.86</ele></trkpt>
      <trkpt lat="46.555197" lon="15.455093999999999"><ele>275.47</ele></trkpt>
      <trkpt lat="46.555717" lon="15.455053999999999"><ele>275.21</ele></trkpt>
      <trkpt lat="46.556391999999995" lon="15.455098"><ele>275.5</ele></trkpt>
      <trkpt lat="46.556563" lon="15.455089999999998"><ele>275.63</ele></trkpt>
      <trkpt lat="46.557061" lon="15.455017999999999"><ele>276.5</ele></trkpt>
      <trkpt lat="46.557811" lon="15.454872"><ele>279.19</ele></trkpt>
      <trkpt lat="46.55816" lon="15.454744"><ele>280.92</ele></trkpt>
      <trkpt lat="46.558521999999996" lon="15.454694"><ele>283.16</ele></trkpt>
      <trkpt lat="46.55858" lon="15.454695"><ele>283.21</ele></trkpt>
      <trkpt lat="46.558851999999995" lon="15.454754999999999"><ele>282.69</ele></trkpt>
      <trkpt lat="46.558558" lon="15.457806"><ele>283.55</ele></trkpt>
      <trkpt lat="46.558886" lon="15.457853"><ele>284.52</ele></trkpt>
      <trkpt lat="46.559166999999995" lon="15.45784"><ele>285.68</ele></trkpt>
      <trkpt lat="46.559779" lon="15.457567"><ele>284.24</ele></trkpt>
      <trkpt lat="46.559825" lon="15.457576999999999"><ele>284.19</ele></trkpt>
      <trkpt lat="46.559846" lon="15.457607999999999"><ele>284.22</ele></trkpt>
      <trkpt lat="46.559854" lon="15.457647"><ele>284.28</ele></trkpt>
      <trkpt lat="46.559858999999996" lon="15.457853"><ele>285.19</ele></trkpt>
      <trkpt lat="46.559706999999996" lon="15.457858"><ele>285.86</ele></trkpt>
      <trkpt lat="46.559473" lon="15.457889"><ele>286.62</ele></trkpt>
      <trkpt lat="46.559259999999995" lon="15.457956"><ele>287.05</ele></trkpt>
      <trkpt lat="46.557486999999995" lon="15.458511999999999"><ele>296</ele></trkpt>
      <trkpt lat="46.557185" lon="15.458627"><ele>299.22</ele></trkpt>
      <trkpt lat="46.556827" lon="15.458851"><ele>301.73</ele></trkpt>
      <trkpt lat="46.556823" lon="15.45873"><ele>301.16</ele></trkpt>
      <trkpt lat="46.556726999999995" lon="15.458438"><ele>298.09</ele></trkpt>
      <trkpt lat="46.55619" lon="15.458254"><ele>298.4</ele></trkpt>
      <trkpt lat="46.556087999999995" lon="15.458283"><ele>299.03</ele></trkpt>
      <trkpt lat="46.555827" lon="15.458266"><ele>299.65</ele></trkpt>
      <trkpt lat="46.555644" lon="15.458279999999998"><ele>300.03</ele></trkpt>
      <trkpt lat="46.555423999999995" lon="15.458404999999999"><ele>300.49</ele></trkpt>
      <trkpt lat="46.555169" lon="15.45862"><ele>301.03</ele></trkpt>
      <trkpt lat="46.554553999999996" lon="15.45932"><ele>302.55</ele></trkpt>
      <trkpt lat="46.554361" lon="15.459451"><ele>302.99</ele></trkpt>
      <trkpt lat="46.553635" lon="15.459584999999999"><ele>304.38</ele></trkpt>
      <trkpt lat="46.553456" lon="15.459634"><ele>304.48</ele></trkpt>
      <trkpt lat="46.553312" lon="15.459741999999999"><ele>304.23</ele></trkpt>
      <trkpt lat="46.553236" lon="15.459866"><ele>304.47</ele></trkpt>
      <trkpt lat="46.553157" lon="15.460052999999998"><ele>304.75</ele></trkpt>
      <trkpt lat="46.553098999999996" lon="15.460106"><ele>304.81</ele></trkpt>
      <trkpt lat="46.553031" lon="15.460144999999999"><ele>304.75</ele></trkpt>
      <trkpt lat="46.553" lon="15.460268"><ele>305.7</ele></trkpt>
      <trkpt lat="46.552971" lon="15.460547"><ele>308.35</ele></trkpt>
      <trkpt lat="46.552909" lon="15.460733"><ele>309.99</ele></trkpt>
      <trkpt lat="46.552868" lon="15.460801"><ele>310.45</ele></trkpt>
      <trkpt lat="46.552481" lon="15.461077"><ele>311.26</ele></trkpt>
      <trkpt lat="46.552355" lon="15.461208999999998"><ele>311.57</ele></trkpt>
      <trkpt lat="46.552197" lon="15.461447999999999"><ele>311.85</ele></trkpt>
      <trkpt lat="46.552116" lon="15.46153"><ele>311.94</ele></trkpt>
      <trkpt lat="46.552034" lon="15.461580999999999"><ele>312</ele></trkpt>
      <trkpt lat="46.551573" lon="15.461810999999999"><ele>312.19</ele></trkpt>
      <trkpt lat="46.55148" lon="15.461844999999999"><ele>312.09</ele></trkpt>
      <trkpt lat="46.551387" lon="15.461862"><ele>311.99</ele></trkpt>
      <trkpt lat="46.551296" lon="15.461853"><ele>311.91</ele></trkpt>
      <trkpt lat="46.550832" lon="15.461723999999998"><ele>312.09</ele></trkpt>
      <trkpt lat="46.550537999999996" lon="15.461654999999999"><ele>311.96</ele></trkpt>
      <trkpt lat="46.55023" lon="15.461640999999998"><ele>311.81</ele></trkpt>
      <trkpt lat="46.549887999999996" lon="15.461679"><ele>312.21</ele></trkpt>
      <trkpt lat="46.549701999999996" lon="15.461732999999999"><ele>312.74</ele></trkpt>
      <trkpt lat="46.54954" lon="15.461794999999999"><ele>313.23</ele></trkpt>
      <trkpt lat="46.549389999999995" lon="15.461905999999999"><ele>313.8</ele></trkpt>
      <trkpt lat="46.549277" lon="15.462043"><ele>314.57</ele></trkpt>
      <trkpt lat="46.549185" lon="15.462199"><ele>315.81</ele></trkpt>
      <trkpt lat="46.548728" lon="15.462833"><ele>318.58</ele></trkpt>
      <trkpt lat="46.548621999999995" lon="15.463035"><ele>318.96</ele></trkpt>
      <trkpt lat="46.548412" lon="15.46345"><ele>319.3</ele></trkpt>
      <trkpt lat="46.548117" lon="15.464103"><ele>319.6</ele></trkpt>
      <trkpt lat="46.547889999999995" lon="15.464483999999999"><ele>319.02</ele></trkpt>
      <trkpt lat="46.547795" lon="15.464718"><ele>319.04</ele></trkpt>
      <trkpt lat="46.547661999999995" lon="15.465173"><ele>319.36</ele></trkpt>
      <trkpt lat="46.547608" lon="15.465302999999999"><ele>319.44</ele></trkpt>
      <trkpt lat="46.547551999999996" lon="15.465311"><ele>319.34</ele></trkpt>
      <trkpt lat="46.547322" lon="15.465613999999999"><ele>319.58</ele></trkpt>
      <trkpt lat="46.547216999999996" lon="15.465824999999999"><ele>319.6</ele></trkpt>
      <trkpt lat="46.547109" lon="15.466196"><ele>319.41</ele></trkpt>
      <trkpt lat="46.547045999999995" lon="15.466533"><ele>319.99</ele></trkpt>
      <trkpt lat="46.547036999999996" lon="15.466854999999999"><ele>320.45</ele></trkpt>
      <trkpt lat="46.546974" lon="15.467747999999998"><ele>321</ele></trkpt>
      <trkpt lat="46.546918" lon="15.468176999999999"><ele>321</ele></trkpt>
      <trkpt lat="46.546876" lon="15.46885"><ele>320.35</ele></trkpt>
      <trkpt lat="46.546766" lon="15.469513"><ele>320</ele></trkpt>
      <trkpt lat="46.546745" lon="15.469745"><ele>320</ele></trkpt>
      <trkpt lat="46.5468" lon="15.470239"><ele>319.75</ele></trkpt>
      <trkpt lat="46.546794" lon="15.470481"><ele>319.65</ele></trkpt>
      <trkpt lat="46.546748" lon="15.470861999999999"><ele>319.38</ele></trkpt>
      <trkpt lat="46.546616" lon="15.471333"><ele>319.16</ele></trkpt>
      <trkpt lat="46.546427" lon="15.471855"><ele>319</ele></trkpt>
      <trkpt lat="46.545775" lon="15.473253"><ele>319.01</ele></trkpt>
      <trkpt lat="46.545687" lon="15.473384"><ele>319.16</ele></trkpt>
      <trkpt lat="46.545687" lon="15.473384"><ele>319.16</ele></trkpt>
      <trkpt lat="46.545567" lon="15.473562"><ele>319.31</ele></trkpt>
      <trkpt lat="46.544759" lon="15.474495999999998"><ele>319.86</ele></trkpt>
      <trkpt lat="46.544152" lon="15.475430999999999"><ele>319.42</ele></trkpt>
      <trkpt lat="46.544019" lon="15.475448"><ele>319.34</ele></trkpt>
      <trkpt lat="46.543769999999995" lon="15.475439999999999"><ele>319.43</ele></trkpt>
      <trkpt lat="46.543684" lon="15.476343"><ele>319.73</ele></trkpt>
      <trkpt lat="46.543546" lon="15.477167"><ele>320</ele></trkpt>
      <trkpt lat="46.543554" lon="15.477288"><ele>319.98</ele></trkpt>
      <trkpt lat="46.543659" lon="15.477516"><ele>319.65</ele></trkpt>
      <trkpt lat="46.543873" lon="15.477708999999999"><ele>319.08</ele></trkpt>
      <trkpt lat="46.543945" lon="15.477805"><ele>319</ele></trkpt>
      <trkpt lat="46.544070999999995" lon="15.478064999999999"><ele>318.98</ele></trkpt>
      <trkpt lat="46.544197" lon="15.478392999999999"><ele>318.67</ele></trkpt>
      <trkpt lat="46.544336" lon="15.478937"><ele>318.29</ele></trkpt>
      <trkpt lat="46.544381" lon="15.47931"><ele>318.05</ele></trkpt>
      <trkpt lat="46.544253999999995" lon="15.481933999999999"><ele>317</ele></trkpt>
      <trkpt lat="46.544222999999995" lon="15.482429"><ele>316.95</ele></trkpt>
      <trkpt lat="46.544169" lon="15.482453"><ele>317</ele></trkpt>
      <trkpt lat="46.544014" lon="15.482626999999999"><ele>316.99</ele></trkpt>
      <trkpt lat="46.543918" lon="15.482921"><ele>316.87</ele></trkpt>
      <trkpt lat="46.543855" lon="15.483459"><ele>316.58</ele></trkpt>
      <trkpt lat="46.543881999999996" lon="15.484528"><ele>316.07</ele></trkpt>
      <trkpt lat="46.543959" lon="15.484895999999999"><ele>315.9</ele></trkpt>
      <trkpt lat="46.544289" lon="15.485928"><ele>315.34</ele></trkpt>
      <trkpt lat="46.54436" lon="15.486343"><ele>315</ele></trkpt>
      <trkpt lat="46.544508" lon="15.487046"><ele>314.77</ele></trkpt>
      <trkpt lat="46.544557" lon="15.487314"><ele>314.49</ele></trkpt>
      <trkpt lat="46.544607" lon="15.487677999999999"><ele>313.74</ele></trkpt>
      <trkpt lat="46.544604" lon="15.488017"><ele>313.03</ele></trkpt>
      <trkpt lat="46.544534" lon="15.488634"><ele>312.46</ele></trkpt>
      <trkpt lat="46.544551" lon="15.488788999999999"><ele>312.24</ele></trkpt>
      <trkpt lat="46.544593" lon="15.488875"><ele>312.02</ele></trkpt>
      <trkpt lat="46.544537" lon="15.488918"><ele>312.06</ele></trkpt>
      <trkpt lat="46.544353" lon="15.488805999999999"><ele>312.63</ele></trkpt>
      <trkpt lat="46.544337999999996" lon="15.488883"><ele>312.41</ele></trkpt>
      <trkpt lat="46.544140999999996" lon="15.489507999999999"><ele>310.6</ele></trkpt>
      <trkpt lat="46.54412" lon="15.4896"><ele>310.21</ele></trkpt>
      <trkpt lat="46.544124" lon="15.489868"><ele>308.28</ele></trkpt>
      <trkpt lat="46.544222" lon="15.490089999999999"><ele>308.28</ele></trkpt>
      <trkpt lat="46.544443" lon="15.490508"><ele>308.39</ele></trkpt>
      <trkpt lat="46.544489999999996" lon="15.490853999999999"><ele>308.39</ele></trkpt>
      <trkpt lat="46.544458" lon="15.49099"><ele>308.12</ele></trkpt>
      <trkpt lat="46.544442" lon="15.491346"><ele>307.86</ele></trkpt>
      <trkpt lat="46.544413999999996" lon="15.491527"><ele>305.49</ele></trkpt>
      <trkpt lat="46.544328" lon="15.491786999999999"><ele>302.56</ele></trkpt>
      <trkpt lat="46.544340999999996" lon="15.491985999999999"><ele>301.46</ele></trkpt>
      <trkpt lat="46.544391999999995" lon="15.492222"><ele>300.08</ele></trkpt>
      <trkpt lat="46.544626" lon="15.493490999999999"><ele>293.96</ele></trkpt>
      <trkpt lat="46.54472" lon="15.493841999999999"><ele>292.85</ele></trkpt>
      <trkpt lat="46.544869" lon="15.494567"><ele>290.89</ele></trkpt>
      <trkpt lat="46.544863" lon="15.494928"><ele>288.41</ele></trkpt>
      <trkpt lat="46.544838999999996" lon="15.495028"><ele>286.79</ele></trkpt>
      <trkpt lat="46.544657" lon="15.495602"><ele>279.72</ele></trkpt>
      <trkpt lat="46.544554999999995" lon="15.495799"><ele>278.39</ele></trkpt>
      <trkpt lat="46.544439999999994" lon="15.496091"><ele>276.18</ele></trkpt>
      <trkpt lat="46.544381" lon="15.496186"><ele>276.34</ele></trkpt>
      <trkpt lat="46.544343999999995" lon="15.496212"><ele>275.86</ele></trkpt>
      <trkpt lat="46.544318999999994" lon="15.496210999999999"><ele>275.36</ele></trkpt>
      <trkpt lat="46.544247999999996" lon="15.496298999999999"><ele>274.58</ele></trkpt>
      <trkpt lat="46.544032" lon="15.496697999999999"><ele>273.8</ele></trkpt>
      <trkpt lat="46.543980999999995" lon="15.496977"><ele>274.35</ele></trkpt>
      <trkpt lat="46.543991" lon="15.497397999999999"><ele>273.81</ele></trkpt>
      <trkpt lat="46.544104" lon="15.498104"><ele>273.98</ele></trkpt>
      <trkpt lat="46.54434" lon="15.499103"><ele>277.98</ele></trkpt>
      <trkpt lat="46.544309" lon="15.49941"><ele>274.49</ele></trkpt>
      <trkpt lat="46.544278999999996" lon="15.49948"><ele>273.41</ele></trkpt>
      <trkpt lat="46.542977" lon="15.500117999999999"><ele>271.74</ele></trkpt>
      <trkpt lat="46.542542999999995" lon="15.500335999999999"><ele>275.8</ele></trkpt>
      <trkpt lat="46.542519999999996" lon="15.500352"><ele>275.95</ele></trkpt>
      <trkpt lat="46.542499" lon="15.500418"><ele>276.01</ele></trkpt>
      <trkpt lat="46.541869999999996" lon="15.500731"><ele>280.3</ele></trkpt>
      <trkpt lat="46.541661" lon="15.500948"><ele>283.07</ele></trkpt>
      <trkpt lat="46.541596" lon="15.501075"><ele>283.99</ele></trkpt>
      <trkpt lat="46.541508" lon="15.501505"><ele>286.93</ele></trkpt>
      <trkpt lat="46.54129" lon="15.502828"><ele>294</ele></trkpt>
      <trkpt lat="46.541239" lon="15.503207999999999"><ele>294.1</ele></trkpt>
      <trkpt lat="46.541230999999996" lon="15.503525"><ele>294.39</ele></trkpt>
      <trkpt lat="46.541256999999995" lon="15.503775999999998"><ele>294.49</ele></trkpt>
      <trkpt lat="46.5413" lon="15.504005"><ele>294.6</ele></trkpt>
      <trkpt lat="46.541385" lon="15.504280999999999"><ele>294.85</ele></trkpt>
      <trkpt lat="46.541699" lon="15.505115"><ele>295</ele></trkpt>
      <trkpt lat="46.541894" lon="15.505664999999999"><ele>295</ele></trkpt>
      <trkpt lat="46.542162999999995" lon="15.506374"><ele>295</ele></trkpt>
      <trkpt lat="46.542283999999995" lon="15.506720999999999"><ele>294.78</ele></trkpt>
      <trkpt lat="46.543448999999995" lon="15.509877999999999"><ele>294.33</ele></trkpt>
      <trkpt lat="46.543744" lon="15.510708"><ele>294.57</ele></trkpt>
      <trkpt lat="46.544067" lon="15.511833"><ele>296.3</ele></trkpt>
      <trkpt lat="46.545277999999996" lon="15.515058999999999"><ele>296</ele></trkpt>
      <trkpt lat="46.545218999999996" lon="15.515155"><ele>296.23</ele></trkpt>
      <trkpt lat="46.545117" lon="15.515224"><ele>296.58</ele></trkpt>
      <trkpt lat="46.545043" lon="15.515253999999999"><ele>296.85</ele></trkpt>
      <trkpt lat="46.544737999999995" lon="15.515312999999999"><ele>297.83</ele></trkpt>
      <trkpt lat="46.544765" lon="15.515537"><ele>297.24</ele></trkpt>
      <trkpt lat="46.544917999999996" lon="15.516268"><ele>296</ele></trkpt>
      <trkpt lat="46.544968999999995" lon="15.516397999999999"><ele>296.03</ele></trkpt>
      <trkpt lat="46.545007999999996" lon="15.516440999999999"><ele>296.12</ele></trkpt>
      <trkpt lat="46.545224" lon="15.516449999999999"><ele>296.31</ele></trkpt>
      <trkpt lat="46.545266" lon="15.516508"><ele>296.32</ele></trkpt>
      <trkpt lat="46.545362" lon="15.516829999999999"><ele>296.41</ele></trkpt>
      <trkpt lat="46.5454" lon="15.516995999999999"><ele>296.39</ele></trkpt>
      <trkpt lat="46.545432999999996" lon="15.517066"><ele>296.38</ele></trkpt>
      <trkpt lat="46.545482" lon="15.5171"><ele>296.39</ele></trkpt>
      <trkpt lat="46.545536999999996" lon="15.517092"><ele>296.4</ele></trkpt>
      <trkpt lat="46.545646" lon="15.517033999999999"><ele>296.43</ele></trkpt>
      <trkpt lat="46.545704" lon="15.517043999999999"><ele>296.3</ele></trkpt>
      <trkpt lat="46.545752" lon="15.517093"><ele>296.18</ele></trkpt>
      <trkpt lat="46.547346999999995" lon="15.521325"><ele>296.33</ele></trkpt>
      <trkpt lat="46.547512999999995" lon="15.52183"><ele>296</ele></trkpt>
      <trkpt lat="46.547990999999996" lon="15.523181999999998"><ele>295.73</ele></trkpt>
      <trkpt lat="46.548435" lon="15.524363"><ele>296.08</ele></trkpt>
      <trkpt lat="46.548572" lon="15.524633"><ele>296.1</ele></trkpt>
      <trkpt lat="46.548761" lon="15.525177"><ele>296.05</ele></trkpt>
      <trkpt lat="46.549526" lon="15.527247"><ele>295.47</ele></trkpt>
      <trkpt lat="46.550067999999996" lon="15.528684"><ele>295.8</ele></trkpt>
      <trkpt lat="46.550094" lon="15.528749999999999"><ele>295.67</ele></trkpt>
      <trkpt lat="46.551606" lon="15.532827"><ele>295.04</ele></trkpt>
      <trkpt lat="46.551637" lon="15.532907999999999"><ele>295.05</ele></trkpt>
      <trkpt lat="46.552127999999996" lon="15.534225"><ele>294</ele></trkpt>
      <trkpt lat="46.552281" lon="15.534606"><ele>293.78</ele></trkpt>
      <trkpt lat="46.552641" lon="15.535609"><ele>293</ele></trkpt>
      <trkpt lat="46.553855" lon="15.538896"><ele>291.45</ele></trkpt>
      <trkpt lat="46.554065" lon="15.539432"><ele>291.2</ele></trkpt>
      <trkpt lat="46.554853" lon="15.541653"><ele>290.92</ele></trkpt>
      <trkpt lat="46.554994" lon="15.542129"><ele>290.72</ele></trkpt>
      <trkpt lat="46.555129" lon="15.542643"><ele>290.49</ele></trkpt>
      <trkpt lat="46.555997999999995" lon="15.546641999999999"><ele>291.13</ele></trkpt>
      <trkpt lat="46.555997999999995" lon="15.546702"><ele>291.17</ele></trkpt>
      <trkpt lat="46.555980999999996" lon="15.546757999999999"><ele>291.21</ele></trkpt>
      <trkpt lat="46.555960999999996" lon="15.546783"><ele>291.25</ele></trkpt>
      <trkpt lat="46.555876" lon="15.546821"><ele>291.64</ele></trkpt>
      <trkpt lat="46.555848999999995" lon="15.546856"><ele>291.84</ele></trkpt>
      <trkpt lat="46.555845" lon="15.546921"><ele>291.92</ele></trkpt>
      <trkpt lat="46.555858" lon="15.547013999999999"><ele>291.82</ele></trkpt>
      <trkpt lat="46.555975" lon="15.546978999999999"><ele>290.98</ele></trkpt>
      <trkpt lat="46.556059999999995" lon="15.547196999999999"><ele>290.37</ele></trkpt>
      <trkpt lat="46.556131" lon="15.547322"><ele>290.07</ele></trkpt>
      <trkpt lat="46.556242" lon="15.547765"><ele>288.93</ele></trkpt>
      <trkpt lat="46.556399" lon="15.548506"><ele>284.74</ele></trkpt>
      <trkpt lat="46.556447" lon="15.548736"><ele>283.77</ele></trkpt>
      <trkpt lat="46.556506999999996" lon="15.548933"><ele>285.68</ele></trkpt>
      <trkpt lat="46.556551999999996" lon="15.549121999999999"><ele>286.77</ele></trkpt>
      <trkpt lat="46.556605999999995" lon="15.549328"><ele>287.5</ele></trkpt>
      <trkpt lat="46.556669" lon="15.549631"><ele>287.99</ele></trkpt>
      <trkpt lat="46.556639999999994" lon="15.549648999999999"><ele>288</ele></trkpt>
      <trkpt lat="46.556505" lon="15.549723"><ele>288.09</ele></trkpt>
      <trkpt lat="46.556346" lon="15.549786"><ele>288.49</ele></trkpt>
      <trkpt lat="46.556225" lon="15.549797"><ele>289.02</ele></trkpt>
      <trkpt lat="46.556366999999995" lon="15.550009"><ele>289.11</ele></trkpt>
      <trkpt lat="46.556649" lon="15.550751"><ele>288.85</ele></trkpt>
      <trkpt lat="46.556843" lon="15.551096999999999"><ele>288.71</ele></trkpt>
      <trkpt lat="46.556903999999996" lon="15.551231"><ele>288.37</ele></trkpt>
      <trkpt lat="46.557041999999996" lon="15.551577"><ele>288.13</ele></trkpt>
      <trkpt lat="46.557173" lon="15.552185999999999"><ele>288.17</ele></trkpt>
      <trkpt lat="46.557272" lon="15.552717"><ele>288.33</ele></trkpt>
      <trkpt lat="46.557319" lon="15.553113999999999"><ele>288.3</ele></trkpt>
      <trkpt lat="46.557424" lon="15.553873"><ele>288.27</ele></trkpt>
      <trkpt lat="46.557427" lon="15.55396"><ele>288.26</ele></trkpt>
      <trkpt lat="46.557517999999995" lon="15.553992"><ele>287.95</ele></trkpt>
      <trkpt lat="46.557566" lon="15.554032"><ele>287.78</ele></trkpt>
      <trkpt lat="46.557626" lon="15.554115999999999"><ele>287.55</ele></trkpt>
      <trkpt lat="46.557652" lon="15.554189"><ele>287.47</ele></trkpt>
      <trkpt lat="46.558093" lon="15.556251"><ele>287.79</ele></trkpt>
      <trkpt lat="46.558313999999996" lon="15.557419"><ele>287.27</ele></trkpt>
      <trkpt lat="46.55843" lon="15.558235999999999"><ele>287.06</ele></trkpt>
      <trkpt lat="46.558547" lon="15.559163999999999"><ele>287.23</ele></trkpt>
      <trkpt lat="46.558648" lon="15.560091"><ele>286.66</ele></trkpt>
      <trkpt lat="46.558727" lon="15.561107"><ele>286.05</ele></trkpt>
      <trkpt lat="46.558741" lon="15.561879"><ele>285.76</ele></trkpt>
      <trkpt lat="46.558696999999995" lon="15.562289999999999"><ele>285.69</ele></trkpt>
      <trkpt lat="46.558684" lon="15.563028999999998"><ele>285.8</ele></trkpt>
      <trkpt lat="46.558657" lon="15.563602999999999"><ele>286</ele></trkpt>
      <trkpt lat="46.558665999999995" lon="15.563659999999999"><ele>286</ele></trkpt>
      <trkpt lat="46.558729" lon="15.563784"><ele>286</ele></trkpt>
      <trkpt lat="46.558743" lon="15.563846"><ele>286.04</ele></trkpt>
      <trkpt lat="46.558747" lon="15.563934"><ele>286.12</ele></trkpt>
      <trkpt lat="46.558737" lon="15.566208999999999"><ele>288.55</ele></trkpt>
      <trkpt lat="46.558738999999996" lon="15.566298"><ele>288.54</ele></trkpt>
      <trkpt lat="46.558766999999996" lon="15.568294"><ele>287.38</ele></trkpt>
      <trkpt lat="46.558757" lon="15.56881"><ele>286.86</ele></trkpt>
      <trkpt lat="46.558749" lon="15.571048999999999"><ele>287</ele></trkpt>
      <trkpt lat="46.558755" lon="15.571605"><ele>287</ele></trkpt>
      <trkpt lat="46.558727" lon="15.572401"><ele>287.62</ele></trkpt>
      <trkpt lat="46.558737" lon="15.574152"><ele>286.8</ele></trkpt>
      <trkpt lat="46.55872" lon="15.574733"><ele>286.56</ele></trkpt>
      <trkpt lat="46.558741" lon="15.575420999999999"><ele>286.27</ele></trkpt>
      <trkpt lat="46.55873" lon="15.576317999999999"><ele>285.72</ele></trkpt>
      <trkpt lat="46.558678" lon="15.577136999999999"><ele>284.52</ele></trkpt>
      <trkpt lat="46.558664" lon="15.577254"><ele>284.21</ele></trkpt>
      <trkpt lat="46.558603" lon="15.577357"><ele>283.7</ele></trkpt>
      <trkpt lat="46.558555" lon="15.577421"><ele>283.63</ele></trkpt>
      <trkpt lat="46.55862" lon="15.577658"><ele>282.25</ele></trkpt>
      <trkpt lat="46.558678" lon="15.577786"><ele>281.75</ele></trkpt>
      <trkpt lat="46.558749" lon="15.577865999999998"><ele>282.15</ele></trkpt>
      <trkpt lat="46.558881" lon="15.577874999999999"><ele>283.29</ele></trkpt>
      <trkpt lat="46.558946" lon="15.577855999999999"><ele>282.84</ele></trkpt>
      <trkpt lat="46.558955" lon="15.578005999999998"><ele>282.93</ele></trkpt>
      <trkpt lat="46.558949" lon="15.578140999999999"><ele>283.46</ele></trkpt>
      <trkpt lat="46.558918999999996" lon="15.578446"><ele>284.55</ele></trkpt>
      <trkpt lat="46.558913999999994" lon="15.579049999999999"><ele>286.1</ele></trkpt>
      <trkpt lat="46.558924999999995" lon="15.579322"><ele>286.58</ele></trkpt>
      <trkpt lat="46.558974" lon="15.579460999999998"><ele>286.7</ele></trkpt>
      <trkpt lat="46.559002" lon="15.579666"><ele>286.59</ele></trkpt>
      <trkpt lat="46.558986999999995" lon="15.580089999999998"><ele>287.25</ele></trkpt>
      <trkpt lat="46.558991999999996" lon="15.580765999999999"><ele>288</ele></trkpt>
      <trkpt lat="46.558985" lon="15.581973999999999"><ele>288</ele></trkpt>
      <trkpt lat="46.558991" lon="15.582315"><ele>288</ele></trkpt>
      <trkpt lat="46.559025" lon="15.582590999999999"><ele>288</ele></trkpt>
      <trkpt lat="46.559081" lon="15.582861999999999"><ele>288</ele></trkpt>
      <trkpt lat="46.559082" lon="15.583022999999999"><ele>288</ele></trkpt>
      <trkpt lat="46.55905" lon="15.583248"><ele>288</ele></trkpt>
      <trkpt lat="46.558937" lon="15.583241"><ele>288</ele></trkpt>
      <trkpt lat="46.558918" lon="15.583376"><ele>288</ele></trkpt>
      <trkpt lat="46.558903" lon="15.583917999999999"><ele>288</ele></trkpt>
      <trkpt lat="46.558918" lon="15.584506"><ele>287.7</ele></trkpt>
      <trkpt lat="46.55896" lon="15.58508"><ele>285.19</ele></trkpt>
      <trkpt lat="46.558971" lon="15.585367999999999"><ele>284.38</ele></trkpt>
      <trkpt lat="46.559008999999996" lon="15.58568"><ele>287</ele></trkpt>
      <trkpt lat="46.559070999999996" lon="15.585617999999998"><ele>287</ele></trkpt>
      <trkpt lat="46.559159" lon="15.585574999999999"><ele>287</ele></trkpt>
      <trkpt lat="46.559335999999995" lon="15.585543"><ele>286.81</ele></trkpt>
      <trkpt lat="46.559954999999995" lon="15.585569"><ele>286.22</ele></trkpt>
      <trkpt lat="46.56046" lon="15.585809"><ele>284.73</ele></trkpt>
      <trkpt lat="46.560586" lon="15.585839"><ele>284.14</ele></trkpt>
      <trkpt lat="46.560711999999995" lon="15.585849"><ele>283.53</ele></trkpt>
      <trkpt lat="46.560885" lon="15.585806999999999"><ele>282.79</ele></trkpt>
      <trkpt lat="46.561049999999994" lon="15.58579"><ele>281.85</ele></trkpt>
      <trkpt lat="46.561139" lon="15.585802"><ele>281.07</ele></trkpt>
      <trkpt lat="46.561243" lon="15.585844999999999"><ele>280.38</ele></trkpt>
      <trkpt lat="46.561476" lon="15.585992"><ele>279.2</ele></trkpt>
      <trkpt lat="46.561761" lon="15.586471999999999"><ele>278.9</ele></trkpt>
      <trkpt lat="46.562033" lon="15.587104"><ele>278.7</ele></trkpt>
      <trkpt lat="46.562612" lon="15.588305"><ele>277.88</ele></trkpt>
      <trkpt lat="46.563226" lon="15.589741"><ele>278.42</ele></trkpt>
      <trkpt lat="46.563367" lon="15.590098999999999"><ele>279.5</ele></trkpt>
      <trkpt lat="46.563503" lon="15.590548"><ele>279.63</ele></trkpt>
      <trkpt lat="46.563562999999995" lon="15.590898"><ele>280.15</ele></trkpt>
      <trkpt lat="46.563663999999996" lon="15.591417"><ele>280.66</ele></trkpt>
      <trkpt lat="46.563801" lon="15.591899999999999"><ele>280.11</ele></trkpt>
      <trkpt lat="46.563835" lon="15.592042999999999"><ele>280.64</ele></trkpt>
      <trkpt lat="46.563697999999995" lon="15.592141999999999"><ele>282.06</ele></trkpt>
      <trkpt lat="46.563438999999995" lon="15.592189"><ele>282.64</ele></trkpt>
      <trkpt lat="46.563195" lon="15.592742"><ele>282.96</ele></trkpt>
      <trkpt lat="46.563122" lon="15.593191"><ele>283</ele></trkpt>
      <trkpt lat="46.563117" lon="15.593967999999998"><ele>283</ele></trkpt>
      <trkpt lat="46.563126999999994" lon="15.594272"><ele>283</ele></trkpt>
      <trkpt lat="46.563007999999996" lon="15.595391"><ele>282</ele></trkpt>
      <trkpt lat="46.562836999999995" lon="15.595825999999999"><ele>282</ele></trkpt>
      <trkpt lat="46.562625" lon="15.596248999999998"><ele>282</ele></trkpt>
      <trkpt lat="46.562559" lon="15.596430999999999"><ele>282</ele></trkpt>
      <trkpt lat="46.562521" lon="15.596805"><ele>282</ele></trkpt>
      <trkpt lat="46.562580999999994" lon="15.597415999999999"><ele>282</ele></trkpt>
      <trkpt lat="46.562584" lon="15.597714"><ele>282</ele></trkpt>
      <trkpt lat="46.56263" lon="15.598367999999999"><ele>282</ele></trkpt>
      <trkpt lat="46.562625" lon="15.598650999999998"><ele>282</ele></trkpt>
      <trkpt lat="46.562557999999996" lon="15.598918999999999"><ele>282</ele></trkpt>
      <trkpt lat="46.562512999999996" lon="15.599038"><ele>282</ele></trkpt>
      <trkpt lat="46.562481999999996" lon="15.599205"><ele>282</ele></trkpt>
      <trkpt lat="46.562481999999996" lon="15.599547"><ele>282</ele></trkpt>
      <trkpt lat="46.562495999999996" lon="15.599749999999998"><ele>282</ele></trkpt>
      <trkpt lat="46.562501" lon="15.601275"><ele>282</ele></trkpt>
      <trkpt lat="46.56248" lon="15.602044999999999"><ele>282</ele></trkpt>
      <trkpt lat="46.562464999999996" lon="15.603064"><ele>281.85</ele></trkpt>
      <trkpt lat="46.562504999999994" lon="15.603539"><ele>281.22</ele></trkpt>
      <trkpt lat="46.562507" lon="15.603909"><ele>281</ele></trkpt>
      <trkpt lat="46.56254" lon="15.604375999999998"><ele>281</ele></trkpt>
      <trkpt lat="46.562695" lon="15.605417999999998"><ele>281.45</ele></trkpt>
      <trkpt lat="46.562705" lon="15.605561999999999"><ele>281.26</ele></trkpt>
      <trkpt lat="46.562677" lon="15.605953"><ele>281.02</ele></trkpt>
      <trkpt lat="46.562689" lon="15.606387999999999"><ele>280.68</ele></trkpt>
      <trkpt lat="46.562709999999996" lon="15.606644"><ele>280.59</ele></trkpt>
      <trkpt lat="46.562765" lon="15.60691"><ele>280.27</ele></trkpt>
      <trkpt lat="46.562835" lon="15.607194999999999"><ele>280.18</ele></trkpt>
      <trkpt lat="46.562895" lon="15.607315999999999"><ele>280.02</ele></trkpt>
      <trkpt lat="46.562951999999996" lon="15.607481"><ele>279.7</ele></trkpt>
      <trkpt lat="46.562943" lon="15.607607999999999"><ele>279.58</ele></trkpt>
      <trkpt lat="46.562861" lon="15.607975"><ele>279.7</ele></trkpt>
      <trkpt lat="46.562836999999995" lon="15.608125999999999"><ele>280.04</ele></trkpt>
      <trkpt lat="46.562838" lon="15.608429"><ele>280.61</ele></trkpt>
      <trkpt lat="46.562956" lon="15.609031"><ele>280.46</ele></trkpt>
      <trkpt lat="46.563021" lon="15.609579"><ele>280.06</ele></trkpt>
      <trkpt lat="46.563122" lon="15.610166"><ele>280.49</ele></trkpt>
      <trkpt lat="46.563153" lon="15.610557"><ele>280.88</ele></trkpt>
      <trkpt lat="46.563148999999996" lon="15.610918999999999"><ele>281</ele></trkpt>
      <trkpt lat="46.563181" lon="15.612117"><ele>280.95</ele></trkpt>
      <trkpt lat="46.563064999999995" lon="15.612769"><ele>280.76</ele></trkpt>
      <trkpt lat="46.56339" lon="15.612478"><ele>278.35</ele></trkpt>
      <trkpt lat="46.563752" lon="15.612012"><ele>276.84</ele></trkpt>
      <trkpt lat="46.564889" lon="15.609732"><ele>271.95</ele></trkpt>
      <trkpt lat="46.565315999999996" lon="15.608685"><ele>270.23</ele></trkpt>
      <trkpt lat="46.565445999999994" lon="15.608820999999999"><ele>268.74</ele></trkpt>
      <trkpt lat="46.565514" lon="15.608841"><ele>268.22</ele></trkpt>
      <trkpt lat="46.56557" lon="15.608901999999999"><ele>267.37</ele></trkpt>
      <trkpt lat="46.565585999999996" lon="15.608963999999999"><ele>267.12</ele></trkpt>
      <trkpt lat="46.565585999999996" lon="15.609072999999999"><ele>266.42</ele></trkpt>
      <trkpt lat="46.565490999999994" lon="15.60953"><ele>265.13</ele></trkpt>
      <trkpt lat="46.565369999999994" lon="15.610593"><ele>262.07</ele></trkpt>
      <trkpt lat="46.565328" lon="15.611547999999999"><ele>261.19</ele></trkpt>
      <trkpt lat="46.565262" lon="15.612578"><ele>261.57</ele></trkpt>
      <trkpt lat="46.565249" lon="15.613061"><ele>261.38</ele></trkpt>
      <trkpt lat="46.565217" lon="15.613527999999999"><ele>260.99</ele></trkpt>
      <trkpt lat="46.565005" lon="15.614415"><ele>259.08</ele></trkpt>
      <trkpt lat="46.564865" lon="15.615305999999999"><ele>255.85</ele></trkpt>
      <trkpt lat="46.564636" lon="15.615945"><ele>254.94</ele></trkpt>
      <trkpt lat="46.564254999999996" lon="15.616707"><ele>254.51</ele></trkpt>
      <trkpt lat="46.564003" lon="15.617085"><ele>254.55</ele></trkpt>
      <trkpt lat="46.563545" lon="15.61765"><ele>254.7</ele></trkpt>
      <trkpt lat="46.563221" lon="15.617973"><ele>254.74</ele></trkpt>
      <trkpt lat="46.562881" lon="15.618217999999999"><ele>254.83</ele></trkpt>
      <trkpt lat="46.562335" lon="15.618551"><ele>254.86</ele></trkpt>
      <trkpt lat="46.561876" lon="15.618908"><ele>254.99</ele></trkpt>
      <trkpt lat="46.561667" lon="15.619112"><ele>255.09</ele></trkpt>
      <trkpt lat="46.561417" lon="15.619444"><ele>254.81</ele></trkpt>
      <trkpt lat="46.561084" lon="15.619968"><ele>255.99</ele></trkpt>
      <trkpt lat="46.560773" lon="15.620605999999999"><ele>257.54</ele></trkpt>
      <trkpt lat="46.560448" lon="15.621424"><ele>258.26</ele></trkpt>
      <trkpt lat="46.560212" lon="15.622323"><ele>257.87</ele></trkpt>
      <trkpt lat="46.560109" lon="15.622819"><ele>257.26</ele></trkpt>
      <trkpt lat="46.560024" lon="15.623412"><ele>257.14</ele></trkpt>
      <trkpt lat="46.559881999999995" lon="15.624573"><ele>257.42</ele></trkpt>
      <trkpt lat="46.559742" lon="15.625378"><ele>256.92</ele></trkpt>
      <trkpt lat="46.559618" lon="15.625909"><ele>257.54</ele></trkpt>
      <trkpt lat="46.559450999999996" lon="15.626539"><ele>256.57</ele></trkpt>
      <trkpt lat="46.558498" lon="15.629646"><ele>255.05</ele></trkpt>
      <trkpt lat="46.558192999999996" lon="15.630681999999998"><ele>254.35</ele></trkpt>
      <trkpt lat="46.557762" lon="15.631882"><ele>254.32</ele></trkpt>
      <trkpt lat="46.557624999999994" lon="15.632161"><ele>255.31</ele></trkpt>
      <trkpt lat="46.557583" lon="15.632209999999999"><ele>255.78</ele></trkpt>
      <trkpt lat="46.557534999999994" lon="15.632242"><ele>256.31</ele></trkpt>
      <trkpt lat="46.556903999999996" lon="15.634029"><ele>255.98</ele></trkpt>
      <trkpt lat="46.556591" lon="15.635083"><ele>256.3</ele></trkpt>
      <trkpt lat="46.556464999999996" lon="15.63547"><ele>256.81</ele></trkpt>
      <trkpt lat="46.556345" lon="15.635741999999999"><ele>258.1</ele></trkpt>
      <trkpt lat="46.556396" lon="15.63576"><ele>255.46</ele></trkpt>
      <trkpt lat="46.557601" lon="15.636286"><ele>254.99</ele></trkpt>
      <trkpt lat="46.557601999999996" lon="15.636508"><ele>255.8</ele></trkpt>
      <trkpt lat="46.557238" lon="15.637913"><ele>255.09</ele></trkpt>
      <trkpt lat="46.557024999999996" lon="15.638999"><ele>254.86</ele></trkpt>
      <trkpt lat="46.55694" lon="15.639472999999999"><ele>254.96</ele></trkpt>
      <trkpt lat="46.556869" lon="15.639940999999999"><ele>254.48</ele></trkpt>
      <trkpt lat="46.556794" lon="15.640540999999999"><ele>253.91</ele></trkpt>
      <trkpt lat="46.556731" lon="15.641091"><ele>254.02</ele></trkpt>
      <trkpt lat="46.556677" lon="15.641826"><ele>255</ele></trkpt>
      <trkpt lat="46.556559" lon="15.643702"><ele>254.22</ele></trkpt>
      <trkpt lat="46.556529999999995" lon="15.644193999999999"><ele>254.15</ele></trkpt>
      <trkpt lat="46.556509999999996" lon="15.644794999999998"><ele>254.44</ele></trkpt>
      <trkpt lat="46.556497" lon="15.645781"><ele>254.39</ele></trkpt>
      <trkpt lat="46.556455" lon="15.646975999999999"><ele>255.39</ele></trkpt>
      <trkpt lat="46.556455" lon="15.647426"><ele>254.79</ele></trkpt>
      <trkpt lat="46.556556" lon="15.648015"><ele>255.19</ele></trkpt>
      <trkpt lat="46.556619999999995" lon="15.648335999999999"><ele>254.97</ele></trkpt>
      <trkpt lat="46.556641" lon="15.648534"><ele>254.91</ele></trkpt>
      <trkpt lat="46.556644999999996" lon="15.648669"><ele>255.09</ele></trkpt>
      <trkpt lat="46.556622" lon="15.649619"><ele>256.99</ele></trkpt>
      <trkpt lat="46.556641" lon="15.649799999999999"><ele>256.82</ele></trkpt>
      <trkpt lat="46.55666" lon="15.650091999999999"><ele>257.27</ele></trkpt>
      <trkpt lat="46.556656" lon="15.650989"><ele>258.84</ele></trkpt>
      <trkpt lat="46.556663" lon="15.651169"><ele>259.36</ele></trkpt>
      <trkpt lat="46.556684" lon="15.651226999999999"><ele>259.67</ele></trkpt>
      <trkpt lat="46.556709999999995" lon="15.651266"><ele>259.86</ele></trkpt>
      <trkpt lat="46.556802" lon="15.651313"><ele>260.21</ele></trkpt>
      <trkpt lat="46.557224" lon="15.651363"><ele>261.29</ele></trkpt>
      <trkpt lat="46.557221" lon="15.651542"><ele>261</ele></trkpt>
      <trkpt lat="46.557114" lon="15.653079"><ele>261.06</ele></trkpt>
      <trkpt lat="46.557058999999995" lon="15.653599999999999"><ele>260.39</ele></trkpt>
      <trkpt lat="46.556985999999995" lon="15.653927"><ele>259.97</ele></trkpt>
      <trkpt lat="46.556928" lon="15.654079999999999"><ele>259.68</ele></trkpt>
      <trkpt lat="46.556846" lon="15.654231999999999"><ele>258.87</ele></trkpt>
      <trkpt lat="46.556773" lon="15.654345"><ele>258.3</ele></trkpt>
      <trkpt lat="46.556728" lon="15.65437"><ele>258.04</ele></trkpt>
      <trkpt lat="46.556664999999995" lon="15.654347"><ele>257.65</ele></trkpt>
      <trkpt lat="46.556607" lon="15.654453"><ele>257.78</ele></trkpt>
      <trkpt lat="46.556618" lon="15.654509"><ele>257.81</ele></trkpt>
      <trkpt lat="46.556618" lon="15.654565"><ele>257.8</ele></trkpt>
      <trkpt lat="46.556591999999995" lon="15.65462"><ele>257.73</ele></trkpt>
      <trkpt lat="46.556591" lon="15.654637999999998"><ele>257.73</ele></trkpt>
      <trkpt lat="46.556472" lon="15.65471"><ele>257.29</ele></trkpt>
      <trkpt lat="46.556393" lon="15.654774999999999"><ele>256.82</ele></trkpt>
      <trkpt lat="46.556337" lon="15.654879"><ele>256.54</ele></trkpt>
      <trkpt lat="46.556314" lon="15.655007999999999"><ele>256.38</ele></trkpt>
      <trkpt lat="46.556306" lon="15.655235999999999"><ele>256.3</ele></trkpt>
      <trkpt lat="46.556312" lon="15.655577"><ele>256.1</ele></trkpt>
      <trkpt lat="46.556337" lon="15.65603"><ele>256.22</ele></trkpt>
      <trkpt lat="46.556418" lon="15.656378"><ele>256.14</ele></trkpt>
      <trkpt lat="46.556415" lon="15.656454"><ele>256.09</ele></trkpt>
      <trkpt lat="46.55647" lon="15.657333"><ele>255.53</ele></trkpt>
      <trkpt lat="46.556466" lon="15.657921"><ele>255.26</ele></trkpt>
      <trkpt lat="46.556433" lon="15.658684999999998"><ele>255.16</ele></trkpt>
      <trkpt lat="46.556427" lon="15.659220999999999"><ele>255.14</ele></trkpt>
      <trkpt lat="46.556402" lon="15.659721"><ele>255.06</ele></trkpt>
      <trkpt lat="46.556391" lon="15.660432"><ele>255.01</ele></trkpt>
      <trkpt lat="46.556394999999995" lon="15.660475"><ele>254.99</ele></trkpt>
      <trkpt lat="46.556323" lon="15.660582"><ele>254.52</ele></trkpt>
      <trkpt lat="46.556337" lon="15.66082"><ele>254.63</ele></trkpt>
      <trkpt lat="46.556385" lon="15.660858"><ele>254.97</ele></trkpt>
      <trkpt lat="46.556402" lon="15.660919"><ele>255.02</ele></trkpt>
      <trkpt lat="46.556407" lon="15.661005999999999"><ele>255.03</ele></trkpt>
      <trkpt lat="46.556397999999994" lon="15.661124"><ele>254.97</ele></trkpt>
      <trkpt lat="46.55636" lon="15.661325999999999"><ele>254.88</ele></trkpt>
      <trkpt lat="46.556354999999996" lon="15.661508999999999"><ele>254.74</ele></trkpt>
      <trkpt lat="46.556397" lon="15.661797"><ele>254.5</ele></trkpt>
      <trkpt lat="46.556382" lon="15.662585"><ele>253.97</ele></trkpt>
      <trkpt lat="46.556363" lon="15.662666"><ele>253.92</ele></trkpt>
      <trkpt lat="46.556354" lon="15.662776"><ele>253.89</ele></trkpt>
      <trkpt lat="46.556349999999995" lon="15.663110999999999"><ele>253.7</ele></trkpt>
      <trkpt lat="46.556366" lon="15.664036999999999"><ele>253.92</ele></trkpt>
      <trkpt lat="46.556368" lon="15.66443"><ele>253.33</ele></trkpt>
      <trkpt lat="46.556383" lon="15.66486"><ele>253.18</ele></trkpt>
      <trkpt lat="46.556404" lon="15.665132999999999"><ele>252.95</ele></trkpt>
      <trkpt lat="46.556446" lon="15.665471"><ele>252.89</ele></trkpt>
      <trkpt lat="46.55652" lon="15.665842"><ele>252.83</ele></trkpt>
      <trkpt lat="46.556639" lon="15.666297"><ele>252.71</ele></trkpt>
      <trkpt lat="46.556824" lon="15.666849"><ele>252.88</ele></trkpt>
      <trkpt lat="46.557142999999996" lon="15.667677"><ele>252.56</ele></trkpt>
      <trkpt lat="46.557324" lon="15.668085999999999"><ele>252.37</ele></trkpt>
      <trkpt lat="46.557581" lon="15.668624999999999"><ele>252.21</ele></trkpt>
      <trkpt lat="46.557784" lon="15.669016"><ele>252.28</ele></trkpt>
      <trkpt lat="46.557998" lon="15.669372"><ele>252.39</ele></trkpt>
      <trkpt lat="46.558294" lon="15.669756999999999"><ele>252.41</ele></trkpt>
      <trkpt lat="46.558453" lon="15.669941999999999"><ele>252.42</ele></trkpt>
      <trkpt lat="46.558644" lon="15.670143"><ele>252.46</ele></trkpt>
      <trkpt lat="46.559053999999996" lon="15.670513"><ele>252.54</ele></trkpt>
      <trkpt lat="46.560026" lon="15.671313"><ele>253.28</ele></trkpt>
      <trkpt lat="46.560144" lon="15.671387999999999"><ele>253.99</ele></trkpt>
      <trkpt lat="46.560238" lon="15.671467999999999"><ele>253.9</ele></trkpt>
      <trkpt lat="46.560306999999995" lon="15.67155"><ele>253.7</ele></trkpt>
      <trkpt lat="46.560365" lon="15.671669"><ele>253.52</ele></trkpt>
      <trkpt lat="46.560480999999996" lon="15.671845"><ele>253.77</ele></trkpt>
      <trkpt lat="46.560517999999995" lon="15.671811"><ele>253.56</ele></trkpt>
      <trkpt lat="46.56055" lon="15.671799"><ele>253.44</ele></trkpt>
      <trkpt lat="46.560583" lon="15.671819999999999"><ele>253.34</ele></trkpt>
      <trkpt lat="46.561029999999995" lon="15.672436"><ele>251.46</ele></trkpt>
      <trkpt lat="46.561096" lon="15.672576"><ele>250.92</ele></trkpt>
      <trkpt lat="46.561175" lon="15.672842999999999"><ele>250.77</ele></trkpt>
      <trkpt lat="46.561271999999995" lon="15.673236999999999"><ele>250.42</ele></trkpt>
      <trkpt lat="46.561291" lon="15.673344"><ele>250.45</ele></trkpt>
      <trkpt lat="46.561305" lon="15.673521"><ele>251.07</ele></trkpt>
      <trkpt lat="46.561294" lon="15.673682999999999"><ele>251.77</ele></trkpt>
      <trkpt lat="46.561274" lon="15.673817"><ele>252</ele></trkpt>
      <trkpt lat="46.56109" lon="15.674555999999999"><ele>252.05</ele></trkpt>
      <trkpt lat="46.561028" lon="15.674878"><ele>251.8</ele></trkpt>
      <trkpt lat="46.560902" lon="15.675377999999998"><ele>252.13</ele></trkpt>
      <trkpt lat="46.560843" lon="15.675555"><ele>252.53</ele></trkpt>
      <trkpt lat="46.560587999999996" lon="15.676186999999999"><ele>251.77</ele></trkpt>
      <trkpt lat="46.560355" lon="15.676604999999999"><ele>251.25</ele></trkpt>
      <trkpt lat="46.559925" lon="15.677461999999998"><ele>250.19</ele></trkpt>
      <trkpt lat="46.559728" lon="15.677753999999998"><ele>249.81</ele></trkpt>
      <trkpt lat="46.559455" lon="15.678234"><ele>248.92</ele></trkpt>
      <trkpt lat="46.559065" lon="15.678889"><ele>248.85</ele></trkpt>
      <trkpt lat="46.558805" lon="15.679623999999999"><ele>250.14</ele></trkpt>
      <trkpt lat="46.558596" lon="15.680451999999999"><ele>252.25</ele></trkpt>
      <trkpt lat="46.558561" lon="15.680489999999999"><ele>251.74</ele></trkpt>
      <trkpt lat="46.558516" lon="15.680494"><ele>250.71</ele></trkpt>
      <trkpt lat="46.558465999999996" lon="15.680558999999999"><ele>249.86</ele></trkpt>
      <trkpt lat="46.558434" lon="15.68065"><ele>249.54</ele></trkpt>
      <trkpt lat="46.558443999999994" lon="15.680743999999999"><ele>249.84</ele></trkpt>
      <trkpt lat="46.558484" lon="15.680807999999999"><ele>250.75</ele></trkpt>
      <trkpt lat="46.558488999999994" lon="15.680911"><ele>251.69</ele></trkpt>
      <trkpt lat="46.558471999999995" lon="15.681009"><ele>252.23</ele></trkpt>
      <trkpt lat="46.558372999999996" lon="15.681413999999998"><ele>252.92</ele></trkpt>
      <trkpt lat="46.55808" lon="15.682513"><ele>252.77</ele></trkpt>
      <trkpt lat="46.558040999999996" lon="15.682611"><ele>252.65</ele></trkpt>
      <trkpt lat="46.558032" lon="15.682701"><ele>252.57</ele></trkpt>
      <trkpt lat="46.557961" lon="15.682958999999999"><ele>252.36</ele></trkpt>
      <trkpt lat="46.557480999999996" lon="15.684146"><ele>249.72</ele></trkpt>
      <trkpt lat="46.557327" lon="15.684035999999999"><ele>248.56</ele></trkpt>
      <trkpt lat="46.557229" lon="15.683987"><ele>247.99</ele></trkpt>
      <trkpt lat="46.557133" lon="15.683971"><ele>247.55</ele></trkpt>
      <trkpt lat="46.557058" lon="15.684007999999999"><ele>247.38</ele></trkpt>
      <trkpt lat="46.556992" lon="15.684054999999999"><ele>247.44</ele></trkpt>
      <trkpt lat="46.556933" lon="15.684144"><ele>247.31</ele></trkpt>
      <trkpt lat="46.556748999999996" lon="15.684584"><ele>246.85</ele></trkpt>
      <trkpt lat="46.556503" lon="15.685236999999999"><ele>246.64</ele></trkpt>
      <trkpt lat="46.556357999999996" lon="15.685723999999999"><ele>246.77</ele></trkpt>
      <trkpt lat="46.556239" lon="15.686515"><ele>246.16</ele></trkpt>
      <trkpt lat="46.556115999999996" lon="15.687975"><ele>247.21</ele></trkpt>
      <trkpt lat="46.556106" lon="15.688265"><ele>247.58</ele></trkpt>
      <trkpt lat="46.556129" lon="15.688542"><ele>247.88</ele></trkpt>
      <trkpt lat="46.556233" lon="15.688863999999999"><ele>248.36</ele></trkpt>
      <trkpt lat="46.556357" lon="15.689065"><ele>248.85</ele></trkpt>
      <trkpt lat="46.556475" lon="15.689155"><ele>249.26</ele></trkpt>
      <trkpt lat="46.556641" lon="15.689243999999999"><ele>249.44</ele></trkpt>
      <trkpt lat="46.556784" lon="15.689283999999999"><ele>250.04</ele></trkpt>
      <trkpt lat="46.556889999999996" lon="15.689293"><ele>250.69</ele></trkpt>
      <trkpt lat="46.556897" lon="15.689646"><ele>249.18</ele></trkpt>
      <trkpt lat="46.556917999999996" lon="15.689646"><ele>249.22</ele></trkpt>
      <trkpt lat="46.556888" lon="15.689874999999999"><ele>249.44</ele></trkpt>
      <trkpt lat="46.556838" lon="15.690109"><ele>250.71</ele></trkpt>
      <trkpt lat="46.556753" lon="15.690406"><ele>252.31</ele></trkpt>
      <trkpt lat="46.556568999999996" lon="15.690997"><ele>255.05</ele></trkpt>
      <trkpt lat="46.556157999999996" lon="15.692544999999999"><ele>255.78</ele></trkpt>
      <trkpt lat="46.556069" lon="15.692933"><ele>255.58</ele></trkpt>
      <trkpt lat="46.556014999999995" lon="15.693214999999999"><ele>255.45</ele></trkpt>
      <trkpt lat="46.555962" lon="15.693541999999999"><ele>256.63</ele></trkpt>
      <trkpt lat="46.555779" lon="15.694811999999999"><ele>256.08</ele></trkpt>
      <trkpt lat="46.555703" lon="15.695459"><ele>256.3</ele></trkpt>
      <trkpt lat="46.555611999999996" lon="15.695837999999998"><ele>255.64</ele></trkpt>
      <trkpt lat="46.555412" lon="15.696522"><ele>253.62</ele></trkpt>
      <trkpt lat="46.555276" lon="15.696916"><ele>252.96</ele></trkpt>
      <trkpt lat="46.555077" lon="15.697457"><ele>251.99</ele></trkpt>
      <trkpt lat="46.554974" lon="15.697776"><ele>251.48</ele></trkpt>
      <trkpt lat="46.55457" lon="15.699204"><ele>250.76</ele></trkpt>
      <trkpt lat="46.554409" lon="15.699663999999999"><ele>250.36</ele></trkpt>
      <trkpt lat="46.553855999999996" lon="15.700994999999999"><ele>249.17</ele></trkpt>
      <trkpt lat="46.553543" lon="15.701855"><ele>249.3</ele></trkpt>
      <trkpt lat="46.553408999999995" lon="15.702454"><ele>249.31</ele></trkpt>
      <trkpt lat="46.553126" lon="15.703951"><ele>250.03</ele></trkpt>
      <trkpt lat="46.553028999999995" lon="15.704507"><ele>247.9</ele></trkpt>
      <trkpt lat="46.553025" lon="15.704713"><ele>247.43</ele></trkpt>
      <trkpt lat="46.553036" lon="15.705307"><ele>246.93</ele></trkpt>
      <trkpt lat="46.552934" lon="15.705324999999998"><ele>246</ele></trkpt>
      <trkpt lat="46.552898" lon="15.705366999999999"><ele>246.13</ele></trkpt>
      <trkpt lat="46.55287" lon="15.705490999999999"><ele>246.4</ele></trkpt>
      <trkpt lat="46.552726" lon="15.706553999999999"><ele>246.03</ele></trkpt>
      <trkpt lat="46.5524" lon="15.708554"><ele>246.1</ele></trkpt>
      <trkpt lat="46.552271" lon="15.709126"><ele>246.17</ele></trkpt>
      <trkpt lat="46.552236" lon="15.709247"><ele>245.7</ele></trkpt>
      <trkpt lat="46.552054" lon="15.709876"><ele>246.91</ele></trkpt>
      <trkpt lat="46.551798" lon="15.710657999999999"><ele>248.42</ele></trkpt>
      <trkpt lat="46.551704" lon="15.710851"><ele>248.44</ele></trkpt>
      <trkpt lat="46.551618999999995" lon="15.710998"><ele>247.88</ele></trkpt>
      <trkpt lat="46.551238999999995" lon="15.711456"><ele>247.98</ele></trkpt>
      <trkpt lat="46.550836" lon="15.711872"><ele>247.35</ele></trkpt>
      <trkpt lat="46.550537999999996" lon="15.712088999999999"><ele>247.65</ele></trkpt>
      <trkpt lat="46.550373" lon="15.712187"><ele>248.04</ele></trkpt>
      <trkpt lat="46.550097" lon="15.712271"><ele>247.47</ele></trkpt>
      <trkpt lat="46.549606" lon="15.712515"><ele>245.89</ele></trkpt>
      <trkpt lat="46.549409" lon="15.712646999999999"><ele>246.16</ele></trkpt>
      <trkpt lat="46.548963" lon="15.712973"><ele>245.99</ele></trkpt>
      <trkpt lat="46.548725999999995" lon="15.713232999999999"><ele>247.06</ele></trkpt>
      <trkpt lat="46.548592" lon="15.713434999999999"><ele>247.54</ele></trkpt>
      <trkpt lat="46.548345999999995" lon="15.713861999999999"><ele>247.93</ele></trkpt>
      <trkpt lat="46.548044" lon="15.714341999999998"><ele>247.98</ele></trkpt>
      <trkpt lat="46.547922" lon="15.714559999999999"><ele>247.89</ele></trkpt>
      <trkpt lat="46.547733" lon="15.714926"><ele>247.46</ele></trkpt>
      <trkpt lat="46.547159" lon="15.71575"><ele>247.23</ele></trkpt>
      <trkpt lat="46.547005" lon="15.715917"><ele>247.16</ele></trkpt>
      <trkpt lat="46.546709" lon="15.716163"><ele>247.09</ele></trkpt>
      <trkpt lat="46.546389999999995" lon="15.71638"><ele>247.02</ele></trkpt>
      <trkpt lat="46.546026" lon="15.71659"><ele>247.05</ele></trkpt>
      <trkpt lat="46.545849999999994" lon="15.716709999999999"><ele>247.02</ele></trkpt>
      <trkpt lat="46.54522" lon="15.7173"><ele>246.6</ele></trkpt>
      <trkpt lat="46.545046" lon="15.717445999999999"><ele>246.66</ele></trkpt>
      <trkpt lat="46.544692999999995" lon="15.717716999999999"><ele>247.27</ele></trkpt>
      <trkpt lat="46.544531" lon="15.717830999999999"><ele>247.9</ele></trkpt>
      <trkpt lat="46.544126" lon="15.718058999999998"><ele>251.43</ele></trkpt>
      <trkpt lat="46.543924999999994" lon="15.718188999999999"><ele>253.52</ele></trkpt>
      <trkpt lat="46.543842999999995" lon="15.718299"><ele>254.89</ele></trkpt>
      <trkpt lat="46.543797" lon="15.718389"><ele>256.11</ele></trkpt>
      <trkpt lat="46.543693" lon="15.718703"><ele>259.38</ele></trkpt>
      <trkpt lat="46.543662" lon="15.718772"><ele>259.31</ele></trkpt>
      <trkpt lat="46.543641" lon="15.7188"><ele>259.11</ele></trkpt>
      <trkpt lat="46.543575999999995" lon="15.718853"><ele>258.64</ele></trkpt>
      <trkpt lat="46.543521999999996" lon="15.718879999999999"><ele>258.28</ele></trkpt>
      <trkpt lat="46.542877999999995" lon="15.718916"><ele>257.58</ele></trkpt>
      <trkpt lat="46.542736" lon="15.718955"><ele>257.79</ele></trkpt>
      <trkpt lat="46.542593" lon="15.719038"><ele>258.22</ele></trkpt>
      <trkpt lat="46.542262" lon="15.71938"><ele>259.83</ele></trkpt>
      <trkpt lat="46.542204" lon="15.719432"><ele>260.16</ele></trkpt>
      <trkpt lat="46.542123" lon="15.719467"><ele>260.58</ele></trkpt>
      <trkpt lat="46.541985" lon="15.719451999999999"><ele>261.38</ele></trkpt>
      <trkpt lat="46.541923999999995" lon="15.719406"><ele>261.8</ele></trkpt>
      <trkpt lat="46.541776999999996" lon="15.719254"><ele>262.89</ele></trkpt>
      <trkpt lat="46.541669999999996" lon="15.719208"><ele>263.55</ele></trkpt>
      <trkpt lat="46.541540999999995" lon="15.719237"><ele>264.2</ele></trkpt>
      <trkpt lat="46.541474" lon="15.719284"><ele>264.61</ele></trkpt>
      <trkpt lat="46.541384" lon="15.719401"><ele>265.41</ele></trkpt>
      <trkpt lat="46.541249" lon="15.719612"><ele>266.4</ele></trkpt>
      <trkpt lat="46.541202999999996" lon="15.71966"><ele>266.61</ele></trkpt>
      <trkpt lat="46.541157" lon="15.719686"><ele>266.77</ele></trkpt>
      <trkpt lat="46.540836999999996" lon="15.719769"><ele>268.64</ele></trkpt>
      <trkpt lat="46.540451" lon="15.719745"><ele>270.61</ele></trkpt>
      <trkpt lat="46.540275" lon="15.719755999999999"><ele>270.99</ele></trkpt>
      <trkpt lat="46.540085" lon="15.719835"><ele>272.09</ele></trkpt>
      <trkpt lat="46.53989" lon="15.719966"><ele>273.89</ele></trkpt>
      <trkpt lat="46.539697" lon="15.720123999999998"><ele>276.33</ele></trkpt>
      <trkpt lat="46.539536999999996" lon="15.720272"><ele>278.59</ele></trkpt>
      <trkpt lat="46.539463" lon="15.720315"><ele>279.21</ele></trkpt>
      <trkpt lat="46.539367" lon="15.720348"><ele>279.62</ele></trkpt>
      <trkpt lat="46.539266" lon="15.720353"><ele>279.51</ele></trkpt>
      <trkpt lat="46.538703" lon="15.720422"><ele>278.11</ele></trkpt>
      <trkpt lat="46.537479999999995" lon="15.720621"><ele>272.38</ele></trkpt>
      <trkpt lat="46.536972999999996" lon="15.720654"><ele>268.31</ele></trkpt>
      <trkpt lat="46.536742" lon="15.720649"><ele>267.29</ele></trkpt>
      <trkpt lat="46.536511999999995" lon="15.72067"><ele>266.1</ele></trkpt>
      <trkpt lat="46.53615" lon="15.720661"><ele>265.06</ele></trkpt>
      <trkpt lat="46.53573" lon="15.720678"><ele>265.06</ele></trkpt>
      <trkpt lat="46.535453" lon="15.720711999999999"><ele>265.81</ele></trkpt>
      <trkpt lat="46.535228" lon="15.720763999999999"><ele>266.97</ele></trkpt>
      <trkpt lat="46.535084" lon="15.720773"><ele>267.34</ele></trkpt>
      <trkpt lat="46.534878" lon="15.720763999999999"><ele>266.33</ele></trkpt>
      <trkpt lat="46.534724999999995" lon="15.720744999999999"><ele>265.06</ele></trkpt>
      <trkpt lat="46.534485" lon="15.720675"><ele>263.78</ele></trkpt>
      <trkpt lat="46.534071999999995" lon="15.720512"><ele>257.56</ele></trkpt>
      <trkpt lat="46.534009" lon="15.720476"><ele>256.32</ele></trkpt>
      <trkpt lat="46.533874" lon="15.720301999999998"><ele>252.39</ele></trkpt>
      <trkpt lat="46.533739" lon="15.720079"><ele>248.29</ele></trkpt>
      <trkpt lat="46.533643999999995" lon="15.719863"><ele>245.04</ele></trkpt>
      <trkpt lat="46.533605" lon="15.719655"><ele>244.04</ele></trkpt>
      <trkpt lat="46.533587" lon="15.719401999999999"><ele>243.9</ele></trkpt>
      <trkpt lat="46.53357" lon="15.719287999999999"><ele>243.84</ele></trkpt>
      <trkpt lat="46.533550999999996" lon="15.719221"><ele>243.78</ele></trkpt>
      <trkpt lat="46.533528" lon="15.719171999999999"><ele>243.58</ele></trkpt>
      <trkpt lat="46.533491" lon="15.719142999999999"><ele>243.11</ele></trkpt>
      <trkpt lat="46.533428" lon="15.719116999999999"><ele>242.62</ele></trkpt>
      <trkpt lat="46.533044" lon="15.719052999999999"><ele>242.19</ele></trkpt>
      <trkpt lat="46.532675999999995" lon="15.718978"><ele>242.19</ele></trkpt>
      <trkpt lat="46.532523" lon="15.718933999999999"><ele>242.25</ele></trkpt>
      <trkpt lat="46.532365" lon="15.718860999999999"><ele>242.31</ele></trkpt>
      <trkpt lat="46.532227999999996" lon="15.718791"><ele>242.34</ele></trkpt>
      <trkpt lat="46.531479" lon="15.718340999999999"><ele>242.16</ele></trkpt>
      <trkpt lat="46.53125" lon="15.718186"><ele>242.27</ele></trkpt>
      <trkpt lat="46.53077" lon="15.717801999999999"><ele>242.57</ele></trkpt>
      <trkpt lat="46.530687" lon="15.717749"><ele>242.64</ele></trkpt>
      <trkpt lat="46.530563" lon="15.71769"><ele>242.75</ele></trkpt>
      <trkpt lat="46.530449" lon="15.717652999999999"><ele>242.78</ele></trkpt>
      <trkpt lat="46.530314999999995" lon="15.717623"><ele>242.85</ele></trkpt>
      <trkpt lat="46.53021" lon="15.717642999999999"><ele>242.87</ele></trkpt>
      <trkpt lat="46.530159999999995" lon="15.717677"><ele>242.85</ele></trkpt>
      <trkpt lat="46.530103" lon="15.717735"><ele>242.83</ele></trkpt>
      <trkpt lat="46.53006" lon="15.717825999999999"><ele>242.84</ele></trkpt>
      <trkpt lat="46.530048" lon="15.717905"><ele>242.87</ele></trkpt>
      <trkpt lat="46.530035" lon="15.718103"><ele>242.99</ele></trkpt>
      <trkpt lat="46.530032999999996" lon="15.718306"><ele>243.14</ele></trkpt>
      <trkpt lat="46.530007999999995" lon="15.718513999999999"><ele>243.27</ele></trkpt>
      <trkpt lat="46.529965" lon="15.718592"><ele>243.32</ele></trkpt>
      <trkpt lat="46.529906999999994" lon="15.718620999999999"><ele>243.37</ele></trkpt>
      <trkpt lat="46.529838999999996" lon="15.718620999999999"><ele>243.43</ele></trkpt>
      <trkpt lat="46.529775" lon="15.718585"><ele>243.48</ele></trkpt>
      <trkpt lat="46.529675" lon="15.718490999999998"><ele>243.55</ele></trkpt>
      <trkpt lat="46.529463" lon="15.718243"><ele>243.83</ele></trkpt>
      <trkpt lat="46.529371999999995" lon="15.718114"><ele>244.01</ele></trkpt>
      <trkpt lat="46.529055" lon="15.717715"><ele>244.02</ele></trkpt>
      <trkpt lat="46.528976" lon="15.717639"><ele>244.01</ele></trkpt>
      <trkpt lat="46.528796" lon="15.717538999999999"><ele>244.06</ele></trkpt>
      <trkpt lat="46.528483" lon="15.717416"><ele>243.86</ele></trkpt>
      <trkpt lat="46.527504" lon="15.716899999999999"><ele>243.67</ele></trkpt>
      <trkpt lat="46.527274" lon="15.716804999999999"><ele>244.19</ele></trkpt>
      <trkpt lat="46.526931999999995" lon="15.716645"><ele>244.92</ele></trkpt>
      <trkpt lat="46.526796999999995" lon="15.716609"><ele>245.15</ele></trkpt>
      <trkpt lat="46.526654" lon="15.716584"><ele>245.38</ele></trkpt>
      <trkpt lat="46.526199" lon="15.716565"><ele>246.04</ele></trkpt>
      <trkpt lat="46.525569999999995" lon="15.716576"><ele>246.02</ele></trkpt>
      <trkpt lat="46.524881" lon="15.716567999999999"><ele>244.34</ele></trkpt>
      <trkpt lat="46.52406" lon="15.716514"><ele>245.65</ele></trkpt>
      <trkpt lat="46.52359" lon="15.716457"><ele>245.76</ele></trkpt>
      <trkpt lat="46.523477" lon="15.716467999999999"><ele>245.72</ele></trkpt>
      <trkpt lat="46.523416" lon="15.716486"><ele>245.68</ele></trkpt>
      <trkpt lat="46.523295" lon="15.716538"><ele>245.59</ele></trkpt>
      <trkpt lat="46.522994999999995" lon="15.716695"><ele>247.51</ele></trkpt>
      <trkpt lat="46.522794999999995" lon="15.716728999999999"><ele>248.36</ele></trkpt>
      <trkpt lat="46.522495" lon="15.716705999999999"><ele>248.28</ele></trkpt>
      <trkpt lat="46.52184" lon="15.716631999999999"><ele>248.28</ele></trkpt>
      <trkpt lat="46.521646" lon="15.716659"><ele>247.88</ele></trkpt>
      <trkpt lat="46.521426" lon="15.716719"><ele>247.78</ele></trkpt>
      <trkpt lat="46.521138" lon="15.716745"><ele>247.84</ele></trkpt>
      <trkpt lat="46.520261" lon="15.716714999999999"><ele>246.52</ele></trkpt>
      <trkpt lat="46.519312" lon="15.716845"><ele>247.11</ele></trkpt>
      <trkpt lat="46.518738" lon="15.716909"><ele>246.22</ele></trkpt>
      <trkpt lat="46.518496" lon="15.716916999999999"><ele>245.93</ele></trkpt>
      <trkpt lat="46.518181999999996" lon="15.716956"><ele>246.1</ele></trkpt>
      <trkpt lat="46.518100999999994" lon="15.716972"><ele>246.18</ele></trkpt>
      <trkpt lat="46.517935" lon="15.717027999999999"><ele>246.16</ele></trkpt>
      <trkpt lat="46.51763" lon="15.717153999999999"><ele>246.51</ele></trkpt>
      <trkpt lat="46.517254" lon="15.717345"><ele>247.44</ele></trkpt>
      <trkpt lat="46.516847999999996" lon="15.717588999999998"><ele>247.76</ele></trkpt>
      <trkpt lat="46.516678" lon="15.717675999999999"><ele>247.59</ele></trkpt>
      <trkpt lat="46.516507999999995" lon="15.717744999999999"><ele>247.31</ele></trkpt>
      <trkpt lat="46.515800999999996" lon="15.717951999999999"><ele>247.62</ele></trkpt>
      <trkpt lat="46.515646" lon="15.717972999999999"><ele>247.64</ele></trkpt>
      <trkpt lat="46.515550999999995" lon="15.717941"><ele>247.64</ele></trkpt>
      <trkpt lat="46.515437" lon="15.717875999999999"><ele>247.63</ele></trkpt>
      <trkpt lat="46.515339999999995" lon="15.717780999999999"><ele>247.78</ele></trkpt>
      <trkpt lat="46.515088" lon="15.717571"><ele>246.57</ele></trkpt>
      <trkpt lat="46.514996" lon="15.717742"><ele>246.88</ele></trkpt>
      <trkpt lat="46.514868" lon="15.717929999999999"><ele>247.49</ele></trkpt>
      <trkpt lat="46.514703999999995" lon="15.718114"><ele>248.25</ele></trkpt>
      <trkpt lat="46.514534" lon="15.718233999999999"><ele>249.09</ele></trkpt>
      <trkpt lat="46.514452" lon="15.718273"><ele>249.55</ele></trkpt>
      <trkpt lat="46.514111" lon="15.718397999999999"><ele>250.46</ele></trkpt>
      <trkpt lat="46.513625999999995" lon="15.718558"><ele>250.67</ele></trkpt>
      <trkpt lat="46.512737" lon="15.719005999999998"><ele>250.13</ele></trkpt>
      <trkpt lat="46.512133999999996" lon="15.719261"><ele>247.04</ele></trkpt>
      <trkpt lat="46.51164" lon="15.719444"><ele>244.06</ele></trkpt>
      <trkpt lat="46.511427" lon="15.719548"><ele>242.69</ele></trkpt>
      <trkpt lat="46.511331" lon="15.719610999999999"><ele>242.17</ele></trkpt>
      <trkpt lat="46.511207" lon="15.719719"><ele>241.67</ele></trkpt>
      <trkpt lat="46.51105" lon="15.71989"><ele>241.37</ele></trkpt>
      <trkpt lat="46.510869" lon="15.720117"><ele>241.22</ele></trkpt>
      <trkpt lat="46.510405" lon="15.720728999999999"><ele>241.08</ele></trkpt>
      <trkpt lat="46.510112" lon="15.721155"><ele>240.5</ele></trkpt>
      <trkpt lat="46.509602" lon="15.72201"><ele>240.34</ele></trkpt>
      <trkpt lat="46.509142999999995" lon="15.722816"><ele>240.77</ele></trkpt>
      <trkpt lat="46.508928999999995" lon="15.723275999999998"><ele>240.82</ele></trkpt>
      <trkpt lat="46.508866" lon="15.723268"><ele>240.51</ele></trkpt>
      <trkpt lat="46.508797" lon="15.723389"><ele>240.18</ele></trkpt>
      <trkpt lat="46.508714999999995" lon="15.723704"><ele>240.26</ele></trkpt>
      <trkpt lat="46.50868" lon="15.723816"><ele>240.6</ele></trkpt>
      <trkpt lat="46.508517999999995" lon="15.724255"><ele>240.44</ele></trkpt>
      <trkpt lat="46.508327" lon="15.724741"><ele>240.56</ele></trkpt>
      <trkpt lat="46.508142" lon="15.725254"><ele>240.34</ele></trkpt>
      <trkpt lat="46.508039" lon="15.725620999999999"><ele>240.46</ele></trkpt>
      <trkpt lat="46.507998" lon="15.725726"><ele>240.1</ele></trkpt>
      <trkpt lat="46.507946999999994" lon="15.725947"><ele>239.61</ele></trkpt>
      <trkpt lat="46.507943" lon="15.726018999999999"><ele>239.61</ele></trkpt>
      <trkpt lat="46.507615" lon="15.727431999999999"><ele>240</ele></trkpt>
      <trkpt lat="46.507597999999994" lon="15.727507999999998"><ele>240</ele></trkpt>
      <trkpt lat="46.507498" lon="15.727951"><ele>240</ele></trkpt>
      <trkpt lat="46.507379" lon="15.728565999999999"><ele>240</ele></trkpt>
      <trkpt lat="46.507357999999996" lon="15.728677"><ele>240</ele></trkpt>
      <trkpt lat="46.506941" lon="15.730929999999999"><ele>239.06</ele></trkpt>
      <trkpt lat="46.506837" lon="15.731627999999999"><ele>239</ele></trkpt>
      <trkpt lat="46.506820999999995" lon="15.732087"><ele>239</ele></trkpt>
      <trkpt lat="46.506792" lon="15.732387"><ele>239</ele></trkpt>
      <trkpt lat="46.506795" lon="15.732595"><ele>239</ele></trkpt>
      <trkpt lat="46.506826" lon="15.732885999999999"><ele>239</ele></trkpt>
      <trkpt lat="46.506817999999996" lon="15.733531999999999"><ele>238.98</ele></trkpt>
      <trkpt lat="46.506788" lon="15.73421"><ele>238.97</ele></trkpt>
      <trkpt lat="46.506738999999996" lon="15.734864"><ele>238.96</ele></trkpt>
      <trkpt lat="46.506398999999995" lon="15.737929"><ele>238.2</ele></trkpt>
      <trkpt lat="46.506367999999995" lon="15.738166"><ele>238.02</ele></trkpt>
      <trkpt lat="46.50633" lon="15.738382"><ele>238.04</ele></trkpt>
      <trkpt lat="46.506229" lon="15.738866"><ele>238.29</ele></trkpt>
      <trkpt lat="46.506161" lon="15.739097999999998"><ele>238.26</ele></trkpt>
      <trkpt lat="46.506015" lon="15.739523"><ele>238</ele></trkpt>
      <trkpt lat="46.505835" lon="15.740015999999999"><ele>238</ele></trkpt>
      <trkpt lat="46.505747" lon="15.740279999999998"><ele>238.31</ele></trkpt>
      <trkpt lat="46.505444999999995" lon="15.741083999999999"><ele>238</ele></trkpt>
      <trkpt lat="46.505156" lon="15.741570999999999"><ele>237.82</ele></trkpt>
      <trkpt lat="46.505036999999994" lon="15.741805999999999"><ele>237.72</ele></trkpt>
      <trkpt lat="46.504954" lon="15.74194"><ele>237.66</ele></trkpt>
      <trkpt lat="46.50488" lon="15.742039"><ele>237.6</ele></trkpt>
      <trkpt lat="46.504785999999996" lon="15.742256"><ele>237.49</ele></trkpt>
      <trkpt lat="46.504701999999995" lon="15.742479999999999"><ele>237.42</ele></trkpt>
      <trkpt lat="46.504523" lon="15.742802999999999"><ele>237.28</ele></trkpt>
      <trkpt lat="46.504436999999996" lon="15.74293"><ele>237.01</ele></trkpt>
      <trkpt lat="46.504152999999995" lon="15.743288999999999"><ele>237</ele></trkpt>
      <trkpt lat="46.504045" lon="15.743438"><ele>237</ele></trkpt>
      <trkpt lat="46.503896" lon="15.743708999999999"><ele>237</ele></trkpt>
      <trkpt lat="46.503775999999995" lon="15.744022"><ele>237</ele></trkpt>
      <trkpt lat="46.503732" lon="15.744193"><ele>237</ele></trkpt>
      <trkpt lat="46.503657999999994" lon="15.744688"><ele>237</ele></trkpt>
      <trkpt lat="46.503519" lon="15.745743999999998"><ele>237.07</ele></trkpt>
      <trkpt lat="46.503392" lon="15.746863"><ele>237.11</ele></trkpt>
      <trkpt lat="46.503305" lon="15.747221"><ele>237.01</ele></trkpt>
      <trkpt lat="46.50324" lon="15.747425999999999"><ele>237</ele></trkpt>
      <trkpt lat="46.503085" lon="15.747798999999999"><ele>237</ele></trkpt>
      <trkpt lat="46.503026" lon="15.748000999999999"><ele>237</ele></trkpt>
      <trkpt lat="46.502986" lon="15.748209999999998"><ele>237</ele></trkpt>
      <trkpt lat="46.502924" lon="15.748688"><ele>237</ele></trkpt>
      <trkpt lat="46.502882" lon="15.748954999999999"><ele>237</ele></trkpt>
      <trkpt lat="46.502837" lon="15.749125"><ele>237</ele></trkpt>
      <trkpt lat="46.502765" lon="15.749274"><ele>237</ele></trkpt>
      <trkpt lat="46.502621999999995" lon="15.749502999999999"><ele>236.93</ele></trkpt>
      <trkpt lat="46.501432" lon="15.750884"><ele>236.31</ele></trkpt>
      <trkpt lat="46.501335" lon="15.750935"><ele>236.4</ele></trkpt>
      <trkpt lat="46.501256999999995" lon="15.751002999999999"><ele>236.61</ele></trkpt>
      <trkpt lat="46.501008999999996" lon="15.751297"><ele>236.64</ele></trkpt>
      <trkpt lat="46.50094" lon="15.751394999999999"><ele>236.7</ele></trkpt>
      <trkpt lat="46.500861" lon="15.751555999999999"><ele>236.69</ele></trkpt>
      <trkpt lat="46.500823" lon="15.751800999999999"><ele>236.98</ele></trkpt>
      <trkpt lat="46.500817" lon="15.751966"><ele>237.07</ele></trkpt>
      <trkpt lat="46.500820999999995" lon="15.752099"><ele>237.53</ele></trkpt>
      <trkpt lat="46.500768" lon="15.752097"><ele>237.41</ele></trkpt>
      <trkpt lat="46.500716999999995" lon="15.752077"><ele>237.28</ele></trkpt>
      <trkpt lat="46.500609999999995" lon="15.751961999999999"><ele>237.01</ele></trkpt>
      <trkpt lat="46.500428" lon="15.751793999999999"><ele>236.88</ele></trkpt>
      <trkpt lat="46.499773999999995" lon="15.751323999999999"><ele>237.96</ele></trkpt>
      <trkpt lat="46.499538" lon="15.751085999999999"><ele>237.4</ele></trkpt>
      <trkpt lat="46.499452999999995" lon="15.751017"><ele>237.43</ele></trkpt>
      <trkpt lat="46.499396999999995" lon="15.751"><ele>237.5</ele></trkpt>
      <trkpt lat="46.499345999999996" lon="15.750998"><ele>237.62</ele></trkpt>
      <trkpt lat="46.499237" lon="15.751042"><ele>237.72</ele></trkpt>
      <trkpt lat="46.498768" lon="15.751569"><ele>237.22</ele></trkpt>
      <trkpt lat="46.498526999999996" lon="15.751743999999999"><ele>237.08</ele></trkpt>
      <trkpt lat="46.498360999999996" lon="15.751840999999999"><ele>237.03</ele></trkpt>
      <trkpt lat="46.498224" lon="15.751947999999999"><ele>237</ele></trkpt>
      <trkpt lat="46.497425" lon="15.753074999999999"><ele>237</ele></trkpt>
      <trkpt lat="46.497333999999995" lon="15.753181999999999"><ele>237</ele></trkpt>
      <trkpt lat="46.497254" lon="15.753248999999999"><ele>237</ele></trkpt>
      <trkpt lat="46.497141" lon="15.75329"><ele>237</ele></trkpt>
      <trkpt lat="46.496761" lon="15.753502999999998"><ele>237</ele></trkpt>
      <trkpt lat="46.496466999999996" lon="15.753699999999998"><ele>236.81</ele></trkpt>
      <trkpt lat="46.496156" lon="15.753948"><ele>236.55</ele></trkpt>
      <trkpt lat="46.495965" lon="15.754187"><ele>236.26</ele></trkpt>
      <trkpt lat="46.495884" lon="15.75438"><ele>236.01</ele></trkpt>
      <trkpt lat="46.495726999999995" lon="15.754876"><ele>236</ele></trkpt>
      <trkpt lat="46.495611" lon="15.755308999999999"><ele>236</ele></trkpt>
      <trkpt lat="46.495492" lon="15.755709999999999"><ele>236</ele></trkpt>
      <trkpt lat="46.495128" lon="15.756739999999999"><ele>236</ele></trkpt>
      <trkpt lat="46.495022999999996" lon="15.757012999999999"><ele>235.96</ele></trkpt>
      <trkpt lat="46.49451" lon="15.758213"><ele>235.5</ele></trkpt>
      <trkpt lat="46.494465" lon="15.758446999999999"><ele>235.5</ele></trkpt>
      <trkpt lat="46.494429" lon="15.758975999999999"><ele>235.53</ele></trkpt>
      <trkpt lat="46.494285999999995" lon="15.759542999999999"><ele>235.7</ele></trkpt>
      <trkpt lat="46.49348" lon="15.761327999999999"><ele>236</ele></trkpt>
      <trkpt lat="46.493046" lon="15.762214"><ele>235.98</ele></trkpt>
      <trkpt lat="46.492799999999995" lon="15.762616999999999"><ele>235.96</ele></trkpt>
      <trkpt lat="46.492734" lon="15.762766"><ele>235.9</ele></trkpt>
      <trkpt lat="46.492698" lon="15.762986"><ele>235.26</ele></trkpt>
      <trkpt lat="46.492714" lon="15.763117"><ele>234.83</ele></trkpt>
      <trkpt lat="46.492754" lon="15.763332"><ele>234.24</ele></trkpt>
      <trkpt lat="46.492914999999996" lon="15.764023"><ele>234.89</ele></trkpt>
      <trkpt lat="46.492922" lon="15.764142999999999"><ele>234.98</ele></trkpt>
      <trkpt lat="46.492903" lon="15.764344"><ele>235.14</ele></trkpt>
      <trkpt lat="46.492858" lon="15.764472"><ele>235.24</ele></trkpt>
      <trkpt lat="46.49276" lon="15.764648"><ele>235.37</ele></trkpt>
      <trkpt lat="46.492646" lon="15.764771"><ele>235.44</ele></trkpt>
      <trkpt lat="46.492428" lon="15.764914999999998"><ele>235.39</ele></trkpt>
      <trkpt lat="46.492104999999995" lon="15.765151"><ele>234.62</ele></trkpt>
      <trkpt lat="46.491820999999995" lon="15.765398"><ele>234.21</ele></trkpt>
      <trkpt lat="46.491732" lon="15.765514"><ele>234.73</ele></trkpt>
      <trkpt lat="46.491645" lon="15.765661"><ele>235.39</ele></trkpt>
      <trkpt lat="46.491588" lon="15.765797"><ele>235.91</ele></trkpt>
      <trkpt lat="46.490252" lon="15.764493"><ele>235.86</ele></trkpt>
      <trkpt lat="46.489553" lon="15.763672"><ele>235.49</ele></trkpt>
      <trkpt lat="46.488986999999995" lon="15.762958"><ele>235.34</ele></trkpt>
      <trkpt lat="46.488918" lon="15.762929"><ele>235.44</ele></trkpt>
      <trkpt lat="46.488828" lon="15.762948999999999"><ele>235.51</ele></trkpt>
      <trkpt lat="46.488748" lon="15.763017"><ele>235.48</ele></trkpt>
      <trkpt lat="46.488299999999995" lon="15.763340999999999"><ele>234.87</ele></trkpt>
      <trkpt lat="46.488088999999995" lon="15.76343"><ele>234.77</ele></trkpt>
      <trkpt lat="46.487716" lon="15.763523999999999"><ele>234.74</ele></trkpt>
      <trkpt lat="46.487579" lon="15.763641"><ele>234.76</ele></trkpt>
      <trkpt lat="46.48742" lon="15.763865"><ele>234.84</ele></trkpt>
      <trkpt lat="46.487156999999996" lon="15.764353999999999"><ele>235</ele></trkpt>
      <trkpt lat="46.486909999999995" lon="15.765018"><ele>234.99</ele></trkpt>
      <trkpt lat="46.486663" lon="15.765606"><ele>234.94</ele></trkpt>
      <trkpt lat="46.486216" lon="15.766592999999999"><ele>234.72</ele></trkpt>
      <trkpt lat="46.486061" lon="15.767062999999998"><ele>234.93</ele></trkpt>
      <trkpt lat="46.485758" lon="15.768142999999998"><ele>235</ele></trkpt>
      <trkpt lat="46.485558999999995" lon="15.768764"><ele>235</ele></trkpt>
      <trkpt lat="46.485321" lon="15.76977"><ele>234.78</ele></trkpt>
      <trkpt lat="46.485189999999996" lon="15.770149"><ele>234.57</ele></trkpt>
      <trkpt lat="46.485077" lon="15.770422"><ele>234.32</ele></trkpt>
      <trkpt lat="46.48502" lon="15.770591999999999"><ele>234.12</ele></trkpt>
      <trkpt lat="46.484973" lon="15.770907"><ele>233.9</ele></trkpt>
      <trkpt lat="46.484811" lon="15.771087"><ele>233.42</ele></trkpt>
      <trkpt lat="46.484673" lon="15.77127"><ele>233.18</ele></trkpt>
      <trkpt lat="46.484587" lon="15.771666999999999"><ele>233.17</ele></trkpt>
      <trkpt lat="46.484342" lon="15.772414"><ele>233.65</ele></trkpt>
      <trkpt lat="46.484144" lon="15.772955"><ele>233.84</ele></trkpt>
      <trkpt lat="46.483978" lon="15.773373"><ele>233.73</ele></trkpt>
      <trkpt lat="46.483958" lon="15.773465"><ele>233.73</ele></trkpt>
      <trkpt lat="46.483939" lon="15.773819999999999"><ele>233.73</ele></trkpt>
      <trkpt lat="46.483995" lon="15.774189999999999"><ele>233.59</ele></trkpt>
      <trkpt lat="46.484426" lon="15.775481999999998"><ele>233.92</ele></trkpt>
      <trkpt lat="46.484625" lon="15.776209"><ele>233.9</ele></trkpt>
      <trkpt lat="46.484759" lon="15.776969"><ele>233.68</ele></trkpt>
      <trkpt lat="46.485037999999996" lon="15.779204"><ele>233.81</ele></trkpt>
      <trkpt lat="46.485127" lon="15.779687"><ele>233.95</ele></trkpt>
      <trkpt lat="46.485439" lon="15.780897"><ele>234.3</ele></trkpt>
      <trkpt lat="46.485602" lon="15.781602999999999"><ele>234.53</ele></trkpt>
      <trkpt lat="46.485634" lon="15.781827"><ele>234.55</ele></trkpt>
      <trkpt lat="46.485872" lon="15.782748"><ele>234.37</ele></trkpt>
      <trkpt lat="46.486014" lon="15.783164999999999"><ele>234.49</ele></trkpt>
      <trkpt lat="46.486197999999995" lon="15.783574999999999"><ele>235.21</ele></trkpt>
      <trkpt lat="46.486278" lon="15.783664"><ele>235.85</ele></trkpt>
      <trkpt lat="46.486357" lon="15.783728"><ele>236.71</ele></trkpt>
      <trkpt lat="46.486345" lon="15.783854999999999"><ele>236.75</ele></trkpt>
      <trkpt lat="46.486349" lon="15.784393999999999"><ele>237.26</ele></trkpt>
      <trkpt lat="46.486343999999995" lon="15.784552"><ele>237.38</ele></trkpt>
      <trkpt lat="46.486312999999996" lon="15.784737999999999"><ele>237.31</ele></trkpt>
      <trkpt lat="46.486247999999996" lon="15.784923999999998"><ele>237.2</ele></trkpt>
      <trkpt lat="46.486028999999995" lon="15.785385"><ele>235.61</ele></trkpt>
      <trkpt lat="46.485679999999995" lon="15.786232"><ele>235.22</ele></trkpt>
      <trkpt lat="46.485571" lon="15.786455"><ele>235.3</ele></trkpt>
      <trkpt lat="46.485479999999995" lon="15.786605999999999"><ele>235.42</ele></trkpt>
      <trkpt lat="46.485166" lon="15.78702"><ele>235.73</ele></trkpt>
      <trkpt lat="46.485099999999996" lon="15.787033"><ele>235.44</ele></trkpt>
      <trkpt lat="46.48496" lon="15.78699"><ele>234.16</ele></trkpt>
      <trkpt lat="46.484902" lon="15.786923"><ele>233.46</ele></trkpt>
      <trkpt lat="46.484719999999996" lon="15.786645"><ele>233.04</ele></trkpt>
      <trkpt lat="46.484307" lon="15.786176999999999"><ele>232.67</ele></trkpt>
      <trkpt lat="46.483793999999996" lon="15.785739"><ele>232.52</ele></trkpt>
      <trkpt lat="46.483441" lon="15.785483999999999"><ele>232.45</ele></trkpt>
      <trkpt lat="46.483306999999996" lon="15.785449"><ele>232.46</ele></trkpt>
      <trkpt lat="46.483146" lon="15.785494"><ele>232.51</ele></trkpt>
      <trkpt lat="46.482744" lon="15.785748"><ele>232.35</ele></trkpt>
      <trkpt lat="46.482572" lon="15.785794"><ele>232.55</ele></trkpt>
      <trkpt lat="46.482124999999996" lon="15.785772999999999"><ele>232.77</ele></trkpt>
      <trkpt lat="46.481885" lon="15.785853"><ele>232.83</ele></trkpt>
      <trkpt lat="46.480788" lon="15.786817"><ele>232.16</ele></trkpt>
      <trkpt lat="46.480207" lon="15.787457"><ele>232</ele></trkpt>
      <trkpt lat="46.479993" lon="15.787723"><ele>232</ele></trkpt>
      <trkpt lat="46.479897" lon="15.787799999999999"><ele>232</ele></trkpt>
      <trkpt lat="46.479679" lon="15.787688"><ele>232</ele></trkpt>
      <trkpt lat="46.479316999999995" lon="15.787336999999999"><ele>232</ele></trkpt>
      <trkpt lat="46.478409" lon="15.78604"><ele>232.09</ele></trkpt>
      <trkpt lat="46.478305" lon="15.785991"><ele>232.07</ele></trkpt>
      <trkpt lat="46.478173" lon="15.786007"><ele>232.03</ele></trkpt>
      <trkpt lat="46.478058" lon="15.786114999999999"><ele>231.98</ele></trkpt>
      <trkpt lat="46.477103" lon="15.787287"><ele>231.54</ele></trkpt>
      <trkpt lat="46.476714" lon="15.787735999999999"><ele>231.14</ele></trkpt>
      <trkpt lat="46.476577" lon="15.78791"><ele>231.07</ele></trkpt>
      <trkpt lat="46.476461" lon="15.788148"><ele>230.95</ele></trkpt>
      <trkpt lat="46.476395" lon="15.788338999999999"><ele>230.86</ele></trkpt>
      <trkpt lat="46.476351" lon="15.788530999999999"><ele>230.79</ele></trkpt>
      <trkpt lat="46.476223" lon="15.789200999999998"><ele>230.59</ele></trkpt>
      <trkpt lat="46.476136" lon="15.790973999999999"><ele>230.31</ele></trkpt>
      <trkpt lat="46.476163" lon="15.791466999999999"><ele>230.12</ele></trkpt>
      <trkpt lat="46.476248999999996" lon="15.791943999999999"><ele>230.03</ele></trkpt>
      <trkpt lat="46.476344999999995" lon="15.792795"><ele>230.06</ele></trkpt>
      <trkpt lat="46.476338999999996" lon="15.794004999999999"><ele>230.15</ele></trkpt>
      <trkpt lat="46.476391" lon="15.794366"><ele>230.93</ele></trkpt>
      <trkpt lat="46.476535" lon="15.794696"><ele>230.27</ele></trkpt>
      <trkpt lat="46.476786999999995" lon="15.795071"><ele>230.11</ele></trkpt>
      <trkpt lat="46.476971999999996" lon="15.795259"><ele>229.99</ele></trkpt>
      <trkpt lat="46.477292" lon="15.795482999999999"><ele>229.99</ele></trkpt>
      <trkpt lat="46.47743" lon="15.795589999999999"><ele>230</ele></trkpt>
      <trkpt lat="46.477567" lon="15.795722999999999"><ele>230</ele></trkpt>
      <trkpt lat="46.477765" lon="15.795995"><ele>230</ele></trkpt>
      <trkpt lat="46.477819" lon="15.796113"><ele>230.04</ele></trkpt>
      <trkpt lat="46.477864" lon="15.796235999999999"><ele>230.16</ele></trkpt>
      <trkpt lat="46.477911" lon="15.796489"><ele>230.65</ele></trkpt>
      <trkpt lat="46.47792" lon="15.796695"><ele>231.15</ele></trkpt>
      <trkpt lat="46.477895" lon="15.796901"><ele>231.63</ele></trkpt>
      <trkpt lat="46.477866" lon="15.797047"><ele>231.98</ele></trkpt>
      <trkpt lat="46.477824" lon="15.797198999999999"><ele>232.25</ele></trkpt>
      <trkpt lat="46.477748" lon="15.797348"><ele>231.86</ele></trkpt>
      <trkpt lat="46.477602" lon="15.797561"><ele>231.52</ele></trkpt>
      <trkpt lat="46.477495999999995" lon="15.797804"><ele>231.93</ele></trkpt>
      <trkpt lat="46.477312" lon="15.798266"><ele>233.7</ele></trkpt>
      <trkpt lat="46.477229" lon="15.798421999999999"><ele>234.04</ele></trkpt>
      <trkpt lat="46.477129" lon="15.798561999999999"><ele>234.41</ele></trkpt>
      <trkpt lat="46.47638" lon="15.799375"><ele>235.13</ele></trkpt>
      <trkpt lat="46.476158999999996" lon="15.799648999999999"><ele>236.37</ele></trkpt>
      <trkpt lat="46.47595" lon="15.799926"><ele>239.55</ele></trkpt>
      <trkpt lat="46.475626" lon="15.80027"><ele>244.09</ele></trkpt>
      <trkpt lat="46.475494999999995" lon="15.800365999999999"><ele>245.93</ele></trkpt>
      <trkpt lat="46.475361" lon="15.800438999999999"><ele>247.73</ele></trkpt>
      <trkpt lat="46.475162" lon="15.800523"><ele>250.13</ele></trkpt>
      <trkpt lat="46.474891" lon="15.800785999999999"><ele>253.62</ele></trkpt>
      <trkpt lat="46.474464999999995" lon="15.801165999999998"><ele>258.67</ele></trkpt>
      <trkpt lat="46.474160999999995" lon="15.801552999999998"><ele>258.38</ele></trkpt>
      <trkpt lat="46.474070999999995" lon="15.801687"><ele>258.98</ele></trkpt>
      <trkpt lat="46.473845999999995" lon="15.801953999999999"><ele>259.95</ele></trkpt>
      <trkpt lat="46.473642" lon="15.802133999999999"><ele>260.69</ele></trkpt>
      <trkpt lat="46.473391" lon="15.802375"><ele>261.51</ele></trkpt>
      <trkpt lat="46.472809999999996" lon="15.803011999999999"><ele>262.09</ele></trkpt>
      <trkpt lat="46.472693" lon="15.803125"><ele>261.81</ele></trkpt>
      <trkpt lat="46.472578" lon="15.803201999999999"><ele>260.44</ele></trkpt>
      <trkpt lat="46.472499" lon="15.803227"><ele>259.54</ele></trkpt>
      <trkpt lat="46.472381" lon="15.80323"><ele>258.2</ele></trkpt>
      <trkpt lat="46.471719" lon="15.803128"><ele>250.81</ele></trkpt>
      <trkpt lat="46.471568" lon="15.803132"><ele>249.47</ele></trkpt>
      <trkpt lat="46.471483" lon="15.803170999999999"><ele>248.69</ele></trkpt>
      <trkpt lat="46.47137" lon="15.803281"><ele>247.91</ele></trkpt>
      <trkpt lat="46.470794999999995" lon="15.803968"><ele>248.15</ele></trkpt>
      <trkpt lat="46.470552" lon="15.804354"><ele>250.47</ele></trkpt>
      <trkpt lat="46.470487" lon="15.804412999999998"><ele>251.05</ele></trkpt>
      <trkpt lat="46.470375999999995" lon="15.804483999999999"><ele>251.91</ele></trkpt>
      <trkpt lat="46.470273" lon="15.804516999999999"><ele>251.65</ele></trkpt>
      <trkpt lat="46.470163" lon="15.804568"><ele>250.34</ele></trkpt>
      <trkpt lat="46.470062" lon="15.80466"><ele>250.41</ele></trkpt>
      <trkpt lat="46.469772" lon="15.805079"><ele>250.3</ele></trkpt>
      <trkpt lat="46.469622" lon="15.805396"><ele>250.04</ele></trkpt>
      <trkpt lat="46.469547999999996" lon="15.80548"><ele>250.47</ele></trkpt>
      <trkpt lat="46.469460999999995" lon="15.805508999999999"><ele>250.31</ele></trkpt>
      <trkpt lat="46.469335" lon="15.805508999999999"><ele>249.78</ele></trkpt>
      <trkpt lat="46.469215999999996" lon="15.805546999999999"><ele>249.47</ele></trkpt>
      <trkpt lat="46.469127" lon="15.805601999999999"><ele>249.24</ele></trkpt>
      <trkpt lat="46.468623" lon="15.806109"><ele>249.11</ele></trkpt>
      <trkpt lat="46.468453" lon="15.806208999999999"><ele>249.19</ele></trkpt>
      <trkpt lat="46.468256" lon="15.806358999999999"><ele>249.02</ele></trkpt>
      <trkpt lat="46.467949999999995" lon="15.806695999999999"><ele>251.61</ele></trkpt>
      <trkpt lat="46.467813" lon="15.806744"><ele>251.28</ele></trkpt>
      <trkpt lat="46.467636999999996" lon="15.806778"><ele>249.98</ele></trkpt>
      <trkpt lat="46.467433" lon="15.806847999999999"><ele>250.64</ele></trkpt>
      <trkpt lat="46.467275" lon="15.806928"><ele>251.48</ele></trkpt>
      <trkpt lat="46.467109" lon="15.807039"><ele>252.33</ele></trkpt>
      <trkpt lat="46.466992" lon="15.807214"><ele>253.13</ele></trkpt>
      <trkpt lat="46.466905" lon="15.807383999999999"><ele>253.83</ele></trkpt>
      <trkpt lat="46.466823" lon="15.807582"><ele>253.73</ele></trkpt>
      <trkpt lat="46.466663" lon="15.807870999999999"><ele>253.57</ele></trkpt>
      <trkpt lat="46.466443999999996" lon="15.808167"><ele>251.07</ele></trkpt>
      <trkpt lat="46.466269" lon="15.80832"><ele>249.88</ele></trkpt>
      <trkpt lat="46.465908999999996" lon="15.808610999999999"><ele>247.51</ele></trkpt>
      <trkpt lat="46.465699" lon="15.808892"><ele>246.49</ele></trkpt>
      <trkpt lat="46.465559999999996" lon="15.809154999999999"><ele>245.85</ele></trkpt>
      <trkpt lat="46.465444999999995" lon="15.809536999999999"><ele>245.68</ele></trkpt>
      <trkpt lat="46.465360999999994" lon="15.809683"><ele>245.88</ele></trkpt>
      <trkpt lat="46.465306" lon="15.809757999999999"><ele>246.04</ele></trkpt>
      <trkpt lat="46.465177999999995" lon="15.809851"><ele>246.33</ele></trkpt>
      <trkpt lat="46.464827" lon="15.810044999999999"><ele>246.96</ele></trkpt>
      <trkpt lat="46.464459" lon="15.810331999999999"><ele>247.04</ele></trkpt>
      <trkpt lat="46.46433" lon="15.810454"><ele>246.67</ele></trkpt>
      <trkpt lat="46.464236" lon="15.810518"><ele>246.38</ele></trkpt>
      <trkpt lat="46.464017999999996" lon="15.810632"><ele>245.69</ele></trkpt>
      <trkpt lat="46.463832" lon="15.810777"><ele>245.05</ele></trkpt>
      <trkpt lat="46.463664" lon="15.810956"><ele>244.57</ele></trkpt>
      <trkpt lat="46.463544" lon="15.811119999999999"><ele>244.34</ele></trkpt>
      <trkpt lat="46.462599" lon="15.811872"><ele>244.8</ele></trkpt>
      <trkpt lat="46.462288" lon="15.812183"><ele>246.42</ele></trkpt>
      <trkpt lat="46.46183" lon="15.8127"><ele>241.91</ele></trkpt>
      <trkpt lat="46.461037999999995" lon="15.813479999999998"><ele>239.16</ele></trkpt>
      <trkpt lat="46.460757" lon="15.813664999999999"><ele>239.48</ele></trkpt>
      <trkpt lat="46.460532" lon="15.813849"><ele>239.66</ele></trkpt>
      <trkpt lat="46.46033" lon="15.814126"><ele>239.69</ele></trkpt>
      <trkpt lat="46.459461999999995" lon="15.815429"><ele>241.46</ele></trkpt>
      <trkpt lat="46.459247999999995" lon="15.815703999999998"><ele>241.65</ele></trkpt>
      <trkpt lat="46.458948" lon="15.815928999999999"><ele>241.77</ele></trkpt>
      <trkpt lat="46.458724" lon="15.816122"><ele>240.21</ele></trkpt>
      <trkpt lat="46.458456999999996" lon="15.816464999999999"><ele>239.26</ele></trkpt>
      <trkpt lat="46.458282999999994" lon="15.816739"><ele>238.89</ele></trkpt>
      <trkpt lat="46.45818" lon="15.816877999999999"><ele>238.75</ele></trkpt>
      <trkpt lat="46.45751" lon="15.817737"><ele>238.32</ele></trkpt>
      <trkpt lat="46.457173" lon="15.818221999999999"><ele>237.57</ele></trkpt>
      <trkpt lat="46.45706" lon="15.818512"><ele>237.58</ele></trkpt>
      <trkpt lat="46.456941" lon="15.818938"><ele>238.68</ele></trkpt>
      <trkpt lat="46.45691" lon="15.819279"><ele>239.19</ele></trkpt>
      <trkpt lat="46.456899" lon="15.819647999999999"><ele>239.53</ele></trkpt>
      <trkpt lat="46.456871" lon="15.820011999999998"><ele>239.51</ele></trkpt>
      <trkpt lat="46.45683" lon="15.820407999999999"><ele>239.58</ele></trkpt>
      <trkpt lat="46.45681" lon="15.820526"><ele>239.4</ele></trkpt>
      <trkpt lat="46.456772" lon="15.820616999999999"><ele>239.14</ele></trkpt>
      <trkpt lat="46.456686999999995" lon="15.820663999999999"><ele>238.71</ele></trkpt>
      <trkpt lat="46.456438" lon="15.820618"><ele>238.94</ele></trkpt>
      <trkpt lat="46.456286" lon="15.82066"><ele>238.94</ele></trkpt>
      <trkpt lat="46.456084999999995" lon="15.820815"><ele>238.75</ele></trkpt>
      <trkpt lat="46.455726" lon="15.821174999999998"><ele>238.08</ele></trkpt>
      <trkpt lat="46.455489" lon="15.821517"><ele>238.11</ele></trkpt>
      <trkpt lat="46.454800999999996" lon="15.822268"><ele>237.29</ele></trkpt>
      <trkpt lat="46.454496999999996" lon="15.822652"><ele>236.77</ele></trkpt>
      <trkpt lat="46.454232" lon="15.823125999999998"><ele>236.49</ele></trkpt>
      <trkpt lat="46.454088999999996" lon="15.823440999999999"><ele>236.64</ele></trkpt>
      <trkpt lat="46.453936" lon="15.823694999999999"><ele>236.54</ele></trkpt>
      <trkpt lat="46.453399" lon="15.8243"><ele>236.2</ele></trkpt>
      <trkpt lat="46.453008999999994" lon="15.824707"><ele>236.3</ele></trkpt>
      <trkpt lat="46.452599" lon="15.825071999999999"><ele>235.88</ele></trkpt>
      <trkpt lat="46.451868999999995" lon="15.825823999999999"><ele>234.77</ele></trkpt>
      <trkpt lat="46.451592999999995" lon="15.826063999999999"><ele>234.41</ele></trkpt>
      <trkpt lat="46.451372" lon="15.826241"><ele>234.14</ele></trkpt>
      <trkpt lat="46.451099" lon="15.826398"><ele>233.96</ele></trkpt>
      <trkpt lat="46.450877999999996" lon="15.8265"><ele>233.16</ele></trkpt>
      <trkpt lat="46.450697999999996" lon="15.826554"><ele>232.42</ele></trkpt>
      <trkpt lat="46.450554" lon="15.826554"><ele>232.32</ele></trkpt>
      <trkpt lat="46.450433" lon="15.826571"><ele>231.98</ele></trkpt>
      <trkpt lat="46.450282" lon="15.826633"><ele>231.67</ele></trkpt>
      <trkpt lat="46.450097" lon="15.826766999999998"><ele>231.25</ele></trkpt>
      <trkpt lat="46.449341" lon="15.827407"><ele>231.38</ele></trkpt>
      <trkpt lat="46.449037" lon="15.827586"><ele>231.01</ele></trkpt>
      <trkpt lat="46.448899" lon="15.827696999999999"><ele>230.6</ele></trkpt>
      <trkpt lat="46.448712" lon="15.827919999999999"><ele>230.6</ele></trkpt>
      <trkpt lat="46.448377" lon="15.828418"><ele>229.99</ele></trkpt>
      <trkpt lat="46.448083" lon="15.828914999999999"><ele>230.16</ele></trkpt>
      <trkpt lat="46.447841" lon="15.829341999999999"><ele>230</ele></trkpt>
      <trkpt lat="46.447449999999996" lon="15.829896"><ele>230.59</ele></trkpt>
      <trkpt lat="46.447106" lon="15.8303"><ele>230.92</ele></trkpt>
      <trkpt lat="46.446942" lon="15.830440999999999"><ele>231.39</ele></trkpt>
      <trkpt lat="46.446759" lon="15.830570999999999"><ele>231.92</ele></trkpt>
      <trkpt lat="46.446425999999995" lon="15.830865999999999"><ele>232.74</ele></trkpt>
      <trkpt lat="46.445823" lon="15.831503"><ele>233.72</ele></trkpt>
      <trkpt lat="46.445074" lon="15.831951"><ele>235.42</ele></trkpt>
      <trkpt lat="46.444786" lon="15.832156"><ele>235.89</ele></trkpt>
      <trkpt lat="46.443638" lon="15.832526999999999"><ele>236.19</ele></trkpt>
      <trkpt lat="46.443298999999996" lon="15.832611"><ele>235.34</ele></trkpt>
      <trkpt lat="46.442865999999995" lon="15.832685999999999"><ele>234.2</ele></trkpt>
      <trkpt lat="46.442412999999995" lon="15.83274"><ele>232.57</ele></trkpt>
      <trkpt lat="46.442299" lon="15.832789"><ele>232.15</ele></trkpt>
      <trkpt lat="46.441209" lon="15.833393"><ele>228.59</ele></trkpt>
      <trkpt lat="46.441089999999996" lon="15.833485999999999"><ele>228.36</ele></trkpt>
      <trkpt lat="46.440998" lon="15.83358"><ele>228.16</ele></trkpt>
      <trkpt lat="46.440877" lon="15.833753999999999"><ele>228.09</ele></trkpt>
      <trkpt lat="46.440391" lon="15.83452"><ele>229.15</ele></trkpt>
      <trkpt lat="46.439296999999996" lon="15.835794"><ele>229.71</ele></trkpt>
      <trkpt lat="46.43913" lon="15.836039"><ele>229.8</ele></trkpt>
      <trkpt lat="46.438821" lon="15.836976"><ele>230.13</ele></trkpt>
      <trkpt lat="46.438669" lon="15.837344"><ele>230.41</ele></trkpt>
      <trkpt lat="46.438539999999996" lon="15.837682999999998"><ele>230.68</ele></trkpt>
      <trkpt lat="46.438452999999996" lon="15.837881"><ele>230.84</ele></trkpt>
      <trkpt lat="46.43832" lon="15.838092999999999"><ele>230.74</ele></trkpt>
      <trkpt lat="46.438147" lon="15.838339999999999"><ele>230.24</ele></trkpt>
      <trkpt lat="46.437813" lon="15.838769999999998"><ele>230.83</ele></trkpt>
      <trkpt lat="46.437622999999995" lon="15.838994"><ele>229.89</ele></trkpt>
      <trkpt lat="46.437464" lon="15.839233"><ele>229.82</ele></trkpt>
      <trkpt lat="46.437365" lon="15.839397"><ele>229.66</ele></trkpt>
      <trkpt lat="46.437112" lon="15.83986"><ele>229.51</ele></trkpt>
      <trkpt lat="46.43635" lon="15.841315999999999"><ele>231.24</ele></trkpt>
      <trkpt lat="46.436181999999995" lon="15.841597"><ele>231.22</ele></trkpt>
      <trkpt lat="46.43519" lon="15.843027"><ele>229.44</ele></trkpt>
      <trkpt lat="46.434805" lon="15.843623"><ele>229.95</ele></trkpt>
      <trkpt lat="46.434571" lon="15.844000999999999"><ele>229.4</ele></trkpt>
      <trkpt lat="46.434498" lon="15.844164999999998"><ele>229.24</ele></trkpt>
      <trkpt lat="46.434188999999996" lon="15.844966999999999"><ele>229.71</ele></trkpt>
      <trkpt lat="46.43391" lon="15.845505999999999"><ele>229.91</ele></trkpt>
      <trkpt lat="46.433817999999995" lon="15.845721999999999"><ele>228.37</ele></trkpt>
      <trkpt lat="46.433558999999995" lon="15.846535"><ele>230.2</ele></trkpt>
      <trkpt lat="46.433506" lon="15.846655"><ele>230.55</ele></trkpt>
      <trkpt lat="46.433392" lon="15.846889"><ele>231.01</ele></trkpt>
      <trkpt lat="46.433274999999995" lon="15.847092"><ele>231.32</ele></trkpt>
      <trkpt lat="46.433172" lon="15.847249"><ele>231.47</ele></trkpt>
      <trkpt lat="46.432688999999996" lon="15.848054999999999"><ele>230.68</ele></trkpt>
      <trkpt lat="46.432323" lon="15.848749999999999"><ele>230.06</ele></trkpt>
      <trkpt lat="46.432137" lon="15.849131"><ele>229.43</ele></trkpt>
      <trkpt lat="46.431858999999996" lon="15.849782999999999"><ele>229.85</ele></trkpt>
      <trkpt lat="46.431003999999994" lon="15.851899999999999"><ele>228.66</ele></trkpt>
      <trkpt lat="46.430779" lon="15.852400999999999"><ele>230.14</ele></trkpt>
      <trkpt lat="46.430710999999995" lon="15.85253"><ele>230.32</ele></trkpt>
      <trkpt lat="46.430302999999995" lon="15.853228"><ele>232.13</ele></trkpt>
      <trkpt lat="46.429691999999996" lon="15.854213"><ele>233.3</ele></trkpt>
      <trkpt lat="46.42953" lon="15.854517999999999"><ele>233</ele></trkpt>
      <trkpt lat="46.429389" lon="15.854866"><ele>232.9</ele></trkpt>
      <trkpt lat="46.429327" lon="15.855080999999998"><ele>233.59</ele></trkpt>
      <trkpt lat="46.429248" lon="15.855417999999998"><ele>233.57</ele></trkpt>
      <trkpt lat="46.429196" lon="15.855550999999998"><ele>233.57</ele></trkpt>
      <trkpt lat="46.429009" lon="15.855922"><ele>233.99</ele></trkpt>
      <trkpt lat="46.428923999999995" lon="15.856041"><ele>233.99</ele></trkpt>
      <trkpt lat="46.428847" lon="15.856129999999999"><ele>233.97</ele></trkpt>
      <trkpt lat="46.428661" lon="15.856323"><ele>234.08</ele></trkpt>
      <trkpt lat="46.428318999999995" lon="15.856648"><ele>234.77</ele></trkpt>
      <trkpt lat="46.427865999999995" lon="15.857101"><ele>236.34</ele></trkpt>
      <trkpt lat="46.427692" lon="15.857301"><ele>236.12</ele></trkpt>
      <trkpt lat="46.427388" lon="15.857747"><ele>235.08</ele></trkpt>
      <trkpt lat="46.426376" lon="15.859117"><ele>236.3</ele></trkpt>
      <trkpt lat="46.425863" lon="15.859843"><ele>236.09</ele></trkpt>
      <trkpt lat="46.425633" lon="15.860225"><ele>236.68</ele></trkpt>
      <trkpt lat="46.425399" lon="15.860579"><ele>236.46</ele></trkpt>
      <trkpt lat="46.42505" lon="15.861137"><ele>234.7</ele></trkpt>
      <trkpt lat="46.424813" lon="15.861481999999999"><ele>235.36</ele></trkpt>
      <trkpt lat="46.424744" lon="15.861562"><ele>235.52</ele></trkpt>
      <trkpt lat="46.424585" lon="15.861780999999999"><ele>236.2</ele></trkpt>
      <trkpt lat="46.424309" lon="15.862108"><ele>237.39</ele></trkpt>
      <trkpt lat="46.423871" lon="15.862701"><ele>238.94</ele></trkpt>
      <trkpt lat="46.423488" lon="15.863266999999999"><ele>238.28</ele></trkpt>
      <trkpt lat="46.423047" lon="15.863983999999999"><ele>236.6</ele></trkpt>
      <trkpt lat="46.422742" lon="15.864448999999999"><ele>235.76</ele></trkpt>
      <trkpt lat="46.422035" lon="15.865564"><ele>236.69</ele></trkpt>
      <trkpt lat="46.421831" lon="15.86594"><ele>238.57</ele></trkpt>
      <trkpt lat="46.421440999999994" lon="15.865506"><ele>237.15</ele></trkpt>
      <trkpt lat="46.420949" lon="15.865252"><ele>234.57</ele></trkpt>
      <trkpt lat="46.420772" lon="15.865226999999999"><ele>233.74</ele></trkpt>
      <trkpt lat="46.420694999999995" lon="15.865253999999998"><ele>233.59</ele></trkpt>
      <trkpt lat="46.420165" lon="15.865825"><ele>232.14</ele></trkpt>
      <trkpt lat="46.420111999999996" lon="15.865953"><ele>231.98</ele></trkpt>
      <trkpt lat="46.420071" lon="15.866118"><ele>231.77</ele></trkpt>
      <trkpt lat="46.420035999999996" lon="15.866356999999999"><ele>231.4</ele></trkpt>
      <trkpt lat="46.420024999999995" lon="15.866632"><ele>230.57</ele></trkpt>
      <trkpt lat="46.419382" lon="15.866492999999998"><ele>223.06</ele></trkpt>
      <trkpt lat="46.419311" lon="15.866586999999999"><ele>222.89</ele></trkpt>
      <trkpt lat="46.419179" lon="15.866791999999998"><ele>222.07</ele></trkpt>
      <trkpt lat="46.418682" lon="15.867776999999998"><ele>222</ele></trkpt>
      <trkpt lat="46.418597999999996" lon="15.867985"><ele>221.99</ele></trkpt>
      <trkpt lat="46.418521999999996" lon="15.868117"><ele>222</ele></trkpt>
      <trkpt lat="46.418347999999995" lon="15.868355"><ele>222</ele></trkpt>
      <trkpt lat="46.418296" lon="15.868379"><ele>221.87</ele></trkpt>
      <trkpt lat="46.41824" lon="15.868421999999999"><ele>221.66</ele></trkpt>
      <trkpt lat="46.41813" lon="15.868264"><ele>221.09</ele></trkpt>
      <trkpt lat="46.417608" lon="15.869458999999999"><ele>220.42</ele></trkpt>
      <trkpt lat="46.417547" lon="15.869534999999999"><ele>220.49</ele></trkpt>
      <trkpt lat="46.417518" lon="15.869627999999999"><ele>220.68</ele></trkpt>
      <trkpt lat="46.417328999999995" lon="15.870064"><ele>221.09</ele></trkpt>
      <trkpt lat="46.417231" lon="15.870251999999999"><ele>220.99</ele></trkpt>
      <trkpt lat="46.417226" lon="15.870308"><ele>221.15</ele></trkpt>
      <trkpt lat="46.416796" lon="15.871160999999999"><ele>220.59</ele></trkpt>
      <trkpt lat="46.41638" lon="15.872041"><ele>220.97</ele></trkpt>
      <trkpt lat="46.416143" lon="15.872522"><ele>221</ele></trkpt>
      <trkpt lat="46.416377999999995" lon="15.872765"><ele>221</ele></trkpt>
      <trkpt lat="46.415689" lon="15.874155"><ele>221</ele></trkpt>
      <trkpt lat="46.415454999999994" lon="15.874671999999999"><ele>220.65</ele></trkpt>
      <trkpt lat="46.414812" lon="15.87599"><ele>220.86</ele></trkpt>
      <trkpt lat="46.415693" lon="15.876589999999998"><ele>220.73</ele></trkpt>
      <trkpt lat="46.416363999999994" lon="15.87703"><ele>220.97</ele></trkpt>
      <trkpt lat="46.415208" lon="15.880618"><ele>219.74</ele></trkpt>
      <trkpt lat="46.415112" lon="15.881079"><ele>219.4</ele></trkpt>
      <trkpt lat="46.415079999999996" lon="15.881088"><ele>219.3</ele></trkpt>
      <trkpt lat="46.414967" lon="15.881072"><ele>219.09</ele></trkpt>
      <trkpt lat="46.414518" lon="15.880887999999999"><ele>219.25</ele></trkpt>
      <trkpt lat="46.414384999999996" lon="15.880813"><ele>219.59</ele></trkpt>
      <trkpt lat="46.414277" lon="15.88073"><ele>220.1</ele></trkpt>
      <trkpt lat="46.41419" lon="15.880695999999999"><ele>220.02</ele></trkpt>
      <trkpt lat="46.414125999999996" lon="15.880707"><ele>219.91</ele></trkpt>
      <trkpt lat="46.414049" lon="15.880764999999998"><ele>219.77</ele></trkpt>
      <trkpt lat="46.414013" lon="15.880804"><ele>219.57</ele></trkpt>
      <trkpt lat="46.413945" lon="15.880925"><ele>219.08</ele></trkpt>
      <trkpt lat="46.413933" lon="15.881020999999999"><ele>219.06</ele></trkpt>
      <trkpt lat="46.413937" lon="15.88248"><ele>219.26</ele></trkpt>
      <trkpt lat="46.413928" lon="15.88265"><ele>219.31</ele></trkpt>
      <trkpt lat="46.413874" lon="15.883232"><ele>219.42</ele></trkpt>
      <trkpt lat="46.41385" lon="15.883419"><ele>219.44</ele></trkpt>
      <trkpt lat="46.413619" lon="15.884699999999999"><ele>218.92</ele></trkpt>
      <trkpt lat="46.413402" lon="15.885468999999999"><ele>218.65</ele></trkpt>
      <trkpt lat="46.413288" lon="15.885812999999999"><ele>218.67</ele></trkpt>
      <trkpt lat="46.413084" lon="15.886387999999998"><ele>218.64</ele></trkpt>
      <trkpt lat="46.412956" lon="15.886702999999999"><ele>218.61</ele></trkpt>
      <trkpt lat="46.412462999999995" lon="15.887654999999999"><ele>218.51</ele></trkpt>
      <trkpt lat="46.412261" lon="15.887915"><ele>218.34</ele></trkpt>
      <trkpt lat="46.412048" lon="15.888231"><ele>218.41</ele></trkpt>
      <trkpt lat="46.411820999999996" lon="15.888523"><ele>218.27</ele></trkpt>
      <trkpt lat="46.411549" lon="15.888846"><ele>218.43</ele></trkpt>
      <trkpt lat="46.411516999999996" lon="15.888898"><ele>218.43</ele></trkpt>
      <trkpt lat="46.411493" lon="15.888990999999999"><ele>218.4</ele></trkpt>
      <trkpt lat="46.411493" lon="15.889063"><ele>218.39</ele></trkpt>
      <trkpt lat="46.411511999999995" lon="15.889145999999998"><ele>218.45</ele></trkpt>
      <trkpt lat="46.411626999999996" lon="15.889406999999999"><ele>218.78</ele></trkpt>
      <trkpt lat="46.411649" lon="15.889505"><ele>218.7</ele></trkpt>
      <trkpt lat="46.411623" lon="15.889565999999999"><ele>218.54</ele></trkpt>
      <trkpt lat="46.411915" lon="15.889968"><ele>218.03</ele></trkpt>
      <trkpt lat="46.412110999999996" lon="15.890308"><ele>218</ele></trkpt>
      <trkpt lat="46.412329" lon="15.890844999999999"><ele>218.93</ele></trkpt>
      <trkpt lat="46.412653999999996" lon="15.891957"><ele>219.43</ele></trkpt>
      <trkpt lat="46.412682" lon="15.892178999999999"><ele>219.05</ele></trkpt>
      <trkpt lat="46.412692" lon="15.892408999999999"><ele>219.01</ele></trkpt>
      <trkpt lat="46.412732" lon="15.892622999999999"><ele>219.01</ele></trkpt>
      <trkpt lat="46.412811" lon="15.892776999999999"><ele>219</ele></trkpt>
      <trkpt lat="46.413309" lon="15.893269"><ele>218.82</ele></trkpt>
      <trkpt lat="46.413404" lon="15.893334"><ele>219</ele></trkpt>
      <trkpt lat="46.413539" lon="15.893360999999999"><ele>219</ele></trkpt>
      <trkpt lat="46.413309" lon="15.894362"><ele>219</ele></trkpt>
      <trkpt lat="46.413242" lon="15.894376999999999"><ele>219</ele></trkpt>
      <trkpt lat="46.413062" lon="15.89461"><ele>219</ele></trkpt>
      <trkpt lat="46.412853999999996" lon="15.894815999999999"><ele>218.27</ele></trkpt>
      <trkpt lat="46.412616" lon="15.895017999999999"><ele>218.64</ele></trkpt>
      <trkpt lat="46.412451" lon="15.895176999999999"><ele>219</ele></trkpt>
      <trkpt lat="46.412379" lon="15.895264999999998"><ele>219</ele></trkpt>
      <trkpt lat="46.412296" lon="15.895399999999999"><ele>219.32</ele></trkpt>
      <trkpt lat="46.41211" lon="15.895382999999999"><ele>219.07</ele></trkpt>
      <trkpt lat="46.410655" lon="15.895527999999999"><ele>218</ele></trkpt>
      <trkpt lat="46.410427" lon="15.895584999999999"><ele>218</ele></trkpt>
      <trkpt lat="46.410298999999995" lon="15.895631999999999"><ele>218</ele></trkpt>
      <trkpt lat="46.409769" lon="15.895876999999999"><ele>218</ele></trkpt>
      <trkpt lat="46.409572999999995" lon="15.89594"><ele>217.77</ele></trkpt>
      <trkpt lat="46.409296" lon="15.895982"><ele>217.46</ele></trkpt>
      <trkpt lat="46.408947999999995" lon="15.89602"><ele>217.33</ele></trkpt>
      <trkpt lat="46.4088" lon="15.896023999999999"><ele>217.29</ele></trkpt>
      <trkpt lat="46.408691999999995" lon="15.896052999999998"><ele>217.21</ele></trkpt>
      <trkpt lat="46.408572" lon="15.896099999999999"><ele>217.29</ele></trkpt>
      <trkpt lat="46.408401" lon="15.896239999999999"><ele>217.69</ele></trkpt>
      <trkpt lat="46.408193" lon="15.89644"><ele>217.91</ele></trkpt>
      <trkpt lat="46.407857" lon="15.896809"><ele>217.9</ele></trkpt>
      <trkpt lat="46.407723999999995" lon="15.896941"><ele>218</ele></trkpt>
      <trkpt lat="46.407512" lon="15.897124"><ele>217.43</ele></trkpt>
      <trkpt lat="46.407292999999996" lon="15.897259"><ele>217.1</ele></trkpt>
      <trkpt lat="46.406687" lon="15.897476"><ele>217</ele></trkpt>
      <trkpt lat="46.406307999999996" lon="15.897558"><ele>217.19</ele></trkpt>
      <trkpt lat="46.406166" lon="15.897561999999999"><ele>217.22</ele></trkpt>
      <trkpt lat="46.405642" lon="15.897423999999999"><ele>217.43</ele></trkpt>
      <trkpt lat="46.405569" lon="15.897426"><ele>217.38</ele></trkpt>
      <trkpt lat="46.405516999999996" lon="15.897411"><ele>217.38</ele></trkpt>
      <trkpt lat="46.405487" lon="15.89739"><ele>217.36</ele></trkpt>
      <trkpt lat="46.405429" lon="15.897305999999999"><ele>217.3</ele></trkpt>
      <trkpt lat="46.405286" lon="15.896968999999999"><ele>217.16</ele></trkpt>
      <trkpt lat="46.405215999999996" lon="15.896828"><ele>217.06</ele></trkpt>
      <trkpt lat="46.405155" lon="15.896730999999999"><ele>217.04</ele></trkpt>
      <trkpt lat="46.405007" lon="15.896599"><ele>216.76</ele></trkpt>
      <trkpt lat="46.40493" lon="15.897056"><ele>217.23</ele></trkpt>
      <trkpt lat="46.404838" lon="15.89792"><ele>216.8</ele></trkpt>
      <trkpt lat="46.404714999999996" lon="15.900469"><ele>217.07</ele></trkpt>
      <trkpt lat="46.404624" lon="15.902977"><ele>217.18</ele></trkpt>
      <trkpt lat="46.404602" lon="15.903402999999999"><ele>216.6</ele></trkpt>
      <trkpt lat="46.404565999999996" lon="15.903822"><ele>216.48</ele></trkpt>
      <trkpt lat="46.404453" lon="15.904784"><ele>217.06</ele></trkpt>
      <trkpt lat="46.404371999999995" lon="15.905263999999999"><ele>216.98</ele></trkpt>
      <trkpt lat="46.40421" lon="15.905954999999999"><ele>216.67</ele></trkpt>
      <trkpt lat="46.403884999999995" lon="15.907093999999999"><ele>216.47</ele></trkpt>
      <trkpt lat="46.403534" lon="15.908073"><ele>216.45</ele></trkpt>
      <trkpt lat="46.403286" lon="15.908610999999999"><ele>216.68</ele></trkpt>
      <trkpt lat="46.402998" lon="15.909179"><ele>216.59</ele></trkpt>
      <trkpt lat="46.402535" lon="15.909809999999998"><ele>216.06</ele></trkpt>
      <trkpt lat="46.402128" lon="15.910279"><ele>215.95</ele></trkpt>
      <trkpt lat="46.401534" lon="15.910813"><ele>216</ele></trkpt>
      <trkpt lat="46.40023" lon="15.911717"><ele>215.51</ele></trkpt>
      <trkpt lat="46.399502999999996" lon="15.912244"><ele>215.29</ele></trkpt>
      <trkpt lat="46.399257999999996" lon="15.912434999999999"><ele>215.35</ele></trkpt>
      <trkpt lat="46.398979999999995" lon="15.912714"><ele>215.44</ele></trkpt>
      <trkpt lat="46.398875" lon="15.912858"><ele>215.57</ele></trkpt>
      <trkpt lat="46.398612" lon="15.913205999999999"><ele>215.68</ele></trkpt>
      <trkpt lat="46.398353" lon="15.913573999999999"><ele>215.47</ele></trkpt>
      <trkpt lat="46.398114" lon="15.913955"><ele>215.35</ele></trkpt>
      <trkpt lat="46.397943999999995" lon="15.914268"><ele>215.23</ele></trkpt>
      <trkpt lat="46.39734" lon="15.915519999999999"><ele>214.96</ele></trkpt>
      <trkpt lat="46.396902" lon="15.916324999999999"><ele>215.4</ele></trkpt>
      <trkpt lat="46.39365" lon="15.920532999999999"><ele>215</ele></trkpt>
      <trkpt lat="46.392204" lon="15.922353"><ele>214.04</ele></trkpt>
      <trkpt lat="46.391903" lon="15.922746"><ele>214.44</ele></trkpt>
      <trkpt lat="46.391582" lon="15.9232"><ele>214.54</ele></trkpt>
      <trkpt lat="46.39116" lon="15.923822999999999"><ele>214.49</ele></trkpt>
      <trkpt lat="46.39038" lon="15.925255"><ele>214.13</ele></trkpt>
      <trkpt lat="46.390301" lon="15.925429"><ele>214.23</ele></trkpt>
      <trkpt lat="46.390285" lon="15.925491999999998"><ele>214.56</ele></trkpt>
      <trkpt lat="46.390288999999996" lon="15.925647999999999"><ele>214.95</ele></trkpt>
      <trkpt lat="46.390324" lon="15.925849"><ele>215</ele></trkpt>
      <trkpt lat="46.390397" lon="15.926158"><ele>215</ele></trkpt>
      <trkpt lat="46.390429999999995" lon="15.926264999999999"><ele>215</ele></trkpt>
      <trkpt lat="46.390521" lon="15.926473999999999"><ele>215</ele></trkpt>
      <trkpt lat="46.390614" lon="15.926623999999999"><ele>215.01</ele></trkpt>
      <trkpt lat="46.390727999999996" lon="15.926751999999999"><ele>215.01</ele></trkpt>
      <trkpt lat="46.390871" lon="15.926953999999999"><ele>215.03</ele></trkpt>
      <trkpt lat="46.391048" lon="15.92729"><ele>215.05</ele></trkpt>
      <trkpt lat="46.391346" lon="15.927798999999998"><ele>215.24</ele></trkpt>
      <trkpt lat="46.391242" lon="15.927919"><ele>216.37</ele></trkpt>
      <trkpt lat="46.391174" lon="15.928033"><ele>217.41</ele></trkpt>
      <trkpt lat="46.391095" lon="15.927988"><ele>217.53</ele></trkpt>
      <trkpt lat="46.390505" lon="15.927819"><ele>217.91</ele></trkpt>
      <trkpt lat="46.390049" lon="15.927724999999999"><ele>218.26</ele></trkpt>
      <trkpt lat="46.390018999999995" lon="15.927703999999999"><ele>218.12</ele></trkpt>
      <trkpt lat="46.389953" lon="15.927617"><ele>217.85</ele></trkpt>
      <trkpt lat="46.38988" lon="15.927486"><ele>218.13</ele></trkpt>
      <trkpt lat="46.389812" lon="15.927318999999999"><ele>218.44</ele></trkpt>
      <trkpt lat="46.389753999999996" lon="15.927159"><ele>218.47</ele></trkpt>
      <trkpt lat="46.389581" lon="15.926596"><ele>218.87</ele></trkpt>
      <trkpt lat="46.389503999999995" lon="15.926286999999999"><ele>219.71</ele></trkpt>
      <trkpt lat="46.389486" lon="15.926264"><ele>220.03</ele></trkpt>
      <trkpt lat="46.389463" lon="15.926257"><ele>220.52</ele></trkpt>
      <trkpt lat="46.389433" lon="15.926267"><ele>220.98</ele></trkpt>
      <trkpt lat="46.388807" lon="15.926846999999999"><ele>220.22</ele></trkpt>
      <trkpt lat="46.388785" lon="15.926881"><ele>219.98</ele></trkpt>
      <trkpt lat="46.388771999999996" lon="15.926926"><ele>219.91</ele></trkpt>
      <trkpt lat="46.38874" lon="15.927124"><ele>220.08</ele></trkpt>
      <trkpt lat="46.388920999999996" lon="15.927292"><ele>219.85</ele></trkpt>
      <trkpt lat="46.388963" lon="15.927349"><ele>219.75</ele></trkpt>
      <trkpt lat="46.389154" lon="15.927845"><ele>219.16</ele></trkpt>
      <trkpt lat="46.389176" lon="15.927916"><ele>218.98</ele></trkpt>
      <trkpt lat="46.389181" lon="15.928023"><ele>218.33</ele></trkpt>
      <trkpt lat="46.389145" lon="15.928087"><ele>217.96</ele></trkpt>
      <trkpt lat="46.389089999999996" lon="15.928123999999999"><ele>217.83</ele></trkpt>
      <trkpt lat="46.388787" lon="15.928173"><ele>217.52</ele></trkpt>
      <trkpt lat="46.388712" lon="15.92822"><ele>217.57</ele></trkpt>
      <trkpt lat="46.388284999999996" lon="15.928637"><ele>217.02</ele></trkpt>
      <trkpt lat="46.387989" lon="15.928951999999999"><ele>217.21</ele></trkpt>
      <trkpt lat="46.387805" lon="15.929186"><ele>216.92</ele></trkpt>
      <trkpt lat="46.387677" lon="15.929386999999998"><ele>216.79</ele></trkpt>
      <trkpt lat="46.387515" lon="15.929753"><ele>216.64</ele></trkpt>
      <trkpt lat="46.38744" lon="15.929993999999999"><ele>216.62</ele></trkpt>
      <trkpt lat="46.387406999999996" lon="15.930316999999999"><ele>216.72</ele></trkpt>
      <trkpt lat="46.387412" lon="15.931083999999998"><ele>216.98</ele></trkpt>
      <trkpt lat="46.387420999999996" lon="15.931235999999998"><ele>217.03</ele></trkpt>
      <trkpt lat="46.387464" lon="15.931595999999999"><ele>217.08</ele></trkpt>
      <trkpt lat="46.38747" lon="15.931712999999998"><ele>217.16</ele></trkpt>
      <trkpt lat="46.387457999999995" lon="15.931892999999999"><ele>217.66</ele></trkpt>
      <trkpt lat="46.387423999999996" lon="15.932058999999999"><ele>217.69</ele></trkpt>
      <trkpt lat="46.387384999999995" lon="15.932312999999999"><ele>217.62</ele></trkpt>
      <trkpt lat="46.387383" lon="15.932385"><ele>217.6</ele></trkpt>
      <trkpt lat="46.387389" lon="15.932431999999999"><ele>217.61</ele></trkpt>
      <trkpt lat="46.387398" lon="15.932474"><ele>217.63</ele></trkpt>
      <trkpt lat="46.387415" lon="15.932507999999999"><ele>217.67</ele></trkpt>
      <trkpt lat="46.3874" lon="15.932549"><ele>217.53</ele></trkpt>
      <trkpt lat="46.387356" lon="15.932618999999999"><ele>217.31</ele></trkpt>
      <trkpt lat="46.38727" lon="15.932735999999998"><ele>217.03</ele></trkpt>
      <trkpt lat="46.38719" lon="15.932794"><ele>217</ele></trkpt>
      <trkpt lat="46.387153999999995" lon="15.932799999999999"><ele>217</ele></trkpt>
      <trkpt lat="46.387012" lon="15.932789"><ele>217</ele></trkpt>
      <trkpt lat="46.386883999999995" lon="15.932751"><ele>217</ele></trkpt>
      <trkpt lat="46.386316" lon="15.932535999999999"><ele>216.96</ele></trkpt>
      <trkpt lat="46.385878" lon="15.932388999999999"><ele>216.61</ele></trkpt>
      <trkpt lat="46.385569" lon="15.932314"><ele>216.28</ele></trkpt>
      <trkpt lat="46.38548" lon="15.932307999999999"><ele>216.17</ele></trkpt>
      <trkpt lat="46.385414999999995" lon="15.932322999999998"><ele>216.08</ele></trkpt>
      <trkpt lat="46.385343" lon="15.932355"><ele>215.97</ele></trkpt>
      <trkpt lat="46.385286" lon="15.932397"><ele>215.88</ele></trkpt>
      <trkpt lat="46.385023" lon="15.932673999999999"><ele>215.42</ele></trkpt>
      <trkpt lat="46.384901" lon="15.932832"><ele>215.18</ele></trkpt>
      <trkpt lat="46.384837999999995" lon="15.932953"><ele>215.09</ele></trkpt>
      <trkpt lat="46.384782" lon="15.933086999999999"><ele>215.02</ele></trkpt>
      <trkpt lat="46.384688999999995" lon="15.93338"><ele>214.8</ele></trkpt>
      <trkpt lat="46.384654" lon="15.933542"><ele>214.69</ele></trkpt>
      <trkpt lat="46.384643" lon="15.933672"><ele>214.59</ele></trkpt>
      <trkpt lat="46.384642" lon="15.934230999999999"><ele>214.42</ele></trkpt>
      <trkpt lat="46.384654" lon="15.935087999999999"><ele>214.45</ele></trkpt>
      <trkpt lat="46.384648999999996" lon="15.935438"><ele>214.55</ele></trkpt>
      <trkpt lat="46.384633" lon="15.935614999999999"><ele>214.6</ele></trkpt>
      <trkpt lat="46.384577" lon="15.936015999999999"><ele>214.65</ele></trkpt>
      <trkpt lat="46.384498" lon="15.936363"><ele>214.62</ele></trkpt>
      <trkpt lat="46.384431" lon="15.936617"><ele>214.65</ele></trkpt>
      <trkpt lat="46.384231" lon="15.937301"><ele>214.52</ele></trkpt>
      <trkpt lat="46.384147" lon="15.93752"><ele>214.69</ele></trkpt>
      <trkpt lat="46.383964" lon="15.937885"><ele>214.62</ele></trkpt>
      <trkpt lat="46.383882" lon="15.93802"><ele>214.62</ele></trkpt>
      <trkpt lat="46.383593" lon="15.938405999999999"><ele>214.71</ele></trkpt>
      <trkpt lat="46.383075" lon="15.939046999999999"><ele>215.54</ele></trkpt>
      <trkpt lat="46.383047" lon="15.939110999999999"><ele>215.76</ele></trkpt>
      <trkpt lat="46.383009" lon="15.939086"><ele>215.5</ele></trkpt>
      <trkpt lat="46.382960999999995" lon="15.939074999999999"><ele>215.28</ele></trkpt>
      <trkpt lat="46.382400999999994" lon="15.939259999999999"><ele>214.63</ele></trkpt>
      <trkpt lat="46.382306" lon="15.939276"><ele>214.57</ele></trkpt>
      <trkpt lat="46.381965" lon="15.93928"><ele>214.95</ele></trkpt>
      <trkpt lat="46.38187" lon="15.939305"><ele>215.13</ele></trkpt>
      <trkpt lat="46.381837" lon="15.939343999999998"><ele>215.26</ele></trkpt>
      <trkpt lat="46.381795" lon="15.939414999999999"><ele>215.45</ele></trkpt>
      <trkpt lat="46.381696" lon="15.939672"><ele>215.49</ele></trkpt>
      <trkpt lat="46.381592" lon="15.940061"><ele>215.32</ele></trkpt>
      <trkpt lat="46.381513999999996" lon="15.940567"><ele>215.45</ele></trkpt>
      <trkpt lat="46.381454999999995" lon="15.941194999999999"><ele>215.59</ele></trkpt>
      <trkpt lat="46.381287" lon="15.942381999999998"><ele>215.74</ele></trkpt>
      <trkpt lat="46.381083" lon="15.944239"><ele>215.05</ele></trkpt>
      <trkpt lat="46.380981999999996" lon="15.945065999999999"><ele>214.53</ele></trkpt>
      <trkpt lat="46.380900999999994" lon="15.945637"><ele>214.54</ele></trkpt>
      <trkpt lat="46.380877" lon="15.945741"><ele>214.59</ele></trkpt>
      <trkpt lat="46.380849" lon="15.945803999999999"><ele>214.67</ele></trkpt>
      <trkpt lat="46.380814" lon="15.945856999999998"><ele>214.79</ele></trkpt>
      <trkpt lat="46.380725999999996" lon="15.945943999999999"><ele>214.6</ele></trkpt>
      <trkpt lat="46.380468" lon="15.946131999999999"><ele>214.15</ele></trkpt>
      <trkpt lat="46.380282" lon="15.946297"><ele>214.08</ele></trkpt>
      <trkpt lat="46.379675999999996" lon="15.946949"><ele>213.96</ele></trkpt>
      <trkpt lat="46.379231" lon="15.947453"><ele>213.72</ele></trkpt>
      <trkpt lat="46.379146999999996" lon="15.947569"><ele>213.65</ele></trkpt>
      <trkpt lat="46.379076" lon="15.947685"><ele>213.56</ele></trkpt>
      <trkpt lat="46.378980999999996" lon="15.947878"><ele>213.38</ele></trkpt>
      <trkpt lat="46.378904999999996" lon="15.948058"><ele>214</ele></trkpt>
      <trkpt lat="46.378904" lon="15.948151999999999"><ele>214</ele></trkpt>
      <trkpt lat="46.378913999999995" lon="15.948234"><ele>214</ele></trkpt>
      <trkpt lat="46.378935" lon="15.948317999999999"><ele>214</ele></trkpt>
      <trkpt lat="46.379197" lon="15.948929999999999"><ele>214</ele></trkpt>
      <trkpt lat="46.379376" lon="15.949316"><ele>214</ele></trkpt>
      <trkpt lat="46.379537" lon="15.949615999999999"><ele>214</ele></trkpt>
      <trkpt lat="46.379749" lon="15.949971"><ele>214</ele></trkpt>
      <trkpt lat="46.380199999999995" lon="15.950652999999999"><ele>214</ele></trkpt>
      <trkpt lat="46.380485" lon="15.951094"><ele>214</ele></trkpt>
      <trkpt lat="46.380548" lon="15.951207"><ele>214</ele></trkpt>
      <trkpt lat="46.380645" lon="15.951412"><ele>214</ele></trkpt>
      <trkpt lat="46.380804999999995" lon="15.951842999999998"><ele>214</ele></trkpt>
      <trkpt lat="46.380925" lon="15.952093999999999"><ele>214</ele></trkpt>
      <trkpt lat="46.38106" lon="15.952309"><ele>214</ele></trkpt>
      <trkpt lat="46.381387" lon="15.952672999999999"><ele>214</ele></trkpt>
      <trkpt lat="46.382099" lon="15.953693999999999"><ele>214</ele></trkpt>
      <trkpt lat="46.382366" lon="15.95412"><ele>214.52</ele></trkpt>
      <trkpt lat="46.382376" lon="15.954623"><ele>214.6</ele></trkpt>
      <trkpt lat="46.382421" lon="15.955179999999999"><ele>214.79</ele></trkpt>
      <trkpt lat="46.382518999999995" lon="15.955902"><ele>215</ele></trkpt>
      <trkpt lat="46.382535999999995" lon="15.955976999999999"><ele>215</ele></trkpt>
      <trkpt lat="46.382562" lon="15.956036"><ele>215</ele></trkpt>
      <trkpt lat="46.382604" lon="15.956254"><ele>215</ele></trkpt>
      <trkpt lat="46.382639999999995" lon="15.956389999999999"><ele>215</ele></trkpt>
      <trkpt lat="46.382607" lon="15.957284"><ele>215</ele></trkpt>
      <trkpt lat="46.382546999999995" lon="15.958098999999999"><ele>215</ele></trkpt>
      <trkpt lat="46.382529" lon="15.958343"><ele>214.99</ele></trkpt>
      <trkpt lat="46.382503" lon="15.958537"><ele>214.92</ele></trkpt>
      <trkpt lat="46.382428" lon="15.958896999999999"><ele>214.8</ele></trkpt>
      <trkpt lat="46.382228" lon="15.959532"><ele>214.8</ele></trkpt>
      <trkpt lat="46.381955999999995" lon="15.960263999999999"><ele>214.56</ele></trkpt>
      <trkpt lat="46.381871" lon="15.960543999999999"><ele>214.41</ele></trkpt>
      <trkpt lat="46.381727999999995" lon="15.961153"><ele>214.09</ele></trkpt>
      <trkpt lat="46.381685999999995" lon="15.961386999999998"><ele>214.01</ele></trkpt>
      <trkpt lat="46.381527999999996" lon="15.962715999999999"><ele>214</ele></trkpt>
      <trkpt lat="46.381412999999995" lon="15.963344"><ele>214</ele></trkpt>
      <trkpt lat="46.381163" lon="15.96417"><ele>213.95</ele></trkpt>
      <trkpt lat="46.381091999999995" lon="15.964478999999999"><ele>213.82</ele></trkpt>
      <trkpt lat="46.38104" lon="15.964767"><ele>213.2</ele></trkpt>
      <trkpt lat="46.381008" lon="15.964984999999999"><ele>212.88</ele></trkpt>
      <trkpt lat="46.3809" lon="15.965468"><ele>212.19</ele></trkpt>
      <trkpt lat="46.380793999999995" lon="15.965869"><ele>211.75</ele></trkpt>
      <trkpt lat="46.380328" lon="15.967450999999999"><ele>211.72</ele></trkpt>
      <trkpt lat="46.380257" lon="15.967784"><ele>211.71</ele></trkpt>
      <trkpt lat="46.380157999999994" lon="15.968349"><ele>211</ele></trkpt>
      <trkpt lat="46.379909999999995" lon="15.969486"><ele>211</ele></trkpt>
      <trkpt lat="46.379822" lon="15.969774999999998"><ele>211</ele></trkpt>
      <trkpt lat="46.379795" lon="15.969928999999999"><ele>211</ele></trkpt>
      <trkpt lat="46.379701999999995" lon="15.970873999999998"><ele>211</ele></trkpt>
      <trkpt lat="46.379681" lon="15.971254"><ele>210.96</ele></trkpt>
      <trkpt lat="46.379670999999995" lon="15.971701"><ele>210.79</ele></trkpt>
      <trkpt lat="46.379678" lon="15.972328"><ele>210.47</ele></trkpt>
      <trkpt lat="46.379689" lon="15.972531"><ele>210.37</ele></trkpt>
      <trkpt lat="46.379839" lon="15.9735"><ele>210</ele></trkpt>
      <trkpt lat="46.379875" lon="15.973605999999998"><ele>210</ele></trkpt>
      <trkpt lat="46.379909" lon="15.973657999999999"><ele>210</ele></trkpt>
      <trkpt lat="46.379867999999995" lon="15.973792999999999"><ele>210.02</ele></trkpt>
      <trkpt lat="46.379788" lon="15.974139999999998"><ele>210.63</ele></trkpt>
      <trkpt lat="46.379743999999995" lon="15.9743"><ele>210.92</ele></trkpt>
      <trkpt lat="46.379756" lon="15.975494"><ele>210.69</ele></trkpt>
      <trkpt lat="46.379805999999995" lon="15.975969"><ele>210.39</ele></trkpt>
      <trkpt lat="46.379928" lon="15.976431999999999"><ele>210.07</ele></trkpt>
      <trkpt lat="46.380351999999995" lon="15.977637"><ele>210.9</ele></trkpt>
      <trkpt lat="46.380735" lon="15.978603999999999"><ele>211.09</ele></trkpt>
      <trkpt lat="46.380832999999996" lon="15.978886999999999"><ele>211.1</ele></trkpt>
      <trkpt lat="46.38116" lon="15.980155"><ele>211.02</ele></trkpt>
      <trkpt lat="46.381236" lon="15.980554"><ele>211</ele></trkpt>
      <trkpt lat="46.381301" lon="15.981008"><ele>210.72</ele></trkpt>
      <trkpt lat="46.381372" lon="15.981399999999999"><ele>210.72</ele></trkpt>
      <trkpt lat="46.381422" lon="15.981625"><ele>210.8</ele></trkpt>
      <trkpt lat="46.381477" lon="15.981824"><ele>210.66</ele></trkpt>
      <trkpt lat="46.381564" lon="15.982050999999998"><ele>210.6</ele></trkpt>
      <trkpt lat="46.381916" lon="15.982709999999999"><ele>210.62</ele></trkpt>
      <trkpt lat="46.382099" lon="15.983084"><ele>210.43</ele></trkpt>
      <trkpt lat="46.382208" lon="15.983334999999999"><ele>210.89</ele></trkpt>
      <trkpt lat="46.3823" lon="15.983609"><ele>210.64</ele></trkpt>
      <trkpt lat="46.382359" lon="15.983898"><ele>210.55</ele></trkpt>
      <trkpt lat="46.38263" lon="15.985814"><ele>211.47</ele></trkpt>
      <trkpt lat="46.382709999999996" lon="15.986422999999998"><ele>211.13</ele></trkpt>
      <trkpt lat="46.382867999999995" lon="15.987352"><ele>211.18</ele></trkpt>
      <trkpt lat="46.383243" lon="15.989460999999999"><ele>210.78</ele></trkpt>
      <trkpt lat="46.383441" lon="15.990400999999999"><ele>210.57</ele></trkpt>
      <trkpt lat="46.383719" lon="15.991648999999999"><ele>210.88</ele></trkpt>
      <trkpt lat="46.383776999999995" lon="15.991869"><ele>210.93</ele></trkpt>
      <trkpt lat="46.384212" lon="15.993105"><ele>210.03</ele></trkpt>
      <trkpt lat="46.384623" lon="15.994193"><ele>210.89</ele></trkpt>
      <trkpt lat="46.384685999999995" lon="15.994413"><ele>211</ele></trkpt>
      <trkpt lat="46.384732" lon="15.994632"><ele>210.33</ele></trkpt>
      <trkpt lat="46.384746" lon="15.994733"><ele>210.04</ele></trkpt>
      <trkpt lat="46.384857" lon="15.995944999999999"><ele>210.3</ele></trkpt>
      <trkpt lat="46.384885999999995" lon="15.996179"><ele>210.39</ele></trkpt>
      <trkpt lat="46.384947" lon="15.996519"><ele>210.81</ele></trkpt>
      <trkpt lat="46.386089999999996" lon="15.995762"><ele>210.48</ele></trkpt>
      <trkpt lat="46.386646999999996" lon="15.995413"><ele>210.96</ele></trkpt>
      <trkpt lat="46.387068" lon="15.996701999999999"><ele>210.6</ele></trkpt>
      <trkpt lat="46.387634999999996" lon="15.998263"><ele>210.49</ele></trkpt>
      <trkpt lat="46.387997999999996" lon="15.999307"><ele>210.51</ele></trkpt>
      <trkpt lat="46.388355" lon="16.000253999999998"><ele>210.06</ele></trkpt>
      <trkpt lat="46.38856" lon="16.000754999999998"><ele>210</ele></trkpt>
      <trkpt lat="46.388636999999996" lon="16.000878"><ele>210</ele></trkpt>
      <trkpt lat="46.388815" lon="16.001106"><ele>210</ele></trkpt>
      <trkpt lat="46.389162999999996" lon="16.001471"><ele>210</ele></trkpt>
      <trkpt lat="46.389250999999994" lon="16.00158"><ele>210</ele></trkpt>
      <trkpt lat="46.389378" lon="16.001761"><ele>210</ele></trkpt>
      <trkpt lat="46.389734999999995" lon="16.002432"><ele>210</ele></trkpt>
      <trkpt lat="46.39065" lon="16.004227"><ele>209.14</ele></trkpt>
      <trkpt lat="46.390997" lon="16.00507"><ele>208.23</ele></trkpt>
      <trkpt lat="46.391118999999996" lon="16.005297"><ele>207.82</ele></trkpt>
      <trkpt lat="46.391233" lon="16.00548"><ele>207.3</ele></trkpt>
      <trkpt lat="46.391371" lon="16.005661"><ele>207.14</ele></trkpt>
      <trkpt lat="46.391687" lon="16.00613"><ele>206.87</ele></trkpt>
      <trkpt lat="46.391844" lon="16.006383"><ele>206.39</ele></trkpt>
      <trkpt lat="46.392291" lon="16.007317"><ele>206.48</ele></trkpt>
      <trkpt lat="46.39237" lon="16.007514999999998"><ele>206.06</ele></trkpt>
      <trkpt lat="46.392472" lon="16.007808"><ele>206.44</ele></trkpt>
      <trkpt lat="46.392561" lon="16.008111"><ele>206.28</ele></trkpt>
      <trkpt lat="46.392738" lon="16.008844"><ele>206.72</ele></trkpt>
      <trkpt lat="46.392866999999995" lon="16.00956"><ele>206.48</ele></trkpt>
      <trkpt lat="46.392939999999996" lon="16.009854999999998"><ele>206.78</ele></trkpt>
      <trkpt lat="46.392976999999995" lon="16.009952"><ele>207.16</ele></trkpt>
      <trkpt lat="46.39327" lon="16.010433"><ele>207.76</ele></trkpt>
      <trkpt lat="46.393848" lon="16.011256"><ele>208</ele></trkpt>
      <trkpt lat="46.393997999999996" lon="16.011495"><ele>208</ele></trkpt>
      <trkpt lat="46.394067" lon="16.011625"><ele>208</ele></trkpt>
      <trkpt lat="46.394133" lon="16.011810999999998"><ele>208</ele></trkpt>
      <trkpt lat="46.394183999999996" lon="16.01199"><ele>208</ele></trkpt>
      <trkpt lat="46.394279999999995" lon="16.012465"><ele>207.8</ele></trkpt>
      <trkpt lat="46.394386" lon="16.013324"><ele>207</ele></trkpt>
      <trkpt lat="46.394434" lon="16.013510999999998"><ele>207.59</ele></trkpt>
      <trkpt lat="46.394481999999996" lon="16.013626"><ele>207.87</ele></trkpt>
      <trkpt lat="46.394535999999995" lon="16.013711999999998"><ele>208</ele></trkpt>
      <trkpt lat="46.394694" lon="16.013872"><ele>207.87</ele></trkpt>
      <trkpt lat="46.394853" lon="16.013984999999998"><ele>207.31</ele></trkpt>
      <trkpt lat="46.395083" lon="16.014172"><ele>206.28</ele></trkpt>
      <trkpt lat="46.395213" lon="16.014329999999998"><ele>206.17</ele></trkpt>
      <trkpt lat="46.395379999999996" lon="16.014509999999998"><ele>206.07</ele></trkpt>
      <trkpt lat="46.395438" lon="16.01454"><ele>206.12</ele></trkpt>
      <trkpt lat="46.395492" lon="16.014547999999998"><ele>206.31</ele></trkpt>
      <trkpt lat="46.395497999999996" lon="16.01464"><ele>205.99</ele></trkpt>
      <trkpt lat="46.395525" lon="16.014736"><ele>205.78</ele></trkpt>
      <trkpt lat="46.395809" lon="16.015290999999998"><ele>205.72</ele></trkpt>
      <trkpt lat="46.396069" lon="16.01597"><ele>206.08</ele></trkpt>
      <trkpt lat="46.396488999999995" lon="16.016804999999998"><ele>207.54</ele></trkpt>
      <trkpt lat="46.396552" lon="16.016961"><ele>207.59</ele></trkpt>
      <trkpt lat="46.396615999999995" lon="16.017519"><ele>207.1</ele></trkpt>
      <trkpt lat="46.396699" lon="16.017903"><ele>207.06</ele></trkpt>
      <trkpt lat="46.396798999999994" lon="16.018577"><ele>206.98</ele></trkpt>
      <trkpt lat="46.396843999999994" lon="16.018933"><ele>206.87</ele></trkpt>
      <trkpt lat="46.396881" lon="16.019114"><ele>206.79</ele></trkpt>
      <trkpt lat="46.396946" lon="16.019266"><ele>206.72</ele></trkpt>
      <trkpt lat="46.397129" lon="16.019537"><ele>206.58</ele></trkpt>
      <trkpt lat="46.397769" lon="16.020417"><ele>205.95</ele></trkpt>
      <trkpt lat="46.398405" lon="16.021663999999998"><ele>205.54</ele></trkpt>
      <trkpt lat="46.399028" lon="16.022759999999998"><ele>205.87</ele></trkpt>
      <trkpt lat="46.399086999999994" lon="16.022885"><ele>205.93</ele></trkpt>
      <trkpt lat="46.39917" lon="16.02311"><ele>206.05</ele></trkpt>
      <trkpt lat="46.3994" lon="16.023912"><ele>206.2</ele></trkpt>
      <trkpt lat="46.39949" lon="16.024193999999998"><ele>206.33</ele></trkpt>
      <trkpt lat="46.399558" lon="16.024359999999998"><ele>206.85</ele></trkpt>
      <trkpt lat="46.399646999999995" lon="16.024542"><ele>207.34</ele></trkpt>
      <trkpt lat="46.399847" lon="16.024819"><ele>207.67</ele></trkpt>
      <trkpt lat="46.400132" lon="16.025161999999998"><ele>207.97</ele></trkpt>
      <trkpt lat="46.400586999999994" lon="16.025664"><ele>208</ele></trkpt>
      <trkpt lat="46.401284" lon="16.026407"><ele>207.85</ele></trkpt>
      <trkpt lat="46.401405" lon="16.026516"><ele>207.57</ele></trkpt>
      <trkpt lat="46.402128999999995" lon="16.026961"><ele>207.97</ele></trkpt>
      <trkpt lat="46.402224" lon="16.027034"><ele>208</ele></trkpt>
      <trkpt lat="46.402282" lon="16.027103"><ele>208</ele></trkpt>
      <trkpt lat="46.402311999999995" lon="16.027172"><ele>207.99</ele></trkpt>
      <trkpt lat="46.402328" lon="16.027264"><ele>207.94</ele></trkpt>
      <trkpt lat="46.402317" lon="16.027489"><ele>207.75</ele></trkpt>
      <trkpt lat="46.402212999999996" lon="16.028032"><ele>207.21</ele></trkpt>
      <trkpt lat="46.4022" lon="16.028285999999998"><ele>206.83</ele></trkpt>
      <trkpt lat="46.402206" lon="16.028449"><ele>206.52</ele></trkpt>
      <trkpt lat="46.402229999999996" lon="16.028631999999998"><ele>206.13</ele></trkpt>
      <trkpt lat="46.402608" lon="16.030312"><ele>204.33</ele></trkpt>
      <trkpt lat="46.402640999999996" lon="16.03049"><ele>204.14</ele></trkpt>
      <trkpt lat="46.402656" lon="16.030618"><ele>204.14</ele></trkpt>
      <trkpt lat="46.402660999999995" lon="16.030752"><ele>204.14</ele></trkpt>
      <trkpt lat="46.402649" lon="16.030867"><ele>204.17</ele></trkpt>
      <trkpt lat="46.402622" lon="16.030974999999998"><ele>204.22</ele></trkpt>
      <trkpt lat="46.402538" lon="16.031164999999998"><ele>204.28</ele></trkpt>
      <trkpt lat="46.402454" lon="16.031302"><ele>204.29</ele></trkpt>
      <trkpt lat="46.401753" lon="16.032276"><ele>203.66</ele></trkpt>
      <trkpt lat="46.401602999999994" lon="16.032514"><ele>203.57</ele></trkpt>
      <trkpt lat="46.401343" lon="16.032998"><ele>203.58</ele></trkpt>
      <trkpt lat="46.401061999999996" lon="16.0337"><ele>204.51</ele></trkpt>
      <trkpt lat="46.400741" lon="16.034534999999998"><ele>203.96</ele></trkpt>
      <trkpt lat="46.400693" lon="16.034695"><ele>203.88</ele></trkpt>
      <trkpt lat="46.400667" lon="16.034858"><ele>203.8</ele></trkpt>
      <trkpt lat="46.400666" lon="16.034983"><ele>203.76</ele></trkpt>
      <trkpt lat="46.4007" lon="16.035194"><ele>203.87</ele></trkpt>
      <trkpt lat="46.400732999999995" lon="16.035294"><ele>204.1</ele></trkpt>
      <trkpt lat="46.400811" lon="16.035449"><ele>204.27</ele></trkpt>
      <trkpt lat="46.400903" lon="16.03555"><ele>204.33</ele></trkpt>
      <trkpt lat="46.401081" lon="16.035705"><ele>204.83</ele></trkpt>
      <trkpt lat="46.40231" lon="16.036672"><ele>203.98</ele></trkpt>
      <trkpt lat="46.403492" lon="16.037618"><ele>202.43</ele></trkpt>
      <trkpt lat="46.403473999999996" lon="16.038253"><ele>202.5</ele></trkpt>
      <trkpt lat="46.403464" lon="16.03838"><ele>202.51</ele></trkpt>
      <trkpt lat="46.403476" lon="16.038453999999998"><ele>202.49</ele></trkpt>
      <trkpt lat="46.403181" lon="16.038949"><ele>202.35</ele></trkpt>
      <trkpt lat="46.402412999999996" lon="16.040399999999998"><ele>201.3</ele></trkpt>
      <trkpt lat="46.402162" lon="16.040655"><ele>201.1</ele></trkpt>
      <trkpt lat="46.402058" lon="16.040731"><ele>201.08</ele></trkpt>
      <trkpt lat="46.401917999999995" lon="16.040801"><ele>201.12</ele></trkpt>
      <trkpt lat="46.401514" lon="16.040965"><ele>201.13</ele></trkpt>
      <trkpt lat="46.401174999999995" lon="16.041128999999998"><ele>201.16</ele></trkpt>
      <trkpt lat="46.401025999999995" lon="16.041175"><ele>201.12</ele></trkpt>
      <trkpt lat="46.400908" lon="16.041231"><ele>201.17</ele></trkpt>
      <trkpt lat="46.400841" lon="16.041276"><ele>201.08</ele></trkpt>
      <trkpt lat="46.40077" lon="16.04137"><ele>200.1</ele></trkpt>
      <trkpt lat="46.400746999999996" lon="16.041424"><ele>199.94</ele></trkpt>
      <trkpt lat="46.400704999999995" lon="16.041608"><ele>200.43</ele></trkpt>
      <trkpt lat="46.400644" lon="16.042191"><ele>201.48</ele></trkpt>
      <trkpt lat="46.400562" lon="16.042811"><ele>201.64</ele></trkpt>
      <trkpt lat="46.400515" lon="16.043514"><ele>201.23</ele></trkpt>
      <trkpt lat="46.400510999999995" lon="16.044026"><ele>200.85</ele></trkpt>
      <trkpt lat="46.400487" lon="16.044653"><ele>200.94</ele></trkpt>
      <trkpt lat="46.400503" lon="16.045033999999998"><ele>201.14</ele></trkpt>
      <trkpt lat="46.40058" lon="16.045474"><ele>201.44</ele></trkpt>
      <trkpt lat="46.400611999999995" lon="16.04605"><ele>201.73</ele></trkpt>
      <trkpt lat="46.400655" lon="16.046542"><ele>201.44</ele></trkpt>
      <trkpt lat="46.400690999999995" lon="16.046825"><ele>201.16</ele></trkpt>
      <trkpt lat="46.40071" lon="16.047476"><ele>200.51</ele></trkpt>
      <trkpt lat="46.400729" lon="16.047731"><ele>200.43</ele></trkpt>
      <trkpt lat="46.400797" lon="16.048351"><ele>200.76</ele></trkpt>
      <trkpt lat="46.400850999999996" lon="16.049051"><ele>201.3</ele></trkpt>
      <trkpt lat="46.400904999999995" lon="16.049571"><ele>201.33</ele></trkpt>
      <trkpt lat="46.400980999999994" lon="16.050472"><ele>200.43</ele></trkpt>
      <trkpt lat="46.401016999999996" lon="16.051251"><ele>199.61</ele></trkpt>
      <trkpt lat="46.400957" lon="16.051534"><ele>199.02</ele></trkpt>
      <trkpt lat="46.400942" lon="16.051903"><ele>197.78</ele></trkpt>
      <trkpt lat="46.400940999999996" lon="16.052550999999998"><ele>198.58</ele></trkpt>
      <trkpt lat="46.401001" lon="16.052785999999998"><ele>199.17</ele></trkpt>
      <trkpt lat="46.401016" lon="16.052903999999998"><ele>199.26</ele></trkpt>
      <trkpt lat="46.401001" lon="16.053165"><ele>199.47</ele></trkpt>
      <trkpt lat="46.40085" lon="16.054581"><ele>200.18</ele></trkpt>
      <trkpt lat="46.400728" lon="16.055519999999998"><ele>199.97</ele></trkpt>
      <trkpt lat="46.400568" lon="16.056558"><ele>200.36</ele></trkpt>
      <trkpt lat="46.400498999999996" lon="16.056803"><ele>200.49</ele></trkpt>
      <trkpt lat="46.400258" lon="16.057754"><ele>200.48</ele></trkpt>
      <trkpt lat="46.400112" lon="16.058288"><ele>200.66</ele></trkpt>
      <trkpt lat="46.400026999999994" lon="16.058645"><ele>200.55</ele></trkpt>
      <trkpt lat="46.399983999999996" lon="16.058768999999998"><ele>200.49</ele></trkpt>
      <trkpt lat="46.399854" lon="16.059084"><ele>200.32</ele></trkpt>
      <trkpt lat="46.399588" lon="16.059943"><ele>199.97</ele></trkpt>
      <trkpt lat="46.399240999999996" lon="16.061132"><ele>200.22</ele></trkpt>
      <trkpt lat="46.399032" lon="16.061749"><ele>200.26</ele></trkpt>
      <trkpt lat="46.398786" lon="16.062580999999998"><ele>199.66</ele></trkpt>
      <trkpt lat="46.39837" lon="16.063937"><ele>200.36</ele></trkpt>
      <trkpt lat="46.398120999999996" lon="16.064785999999998"><ele>200.77</ele></trkpt>
      <trkpt lat="46.397934" lon="16.065310999999998"><ele>199.9</ele></trkpt>
      <trkpt lat="46.397504999999995" lon="16.066778"><ele>200.59</ele></trkpt>
      <trkpt lat="46.396985" lon="16.068384"><ele>200.03</ele></trkpt>
      <trkpt lat="46.396891" lon="16.068755"><ele>200.27</ele></trkpt>
      <trkpt lat="46.396812" lon="16.069191"><ele>200.31</ele></trkpt>
      <trkpt lat="46.396726" lon="16.069810999999998"><ele>200.54</ele></trkpt>
      <trkpt lat="46.396657" lon="16.069910999999998"><ele>200.24</ele></trkpt>
      <trkpt lat="46.396584999999995" lon="16.070049"><ele>200.21</ele></trkpt>
      <trkpt lat="46.396507" lon="16.070228999999998"><ele>200.34</ele></trkpt>
      <trkpt lat="46.396404" lon="16.070496"><ele>200.1</ele></trkpt>
      <trkpt lat="46.396308" lon="16.070804"><ele>200.1</ele></trkpt>
      <trkpt lat="46.396184999999996" lon="16.071244999999998"><ele>200.04</ele></trkpt>
      <trkpt lat="46.395921" lon="16.072368"><ele>199.71</ele></trkpt>
      <trkpt lat="46.395799" lon="16.072948"><ele>199.43</ele></trkpt>
      <trkpt lat="46.395584" lon="16.074133"><ele>199.38</ele></trkpt>
      <trkpt lat="46.395489999999995" lon="16.074707"><ele>199.47</ele></trkpt>
      <trkpt lat="46.395325" lon="16.075902"><ele>199.37</ele></trkpt>
      <trkpt lat="46.395254" lon="16.076708"><ele>198.9</ele></trkpt>
      <trkpt lat="46.395151999999996" lon="16.077444"><ele>198.06</ele></trkpt>
      <trkpt lat="46.395118" lon="16.077804"><ele>198.27</ele></trkpt>
      <trkpt lat="46.394999" lon="16.080226"><ele>197.97</ele></trkpt>
      <trkpt lat="46.394898" lon="16.086907999999998"><ele>196.82</ele></trkpt>
      <trkpt lat="46.394872" lon="16.088843"><ele>196.55</ele></trkpt>
      <trkpt lat="46.394898" lon="16.089404"><ele>196.56</ele></trkpt>
      <trkpt lat="46.394861" lon="16.090277999999998"><ele>196.53</ele></trkpt>
      <trkpt lat="46.394838" lon="16.092019999999998"><ele>196.87</ele></trkpt>
      <trkpt lat="46.394816999999996" lon="16.09504"><ele>196.69</ele></trkpt>
      <trkpt lat="46.394828" lon="16.096192"><ele>196.5</ele></trkpt>
      <trkpt lat="46.394808" lon="16.096814"><ele>196.43</ele></trkpt>
      <trkpt lat="46.394804" lon="16.098813"><ele>196.4</ele></trkpt>
      <trkpt lat="46.394813" lon="16.099353999999998"><ele>196.31</ele></trkpt>
      <trkpt lat="46.394839999999995" lon="16.099728"><ele>196.14</ele></trkpt>
      <trkpt lat="46.394889" lon="16.100088"><ele>195.67</ele></trkpt>
      <trkpt lat="46.394914" lon="16.100583999999998"><ele>195.1</ele></trkpt>
      <trkpt lat="46.394934" lon="16.100796"><ele>195.27</ele></trkpt>
      <trkpt lat="46.395021" lon="16.101482"><ele>195.5</ele></trkpt>
      <trkpt lat="46.395151999999996" lon="16.102428"><ele>195.54</ele></trkpt>
      <trkpt lat="46.395196" lon="16.103355"><ele>194.94</ele></trkpt>
      <trkpt lat="46.395267999999994" lon="16.104422"><ele>195.13</ele></trkpt>
      <trkpt lat="46.395292999999995" lon="16.104603"><ele>195.11</ele></trkpt>
      <trkpt lat="46.395326999999995" lon="16.104724"><ele>195.1</ele></trkpt>
      <trkpt lat="46.39537" lon="16.104815"><ele>195.09</ele></trkpt>
      <trkpt lat="46.395413" lon="16.104858"><ele>195.09</ele></trkpt>
      <trkpt lat="46.395503" lon="16.104922"><ele>195.08</ele></trkpt>
      <trkpt lat="46.395568999999995" lon="16.104947"><ele>195.08</ele></trkpt>
      <trkpt lat="46.395689999999995" lon="16.104966"><ele>195.05</ele></trkpt>
      <trkpt lat="46.396324" lon="16.105017"><ele>194.71</ele></trkpt>
      <trkpt lat="46.396854999999995" lon="16.105076"><ele>194.7</ele></trkpt>
      <trkpt lat="46.397875" lon="16.105225"><ele>194.74</ele></trkpt>
      <trkpt lat="46.398559" lon="16.105306"><ele>194.92</ele></trkpt>
      <trkpt lat="46.398644999999995" lon="16.10533"><ele>194.9</ele></trkpt>
      <trkpt lat="46.398706999999995" lon="16.105366"><ele>194.88</ele></trkpt>
      <trkpt lat="46.398773" lon="16.105428"><ele>194.84</ele></trkpt>
      <trkpt lat="46.398967" lon="16.105695"><ele>194.4</ele></trkpt>
      <trkpt lat="46.39906" lon="16.105764999999998"><ele>193.77</ele></trkpt>
      <trkpt lat="46.399243" lon="16.10589"><ele>193.64</ele></trkpt>
      <trkpt lat="46.399539" lon="16.106058"><ele>194.45</ele></trkpt>
      <trkpt lat="46.399632999999994" lon="16.106133"><ele>194.52</ele></trkpt>
      <trkpt lat="46.399808" lon="16.106303"><ele>194.56</ele></trkpt>
      <trkpt lat="46.400548" lon="16.107067"><ele>194.49</ele></trkpt>
      <trkpt lat="46.401128" lon="16.107719"><ele>194.23</ele></trkpt>
      <trkpt lat="46.401776" lon="16.108424"><ele>194</ele></trkpt>
      <trkpt lat="46.401854" lon="16.108487999999998"><ele>194</ele></trkpt>
      <trkpt lat="46.402376" lon="16.108721"><ele>194.84</ele></trkpt>
      <trkpt lat="46.403166999999996" lon="16.109013"><ele>194.26</ele></trkpt>
      <trkpt lat="46.404837" lon="16.109683999999998"><ele>194.47</ele></trkpt>
      <trkpt lat="46.406742" lon="16.110383"><ele>195.58</ele></trkpt>
      <trkpt lat="46.408069" lon="16.11091"><ele>195.04</ele></trkpt>
      <trkpt lat="46.408302" lon="16.110979"><ele>194.93</ele></trkpt>
      <trkpt lat="46.408462" lon="16.111012"><ele>194.7</ele></trkpt>
      <trkpt lat="46.408826999999995" lon="16.111071"><ele>194.17</ele></trkpt>
      <trkpt lat="46.409071" lon="16.111148999999997"><ele>194.01</ele></trkpt>
      <trkpt lat="46.409199" lon="16.111212"><ele>193.92</ele></trkpt>
      <trkpt lat="46.409299" lon="16.111283999999998"><ele>193.87</ele></trkpt>
      <trkpt lat="46.409437999999994" lon="16.111413"><ele>193.96</ele></trkpt>
      <trkpt lat="46.409490999999996" lon="16.111497"><ele>194</ele></trkpt>
      <trkpt lat="46.409437999999994" lon="16.111591999999998"><ele>193.99</ele></trkpt>
      <trkpt lat="46.409397999999996" lon="16.111694"><ele>194.02</ele></trkpt>
      <trkpt lat="46.409388" lon="16.11176"><ele>194.06</ele></trkpt>
      <trkpt lat="46.409414" lon="16.111936"><ele>194.06</ele></trkpt>
      <trkpt lat="46.409498" lon="16.112165"><ele>194.11</ele></trkpt>
      <trkpt lat="46.409575" lon="16.112315"><ele>194.27</ele></trkpt>
      <trkpt lat="46.409822" lon="16.112723"><ele>195.16</ele></trkpt>
      <trkpt lat="46.409848" lon="16.112787"><ele>195.53</ele></trkpt>
      <trkpt lat="46.409894" lon="16.11297"><ele>196.57</ele></trkpt>
      <trkpt lat="46.409909999999996" lon="16.113087"><ele>196.89</ele></trkpt>
      <trkpt lat="46.409934" lon="16.113483"><ele>196.97</ele></trkpt>
      <trkpt lat="46.409962" lon="16.114195"><ele>197</ele></trkpt>
      <trkpt lat="46.409983" lon="16.114390999999998"><ele>197</ele></trkpt>
      <trkpt lat="46.410126999999996" lon="16.115009999999998"><ele>197</ele></trkpt>
      <trkpt lat="46.41032" lon="16.116063"><ele>197.11</ele></trkpt>
      <trkpt lat="46.410356" lon="16.116232"><ele>197.2</ele></trkpt>
      <trkpt lat="46.410413" lon="16.116391"><ele>197.46</ele></trkpt>
      <trkpt lat="46.410441" lon="16.116426999999998"><ele>197.51</ele></trkpt>
      <trkpt lat="46.410478" lon="16.116455"><ele>197.56</ele></trkpt>
      <trkpt lat="46.410547" lon="16.116471999999998"><ele>197.66</ele></trkpt>
      <trkpt lat="46.410826" lon="16.11649"><ele>197.99</ele></trkpt>
      <trkpt lat="46.411502999999996" lon="16.1165"><ele>198.81</ele></trkpt>
      <trkpt lat="46.412057999999995" lon="16.116524"><ele>199.57</ele></trkpt>
      <trkpt lat="46.412188" lon="16.116546"><ele>199.71</ele></trkpt>
      <trkpt lat="46.412558" lon="16.116577"><ele>200.17</ele></trkpt>
      <trkpt lat="46.412653" lon="16.116609999999998"><ele>200.44</ele></trkpt>
      <trkpt lat="46.412734" lon="16.116673"><ele>200.86</ele></trkpt>
      <trkpt lat="46.412799" lon="16.116698"><ele>201.26</ele></trkpt>
      <trkpt lat="46.412819" lon="16.116761"><ele>201.59</ele></trkpt>
      <trkpt lat="46.412850999999996" lon="16.116804"><ele>201.87</ele></trkpt>
      <trkpt lat="46.412985" lon="16.116937"><ele>202.74</ele></trkpt>
      <trkpt lat="46.412771" lon="16.117312"><ele>203.96</ele></trkpt>
      <trkpt lat="46.412613" lon="16.11756"><ele>204.06</ele></trkpt>
      <trkpt lat="46.412351" lon="16.117924"><ele>205.55</ele></trkpt>
      <trkpt lat="46.411643" lon="16.118744"><ele>210.16</ele></trkpt>
      <trkpt lat="46.411466" lon="16.118987"><ele>212.13</ele></trkpt>
      <trkpt lat="46.411376" lon="16.119153"><ele>214.71</ele></trkpt>
      <trkpt lat="46.411213" lon="16.119529"><ele>217.13</ele></trkpt>
      <trkpt lat="46.410453" lon="16.121472"><ele>227.35</ele></trkpt>
      <trkpt lat="46.410153" lon="16.122289"><ele>229.16</ele></trkpt>
      <trkpt lat="46.409983999999994" lon="16.122840999999998"><ele>229.11</ele></trkpt>
      <trkpt lat="46.409805999999996" lon="16.123473"><ele>229.4</ele></trkpt>
      <trkpt lat="46.409589" lon="16.124274"><ele>229.24</ele></trkpt>
      <trkpt lat="46.409338999999996" lon="16.125245"><ele>228.79</ele></trkpt>
      <trkpt lat="46.409213" lon="16.125832"><ele>228.54</ele></trkpt>
      <trkpt lat="46.409012" lon="16.126873"><ele>227.88</ele></trkpt>
      <trkpt lat="46.408545" lon="16.129476"><ele>224.5</ele></trkpt>
      <trkpt lat="46.408387" lon="16.130437"><ele>223.92</ele></trkpt>
      <trkpt lat="46.408246" lon="16.130371"><ele>223.22</ele></trkpt>
      <trkpt lat="46.408211" lon="16.130361999999998"><ele>223.08</ele></trkpt>
      <trkpt lat="46.408172" lon="16.130367"><ele>222.89</ele></trkpt>
      <trkpt lat="46.408058999999994" lon="16.130429"><ele>222.56</ele></trkpt>
      <trkpt lat="46.407911999999996" lon="16.130551"><ele>221.82</ele></trkpt>
      <trkpt lat="46.407781" lon="16.130692"><ele>221.11</ele></trkpt>
      <trkpt lat="46.407196" lon="16.131427"><ele>218.18</ele></trkpt>
      <trkpt lat="46.407053" lon="16.131619"><ele>217.27</ele></trkpt>
      <trkpt lat="46.406817" lon="16.132023"><ele>215.18</ele></trkpt>
      <trkpt lat="46.406698" lon="16.132295"><ele>213.75</ele></trkpt>
      <trkpt lat="46.406628" lon="16.13253"><ele>212.38</ele></trkpt>
      <trkpt lat="46.406569999999995" lon="16.13282"><ele>210.73</ele></trkpt>
      <trkpt lat="46.406545" lon="16.133049"><ele>209.41</ele></trkpt>
      <trkpt lat="46.406541" lon="16.13325"><ele>208.31</ele></trkpt>
      <trkpt lat="46.406552" lon="16.133529"><ele>206.59</ele></trkpt>
      <trkpt lat="46.406597" lon="16.133979999999998"><ele>204.59</ele></trkpt>
      <trkpt lat="46.406780999999995" lon="16.135281"><ele>200.41</ele></trkpt>
      <trkpt lat="46.40706" lon="16.137107"><ele>195.66</ele></trkpt>
      <trkpt lat="46.407154" lon="16.137772"><ele>194.75</ele></trkpt>
      <trkpt lat="46.407258" lon="16.138738"><ele>197.13</ele></trkpt>
      <trkpt lat="46.407298999999995" lon="16.139028"><ele>199.62</ele></trkpt>
      <trkpt lat="46.407453" lon="16.139979"><ele>205.23</ele></trkpt>
      <trkpt lat="46.407466" lon="16.140311"><ele>206.9</ele></trkpt>
      <trkpt lat="46.407458" lon="16.140459"><ele>207.64</ele></trkpt>
      <trkpt lat="46.407378" lon="16.141291"><ele>211</ele></trkpt>
      <trkpt lat="46.407387" lon="16.141578"><ele>210.87</ele></trkpt>
      <trkpt lat="46.407433999999995" lon="16.141859"><ele>210.31</ele></trkpt>
      <trkpt lat="46.407578" lon="16.142457999999998"><ele>209.44</ele></trkpt>
      <trkpt lat="46.407624" lon="16.142754999999998"><ele>210.32</ele></trkpt>
      <trkpt lat="46.407636" lon="16.14296"><ele>210.51</ele></trkpt>
      <trkpt lat="46.407641" lon="16.14333"><ele>210.98</ele></trkpt>
      <trkpt lat="46.407629" lon="16.143612"><ele>210.94</ele></trkpt>
      <trkpt lat="46.407591" lon="16.143940999999998"><ele>210.86</ele></trkpt>
      <trkpt lat="46.407317" lon="16.145583"><ele>209.34</ele></trkpt>
      <trkpt lat="46.407267" lon="16.145934"><ele>209.47</ele></trkpt>
      <trkpt lat="46.407238" lon="16.146186999999998"><ele>210</ele></trkpt>
      <trkpt lat="46.407188999999995" lon="16.146978999999998"><ele>212.24</ele></trkpt>
      <trkpt lat="46.407154999999996" lon="16.147413"><ele>213.34</ele></trkpt>
      <trkpt lat="46.407132999999995" lon="16.14789"><ele>214.9</ele></trkpt>
      <trkpt lat="46.407163" lon="16.148884"><ele>216.36</ele></trkpt>
      <trkpt lat="46.407177999999995" lon="16.149109"><ele>216.55</ele></trkpt>
      <trkpt lat="46.407204" lon="16.149216"><ele>216.68</ele></trkpt>
      <trkpt lat="46.407288" lon="16.149465"><ele>216.2</ele></trkpt>
      <trkpt lat="46.407312999999995" lon="16.1496"><ele>215.96</ele></trkpt>
      <trkpt lat="46.407320999999996" lon="16.150363"><ele>213.35</ele></trkpt>
      <trkpt lat="46.407289" lon="16.150361"><ele>213.24</ele></trkpt>
      <trkpt lat="46.407261" lon="16.150382999999998"><ele>213.15</ele></trkpt>
      <trkpt lat="46.407241" lon="16.150444999999998"><ele>213.07</ele></trkpt>
      <trkpt lat="46.407249" lon="16.150495"><ele>213.11</ele></trkpt>
      <trkpt lat="46.407261" lon="16.150516"><ele>213.16</ele></trkpt>
      <trkpt lat="46.407294" lon="16.150538"><ele>213.26</ele></trkpt>
      <trkpt lat="46.407326999999995" lon="16.150531"><ele>213.38</ele></trkpt>
      <trkpt lat="46.407357999999995" lon="16.150489999999998"><ele>213.49</ele></trkpt>
      <trkpt lat="46.407416999999995" lon="16.150531"><ele>213.7</ele></trkpt>
      <trkpt lat="46.40842" lon="16.150781"><ele>215.31</ele></trkpt>
      <trkpt lat="46.408547" lon="16.150866999999998"><ele>215.8</ele></trkpt>
      <trkpt lat="46.408561" lon="16.150902"><ele>215.86</ele></trkpt>
      <trkpt lat="46.408583" lon="16.150925"><ele>215.93</ele></trkpt>
      <trkpt lat="46.408618" lon="16.151253999999998"><ele>216.04</ele></trkpt>
      <trkpt lat="46.408614" lon="16.152680999999998"><ele>215</ele></trkpt>
      <trkpt lat="46.408594" lon="16.153192"><ele>215.63</ele></trkpt>
      <trkpt lat="46.408539999999995" lon="16.153703"><ele>216.14</ele></trkpt>
      <trkpt lat="46.408245" lon="16.155782"><ele>214.06</ele></trkpt>
      <trkpt lat="46.408179" lon="16.156337"><ele>213.23</ele></trkpt>
      <trkpt lat="46.408161" lon="16.156684"><ele>213.26</ele></trkpt>
      <trkpt lat="46.408159999999995" lon="16.157025"><ele>213.3</ele></trkpt>
      <trkpt lat="46.408229999999996" lon="16.158955"><ele>214.94</ele></trkpt>
      <trkpt lat="46.408249999999995" lon="16.159187"><ele>215</ele></trkpt>
      <trkpt lat="46.408280999999995" lon="16.159401"><ele>215</ele></trkpt>
      <trkpt lat="46.408313" lon="16.159543"><ele>215</ele></trkpt>
      <trkpt lat="46.408035999999996" lon="16.159615"><ele>215</ele></trkpt>
      <trkpt lat="46.408125999999996" lon="16.160550999999998"><ele>215.25</ele></trkpt>
      <trkpt lat="46.408173" lon="16.160939"><ele>214.98</ele></trkpt>
      <trkpt lat="46.40822" lon="16.160968999999998"><ele>215.12</ele></trkpt>
      <trkpt lat="46.408273" lon="16.161485"><ele>214.89</ele></trkpt>
      <trkpt lat="46.408286" lon="16.161908"><ele>214.61</ele></trkpt>
      <trkpt lat="46.408282" lon="16.162005"><ele>214.56</ele></trkpt>
      <trkpt lat="46.408198999999996" lon="16.162005999999998"><ele>214.1</ele></trkpt>
      <trkpt lat="46.408162" lon="16.162744"><ele>213.43</ele></trkpt>
      <trkpt lat="46.408096" lon="16.162761"><ele>213.14</ele></trkpt>
      <trkpt lat="46.40804" lon="16.162817"><ele>212.8</ele></trkpt>
      <trkpt lat="46.408004" lon="16.162909"><ele>212.46</ele></trkpt>
      <trkpt lat="46.407906999999994" lon="16.163289"><ele>211.49</ele></trkpt>
      <trkpt lat="46.407469" lon="16.164816"><ele>208.85</ele></trkpt>
      <trkpt lat="46.407224" lon="16.165844"><ele>207.1</ele></trkpt>
      <trkpt lat="46.407067" lon="16.166418999999998"><ele>206.19</ele></trkpt>
      <trkpt lat="46.406932999999995" lon="16.166875"><ele>205.97</ele></trkpt>
      <trkpt lat="46.406762" lon="16.167308"><ele>205.87</ele></trkpt>
      <trkpt lat="46.406554" lon="16.167752"><ele>206.2</ele></trkpt>
      <trkpt lat="46.406039" lon="16.168968"><ele>206.41</ele></trkpt>
      <trkpt lat="46.405772999999996" lon="16.169551"><ele>205.91</ele></trkpt>
      <trkpt lat="46.405367" lon="16.170365999999998"><ele>204.35</ele></trkpt>
      <trkpt lat="46.405302" lon="16.170531"><ele>204.02</ele></trkpt>
      <trkpt lat="46.405294" lon="16.170621999999998"><ele>203.84</ele></trkpt>
      <trkpt lat="46.405325999999995" lon="16.170711"><ele>203.61</ele></trkpt>
      <trkpt lat="46.405077999999996" lon="16.170924"><ele>202.28</ele></trkpt>
      <trkpt lat="46.404716" lon="16.171203"><ele>200.44</ele></trkpt>
      <trkpt lat="46.404452" lon="16.171374999999998"><ele>199.5</ele></trkpt>
      <trkpt lat="46.404004" lon="16.171622"><ele>197.69</ele></trkpt>
      <trkpt lat="46.403498" lon="16.171851999999998"><ele>195.37</ele></trkpt>
      <trkpt lat="46.403355999999995" lon="16.171931999999998"><ele>194.79</ele></trkpt>
      <trkpt lat="46.403099999999995" lon="16.172128999999998"><ele>193.45</ele></trkpt>
      <trkpt lat="46.402774" lon="16.172492"><ele>192.97</ele></trkpt>
      <trkpt lat="46.402412" lon="16.173043"><ele>192.93</ele></trkpt>
      <trkpt lat="46.402229" lon="16.173289999999998"><ele>192.31</ele></trkpt>
      <trkpt lat="46.40202" lon="16.173493999999998"><ele>191.83</ele></trkpt>
      <trkpt lat="46.401939" lon="16.173555999999998"><ele>191.66</ele></trkpt>
      <trkpt lat="46.401826" lon="16.173623"><ele>191.43</ele></trkpt>
      <trkpt lat="46.401703999999995" lon="16.173676"><ele>191.19</ele></trkpt>
      <trkpt lat="46.401531" lon="16.173726"><ele>190.89</ele></trkpt>
      <trkpt lat="46.401398" lon="16.173741"><ele>190.7</ele></trkpt>
      <trkpt lat="46.401191999999995" lon="16.173734"><ele>190.5</ele></trkpt>
      <trkpt lat="46.400850999999996" lon="16.173628"><ele>190.53</ele></trkpt>
      <trkpt lat="46.400493999999995" lon="16.173493999999998"><ele>190</ele></trkpt>
      <trkpt lat="46.400473999999996" lon="16.173707"><ele>190.33</ele></trkpt>
      <trkpt lat="46.40049" lon="16.173864"><ele>190.59</ele></trkpt>
      <trkpt lat="46.400537" lon="16.174025"><ele>190.6</ele></trkpt>
      <trkpt lat="46.400597999999995" lon="16.174143"><ele>190.61</ele></trkpt>
      <trkpt lat="46.400667999999996" lon="16.174229999999998"><ele>190.67</ele></trkpt>
      <trkpt lat="46.400738" lon="16.174286"><ele>190.71</ele></trkpt>
      <trkpt lat="46.400824" lon="16.174321"><ele>190.77</ele></trkpt>
      <trkpt lat="46.400943999999996" lon="16.174339"><ele>190.83</ele></trkpt>
      <trkpt lat="46.401064999999996" lon="16.174311"><ele>190.84</ele></trkpt>
      <trkpt lat="46.401163" lon="16.174258"><ele>190.83</ele></trkpt>
      <trkpt lat="46.40144" lon="16.174061"><ele>190.77</ele></trkpt>
      <trkpt lat="46.401747" lon="16.173875"><ele>190.82</ele></trkpt>
      <trkpt lat="46.401923" lon="16.173793"><ele>190.81</ele></trkpt>
      <trkpt lat="46.402038999999995" lon="16.173771"><ele>190.81</ele></trkpt>
      <trkpt lat="46.402142" lon="16.173769"><ele>190.82</ele></trkpt>
      <trkpt lat="46.402372" lon="16.173788"><ele>190.88</ele></trkpt>
      <trkpt lat="46.40332" lon="16.174093"><ele>193.11</ele></trkpt>
      <trkpt lat="46.403797" lon="16.174201999999998"><ele>195.54</ele></trkpt>
      <trkpt lat="46.403991999999995" lon="16.17426"><ele>196.45</ele></trkpt>
      <trkpt lat="46.404171999999996" lon="16.174332"><ele>196.6</ele></trkpt>
      <trkpt lat="46.40412" lon="16.174775999999998"><ele>195.95</ele></trkpt>
      <trkpt lat="46.404089" lon="16.175228999999998"><ele>195.49</ele></trkpt>
      <trkpt lat="46.404097" lon="16.175445"><ele>195.28</ele></trkpt>
      <trkpt lat="46.404194" lon="16.176104"><ele>194.51</ele></trkpt>
      <trkpt lat="46.404198" lon="16.176285"><ele>194.24</ele></trkpt>
      <trkpt lat="46.404187" lon="16.176479"><ele>194.03</ele></trkpt>
      <trkpt lat="46.404115" lon="16.176655999999998"><ele>193.69</ele></trkpt>
      <trkpt lat="46.404042" lon="16.176793"><ele>193.32</ele></trkpt>
      <trkpt lat="46.403821" lon="16.177098"><ele>191.81</ele></trkpt>
      <trkpt lat="46.403698" lon="16.17729"><ele>191.69</ele></trkpt>
      <trkpt lat="46.403652" lon="16.177334"><ele>191.85</ele></trkpt>
      <trkpt lat="46.403448" lon="16.177598"><ele>191.98</ele></trkpt>
      <trkpt lat="46.403400999999995" lon="16.177685999999998"><ele>191.99</ele></trkpt>
      <trkpt lat="46.40338" lon="16.177843"><ele>192.01</ele></trkpt>
      <trkpt lat="46.403406" lon="16.17797"><ele>192.01</ele></trkpt>
      <trkpt lat="46.403442" lon="16.178096"><ele>192.06</ele></trkpt>
      <trkpt lat="46.403531" lon="16.178290999999998"><ele>192.67</ele></trkpt>
      <trkpt lat="46.403613" lon="16.178416"><ele>193.29</ele></trkpt>
      <trkpt lat="46.403236" lon="16.178988"><ele>193.28</ele></trkpt>
      <trkpt lat="46.403116999999995" lon="16.179143"><ele>192.9</ele></trkpt>
      <trkpt lat="46.402975999999995" lon="16.179285999999998"><ele>192.61</ele></trkpt>
      <trkpt lat="46.402877" lon="16.179364"><ele>192.43</ele></trkpt>
      <trkpt lat="46.402739" lon="16.179424"><ele>192.14</ele></trkpt>
      <trkpt lat="46.402660999999995" lon="16.179439"><ele>191.95</ele></trkpt>
      <trkpt lat="46.402226" lon="16.179406"><ele>190.76</ele></trkpt>
      <trkpt lat="46.40206" lon="16.179423"><ele>190.5</ele></trkpt>
      <trkpt lat="46.402001999999996" lon="16.179444"><ele>190.42</ele></trkpt>
      <trkpt lat="46.401886" lon="16.179517999999998"><ele>190.22</ele></trkpt>
      <trkpt lat="46.40175" lon="16.179662999999998"><ele>190.23</ele></trkpt>
      <trkpt lat="46.401554" lon="16.179883"><ele>190.06</ele></trkpt>
      <trkpt lat="46.401447999999995" lon="16.179984"><ele>190.03</ele></trkpt>
      <trkpt lat="46.401137999999996" lon="16.180201999999998"><ele>190</ele></trkpt>
      <trkpt lat="46.400973" lon="16.180335"><ele>190</ele></trkpt>
      <trkpt lat="46.400855" lon="16.180452"><ele>190</ele></trkpt>
      <trkpt lat="46.400337" lon="16.181069"><ele>190</ele></trkpt>
      <trkpt lat="46.400092" lon="16.181378"><ele>190</ele></trkpt>
      <trkpt lat="46.399899999999995" lon="16.181653"><ele>190</ele></trkpt>
      <trkpt lat="46.399785" lon="16.181841"><ele>190</ele></trkpt>
      <trkpt lat="46.399533" lon="16.182354"><ele>189.95</ele></trkpt>
      <trkpt lat="46.399452" lon="16.182624"><ele>189.93</ele></trkpt>
      <trkpt lat="46.399421" lon="16.182790999999998"><ele>189.89</ele></trkpt>
      <trkpt lat="46.399401999999995" lon="16.182951"><ele>189.84</ele></trkpt>
      <trkpt lat="46.399392" lon="16.183138"><ele>189.76</ele></trkpt>
      <trkpt lat="46.399398" lon="16.183567"><ele>189.55</ele></trkpt>
      <trkpt lat="46.399392999999996" lon="16.183694"><ele>189.48</ele></trkpt>
      <trkpt lat="46.399355" lon="16.184161"><ele>189.26</ele></trkpt>
      <trkpt lat="46.399297999999995" lon="16.184652"><ele>189</ele></trkpt>
      <trkpt lat="46.399271" lon="16.184828"><ele>189</ele></trkpt>
      <trkpt lat="46.399224" lon="16.185021"><ele>189</ele></trkpt>
      <trkpt lat="46.399214" lon="16.185122"><ele>189</ele></trkpt>
      <trkpt lat="46.399232" lon="16.185228"><ele>189</ele></trkpt>
      <trkpt lat="46.399259" lon="16.185297"><ele>189</ele></trkpt>
      <trkpt lat="46.399301" lon="16.185364"><ele>189</ele></trkpt>
      <trkpt lat="46.39935" lon="16.185411"><ele>189</ele></trkpt>
      <trkpt lat="46.399815" lon="16.185639"><ele>189.14</ele></trkpt>
      <trkpt lat="46.399977" lon="16.185729"><ele>189.22</ele></trkpt>
      <trkpt lat="46.400104999999996" lon="16.185812"><ele>189.39</ele></trkpt>
      <trkpt lat="46.400191" lon="16.185893999999998"><ele>189.68</ele></trkpt>
      <trkpt lat="46.400247" lon="16.185971"><ele>189.89</ele></trkpt>
      <trkpt lat="46.40029" lon="16.186072"><ele>190.24</ele></trkpt>
      <trkpt lat="46.400304999999996" lon="16.18626"><ele>190.66</ele></trkpt>
      <trkpt lat="46.400304" lon="16.186346"><ele>190.69</ele></trkpt>
      <trkpt lat="46.400293999999995" lon="16.186455"><ele>190.74</ele></trkpt>
      <trkpt lat="46.400245999999996" lon="16.186697"><ele>190.85</ele></trkpt>
      <trkpt lat="46.400217999999995" lon="16.186884"><ele>190.94</ele></trkpt>
      <trkpt lat="46.400206999999995" lon="16.187064"><ele>190.98</ele></trkpt>
      <trkpt lat="46.400217999999995" lon="16.187255999999998"><ele>191.01</ele></trkpt>
      <trkpt lat="46.400244" lon="16.187405"><ele>190.94</ele></trkpt>
      <trkpt lat="46.400290999999996" lon="16.187576"><ele>191.36</ele></trkpt>
      <trkpt lat="46.400439999999996" lon="16.187979"><ele>193.69</ele></trkpt>
      <trkpt lat="46.400544" lon="16.188347999999998"><ele>194.75</ele></trkpt>
      <trkpt lat="46.400562" lon="16.188482"><ele>194.42</ele></trkpt>
      <trkpt lat="46.40056" lon="16.188591"><ele>193.81</ele></trkpt>
      <trkpt lat="46.400529999999996" lon="16.188798"><ele>192.79</ele></trkpt>
      <trkpt lat="46.400464" lon="16.189108"><ele>191.41</ele></trkpt>
      <trkpt lat="46.400414" lon="16.189394999999998"><ele>191.14</ele></trkpt>
      <trkpt lat="46.400408" lon="16.189594"><ele>191.69</ele></trkpt>
      <trkpt lat="46.400442999999996" lon="16.189975999999998"><ele>192.83</ele></trkpt>
      <trkpt lat="46.400461" lon="16.190518"><ele>192.91</ele></trkpt>
      <trkpt lat="46.400493" lon="16.190776"><ele>192.74</ele></trkpt>
      <trkpt lat="46.400498" lon="16.190906"><ele>192.59</ele></trkpt>
      <trkpt lat="46.400475" lon="16.191036999999998"><ele>192.39</ele></trkpt>
      <trkpt lat="46.400445999999995" lon="16.191105999999998"><ele>192.25</ele></trkpt>
      <trkpt lat="46.400366" lon="16.191235"><ele>191.89</ele></trkpt>
      <trkpt lat="46.400347" lon="16.191318"><ele>191.69</ele></trkpt>
      <trkpt lat="46.400347" lon="16.191504"><ele>191.24</ele></trkpt>
      <trkpt lat="46.400383999999995" lon="16.191907999999998"><ele>190.25</ele></trkpt>
      <trkpt lat="46.400392" lon="16.192085"><ele>190.18</ele></trkpt>
      <trkpt lat="46.400385" lon="16.192657"><ele>189.94</ele></trkpt>
      <trkpt lat="46.39947" lon="16.192711"><ele>188.14</ele></trkpt>
      <trkpt lat="46.399316999999996" lon="16.19274"><ele>188</ele></trkpt>
      <trkpt lat="46.399296" lon="16.192753"><ele>188</ele></trkpt>
      <trkpt lat="46.399274999999996" lon="16.192788"><ele>188.02</ele></trkpt>
      <trkpt lat="46.399122999999996" lon="16.193407"><ele>188.65</ele></trkpt>
      <trkpt lat="46.399063" lon="16.193856999999998"><ele>188.81</ele></trkpt>
      <trkpt lat="46.398976999999995" lon="16.194765999999998"><ele>188.95</ele></trkpt>
      <trkpt lat="46.39895" lon="16.194841999999998"><ele>188.98</ele></trkpt>
      <trkpt lat="46.398812" lon="16.195087"><ele>189.04</ele></trkpt>
      <trkpt lat="46.398737999999994" lon="16.195263999999998"><ele>189.05</ele></trkpt>
      <trkpt lat="46.398630999999995" lon="16.195543"><ele>189.1</ele></trkpt>
      <trkpt lat="46.398401" lon="16.196217"><ele>189.18</ele></trkpt>
      <trkpt lat="46.398286999999996" lon="16.196469999999998"><ele>189.54</ele></trkpt>
      <trkpt lat="46.398057" lon="16.196794999999998"><ele>188.21</ele></trkpt>
      <trkpt lat="46.397931" lon="16.196991"><ele>188</ele></trkpt>
      <trkpt lat="46.397926" lon="16.197369"><ele>188</ele></trkpt>
      <trkpt lat="46.397977999999995" lon="16.197722"><ele>188</ele></trkpt>
      <trkpt lat="46.397974" lon="16.197801"><ele>188</ele></trkpt>
      <trkpt lat="46.397945" lon="16.197893999999998"><ele>188</ele></trkpt>
      <trkpt lat="46.397875" lon="16.197981"><ele>188</ele></trkpt>
      <trkpt lat="46.397774999999996" lon="16.198024999999998"><ele>188.01</ele></trkpt>
      <trkpt lat="46.397599" lon="16.198058"><ele>188.01</ele></trkpt>
      <trkpt lat="46.397299" lon="16.198079"><ele>188.02</ele></trkpt>
      <trkpt lat="46.397166999999996" lon="16.198100999999998"><ele>188</ele></trkpt>
      <trkpt lat="46.39712" lon="16.198168"><ele>188</ele></trkpt>
      <trkpt lat="46.397081" lon="16.198273999999998"><ele>188</ele></trkpt>
      <trkpt lat="46.397045" lon="16.198574999999998"><ele>188</ele></trkpt>
      <trkpt lat="46.396845" lon="16.199869"><ele>187.9</ele></trkpt>
      <trkpt lat="46.396809" lon="16.200039999999998"><ele>187.85</ele></trkpt>
      <trkpt lat="46.396784" lon="16.200107"><ele>187.83</ele></trkpt>
      <trkpt lat="46.396754" lon="16.200143999999998"><ele>187.82</ele></trkpt>
      <trkpt lat="46.396704" lon="16.200172"><ele>187.81</ele></trkpt>
      <trkpt lat="46.395973999999995" lon="16.200167999999998"><ele>187.5</ele></trkpt>
      <trkpt lat="46.39575" lon="16.20019"><ele>187.47</ele></trkpt>
      <trkpt lat="46.395689999999995" lon="16.200219"><ele>187.45</ele></trkpt>
      <trkpt lat="46.395646" lon="16.200269"><ele>187.4</ele></trkpt>
      <trkpt lat="46.395599999999995" lon="16.200352"><ele>187.24</ele></trkpt>
      <trkpt lat="46.395558" lon="16.200469"><ele>187.06</ele></trkpt>
      <trkpt lat="46.395512" lon="16.200647"><ele>187</ele></trkpt>
      <trkpt lat="46.395423" lon="16.201134"><ele>187</ele></trkpt>
      <trkpt lat="46.395173" lon="16.201756"><ele>187</ele></trkpt>
      <trkpt lat="46.395117" lon="16.201963"><ele>187</ele></trkpt>
      <trkpt lat="46.395114" lon="16.202188"><ele>187</ele></trkpt>
      <trkpt lat="46.395157999999995" lon="16.20246"><ele>187</ele></trkpt>
      <trkpt lat="46.395162" lon="16.202524"><ele>187</ele></trkpt>
      <trkpt lat="46.395154999999995" lon="16.202623"><ele>187</ele></trkpt>
      <trkpt lat="46.395137" lon="16.202702"><ele>187</ele></trkpt>
      <trkpt lat="46.395108" lon="16.202783"><ele>187</ele></trkpt>
      <trkpt lat="46.395024" lon="16.202952"><ele>187</ele></trkpt>
      <trkpt lat="46.394914" lon="16.203203"><ele>187</ele></trkpt>
      <trkpt lat="46.394712" lon="16.20374"><ele>187</ele></trkpt>
      <trkpt lat="46.394635" lon="16.203903999999998"><ele>187</ele></trkpt>
      <trkpt lat="46.394326" lon="16.204223"><ele>187</ele></trkpt>
      <trkpt lat="46.394199" lon="16.204335999999998"><ele>187</ele></trkpt>
      <trkpt lat="46.394085999999994" lon="16.20439"><ele>187</ele></trkpt>
      <trkpt lat="46.393896999999996" lon="16.204347"><ele>186.92</ele></trkpt>
      <trkpt lat="46.393347999999996" lon="16.204141"><ele>186.95</ele></trkpt>
      <trkpt lat="46.393153999999996" lon="16.204031999999998"><ele>186.97</ele></trkpt>
      <trkpt lat="46.393017" lon="16.20393"><ele>186.95</ele></trkpt>
      <trkpt lat="46.392941" lon="16.203894"><ele>186.92</ele></trkpt>
      <trkpt lat="46.392831" lon="16.203862"><ele>186.9</ele></trkpt>
      <trkpt lat="46.392669999999995" lon="16.203875"><ele>186.88</ele></trkpt>
      <trkpt lat="46.392326" lon="16.204000999999998"><ele>186.87</ele></trkpt>
      <trkpt lat="46.391853999999995" lon="16.20403"><ele>186.88</ele></trkpt>
      <trkpt lat="46.391611999999995" lon="16.204092"><ele>186.93</ele></trkpt>
      <trkpt lat="46.39112" lon="16.204276"><ele>187</ele></trkpt>
      <trkpt lat="46.390713" lon="16.204355"><ele>187</ele></trkpt>
      <trkpt lat="46.390681" lon="16.204406"><ele>186.99</ele></trkpt>
      <trkpt lat="46.390678" lon="16.204454"><ele>186.94</ele></trkpt>
      <trkpt lat="46.39074" lon="16.204663"><ele>186.88</ele></trkpt>
      <trkpt lat="46.390840999999995" lon="16.204943"><ele>186.69</ele></trkpt>
      <trkpt lat="46.391096" lon="16.205524"><ele>186.3</ele></trkpt>
      <trkpt lat="46.391467" lon="16.206452"><ele>186</ele></trkpt>
      <trkpt lat="46.391771999999996" lon="16.207137"><ele>186</ele></trkpt>
      <trkpt lat="46.392164" lon="16.207985"><ele>186</ele></trkpt>
      <trkpt lat="46.392292" lon="16.20824"><ele>186</ele></trkpt>
      <trkpt lat="46.392429" lon="16.208464"><ele>186</ele></trkpt>
      <trkpt lat="46.39246" lon="16.208544"><ele>186</ele></trkpt>
      <trkpt lat="46.392478" lon="16.208614"><ele>186</ele></trkpt>
      <trkpt lat="46.392489" lon="16.208765"><ele>186</ele></trkpt>
      <trkpt lat="46.392466999999996" lon="16.20892"><ele>186</ele></trkpt>
      <trkpt lat="46.392266" lon="16.209833"><ele>186</ele></trkpt>
      <trkpt lat="46.392192" lon="16.210212"><ele>186</ele></trkpt>
      <trkpt lat="46.392167" lon="16.210321"><ele>186</ele></trkpt>
      <trkpt lat="46.392136" lon="16.210396"><ele>186</ele></trkpt>
      <trkpt lat="46.392081999999995" lon="16.210473"><ele>186</ele></trkpt>
      <trkpt lat="46.392013" lon="16.210521"><ele>186</ele></trkpt>
      <trkpt lat="46.391678" lon="16.210642"><ele>186</ele></trkpt>
      <trkpt lat="46.391627" lon="16.210669"><ele>186</ele></trkpt>
      <trkpt lat="46.39159" lon="16.21072"><ele>186</ele></trkpt>
      <trkpt lat="46.391312" lon="16.211571"><ele>186</ele></trkpt>
      <trkpt lat="46.390974" lon="16.212547"><ele>186</ele></trkpt>
      <trkpt lat="46.390737" lon="16.213145"><ele>186</ele></trkpt>
      <trkpt lat="46.390547" lon="16.213670999999998"><ele>186</ele></trkpt>
      <trkpt lat="46.390502" lon="16.213756999999998"><ele>186</ele></trkpt>
      <trkpt lat="46.390471999999995" lon="16.213794"><ele>186</ele></trkpt>
      <trkpt lat="46.390432999999994" lon="16.213819"><ele>186</ele></trkpt>
      <trkpt lat="46.390373" lon="16.213839"><ele>186</ele></trkpt>
      <trkpt lat="46.390282" lon="16.213898999999998"><ele>186</ele></trkpt>
      <trkpt lat="46.390071" lon="16.214145"><ele>186</ele></trkpt>
      <trkpt lat="46.390031" lon="16.214205"><ele>185.99</ele></trkpt>
      <trkpt lat="46.389996" lon="16.214323999999998"><ele>186</ele></trkpt>
      <trkpt lat="46.389992" lon="16.214555999999998"><ele>186</ele></trkpt>
      <trkpt lat="46.389958" lon="16.215035999999998"><ele>186</ele></trkpt>
      <trkpt lat="46.389949" lon="16.215372"><ele>186</ele></trkpt>
      <trkpt lat="46.389950999999996" lon="16.215958"><ele>186</ele></trkpt>
      <trkpt lat="46.389944" lon="16.216157"><ele>186</ele></trkpt>
      <trkpt lat="46.389922999999996" lon="16.216516"><ele>186</ele></trkpt>
      <trkpt lat="46.389835999999995" lon="16.217541999999998"><ele>185.25</ele></trkpt>
      <trkpt lat="46.389835" lon="16.218208999999998"><ele>185.04</ele></trkpt>
      <trkpt lat="46.389855999999995" lon="16.218439"><ele>185</ele></trkpt>
      <trkpt lat="46.389904" lon="16.218609"><ele>185</ele></trkpt>
      <trkpt lat="46.389996" lon="16.218743"><ele>185</ele></trkpt>
      <trkpt lat="46.390145" lon="16.218887"><ele>185</ele></trkpt>
      <trkpt lat="46.390431" lon="16.219087"><ele>185</ele></trkpt>
      <trkpt lat="46.390715" lon="16.219343"><ele>185</ele></trkpt>
      <trkpt lat="46.390882" lon="16.219473"><ele>185</ele></trkpt>
      <trkpt lat="46.391106" lon="16.219607"><ele>185.02</ele></trkpt>
      <trkpt lat="46.391394999999996" lon="16.219805"><ele>185.23</ele></trkpt>
      <trkpt lat="46.391487" lon="16.219889"><ele>185.27</ele></trkpt>
      <trkpt lat="46.391566" lon="16.21998"><ele>185.29</ele></trkpt>
      <trkpt lat="46.391616" lon="16.220055"><ele>185.29</ele></trkpt>
      <trkpt lat="46.391656" lon="16.22019"><ele>185.29</ele></trkpt>
      <trkpt lat="46.391656999999995" lon="16.220337999999998"><ele>185.29</ele></trkpt>
      <trkpt lat="46.391636999999996" lon="16.220553"><ele>185.29</ele></trkpt>
      <trkpt lat="46.391582" lon="16.220917999999998"><ele>185.29</ele></trkpt>
      <trkpt lat="46.391321999999995" lon="16.223011"><ele>185</ele></trkpt>
      <trkpt lat="46.391276999999995" lon="16.223351"><ele>185</ele></trkpt>
      <trkpt lat="46.391152" lon="16.224093"><ele>184.95</ele></trkpt>
      <trkpt lat="46.391101" lon="16.224442"><ele>184.86</ele></trkpt>
      <trkpt lat="46.391044" lon="16.224930999999998"><ele>184.81</ele></trkpt>
      <trkpt lat="46.391" lon="16.22511"><ele>184.77</ele></trkpt>
      <trkpt lat="46.390943" lon="16.225251"><ele>184.72</ele></trkpt>
      <trkpt lat="46.390907" lon="16.225321"><ele>184.69</ele></trkpt>
      <trkpt lat="46.390794" lon="16.225482"><ele>184.73</ele></trkpt>
      <trkpt lat="46.390732" lon="16.225606"><ele>184.96</ele></trkpt>
      <trkpt lat="46.390718" lon="16.225662"><ele>185</ele></trkpt>
      <trkpt lat="46.390712" lon="16.225772"><ele>185</ele></trkpt>
      <trkpt lat="46.390682999999996" lon="16.225922999999998"><ele>185</ele></trkpt>
      <trkpt lat="46.390654" lon="16.226184"><ele>185</ele></trkpt>
      <trkpt lat="46.390677" lon="16.226350999999998"><ele>185</ele></trkpt>
      <trkpt lat="46.390747999999995" lon="16.226658999999998"><ele>184.88</ele></trkpt>
      <trkpt lat="46.390758999999996" lon="16.226772999999998"><ele>184.82</ele></trkpt>
      <trkpt lat="46.390754" lon="16.226927"><ele>184.75</ele></trkpt>
      <trkpt lat="46.390589" lon="16.228320999999998"><ele>184.15</ele></trkpt>
      <trkpt lat="46.390536" lon="16.229017"><ele>184</ele></trkpt>
      <trkpt lat="46.390429" lon="16.230233"><ele>183.9</ele></trkpt>
      <trkpt lat="46.390398999999995" lon="16.231764"><ele>183.99</ele></trkpt>
      <trkpt lat="46.390208" lon="16.237641"><ele>183.44</ele></trkpt>
      <trkpt lat="46.390225" lon="16.23827"><ele>183.33</ele></trkpt>
      <trkpt lat="46.390113" lon="16.241604"><ele>183.67</ele></trkpt>
      <trkpt lat="46.390113" lon="16.241604"><ele>183.67</ele></trkpt>
      <trkpt lat="46.390009" lon="16.24391"><ele>183.03</ele></trkpt>
      <trkpt lat="46.389967" lon="16.245404"><ele>182.88</ele></trkpt>
      <trkpt lat="46.389637" lon="16.255831"><ele>183</ele></trkpt>
      <trkpt lat="46.389621999999996" lon="16.256028999999998"><ele>183</ele></trkpt>
      <trkpt lat="46.389587999999996" lon="16.256252"><ele>183</ele></trkpt>
      <trkpt lat="46.389497999999996" lon="16.256608"><ele>183</ele></trkpt>
      <trkpt lat="46.389499" lon="16.256705999999998"><ele>183</ele></trkpt>
      <trkpt lat="46.389497" lon="16.256785999999998"><ele>183</ele></trkpt>
      <trkpt lat="46.389615" lon="16.25678"><ele>183</ele></trkpt>
      <trkpt lat="46.389745" lon="16.256788999999998"><ele>183</ele></trkpt>
      <trkpt lat="46.389876" lon="16.256829"><ele>183</ele></trkpt>
      <trkpt lat="46.390142" lon="16.256975999999998"><ele>183</ele></trkpt>
      <trkpt lat="46.390254" lon="16.257075"><ele>183</ele></trkpt>
      <trkpt lat="46.390533999999995" lon="16.257395"><ele>183</ele></trkpt>
      <trkpt lat="46.390705999999994" lon="16.257521999999998"><ele>183</ele></trkpt>
      <trkpt lat="46.390961" lon="16.257679"><ele>183</ele></trkpt>
      <trkpt lat="46.391341" lon="16.257951"><ele>183</ele></trkpt>
      <trkpt lat="46.391551" lon="16.258046999999998"><ele>183</ele></trkpt>
      <trkpt lat="46.392291" lon="16.258274"><ele>183</ele></trkpt>
      <trkpt lat="46.392691" lon="16.258416"><ele>183</ele></trkpt>
      <trkpt lat="46.393060999999996" lon="16.258551"><ele>183</ele></trkpt>
      <trkpt lat="46.393235" lon="16.258571"><ele>183</ele></trkpt>
      <trkpt lat="46.393414" lon="16.258558999999998"><ele>183.01</ele></trkpt>
      <trkpt lat="46.393527999999996" lon="16.258537"><ele>183.05</ele></trkpt>
      <trkpt lat="46.393637" lon="16.258511"><ele>183.1</ele></trkpt>
      <trkpt lat="46.393753" lon="16.258464999999998"><ele>183.18</ele></trkpt>
      <trkpt lat="46.39387" lon="16.258382"><ele>183.28</ele></trkpt>
      <trkpt lat="46.393927999999995" lon="16.258302"><ele>183.34</ele></trkpt>
      <trkpt lat="46.393982" lon="16.258208"><ele>183.4</ele></trkpt>
      <trkpt lat="46.394107" lon="16.257863999999998"><ele>183.6</ele></trkpt>
      <trkpt lat="46.394175999999995" lon="16.25772"><ele>183.69</ele></trkpt>
      <trkpt lat="46.394273" lon="16.257583999999998"><ele>183.79</ele></trkpt>
      <trkpt lat="46.394358999999994" lon="16.257514999999998"><ele>183.88</ele></trkpt>
      <trkpt lat="46.394445" lon="16.257473"><ele>183.96</ele></trkpt>
      <trkpt lat="46.394548" lon="16.257448"><ele>184.06</ele></trkpt>
      <trkpt lat="46.39468" lon="16.257451"><ele>184.18</ele></trkpt>
      <trkpt lat="46.39487" lon="16.257493"><ele>184.34</ele></trkpt>
      <trkpt lat="46.395272" lon="16.257649999999998"><ele>184.81</ele></trkpt>
      <trkpt lat="46.395598" lon="16.257817"><ele>185.34</ele></trkpt>
      <trkpt lat="46.395678" lon="16.257877"><ele>185.44</ele></trkpt>
      <trkpt lat="46.395787999999996" lon="16.25798"><ele>185.64</ele></trkpt>
      <trkpt lat="46.395956999999996" lon="16.258207"><ele>185.76</ele></trkpt>
      <trkpt lat="46.39638" lon="16.258618"><ele>185</ele></trkpt>
      <trkpt lat="46.396499" lon="16.258671"><ele>185</ele></trkpt>
      <trkpt lat="46.396561999999996" lon="16.258672999999998"><ele>185</ele></trkpt>
      <trkpt lat="46.396909" lon="16.258575"><ele>185.19</ele></trkpt>
      <trkpt lat="46.397019" lon="16.258591"><ele>185.57</ele></trkpt>
      <trkpt lat="46.397054" lon="16.258501"><ele>185.85</ele></trkpt>
      <trkpt lat="46.3972" lon="16.258359"><ele>186.15</ele></trkpt>
      <trkpt lat="46.397248" lon="16.258347"><ele>186.19</ele></trkpt>
      <trkpt lat="46.397331" lon="16.258399999999998"><ele>186.44</ele></trkpt>
      <trkpt lat="46.397051999999995" lon="16.259283"><ele>186.69</ele></trkpt>
      <trkpt lat="46.396932" lon="16.259717"><ele>186.91</ele></trkpt>
      <trkpt lat="46.396871" lon="16.259985999999998"><ele>186.43</ele></trkpt>
      <trkpt lat="46.39684" lon="16.260202"><ele>186.34</ele></trkpt>
      <trkpt lat="46.39671" lon="16.261667"><ele>186.53</ele></trkpt>
      <trkpt lat="46.396662" lon="16.262082"><ele>186.28</ele></trkpt>
      <trkpt lat="46.396547" lon="16.262719"><ele>185.86</ele></trkpt>
      <trkpt lat="46.396339" lon="16.263578"><ele>184.82</ele></trkpt>
      <trkpt lat="46.396231" lon="16.264138"><ele>184.37</ele></trkpt>
      <trkpt lat="46.396198999999996" lon="16.264609"><ele>184</ele></trkpt>
      <trkpt lat="46.39619" lon="16.264997"><ele>184.2</ele></trkpt>
      <trkpt lat="46.396194" lon="16.265259"><ele>184.25</ele></trkpt>
      <trkpt lat="46.39629" lon="16.266728999999998"><ele>184.42</ele></trkpt>
      <trkpt lat="46.396288999999996" lon="16.26692"><ele>184.5</ele></trkpt>
      <trkpt lat="46.396282" lon="16.26711"><ele>184.57</ele></trkpt>
      <trkpt lat="46.39619" lon="16.268134"><ele>184.32</ele></trkpt>
      <trkpt lat="46.396131999999994" lon="16.269451999999998"><ele>184.93</ele></trkpt>
      <trkpt lat="46.396097999999995" lon="16.269851"><ele>184.93</ele></trkpt>
      <trkpt lat="46.396043999999996" lon="16.270118"><ele>184.94</ele></trkpt>
      <trkpt lat="46.396001999999996" lon="16.270267"><ele>184.95</ele></trkpt>
      <trkpt lat="46.395922999999996" lon="16.270488999999998"><ele>185</ele></trkpt>
      <trkpt lat="46.395851" lon="16.27065"><ele>185</ele></trkpt>
      <trkpt lat="46.395748999999995" lon="16.270830999999998"><ele>185</ele></trkpt>
      <trkpt lat="46.395671" lon="16.270951999999998"><ele>185</ele></trkpt>
      <trkpt lat="46.395573" lon="16.271079"><ele>185</ele></trkpt>
      <trkpt lat="46.395275999999996" lon="16.271423"><ele>184.6</ele></trkpt>
      <trkpt lat="46.395185" lon="16.271548"><ele>184.57</ele></trkpt>
      <trkpt lat="46.39507" lon="16.271760999999998"><ele>184.45</ele></trkpt>
      <trkpt lat="46.394994" lon="16.271936"><ele>184.34</ele></trkpt>
      <trkpt lat="46.394953" lon="16.27207"><ele>184.3</ele></trkpt>
      <trkpt lat="46.394576" lon="16.273457"><ele>183.21</ele></trkpt>
      <trkpt lat="46.394521999999995" lon="16.273684"><ele>184</ele></trkpt>
      <trkpt lat="46.392393" lon="16.272956999999998"><ele>183</ele></trkpt>
      <trkpt lat="46.392120999999996" lon="16.272873"><ele>183</ele></trkpt>
      <trkpt lat="46.391659999999995" lon="16.272762"><ele>182.93</ele></trkpt>
      <trkpt lat="46.391569999999994" lon="16.272771"><ele>182.97</ele></trkpt>
      <trkpt lat="46.390916" lon="16.272973"><ele>183</ele></trkpt>
      <trkpt lat="46.39055" lon="16.273075"><ele>183.04</ele></trkpt>
      <trkpt lat="46.390167999999996" lon="16.273218"><ele>183.17</ele></trkpt>
      <trkpt lat="46.389384" lon="16.273536"><ele>183.94</ele></trkpt>
      <trkpt lat="46.388911" lon="16.27354"><ele>183.06</ele></trkpt>
      <trkpt lat="46.388863" lon="16.275228"><ele>182.78</ele></trkpt>
      <trkpt lat="46.388703" lon="16.276156"><ele>182.43</ele></trkpt>
      <trkpt lat="46.388667999999996" lon="16.276758"><ele>182.22</ele></trkpt>
      <trkpt lat="46.3886" lon="16.279099"><ele>182.18</ele></trkpt>
      <trkpt lat="46.388605" lon="16.27923"><ele>182.21</ele></trkpt>
      <trkpt lat="46.388580999999995" lon="16.279545"><ele>182.28</ele></trkpt>
      <trkpt lat="46.388524" lon="16.280673999999998"><ele>182.43</ele></trkpt>
      <trkpt lat="46.388518999999995" lon="16.281236"><ele>182.31</ele></trkpt>
      <trkpt lat="46.388486" lon="16.282178"><ele>182.07</ele></trkpt>
      <trkpt lat="46.388462" lon="16.282505999999998"><ele>181.97</ele></trkpt>
      <trkpt lat="46.388456999999995" lon="16.282818"><ele>181.87</ele></trkpt>
      <trkpt lat="46.388425999999995" lon="16.283521"><ele>181.65</ele></trkpt>
      <trkpt lat="46.388431" lon="16.283792"><ele>181.58</ele></trkpt>
      <trkpt lat="46.388425999999995" lon="16.283984999999998"><ele>181.53</ele></trkpt>
      <trkpt lat="46.388397999999995" lon="16.284378999999998"><ele>181.44</ele></trkpt>
      <trkpt lat="46.388382" lon="16.284911"><ele>181.36</ele></trkpt>
      <trkpt lat="46.388385" lon="16.285536999999998"><ele>181.34</ele></trkpt>
      <trkpt lat="46.388469" lon="16.286447"><ele>181.37</ele></trkpt>
      <trkpt lat="46.388528" lon="16.286858"><ele>181.17</ele></trkpt>
      <trkpt lat="46.388543999999996" lon="16.287126"><ele>181.05</ele></trkpt>
      <trkpt lat="46.388542" lon="16.287229"><ele>180.99</ele></trkpt>
      <trkpt lat="46.38849" lon="16.287696999999998"><ele>180.29</ele></trkpt>
      <trkpt lat="46.388445" lon="16.287947"><ele>180.24</ele></trkpt>
      <trkpt lat="46.388431999999995" lon="16.288159999999998"><ele>180.37</ele></trkpt>
      <trkpt lat="46.388441" lon="16.288284"><ele>180.6</ele></trkpt>
      <trkpt lat="46.388484" lon="16.288375"><ele>180.74</ele></trkpt>
      <trkpt lat="46.388563" lon="16.288442"><ele>181.07</ele></trkpt>
      <trkpt lat="46.388646" lon="16.288489"><ele>181.36</ele></trkpt>
      <trkpt lat="46.38856" lon="16.288719"><ele>181.04</ele></trkpt>
      <trkpt lat="46.388256999999996" lon="16.289651"><ele>180.32</ele></trkpt>
      <trkpt lat="46.388062" lon="16.290293"><ele>180.06</ele></trkpt>
      <trkpt lat="46.387783" lon="16.291361"><ele>179.91</ele></trkpt>
      <trkpt lat="46.387722" lon="16.291553"><ele>179.88</ele></trkpt>
      <trkpt lat="46.387648" lon="16.291743"><ele>179.84</ele></trkpt>
      <trkpt lat="46.387553" lon="16.291949"><ele>179.81</ele></trkpt>
      <trkpt lat="46.387305" lon="16.292334"><ele>179.79</ele></trkpt>
      <trkpt lat="46.386612" lon="16.29321"><ele>179.54</ele></trkpt>
      <trkpt lat="46.386466999999996" lon="16.293425"><ele>179.41</ele></trkpt>
      <trkpt lat="46.386198" lon="16.293884"><ele>179.19</ele></trkpt>
      <trkpt lat="46.386074" lon="16.294138"><ele>179.13</ele></trkpt>
      <trkpt lat="46.385991999999995" lon="16.294338"><ele>179.09</ele></trkpt>
      <trkpt lat="46.385931" lon="16.294538"><ele>179.03</ele></trkpt>
      <trkpt lat="46.385901999999994" lon="16.294684"><ele>178.99</ele></trkpt>
      <trkpt lat="46.38588" lon="16.294863"><ele>178.93</ele></trkpt>
      <trkpt lat="46.385870999999995" lon="16.29516"><ele>178.83</ele></trkpt>
      <trkpt lat="46.385908" lon="16.296039"><ele>178.66</ele></trkpt>
      <trkpt lat="46.385903" lon="16.296343"><ele>178.66</ele></trkpt>
      <trkpt lat="46.385861999999996" lon="16.29712"><ele>178.84</ele></trkpt>
      <trkpt lat="46.385858" lon="16.297369"><ele>178.94</ele></trkpt>
      <trkpt lat="46.385866" lon="16.297605"><ele>179.03</ele></trkpt>
      <trkpt lat="46.385881" lon="16.297795999999998"><ele>179.1</ele></trkpt>
      <trkpt lat="46.385937" lon="16.298191"><ele>179.25</ele></trkpt>
      <trkpt lat="46.38628" lon="16.299803999999998"><ele>179.18</ele></trkpt>
      <trkpt lat="46.386733" lon="16.301851"><ele>180</ele></trkpt>
      <trkpt lat="46.386984999999996" lon="16.303038"><ele>178.93</ele></trkpt>
      <trkpt lat="46.387018999999995" lon="16.30325"><ele>178.78</ele></trkpt>
      <trkpt lat="46.387032999999995" lon="16.303395"><ele>178.53</ele></trkpt>
      <trkpt lat="46.387040999999996" lon="16.303552"><ele>178.17</ele></trkpt>
      <trkpt lat="46.387035" lon="16.303753999999998"><ele>177.83</ele></trkpt>
      <trkpt lat="46.386952" lon="16.304886"><ele>178.97</ele></trkpt>
      <trkpt lat="46.386803" lon="16.305509"><ele>179</ele></trkpt>
      <trkpt lat="46.386672" lon="16.305998"><ele>178.99</ele></trkpt>
      <trkpt lat="46.386624999999995" lon="16.306103"><ele>178.99</ele></trkpt>
      <trkpt lat="46.386562999999995" lon="16.306214999999998"><ele>178.99</ele></trkpt>
      <trkpt lat="46.38648" lon="16.30634"><ele>178.98</ele></trkpt>
      <trkpt lat="46.386362999999996" lon="16.306473999999998"><ele>178.94</ele></trkpt>
      <trkpt lat="46.386184" lon="16.306584"><ele>178.74</ele></trkpt>
      <trkpt lat="46.385808999999995" lon="16.306786"><ele>177.9</ele></trkpt>
      <trkpt lat="46.385729" lon="16.306845"><ele>177.82</ele></trkpt>
      <trkpt lat="46.385494" lon="16.30706"><ele>177.81</ele></trkpt>
      <trkpt lat="46.385301999999996" lon="16.307207"><ele>177.51</ele></trkpt>
      <trkpt lat="46.385165" lon="16.307292999999998"><ele>177.36</ele></trkpt>
      <trkpt lat="46.385034" lon="16.307358"><ele>177.26</ele></trkpt>
      <trkpt lat="46.384898" lon="16.307409"><ele>177.15</ele></trkpt>
      <trkpt lat="46.384778999999995" lon="16.307436"><ele>177.08</ele></trkpt>
      <trkpt lat="46.384564999999995" lon="16.307429"><ele>176.95</ele></trkpt>
      <trkpt lat="46.384029" lon="16.307322"><ele>176.92</ele></trkpt>
      <trkpt lat="46.38341" lon="16.307213"><ele>177</ele></trkpt>
      <trkpt lat="46.383185" lon="16.307187"><ele>177</ele></trkpt>
      <trkpt lat="46.382965" lon="16.307185999999998"><ele>176.98</ele></trkpt>
      <trkpt lat="46.38288" lon="16.307202999999998"><ele>176.98</ele></trkpt>
      <trkpt lat="46.382749" lon="16.307258"><ele>176.97</ele></trkpt>
      <trkpt lat="46.382633" lon="16.30735"><ele>176.95</ele></trkpt>
      <trkpt lat="46.382585999999996" lon="16.307422"><ele>176.93</ele></trkpt>
      <trkpt lat="46.382535999999995" lon="16.307520999999998"><ele>176.85</ele></trkpt>
      <trkpt lat="46.382501999999995" lon="16.307626"><ele>176.55</ele></trkpt>
      <trkpt lat="46.382470999999995" lon="16.307821999999998"><ele>176.14</ele></trkpt>
      <trkpt lat="46.382433" lon="16.308154"><ele>176</ele></trkpt>
      <trkpt lat="46.382405999999996" lon="16.308491999999998"><ele>176</ele></trkpt>
      <trkpt lat="46.382352" lon="16.308889999999998"><ele>176</ele></trkpt>
      <trkpt lat="46.382169" lon="16.309706"><ele>175.78</ele></trkpt>
      <trkpt lat="46.381971" lon="16.310351999999998"><ele>175.3</ele></trkpt>
      <trkpt lat="46.380806" lon="16.313161"><ele>175</ele></trkpt>
      <trkpt lat="46.380717999999995" lon="16.313467"><ele>175</ele></trkpt>
      <trkpt lat="46.380541" lon="16.314147"><ele>175</ele></trkpt>
      <trkpt lat="46.380407999999996" lon="16.314854999999998"><ele>175</ele></trkpt>
      <trkpt lat="46.380368999999995" lon="16.31522"><ele>175</ele></trkpt>
      <trkpt lat="46.380368" lon="16.315469"><ele>175</ele></trkpt>
      <trkpt lat="46.380379" lon="16.315583"><ele>175</ele></trkpt>
      <trkpt lat="46.380418" lon="16.31577"><ele>175</ele></trkpt>
      <trkpt lat="46.380601" lon="16.316275"><ele>175</ele></trkpt>
      <trkpt lat="46.380648" lon="16.316464"><ele>175</ele></trkpt>
      <trkpt lat="46.380662" lon="16.316632"><ele>175</ele></trkpt>
      <trkpt lat="46.380635999999996" lon="16.317028999999998"><ele>175</ele></trkpt>
      <trkpt lat="46.380537" lon="16.317989"><ele>175</ele></trkpt>
      <trkpt lat="46.380268" lon="16.320256999999998"><ele>175</ele></trkpt>
      <trkpt lat="46.38017" lon="16.320838"><ele>175</ele></trkpt>
      <trkpt lat="46.380047" lon="16.321130999999998"><ele>175</ele></trkpt>
      <trkpt lat="46.379855" lon="16.321416"><ele>175</ele></trkpt>
      <trkpt lat="46.379455" lon="16.321747"><ele>175</ele></trkpt>
      <trkpt lat="46.378909" lon="16.322112"><ele>175</ele></trkpt>
      <trkpt lat="46.377466999999996" lon="16.323038"><ele>175</ele></trkpt>
      <trkpt lat="46.376565" lon="16.323643"><ele>175</ele></trkpt>
      <trkpt lat="46.37637" lon="16.323818"><ele>175</ele></trkpt>
      <trkpt lat="46.376183999999995" lon="16.324015"><ele>175</ele></trkpt>
      <trkpt lat="46.376165" lon="16.323885999999998"><ele>175</ele></trkpt>
      <trkpt lat="46.376115999999996" lon="16.323883"><ele>175</ele></trkpt>
      <trkpt lat="46.376051" lon="16.323899"><ele>175</ele></trkpt>
      <trkpt lat="46.37592" lon="16.324018"><ele>175</ele></trkpt>
      <trkpt lat="46.375575999999995" lon="16.324249"><ele>175</ele></trkpt>
      <trkpt lat="46.375509" lon="16.324308"><ele>175</ele></trkpt>
      <trkpt lat="46.375409999999995" lon="16.324483999999998"><ele>175</ele></trkpt>
      <trkpt lat="46.375307" lon="16.32474"><ele>175</ele></trkpt>
      <trkpt lat="46.375212" lon="16.324879"><ele>175</ele></trkpt>
      <trkpt lat="46.375018999999995" lon="16.325070999999998"><ele>175</ele></trkpt>
      <trkpt lat="46.374818" lon="16.325198999999998"><ele>175</ele></trkpt>
      <trkpt lat="46.374748" lon="16.325262"><ele>175</ele></trkpt>
      <trkpt lat="46.374283" lon="16.325751999999998"><ele>175</ele></trkpt>
      <trkpt lat="46.374164" lon="16.325893"><ele>175</ele></trkpt>
      <trkpt lat="46.37377" lon="16.326431"><ele>175</ele></trkpt>
      <trkpt lat="46.37365" lon="16.32657"><ele>175</ele></trkpt>
      <trkpt lat="46.373497" lon="16.326665"><ele>175</ele></trkpt>
      <trkpt lat="46.373359" lon="16.326734"><ele>175</ele></trkpt>
      <trkpt lat="46.37331" lon="16.32678"><ele>175</ele></trkpt>
      <trkpt lat="46.373262" lon="16.32685"><ele>175</ele></trkpt>
      <trkpt lat="46.373101" lon="16.327179"><ele>175</ele></trkpt>
      <trkpt lat="46.373065" lon="16.327526"><ele>175</ele></trkpt>
      <trkpt lat="46.372997999999995" lon="16.327897999999998"><ele>174.99</ele></trkpt>
      <trkpt lat="46.372934" lon="16.3281"><ele>174.96</ele></trkpt>
      <trkpt lat="46.372828" lon="16.328356"><ele>174.92</ele></trkpt>
      <trkpt lat="46.371587" lon="16.330797999999998"><ele>174.08</ele></trkpt>
      <trkpt lat="46.370867" lon="16.332036"><ele>174</ele></trkpt>
      <trkpt lat="46.370442" lon="16.332826999999998"><ele>174</ele></trkpt>
      <trkpt lat="46.370051" lon="16.33347"><ele>173.95</ele></trkpt>
      <trkpt lat="46.369844" lon="16.333727"><ele>173.82</ele></trkpt>
      <trkpt lat="46.369627" lon="16.333935"><ele>173.88</ele></trkpt>
      <trkpt lat="46.369284" lon="16.334179"><ele>173.75</ele></trkpt>
      <trkpt lat="46.369105999999995" lon="16.33438"><ele>173.18</ele></trkpt>
      <trkpt lat="46.369144" lon="16.334595999999998"><ele>173.05</ele></trkpt>
      <trkpt lat="46.369291999999994" lon="16.335165"><ele>173.01</ele></trkpt>
      <trkpt lat="46.369521" lon="16.335770999999998"><ele>173</ele></trkpt>
      <trkpt lat="46.369831" lon="16.336177"><ele>173</ele></trkpt>
      <trkpt lat="46.369735" lon="16.336304"><ele>173</ele></trkpt>
      <trkpt lat="46.368812999999996" lon="16.336924"><ele>172.17</ele></trkpt>
      <trkpt lat="46.368207" lon="16.337346999999998"><ele>172</ele></trkpt>
      <trkpt lat="46.367838" lon="16.337448"><ele>172</ele></trkpt>
      <trkpt lat="46.367613999999996" lon="16.337487"><ele>172</ele></trkpt>
      <trkpt lat="46.367295999999996" lon="16.3375"><ele>172</ele></trkpt>
      <trkpt lat="46.367101999999996" lon="16.337495"><ele>172</ele></trkpt>
      <trkpt lat="46.366838" lon="16.337428"><ele>172</ele></trkpt>
      <trkpt lat="46.366493999999996" lon="16.337237"><ele>172</ele></trkpt>
      <trkpt lat="46.366234" lon="16.337111999999998"><ele>172</ele></trkpt>
      <trkpt lat="46.365885999999996" lon="16.336907999999998"><ele>172</ele></trkpt>
      <trkpt lat="46.365545999999995" lon="16.336548999999998"><ele>172</ele></trkpt>
      <trkpt lat="46.365334" lon="16.336256"><ele>172</ele></trkpt>
      <trkpt lat="46.365091" lon="16.335867999999998"><ele>172.02</ele></trkpt>
      <trkpt lat="46.365002" lon="16.335808"><ele>172.04</ele></trkpt>
      <trkpt lat="46.364886999999996" lon="16.335770999999998"><ele>172.07</ele></trkpt>
      <trkpt lat="46.364691" lon="16.335808"><ele>172.14</ele></trkpt>
      <trkpt lat="46.363530999999995" lon="16.336133999999998"><ele>172.94</ele></trkpt>
      <trkpt lat="46.363479999999996" lon="16.33603"><ele>172.98</ele></trkpt>
      <trkpt lat="46.363292" lon="16.33525"><ele>173</ele></trkpt>
      <trkpt lat="46.363271" lon="16.335038"><ele>173</ele></trkpt>
      <trkpt lat="46.36329" lon="16.334858999999998"><ele>173</ele></trkpt>
      <trkpt lat="46.363444" lon="16.334322"><ele>173</ele></trkpt>
      <trkpt lat="46.363496999999995" lon="16.334009"><ele>173</ele></trkpt>
      <trkpt lat="46.363566999999996" lon="16.333097"><ele>173</ele></trkpt>
      <trkpt lat="46.363569999999996" lon="16.33272"><ele>173</ele></trkpt>
      <trkpt lat="46.363532" lon="16.33222"><ele>173.01</ele></trkpt>
      <trkpt lat="46.363353" lon="16.330741"><ele>173.53</ele></trkpt>
      <trkpt lat="46.363338" lon="16.330489"><ele>173.8</ele></trkpt>
      <trkpt lat="46.36331" lon="16.330330999999997"><ele>173.99</ele></trkpt>
      <trkpt lat="46.363247" lon="16.330219"><ele>174</ele></trkpt>
      <trkpt lat="46.363116" lon="16.330182"><ele>174</ele></trkpt>
      <trkpt lat="46.36305" lon="16.33015"><ele>174</ele></trkpt>
      <trkpt lat="46.36297" lon="16.32999"><ele>174</ele></trkpt>
      <trkpt lat="46.362973" lon="16.329803"><ele>174</ele></trkpt>
      <trkpt lat="46.363009" lon="16.329636999999998"><ele>174</ele></trkpt>
      <trkpt lat="46.36302" lon="16.329480999999998"><ele>174</ele></trkpt>
      <trkpt lat="46.363001" lon="16.329311999999998"><ele>174</ele></trkpt>
      <trkpt lat="46.3628" lon="16.32882"><ele>174</ele></trkpt>
      <trkpt lat="46.36279" lon="16.32873"><ele>174</ele></trkpt>
      <trkpt lat="46.36279" lon="16.32863"><ele>174</ele></trkpt>
      <trkpt lat="46.362829999999995" lon="16.32845"><ele>174</ele></trkpt>
      <trkpt lat="46.362938" lon="16.328219999999998"><ele>174</ele></trkpt>
      <trkpt lat="46.36298" lon="16.32801"><ele>174</ele></trkpt>
      <trkpt lat="46.36297" lon="16.32773"><ele>174</ele></trkpt>
      <trkpt lat="46.362848" lon="16.327130999999998"><ele>174</ele></trkpt>
      <trkpt lat="46.362795999999996" lon="16.326968"><ele>174</ele></trkpt>
      <trkpt lat="46.362631" lon="16.326657"><ele>174</ele></trkpt>
      <trkpt lat="46.362507" lon="16.326551"><ele>174</ele></trkpt>
      <trkpt lat="46.362165" lon="16.326415"><ele>174</ele></trkpt>
      <trkpt lat="46.361940999999995" lon="16.326278"><ele>174</ele></trkpt>
      <trkpt lat="46.361805" lon="16.326117"><ele>174</ele></trkpt>
      <trkpt lat="46.361703999999996" lon="16.326082"><ele>174</ele></trkpt>
      <trkpt lat="46.36125" lon="16.326092"><ele>174</ele></trkpt>
      <trkpt lat="46.360889" lon="16.326176"><ele>173.99</ele></trkpt>
      <trkpt lat="46.360825999999996" lon="16.326227"><ele>173.98</ele></trkpt>
      <trkpt lat="46.360673999999996" lon="16.326321"><ele>173.94</ele></trkpt>
      <trkpt lat="46.36043" lon="16.3266"><ele>173.79</ele></trkpt>
      <trkpt lat="46.359947999999996" lon="16.327523"><ele>173</ele></trkpt>
      <trkpt lat="46.35986" lon="16.327712"><ele>173</ele></trkpt>
      <trkpt lat="46.35976" lon="16.327994999999998"><ele>173</ele></trkpt>
      <trkpt lat="46.35951" lon="16.32857"><ele>173</ele></trkpt>
      <trkpt lat="46.35942" lon="16.32884"><ele>173</ele></trkpt>
      <trkpt lat="46.359393" lon="16.329116"><ele>173</ele></trkpt>
      <trkpt lat="46.359379999999994" lon="16.32937"><ele>173</ele></trkpt>
      <trkpt lat="46.3593" lon="16.32962"><ele>173</ele></trkpt>
      <trkpt lat="46.359218" lon="16.329788999999998"><ele>173</ele></trkpt>
      <trkpt lat="46.359133" lon="16.329912999999998"><ele>173</ele></trkpt>
      <trkpt lat="46.358906999999995" lon="16.330116999999998"><ele>173</ele></trkpt>
      <trkpt lat="46.358759" lon="16.330227"><ele>173</ele></trkpt>
      <trkpt lat="46.35867" lon="16.330323"><ele>173</ele></trkpt>
      <trkpt lat="46.358616" lon="16.330406"><ele>173</ele></trkpt>
      <trkpt lat="46.35836" lon="16.33088"><ele>173</ele></trkpt>
      <trkpt lat="46.35826" lon="16.33117"><ele>173</ele></trkpt>
      <trkpt lat="46.358233" lon="16.331281"><ele>173</ele></trkpt>
      <trkpt lat="46.358222" lon="16.331466"><ele>173</ele></trkpt>
      <trkpt lat="46.3582" lon="16.33165"><ele>173</ele></trkpt>
      <trkpt lat="46.358146999999995" lon="16.331906"><ele>173</ele></trkpt>
      <trkpt lat="46.35808" lon="16.33209"><ele>173</ele></trkpt>
      <trkpt lat="46.357912999999996" lon="16.332289"><ele>173</ele></trkpt>
      <trkpt lat="46.357741999999995" lon="16.332445"><ele>173</ele></trkpt>
      <trkpt lat="46.357609" lon="16.33267"><ele>173</ele></trkpt>
      <trkpt lat="46.357546" lon="16.332745"><ele>173</ele></trkpt>
      <trkpt lat="46.357465" lon="16.332866"><ele>173</ele></trkpt>
      <trkpt lat="46.3574" lon="16.332983"><ele>173</ele></trkpt>
      <trkpt lat="46.35726" lon="16.33328"><ele>173</ele></trkpt>
      <trkpt lat="46.357171" lon="16.333375"><ele>173</ele></trkpt>
      <trkpt lat="46.357096999999996" lon="16.333508"><ele>173</ele></trkpt>
      <trkpt lat="46.356874" lon="16.333617999999998"><ele>173</ele></trkpt>
      <trkpt lat="46.356798999999995" lon="16.333707"><ele>173</ele></trkpt>
      <trkpt lat="46.35658" lon="16.33391"><ele>173</ele></trkpt>
      <trkpt lat="46.356525999999995" lon="16.333947"><ele>173</ele></trkpt>
      <trkpt lat="46.356463" lon="16.333968"><ele>173</ele></trkpt>
      <trkpt lat="46.355806" lon="16.333963"><ele>173</ele></trkpt>
      <trkpt lat="46.355722" lon="16.333954"><ele>173</ele></trkpt>
      <trkpt lat="46.355608" lon="16.333911999999998"><ele>173</ele></trkpt>
      <trkpt lat="46.354890999999995" lon="16.333596"><ele>173</ele></trkpt>
      <trkpt lat="46.354690999999995" lon="16.333517999999998"><ele>173</ele></trkpt>
      <trkpt lat="46.353992999999996" lon="16.333299999999998"><ele>173</ele></trkpt>
      <trkpt lat="46.353679" lon="16.333251999999998"><ele>173</ele></trkpt>
      <trkpt lat="46.353577" lon="16.333251999999998"><ele>172.98</ele></trkpt>
      <trkpt lat="46.353252999999995" lon="16.333354"><ele>172.83</ele></trkpt>
      <trkpt lat="46.353052999999996" lon="16.333358999999998"><ele>172.69</ele></trkpt>
      <trkpt lat="46.352671" lon="16.333424"><ele>172.4</ele></trkpt>
      <trkpt lat="46.352517999999996" lon="16.333467"><ele>172.29</ele></trkpt>
      <trkpt lat="46.352002999999996" lon="16.333571"><ele>172.02</ele></trkpt>
      <trkpt lat="46.351845999999995" lon="16.333614"><ele>172</ele></trkpt>
      <trkpt lat="46.351652" lon="16.333641"><ele>172</ele></trkpt>
      <trkpt lat="46.351369" lon="16.333622"><ele>172</ele></trkpt>
      <trkpt lat="46.35093" lon="16.333689"><ele>172</ele></trkpt>
      <trkpt lat="46.350707" lon="16.333705"><ele>172</ele></trkpt>
      <trkpt lat="46.350457" lon="16.3337"><ele>172</ele></trkpt>
      <trkpt lat="46.350013" lon="16.33366"><ele>172</ele></trkpt>
      <trkpt lat="46.349333" lon="16.333668"><ele>172</ele></trkpt>
      <trkpt lat="46.349253999999995" lon="16.333716"><ele>172</ele></trkpt>
      <trkpt lat="46.349183" lon="16.333835"><ele>172</ele></trkpt>
      <trkpt lat="46.349139" lon="16.334062"><ele>172</ele></trkpt>
      <trkpt lat="46.349129999999995" lon="16.334231"><ele>172</ele></trkpt>
      <trkpt lat="46.349104999999994" lon="16.334319999999998"><ele>172</ele></trkpt>
      <trkpt lat="46.349013" lon="16.334488999999998"><ele>172</ele></trkpt>
      <trkpt lat="46.348915" lon="16.334575"><ele>172</ele></trkpt>
      <trkpt lat="46.348543" lon="16.334842"><ele>172</ele></trkpt>
      <trkpt lat="46.348216" lon="16.335356"><ele>172</ele></trkpt>
      <trkpt lat="46.348189999999995" lon="16.335459999999998"><ele>172</ele></trkpt>
      <trkpt lat="46.348279999999995" lon="16.33607"><ele>172</ele></trkpt>
      <trkpt lat="46.348284" lon="16.336251"><ele>171.97</ele></trkpt>
      <trkpt lat="46.34827" lon="16.33637"><ele>171.94</ele></trkpt>
      <trkpt lat="46.348223999999995" lon="16.336492"><ele>171.9</ele></trkpt>
      <trkpt lat="46.348082999999995" lon="16.336669"><ele>171.81</ele></trkpt>
      <trkpt lat="46.347491" lon="16.337643"><ele>171.06</ele></trkpt>
      <trkpt lat="46.347319999999996" lon="16.337889999999998"><ele>171</ele></trkpt>
      <trkpt lat="46.347262" lon="16.338093999999998"><ele>171</ele></trkpt>
      <trkpt lat="46.347182" lon="16.338445"><ele>171</ele></trkpt>
      <trkpt lat="46.347139" lon="16.338777999999998"><ele>171</ele></trkpt>
      <trkpt lat="46.347088" lon="16.339101"><ele>171</ele></trkpt>
      <trkpt lat="46.347091999999996" lon="16.339277"><ele>171</ele></trkpt>
      <trkpt lat="46.347082" lon="16.339553"><ele>171</ele></trkpt>
      <trkpt lat="46.347024" lon="16.339835"><ele>171</ele></trkpt>
      <trkpt lat="46.346872999999995" lon="16.340161"><ele>171</ele></trkpt>
      <trkpt lat="46.346879" lon="16.340224"><ele>171</ele></trkpt>
      <trkpt lat="46.346985" lon="16.340387"><ele>171</ele></trkpt>
      <trkpt lat="46.347259" lon="16.340602"><ele>171</ele></trkpt>
      <trkpt lat="46.348592" lon="16.341825"><ele>171</ele></trkpt>
      <trkpt lat="46.349087999999995" lon="16.342254"><ele>171</ele></trkpt>
      <trkpt lat="46.350666" lon="16.34367"><ele>171.34</ele></trkpt>
      <trkpt lat="46.351406" lon="16.344292"><ele>171.56</ele></trkpt>
      <trkpt lat="46.352168999999996" lon="16.345053999999998"><ele>171.79</ele></trkpt>
      <trkpt lat="46.35341" lon="16.346225999999998"><ele>171.99</ele></trkpt>
      <trkpt lat="46.35422" lon="16.346953"><ele>172</ele></trkpt>
      <trkpt lat="46.354377" lon="16.34707"><ele>172</ele></trkpt>
      <trkpt lat="46.354529" lon="16.34712"><ele>172</ele></trkpt>
      <trkpt lat="46.354693" lon="16.347092"><ele>172</ele></trkpt>
      <trkpt lat="46.354914" lon="16.347009"><ele>172</ele></trkpt>
      <trkpt lat="46.355042999999995" lon="16.347048"><ele>172</ele></trkpt>
      <trkpt lat="46.355134" lon="16.347113999999998"><ele>172</ele></trkpt>
      <trkpt lat="46.355360999999995" lon="16.347307"><ele>172</ele></trkpt>
      <trkpt lat="46.355596999999996" lon="16.347575"><ele>172</ele></trkpt>
      <trkpt lat="46.356012" lon="16.347972"><ele>172</ele></trkpt>
      <trkpt lat="46.356451" lon="16.348416"><ele>172</ele></trkpt>
      <trkpt lat="46.356842" lon="16.348775"><ele>172</ele></trkpt>
      <trkpt lat="46.356946" lon="16.348906"><ele>172</ele></trkpt>
      <trkpt lat="46.355829" lon="16.35045"><ele>172</ele></trkpt>
      <trkpt lat="46.353352" lon="16.353801999999998"><ele>172</ele></trkpt>
      <trkpt lat="46.352799" lon="16.354592"><ele>171.94</ele></trkpt>
      <trkpt lat="46.348873" lon="16.360017"><ele>171</ele></trkpt>
      <trkpt lat="46.34795" lon="16.361318"><ele>171</ele></trkpt>
      <trkpt lat="46.347891" lon="16.361428999999998"><ele>171</ele></trkpt>
      <trkpt lat="46.347854" lon="16.361522"><ele>171</ele></trkpt>
      <trkpt lat="46.347328999999995" lon="16.361425"><ele>171</ele></trkpt>
      <trkpt lat="46.347009" lon="16.361409"><ele>171</ele></trkpt>
      <trkpt lat="46.346551999999996" lon="16.361455"><ele>171</ele></trkpt>
      <trkpt lat="46.345973" lon="16.361566"><ele>170.53</ele></trkpt>
      <trkpt lat="46.345684999999996" lon="16.361649"><ele>170.18</ele></trkpt>
      <trkpt lat="46.345081" lon="16.361863"><ele>170</ele></trkpt>
      <trkpt lat="46.344193" lon="16.362147"><ele>170</ele></trkpt>
      <trkpt lat="46.343969" lon="16.362196"><ele>170</ele></trkpt>
      <trkpt lat="46.343709999999994" lon="16.362213999999998"><ele>170</ele></trkpt>
      <trkpt lat="46.343502" lon="16.362206999999998"><ele>170</ele></trkpt>
      <trkpt lat="46.34319" lon="16.362166"><ele>170</ele></trkpt>
      <trkpt lat="46.342572" lon="16.362049"><ele>170</ele></trkpt>
      <trkpt lat="46.340542" lon="16.361726"><ele>170</ele></trkpt>
      <trkpt lat="46.339521999999995" lon="16.361577"><ele>170</ele></trkpt>
      <trkpt lat="46.33334" lon="16.360536"><ele>170</ele></trkpt>
      <trkpt lat="46.330853" lon="16.360146999999998"><ele>170</ele></trkpt>
      <trkpt lat="46.329681" lon="16.359945"><ele>170</ele></trkpt>
      <trkpt lat="46.329674999999995" lon="16.360034"><ele>170</ele></trkpt>
      <trkpt lat="46.329631" lon="16.360101"><ele>170</ele></trkpt>
      <trkpt lat="46.329601" lon="16.360208"><ele>170</ele></trkpt>
      <trkpt lat="46.329226999999996" lon="16.363177"><ele>170</ele></trkpt>
      <trkpt lat="46.330213" lon="16.363412"><ele>170</ele></trkpt>
      <trkpt lat="46.329902999999995" lon="16.365669999999998"><ele>169.21</ele></trkpt>
      <trkpt lat="46.329806999999995" lon="16.366455"><ele>169</ele></trkpt>
      <trkpt lat="46.326443999999995" lon="16.365792"><ele>168.03</ele></trkpt>
      <trkpt lat="46.325728" lon="16.365675"><ele>168</ele></trkpt>
      <trkpt lat="46.325607999999995" lon="16.365676"><ele>167.98</ele></trkpt>
      <trkpt lat="46.324163999999996" lon="16.365385"><ele>167.02</ele></trkpt>
      <trkpt lat="46.324107999999995" lon="16.365361"><ele>167</ele></trkpt>
      <trkpt lat="46.324073999999996" lon="16.365320999999998"><ele>167</ele></trkpt>
      <trkpt lat="46.323949" lon="16.365385"><ele>167</ele></trkpt>
      <trkpt lat="46.323985" lon="16.365448"><ele>167</ele></trkpt>
      <trkpt lat="46.324000999999996" lon="16.365545"><ele>167</ele></trkpt>
      <trkpt lat="46.323983" lon="16.366032999999998"><ele>167</ele></trkpt>
      <trkpt lat="46.323992" lon="16.366177999999998"><ele>167</ele></trkpt>
      <trkpt lat="46.324037" lon="16.3664"><ele>167</ele></trkpt>
      <trkpt lat="46.3242" lon="16.367095"><ele>167</ele></trkpt>
      <trkpt lat="46.324354" lon="16.367849"><ele>167</ele></trkpt>
      <trkpt lat="46.324602" lon="16.369179"><ele>167</ele></trkpt>
      <trkpt lat="46.324664999999996" lon="16.369609999999998"><ele>167</ele></trkpt>
      <trkpt lat="46.324723999999996" lon="16.370138"><ele>167</ele></trkpt>
      <trkpt lat="46.324742" lon="16.37044"><ele>167</ele></trkpt>
      <trkpt lat="46.324766" lon="16.370689"><ele>167</ele></trkpt>
      <trkpt lat="46.324762" lon="16.370842"><ele>167</ele></trkpt>
      <trkpt lat="46.324782" lon="16.371261999999998"><ele>167</ele></trkpt>
      <trkpt lat="46.324793" lon="16.371705"><ele>167</ele></trkpt>
      <trkpt lat="46.324793" lon="16.376576999999997"><ele>167</ele></trkpt>
      <trkpt lat="46.32481" lon="16.377244"><ele>167</ele></trkpt>
      <trkpt lat="46.324811" lon="16.382558"><ele>167</ele></trkpt>
      <trkpt lat="46.324799999999996" lon="16.383689999999998"><ele>167</ele></trkpt>
      <trkpt lat="46.324825999999995" lon="16.390103"><ele>167</ele></trkpt>
      <trkpt lat="46.3255" lon="16.38985"><ele>167</ele></trkpt>
      <trkpt lat="46.32653" lon="16.38943"><ele>167</ele></trkpt>
      <trkpt lat="46.326964" lon="16.389267999999998"><ele>167</ele></trkpt>
      <trkpt lat="46.326374" lon="16.394118"><ele>167</ele></trkpt>
      <trkpt lat="46.326330999999996" lon="16.394395"><ele>167</ele></trkpt>
      <trkpt lat="46.326283" lon="16.394567"><ele>167</ele></trkpt>
      <trkpt lat="46.326229" lon="16.394718"><ele>167</ele></trkpt>
      <trkpt lat="46.326060999999996" lon="16.395011999999998"><ele>167</ele></trkpt>
      <trkpt lat="46.325995" lon="16.395153999999998"><ele>167</ele></trkpt>
      <trkpt lat="46.325975" lon="16.395295"><ele>167</ele></trkpt>
      <trkpt lat="46.325981999999996" lon="16.395419999999998"><ele>167</ele></trkpt>
      <trkpt lat="46.326004" lon="16.395512"><ele>167</ele></trkpt>
      <trkpt lat="46.326212" lon="16.396009"><ele>167</ele></trkpt>
      <trkpt lat="46.326302" lon="16.396145999999998"><ele>167</ele></trkpt>
      <trkpt lat="46.326398" lon="16.396244"><ele>167</ele></trkpt>
      <trkpt lat="46.326991" lon="16.396759"><ele>167</ele></trkpt>
      <trkpt lat="46.327082" lon="16.396855"><ele>167</ele></trkpt>
      <trkpt lat="46.327318999999996" lon="16.39724"><ele>167</ele></trkpt>
      <trkpt lat="46.327407" lon="16.397365"><ele>167</ele></trkpt>
      <trkpt lat="46.327498" lon="16.397447"><ele>167</ele></trkpt>
      <trkpt lat="46.328385999999995" lon="16.397816"><ele>166.8</ele></trkpt>
      <trkpt lat="46.328534999999995" lon="16.397907"><ele>166.68</ele></trkpt>
      <trkpt lat="46.328804999999996" lon="16.398108"><ele>166.45</ele></trkpt>
      <trkpt lat="46.32893" lon="16.398249"><ele>166.33</ele></trkpt>
      <trkpt lat="46.329082" lon="16.39844"><ele>166.18</ele></trkpt>
      <trkpt lat="46.329287" lon="16.398742"><ele>165.9</ele></trkpt>
      <trkpt lat="46.329465" lon="16.399036"><ele>165.69</ele></trkpt>
      <trkpt lat="46.32965" lon="16.399414"><ele>165.46</ele></trkpt>
      <trkpt lat="46.329786" lon="16.399769"><ele>165.25</ele></trkpt>
      <trkpt lat="46.329901" lon="16.400126999999998"><ele>165.01</ele></trkpt>
      <trkpt lat="46.329933" lon="16.400275999999998"><ele>165</ele></trkpt>
      <trkpt lat="46.329971" lon="16.40052"><ele>165</ele></trkpt>
      <trkpt lat="46.329972" lon="16.40081"><ele>165</ele></trkpt>
      <trkpt lat="46.329889" lon="16.401668"><ele>165</ele></trkpt>
      <trkpt lat="46.329882" lon="16.401909"><ele>165</ele></trkpt>
      <trkpt lat="46.329949" lon="16.402480999999998"><ele>165</ele></trkpt>
      <trkpt lat="46.329996" lon="16.403087"><ele>165</ele></trkpt>
      <trkpt lat="46.330047" lon="16.403592"><ele>165</ele></trkpt>
      <trkpt lat="46.330102" lon="16.403949"><ele>165</ele></trkpt>
      <trkpt lat="46.330203" lon="16.404398"><ele>165</ele></trkpt>
      <trkpt lat="46.331229" lon="16.407854999999998"><ele>165</ele></trkpt>
      <trkpt lat="46.332676" lon="16.412689"><ele>165</ele></trkpt>
      <trkpt lat="46.332820999999996" lon="16.413126"><ele>165</ele></trkpt>
      <trkpt lat="46.332876999999996" lon="16.413258"><ele>165</ele></trkpt>
      <trkpt lat="46.33296" lon="16.4134"><ele>165</ele></trkpt>
      <trkpt lat="46.333298" lon="16.413877"><ele>165</ele></trkpt>
      <trkpt lat="46.333383" lon="16.414047999999998"><ele>165</ele></trkpt>
      <trkpt lat="46.333469" lon="16.414255999999998"><ele>165</ele></trkpt>
      <trkpt lat="46.333529" lon="16.414364"><ele>165</ele></trkpt>
      <trkpt lat="46.33363" lon="16.414499"><ele>165</ele></trkpt>
      <trkpt lat="46.334509" lon="16.415506"><ele>165</ele></trkpt>
      <trkpt lat="46.334618999999996" lon="16.415651"><ele>165</ele></trkpt>
      <trkpt lat="46.334668" lon="16.415769"><ele>165</ele></trkpt>
      <trkpt lat="46.334691" lon="16.415899"><ele>165</ele></trkpt>
      <trkpt lat="46.334696" lon="16.416078"><ele>165</ele></trkpt>
      <trkpt lat="46.334679" lon="16.416348"><ele>165</ele></trkpt>
      <trkpt lat="46.334638" lon="16.416683"><ele>165</ele></trkpt>
      <trkpt lat="46.334437" lon="16.417645"><ele>165</ele></trkpt>
      <trkpt lat="46.334357999999995" lon="16.418083"><ele>165</ele></trkpt>
      <trkpt lat="46.334162" lon="16.419389"><ele>165</ele></trkpt>
      <trkpt lat="46.334118" lon="16.419757999999998"><ele>165</ele></trkpt>
      <trkpt lat="46.334114" lon="16.419953"><ele>165</ele></trkpt>
      <trkpt lat="46.334177" lon="16.420471"><ele>165</ele></trkpt>
      <trkpt lat="46.334194" lon="16.420673999999998"><ele>165</ele></trkpt>
      <trkpt lat="46.334179999999996" lon="16.420980999999998"><ele>165</ele></trkpt>
      <trkpt lat="46.334134" lon="16.421395999999998"><ele>165</ele></trkpt>
      <trkpt lat="46.334139" lon="16.421739"><ele>165</ele></trkpt>
      <trkpt lat="46.33416" lon="16.421951"><ele>165</ele></trkpt>
      <trkpt lat="46.334198" lon="16.42219"><ele>165</ele></trkpt>
      <trkpt lat="46.334283" lon="16.422568"><ele>165</ele></trkpt>
      <trkpt lat="46.334328" lon="16.422836"><ele>165</ele></trkpt>
      <trkpt lat="46.33445" lon="16.423472"><ele>164.79</ele></trkpt>
      <trkpt lat="46.334523999999995" lon="16.424044"><ele>164.49</ele></trkpt>
      <trkpt lat="46.33454" lon="16.424279"><ele>164.37</ele></trkpt>
      <trkpt lat="46.334564" lon="16.424485"><ele>164.26</ele></trkpt>
      <trkpt lat="46.334686" lon="16.425243"><ele>164</ele></trkpt>
      <trkpt lat="46.334908" lon="16.426159"><ele>164</ele></trkpt>
      <trkpt lat="46.334990999999995" lon="16.426439"><ele>164</ele></trkpt>
      <trkpt lat="46.335086" lon="16.426700999999998"><ele>164</ele></trkpt>
      <trkpt lat="46.335397" lon="16.427439"><ele>164</ele></trkpt>
      <trkpt lat="46.335614" lon="16.428086"><ele>164</ele></trkpt>
      <trkpt lat="46.335744999999996" lon="16.428622999999998"><ele>164</ele></trkpt>
      <trkpt lat="46.335982" lon="16.429959999999998"><ele>164</ele></trkpt>
      <trkpt lat="46.3364" lon="16.432114"><ele>163.02</ele></trkpt>
      <trkpt lat="46.337179" lon="16.436246999999998"><ele>163</ele></trkpt>
      <trkpt lat="46.337385" lon="16.437386"><ele>163</ele></trkpt>
      <trkpt lat="46.337509999999995" lon="16.437866"><ele>163</ele></trkpt>
      <trkpt lat="46.337561" lon="16.437984999999998"><ele>163</ele></trkpt>
      <trkpt lat="46.337616" lon="16.438081"><ele>163</ele></trkpt>
      <trkpt lat="46.337869" lon="16.438354999999998"><ele>163</ele></trkpt>
      <trkpt lat="46.338072" lon="16.438518"><ele>163</ele></trkpt>
      <trkpt lat="46.338209" lon="16.438706"><ele>163</ele></trkpt>
      <trkpt lat="46.338308999999995" lon="16.438919"><ele>163</ele></trkpt>
      <trkpt lat="46.338499" lon="16.43989"><ele>162.9</ele></trkpt>
      <trkpt lat="46.338566" lon="16.440389"><ele>162.66</ele></trkpt>
      <trkpt lat="46.338614" lon="16.441067999999998"><ele>162.31</ele></trkpt>
      <trkpt lat="46.338719999999995" lon="16.441881"><ele>162.01</ele></trkpt>
      <trkpt lat="46.338736999999995" lon="16.442228"><ele>162</ele></trkpt>
      <trkpt lat="46.338761999999996" lon="16.444406999999998"><ele>162</ele></trkpt>
      <trkpt lat="46.338674999999995" lon="16.445325999999998"><ele>162</ele></trkpt>
      <trkpt lat="46.338612999999995" lon="16.445686"><ele>162</ele></trkpt>
      <trkpt lat="46.338125999999995" lon="16.446981"><ele>162</ele></trkpt>
      <trkpt lat="46.337153" lon="16.448217"><ele>162</ele></trkpt>
      <trkpt lat="46.336814" lon="16.448528"><ele>162</ele></trkpt>
      <trkpt lat="46.336563999999996" lon="16.448999999999998"><ele>162</ele></trkpt>
      <trkpt lat="46.336310999999995" lon="16.450024"><ele>162</ele></trkpt>
      <trkpt lat="46.336121999999996" lon="16.451078"><ele>162</ele></trkpt>
      <trkpt lat="46.335848" lon="16.452299"><ele>161.77</ele></trkpt>
      <trkpt lat="46.335544" lon="16.456008"><ele>160.88</ele></trkpt>
      <trkpt lat="46.335544" lon="16.456008"><ele>160.88</ele></trkpt>
      <trkpt lat="46.335048" lon="16.461662999999998"><ele>160</ele></trkpt>
      <trkpt lat="46.334858" lon="16.464029"><ele>160</ele></trkpt>
      <trkpt lat="46.334773999999996" lon="16.464957"><ele>160</ele></trkpt>
      <trkpt lat="46.334739" lon="16.465225"><ele>160</ele></trkpt>
      <trkpt lat="46.334714" lon="16.465360999999998"><ele>160</ele></trkpt>
      <trkpt lat="46.334635999999996" lon="16.465678999999998"><ele>160</ele></trkpt>
      <trkpt lat="46.334469999999996" lon="16.466288"><ele>160</ele></trkpt>
      <trkpt lat="46.334081999999995" lon="16.467594"><ele>160</ele></trkpt>
      <trkpt lat="46.333613" lon="16.469116"><ele>160</ele></trkpt>
      <trkpt lat="46.333397" lon="16.46979"><ele>160</ele></trkpt>
      <trkpt lat="46.333337" lon="16.469991"><ele>160</ele></trkpt>
      <trkpt lat="46.333314" lon="16.470097"><ele>160</ele></trkpt>
      <trkpt lat="46.333309" lon="16.470185"><ele>160</ele></trkpt>
      <trkpt lat="46.333313" lon="16.470267"><ele>160</ele></trkpt>
      <trkpt lat="46.333341" lon="16.470408"><ele>160</ele></trkpt>
      <trkpt lat="46.333452" lon="16.470824"><ele>160</ele></trkpt>
      <trkpt lat="46.333555999999994" lon="16.471166"><ele>160</ele></trkpt>
      <trkpt lat="46.333695" lon="16.471704"><ele>160</ele></trkpt>
      <trkpt lat="46.333706" lon="16.47183"><ele>160</ele></trkpt>
      <trkpt lat="46.333701999999995" lon="16.47194"><ele>160</ele></trkpt>
      <trkpt lat="46.333649" lon="16.472027999999998"><ele>160</ele></trkpt>
      <trkpt lat="46.3335" lon="16.47214"><ele>160</ele></trkpt>
      <trkpt lat="46.333197" lon="16.472251"><ele>160</ele></trkpt>
      <trkpt lat="46.333053" lon="16.472334"><ele>160</ele></trkpt>
      <trkpt lat="46.332898" lon="16.472466999999998"><ele>160</ele></trkpt>
      <trkpt lat="46.332825" lon="16.472552"><ele>160</ele></trkpt>
      <trkpt lat="46.332763" lon="16.472649"><ele>160</ele></trkpt>
      <trkpt lat="46.332660999999995" lon="16.472869"><ele>160</ele></trkpt>
      <trkpt lat="46.332494999999994" lon="16.47334"><ele>160</ele></trkpt>
      <trkpt lat="46.332442" lon="16.473509"><ele>160</ele></trkpt>
      <trkpt lat="46.332245" lon="16.47423"><ele>160</ele></trkpt>
      <trkpt lat="46.332190999999995" lon="16.474404"><ele>160</ele></trkpt>
      <trkpt lat="46.332125999999995" lon="16.474566"><ele>160</ele></trkpt>
      <trkpt lat="46.332074999999996" lon="16.47465"><ele>160</ele></trkpt>
      <trkpt lat="46.332007" lon="16.474738"><ele>160</ele></trkpt>
      <trkpt lat="46.331927" lon="16.474821"><ele>160</ele></trkpt>
      <trkpt lat="46.331753" lon="16.474973"><ele>160</ele></trkpt>
      <trkpt lat="46.331685" lon="16.47506"><ele>160</ele></trkpt>
      <trkpt lat="46.331576999999996" lon="16.475234999999998"><ele>160</ele></trkpt>
      <trkpt lat="46.331243" lon="16.475811999999998"><ele>160</ele></trkpt>
      <trkpt lat="46.331103" lon="16.476088999999998"><ele>160</ele></trkpt>
      <trkpt lat="46.330976" lon="16.476387"><ele>160</ele></trkpt>
      <trkpt lat="46.330818" lon="16.476809"><ele>160</ele></trkpt>
      <trkpt lat="46.33077" lon="16.476903999999998"><ele>160</ele></trkpt>
      <trkpt lat="46.330661" lon="16.477038999999998"><ele>160</ele></trkpt>
      <trkpt lat="46.330588" lon="16.477092"><ele>160</ele></trkpt>
      <trkpt lat="46.330493999999995" lon="16.477135"><ele>160</ele></trkpt>
      <trkpt lat="46.330396" lon="16.477138"><ele>160</ele></trkpt>
      <trkpt lat="46.330130999999994" lon="16.477072"><ele>160</ele></trkpt>
      <trkpt lat="46.329620999999996" lon="16.476907999999998"><ele>160</ele></trkpt>
      <trkpt lat="46.329435" lon="16.476865"><ele>160</ele></trkpt>
      <trkpt lat="46.329223999999996" lon="16.476831999999998"><ele>160</ele></trkpt>
      <trkpt lat="46.32915" lon="16.476841"><ele>160</ele></trkpt>
      <trkpt lat="46.329082" lon="16.476867"><ele>160</ele></trkpt>
      <trkpt lat="46.329015999999996" lon="16.476927"><ele>160</ele></trkpt>
      <trkpt lat="46.328962" lon="16.476997"><ele>160</ele></trkpt>
      <trkpt lat="46.328914" lon="16.477083999999998"><ele>160</ele></trkpt>
      <trkpt lat="46.328846" lon="16.477271"><ele>160</ele></trkpt>
      <trkpt lat="46.328804999999996" lon="16.47736"><ele>160</ele></trkpt>
      <trkpt lat="46.32875" lon="16.477451"><ele>160</ele></trkpt>
      <trkpt lat="46.328618" lon="16.477586"><ele>160</ele></trkpt>
      <trkpt lat="46.328531999999996" lon="16.477645"><ele>160</ele></trkpt>
      <trkpt lat="46.327953" lon="16.477891"><ele>160</ele></trkpt>
      <trkpt lat="46.327822" lon="16.477956"><ele>160</ele></trkpt>
      <trkpt lat="46.327692" lon="16.478040999999997"><ele>160</ele></trkpt>
      <trkpt lat="46.327360999999996" lon="16.478344"><ele>160</ele></trkpt>
      <trkpt lat="46.32705" lon="16.478688"><ele>159.97</ele></trkpt>
      <trkpt lat="46.326927999999995" lon="16.478882"><ele>159.92</ele></trkpt>
      <trkpt lat="46.326888" lon="16.478994"><ele>159.8</ele></trkpt>
      <trkpt lat="46.326864" lon="16.4791"><ele>159.73</ele></trkpt>
      <trkpt lat="46.326859" lon="16.479225"><ele>159.69</ele></trkpt>
      <trkpt lat="46.326873" lon="16.479333999999998"><ele>159.76</ele></trkpt>
      <trkpt lat="46.326909" lon="16.479439"><ele>159.71</ele></trkpt>
      <trkpt lat="46.326941999999995" lon="16.479513999999998"><ele>159.68</ele></trkpt>
      <trkpt lat="46.326997" lon="16.479606"><ele>159.34</ele></trkpt>
      <trkpt lat="46.327068999999995" lon="16.47967"><ele>159.14</ele></trkpt>
      <trkpt lat="46.327321999999995" lon="16.479839"><ele>159.03</ele></trkpt>
      <trkpt lat="46.327425999999996" lon="16.479922"><ele>159.02</ele></trkpt>
      <trkpt lat="46.327565" lon="16.480055"><ele>159.02</ele></trkpt>
      <trkpt lat="46.327633" lon="16.480149"><ele>159.01</ele></trkpt>
      <trkpt lat="46.327684999999995" lon="16.480242999999998"><ele>159</ele></trkpt>
      <trkpt lat="46.32778" lon="16.480446999999998"><ele>159</ele></trkpt>
      <trkpt lat="46.328109999999995" lon="16.481301"><ele>159</ele></trkpt>
      <trkpt lat="46.328168" lon="16.481415"><ele>158.99</ele></trkpt>
      <trkpt lat="46.328269999999996" lon="16.481588"><ele>158.97</ele></trkpt>
      <trkpt lat="46.328407999999996" lon="16.481769"><ele>158.92</ele></trkpt>
      <trkpt lat="46.329414" lon="16.483224"><ele>158.08</ele></trkpt>
      <trkpt lat="46.329468999999996" lon="16.483314"><ele>158.03</ele></trkpt>
      <trkpt lat="46.329508999999995" lon="16.483406"><ele>158.01</ele></trkpt>
      <trkpt lat="46.329574" lon="16.483603"><ele>158</ele></trkpt>
      <trkpt lat="46.329750999999995" lon="16.484586"><ele>158</ele></trkpt>
      <trkpt lat="46.32992" lon="16.485408"><ele>157.77</ele></trkpt>
      <trkpt lat="46.329957" lon="16.485557"><ele>157.6</ele></trkpt>
      <trkpt lat="46.330031999999996" lon="16.485805"><ele>157.44</ele></trkpt>
      <trkpt lat="46.330075" lon="16.485907"><ele>157.38</ele></trkpt>
      <trkpt lat="46.330259" lon="16.48625"><ele>157.16</ele></trkpt>
      <trkpt lat="46.330582" lon="16.486779"><ele>157</ele></trkpt>
      <trkpt lat="46.330729" lon="16.487036"><ele>157</ele></trkpt>
      <trkpt lat="46.330791999999995" lon="16.487154"><ele>157</ele></trkpt>
      <trkpt lat="46.330875999999996" lon="16.487374"><ele>157</ele></trkpt>
      <trkpt lat="46.330918" lon="16.487505"><ele>157</ele></trkpt>
      <trkpt lat="46.331069" lon="16.48816"><ele>157</ele></trkpt>
      <trkpt lat="46.331331999999996" lon="16.489587999999998"><ele>156.24</ele></trkpt>
      <trkpt lat="46.331357999999994" lon="16.4897"><ele>156.07</ele></trkpt>
      <trkpt lat="46.331500999999996" lon="16.490101"><ele>156</ele></trkpt>
      <trkpt lat="46.331638" lon="16.490443"><ele>156</ele></trkpt>
      <trkpt lat="46.331770999999996" lon="16.490809"><ele>156</ele></trkpt>
      <trkpt lat="46.331837" lon="16.491007"><ele>156</ele></trkpt>
      <trkpt lat="46.331866" lon="16.491128"><ele>156</ele></trkpt>
      <trkpt lat="46.331914" lon="16.491405999999998"><ele>156</ele></trkpt>
      <trkpt lat="46.332024" lon="16.492331"><ele>155.75</ele></trkpt>
      <trkpt lat="46.332198999999996" lon="16.493472999999998"><ele>155.17</ele></trkpt>
      <trkpt lat="46.332221999999994" lon="16.493589999999998"><ele>155.12</ele></trkpt>
      <trkpt lat="46.332283" lon="16.4938"><ele>155.05</ele></trkpt>
      <trkpt lat="46.332381" lon="16.493994"><ele>155.01</ele></trkpt>
      <trkpt lat="46.332449" lon="16.494087"><ele>155</ele></trkpt>
      <trkpt lat="46.332561999999996" lon="16.494283"><ele>155</ele></trkpt>
      <trkpt lat="46.33265" lon="16.494493"><ele>155</ele></trkpt>
      <trkpt lat="46.332679" lon="16.494598"><ele>155</ele></trkpt>
      <trkpt lat="46.332825" lon="16.495356"><ele>155.03</ele></trkpt>
      <trkpt lat="46.332888" lon="16.495642"><ele>155.11</ele></trkpt>
      <trkpt lat="46.333456" lon="16.498013"><ele>156.73</ele></trkpt>
      <trkpt lat="46.333712999999996" lon="16.498995999999998"><ele>156.99</ele></trkpt>
      <trkpt lat="46.333799" lon="16.499395"><ele>157</ele></trkpt>
      <trkpt lat="46.333841" lon="16.499715"><ele>157</ele></trkpt>
      <trkpt lat="46.333909" lon="16.500524"><ele>157</ele></trkpt>
      <trkpt lat="46.333915999999995" lon="16.500854999999998"><ele>157</ele></trkpt>
      <trkpt lat="46.333912" lon="16.501105"><ele>157</ele></trkpt>
      <trkpt lat="46.333889" lon="16.501331"><ele>157</ele></trkpt>
      <trkpt lat="46.333830999999996" lon="16.501824"><ele>157</ele></trkpt>
      <trkpt lat="46.333774999999996" lon="16.502133"><ele>157</ele></trkpt>
      <trkpt lat="46.333687" lon="16.502482999999998"><ele>157</ele></trkpt>
      <trkpt lat="46.33351" lon="16.502955999999998"><ele>157</ele></trkpt>
      <trkpt lat="46.333465" lon="16.503147"><ele>157</ele></trkpt>
      <trkpt lat="46.333441" lon="16.503299"><ele>157</ele></trkpt>
      <trkpt lat="46.333403" lon="16.503648"><ele>157</ele></trkpt>
      <trkpt lat="46.333368" lon="16.504067"><ele>157</ele></trkpt>
      <trkpt lat="46.333344" lon="16.504665"><ele>157</ele></trkpt>
      <trkpt lat="46.333304999999996" lon="16.504907"><ele>157</ele></trkpt>
      <trkpt lat="46.33322" lon="16.506217"><ele>157</ele></trkpt>
      <trkpt lat="46.333241" lon="16.506584999999998"><ele>157</ele></trkpt>
      <trkpt lat="46.333242999999996" lon="16.506705999999998"><ele>157</ele></trkpt>
      <trkpt lat="46.333231999999995" lon="16.506866"><ele>157</ele></trkpt>
      <trkpt lat="46.333189" lon="16.507020999999998"><ele>157</ele></trkpt>
      <trkpt lat="46.333143" lon="16.50713"><ele>157</ele></trkpt>
      <trkpt lat="46.333065999999995" lon="16.507277"><ele>157</ele></trkpt>
      <trkpt lat="46.333025" lon="16.507381"><ele>157</ele></trkpt>
      <trkpt lat="46.33292" lon="16.507766"><ele>157</ele></trkpt>
      <trkpt lat="46.332865999999996" lon="16.508119"><ele>157</ele></trkpt>
      <trkpt lat="46.33284" lon="16.508566"><ele>157</ele></trkpt>
      <trkpt lat="46.332854999999995" lon="16.508647"><ele>157</ele></trkpt>
      <trkpt lat="46.332797" lon="16.508713"><ele>157</ele></trkpt>
      <trkpt lat="46.332743" lon="16.508795"><ele>157</ele></trkpt>
      <trkpt lat="46.332491999999995" lon="16.509294"><ele>157</ele></trkpt>
      <trkpt lat="46.332355" lon="16.509541"><ele>157</ele></trkpt>
      <trkpt lat="46.332231" lon="16.509731"><ele>157</ele></trkpt>
      <trkpt lat="46.331989" lon="16.509919999999997"><ele>157</ele></trkpt>
      <trkpt lat="46.331568999999995" lon="16.510168"><ele>157</ele></trkpt>
      <trkpt lat="46.331469" lon="16.510186"><ele>157</ele></trkpt>
      <trkpt lat="46.331432" lon="16.510255"><ele>157</ele></trkpt>
      <trkpt lat="46.331368" lon="16.510324"><ele>157</ele></trkpt>
      <trkpt lat="46.331243" lon="16.510433"><ele>157</ele></trkpt>
      <trkpt lat="46.331134" lon="16.510502"><ele>157</ele></trkpt>
      <trkpt lat="46.330940999999996" lon="16.510593999999998"><ele>157</ele></trkpt>
      <trkpt lat="46.330768" lon="16.510656"><ele>157</ele></trkpt>
      <trkpt lat="46.330608999999995" lon="16.510728999999998"><ele>157</ele></trkpt>
      <trkpt lat="46.330479" lon="16.510817"><ele>157</ele></trkpt>
      <trkpt lat="46.330033" lon="16.511174"><ele>157</ele></trkpt>
      <trkpt lat="46.32942" lon="16.511737999999998"><ele>157</ele></trkpt>
      <trkpt lat="46.328772" lon="16.512373999999998"><ele>157</ele></trkpt>
      <trkpt lat="46.32872" lon="16.51243"><ele>157</ele></trkpt>
      <trkpt lat="46.328674" lon="16.512497"><ele>157</ele></trkpt>
      <trkpt lat="46.328601" lon="16.512714"><ele>157</ele></trkpt>
      <trkpt lat="46.328544" lon="16.512923999999998"><ele>157</ele></trkpt>
      <trkpt lat="46.328049" lon="16.514834"><ele>157</ele></trkpt>
      <trkpt lat="46.327855" lon="16.51553"><ele>157</ele></trkpt>
      <trkpt lat="46.327704999999995" lon="16.516018"><ele>157</ele></trkpt>
      <trkpt lat="46.327397" lon="16.516917"><ele>156.57</ele></trkpt>
      <trkpt lat="46.327056" lon="16.517812"><ele>156</ele></trkpt>
      <trkpt lat="46.326356" lon="16.519469"><ele>156</ele></trkpt>
      <trkpt lat="46.326198" lon="16.51987"><ele>156</ele></trkpt>
      <trkpt lat="46.326147999999996" lon="16.520044"><ele>156</ele></trkpt>
      <trkpt lat="46.326111" lon="16.520184"><ele>156</ele></trkpt>
      <trkpt lat="46.326083999999994" lon="16.520436999999998"><ele>156</ele></trkpt>
      <trkpt lat="46.32609" lon="16.520628"><ele>156</ele></trkpt>
      <trkpt lat="46.326153999999995" lon="16.520964"><ele>156</ele></trkpt>
      <trkpt lat="46.32627" lon="16.521234"><ele>156</ele></trkpt>
      <trkpt lat="46.326336999999995" lon="16.52134"><ele>156</ele></trkpt>
      <trkpt lat="46.326769999999996" lon="16.521836999999998"><ele>156</ele></trkpt>
      <trkpt lat="46.326857" lon="16.521952"><ele>156</ele></trkpt>
      <trkpt lat="46.326926" lon="16.522064999999998"><ele>156</ele></trkpt>
      <trkpt lat="46.327017" lon="16.522229"><ele>156</ele></trkpt>
      <trkpt lat="46.327068999999995" lon="16.522346"><ele>156</ele></trkpt>
      <trkpt lat="46.327117" lon="16.522475"><ele>156</ele></trkpt>
      <trkpt lat="46.327192" lon="16.522754"><ele>156</ele></trkpt>
      <trkpt lat="46.327217" lon="16.522921"><ele>156</ele></trkpt>
      <trkpt lat="46.327247" lon="16.523241"><ele>156</ele></trkpt>
      <trkpt lat="46.327338999999995" lon="16.524599"><ele>156</ele></trkpt>
      <trkpt lat="46.327357" lon="16.525095"><ele>156</ele></trkpt>
      <trkpt lat="46.32736" lon="16.525503"><ele>155.88</ele></trkpt>
      <trkpt lat="46.327358" lon="16.525727"><ele>155.77</ele></trkpt>
      <trkpt lat="46.327334" lon="16.52604"><ele>155.64</ele></trkpt>
      <trkpt lat="46.327287" lon="16.526348"><ele>155.56</ele></trkpt>
      <trkpt lat="46.327248999999995" lon="16.526519999999998"><ele>155.52</ele></trkpt>
      <trkpt lat="46.327141999999995" lon="16.526909"><ele>155.32</ele></trkpt>
      <trkpt lat="46.327019" lon="16.527266"><ele>155.22</ele></trkpt>
      <trkpt lat="46.326890999999996" lon="16.527592"><ele>155.15</ele></trkpt>
      <trkpt lat="46.326743" lon="16.527929999999998"><ele>155</ele></trkpt>
      <trkpt lat="46.32653" lon="16.528356"><ele>155</ele></trkpt>
      <trkpt lat="46.326327" lon="16.528796"><ele>155</ele></trkpt>
      <trkpt lat="46.326225" lon="16.529042"><ele>155</ele></trkpt>
      <trkpt lat="46.325795" lon="16.530178"><ele>155</ele></trkpt>
      <trkpt lat="46.325689" lon="16.53053"><ele>155</ele></trkpt>
      <trkpt lat="46.325624999999995" lon="16.530791999999998"><ele>155</ele></trkpt>
      <trkpt lat="46.325542999999996" lon="16.53136"><ele>155</ele></trkpt>
      <trkpt lat="46.325503" lon="16.531589"><ele>155</ele></trkpt>
      <trkpt lat="46.325337999999995" lon="16.53232"><ele>155</ele></trkpt>
      <trkpt lat="46.325247999999995" lon="16.532674"><ele>155</ele></trkpt>
      <trkpt lat="46.325187" lon="16.532989"><ele>155</ele></trkpt>
      <trkpt lat="46.325036" lon="16.534057"><ele>155</ele></trkpt>
      <trkpt lat="46.324923999999996" lon="16.53447"><ele>155</ele></trkpt>
      <trkpt lat="46.324676" lon="16.535172"><ele>155</ele></trkpt>
      <trkpt lat="46.324628999999995" lon="16.535325"><ele>155</ele></trkpt>
      <trkpt lat="46.324593" lon="16.535472"><ele>155</ele></trkpt>
      <trkpt lat="46.324404" lon="16.536618999999998"><ele>155</ele></trkpt>
      <trkpt lat="46.324327" lon="16.537146"><ele>155</ele></trkpt>
      <trkpt lat="46.324312" lon="16.537333"><ele>155</ele></trkpt>
      <trkpt lat="46.324301999999996" lon="16.537688"><ele>154.99</ele></trkpt>
      <trkpt lat="46.324318999999996" lon="16.537879"><ele>154.95</ele></trkpt>
      <trkpt lat="46.324366999999995" lon="16.538235999999998"><ele>154.81</ele></trkpt>
      <trkpt lat="46.324532" lon="16.539119"><ele>154.54</ele></trkpt>
      <trkpt lat="46.324559" lon="16.53943"><ele>154.43</ele></trkpt>
      <trkpt lat="46.324563999999995" lon="16.539748"><ele>154.26</ele></trkpt>
      <trkpt lat="46.324535999999995" lon="16.540682999999998"><ele>153.96</ele></trkpt>
      <trkpt lat="46.324555" lon="16.541045"><ele>153.84</ele></trkpt>
      <trkpt lat="46.324602" lon="16.541339999999998"><ele>154.13</ele></trkpt>
      <trkpt lat="46.324678" lon="16.541612"><ele>154.03</ele></trkpt>
      <trkpt lat="46.324825" lon="16.542021"><ele>154.31</ele></trkpt>
      <trkpt lat="46.324881" lon="16.542153"><ele>154.4</ele></trkpt>
      <trkpt lat="46.324934999999996" lon="16.54227"><ele>154.45</ele></trkpt>
      <trkpt lat="46.324995" lon="16.542358999999998"><ele>154.49</ele></trkpt>
      <trkpt lat="46.325064" lon="16.542427"><ele>154.55</ele></trkpt>
      <trkpt lat="46.325328999999996" lon="16.542535"><ele>154.72</ele></trkpt>
      <trkpt lat="46.325446" lon="16.542559"><ele>154.77</ele></trkpt>
      <trkpt lat="46.325891" lon="16.542593"><ele>154.82</ele></trkpt>
      <trkpt lat="46.32597" lon="16.542614999999998"><ele>154.79</ele></trkpt>
      <trkpt lat="46.326052" lon="16.542658"><ele>154.75</ele></trkpt>
      <trkpt lat="46.326322" lon="16.542861"><ele>154.44</ele></trkpt>
      <trkpt lat="46.326405" lon="16.542913"><ele>154.27</ele></trkpt>
      <trkpt lat="46.326491" lon="16.542948"><ele>154.09</ele></trkpt>
      <trkpt lat="46.326709" lon="16.543003"><ele>153.6</ele></trkpt>
      <trkpt lat="46.3268" lon="16.543043"><ele>153.39</ele></trkpt>
      <trkpt lat="46.326879999999996" lon="16.543093"><ele>153.19</ele></trkpt>
      <trkpt lat="46.327056999999996" lon="16.54326"><ele>152.55</ele></trkpt>
      <trkpt lat="46.327132999999996" lon="16.54336"><ele>152.21</ele></trkpt>
      <trkpt lat="46.327199" lon="16.543426999999998"><ele>152.06</ele></trkpt>
      <trkpt lat="46.327255" lon="16.543457"><ele>152</ele></trkpt>
      <trkpt lat="46.327329" lon="16.543475"><ele>152</ele></trkpt>
      <trkpt lat="46.327408999999996" lon="16.543471999999998"><ele>152</ele></trkpt>
      <trkpt lat="46.327847999999996" lon="16.543432"><ele>152.52</ele></trkpt>
      <trkpt lat="46.32848" lon="16.543323"><ele>153.02</ele></trkpt>
      <trkpt lat="46.328672999999995" lon="16.543343"><ele>152.97</ele></trkpt>
      <trkpt lat="46.328818" lon="16.543402999999998"><ele>152.98</ele></trkpt>
      <trkpt lat="46.328962999999995" lon="16.543511"><ele>152.98</ele></trkpt>
      <trkpt lat="46.329025" lon="16.543574"><ele>152.99</ele></trkpt>
      <trkpt lat="46.329088" lon="16.543663"><ele>152.95</ele></trkpt>
      <trkpt lat="46.329487" lon="16.544379"><ele>152.3</ele></trkpt>
      <trkpt lat="46.329547999999996" lon="16.544513"><ele>152.06</ele></trkpt>
      <trkpt lat="46.329597" lon="16.54467"><ele>152</ele></trkpt>
      <trkpt lat="46.329651999999996" lon="16.544887"><ele>152</ele></trkpt>
      <trkpt lat="46.32971" lon="16.545168999999998"><ele>152</ele></trkpt>
      <trkpt lat="46.329764" lon="16.545534"><ele>152</ele></trkpt>
      <trkpt lat="46.329785" lon="16.545755"><ele>152</ele></trkpt>
      <trkpt lat="46.329795999999995" lon="16.546077999999998"><ele>152</ele></trkpt>
      <trkpt lat="46.329795" lon="16.546388"><ele>152</ele></trkpt>
      <trkpt lat="46.329758999999996" lon="16.546737999999998"><ele>152</ele></trkpt>
      <trkpt lat="46.329674999999995" lon="16.547297"><ele>152</ele></trkpt>
      <trkpt lat="46.329418999999994" lon="16.54919"><ele>152</ele></trkpt>
      <trkpt lat="46.329397" lon="16.549446"><ele>152</ele></trkpt>
      <trkpt lat="46.329398" lon="16.549564"><ele>152</ele></trkpt>
      <trkpt lat="46.329406" lon="16.549708"><ele>152</ele></trkpt>
      <trkpt lat="46.329436" lon="16.549862"><ele>152</ele></trkpt>
      <trkpt lat="46.329696999999996" lon="16.550742"><ele>152</ele></trkpt>
      <trkpt lat="46.329816" lon="16.551234"><ele>152</ele></trkpt>
      <trkpt lat="46.32998" lon="16.552027"><ele>152</ele></trkpt>
      <trkpt lat="46.330042999999996" lon="16.552267999999998"><ele>152</ele></trkpt>
      <trkpt lat="46.330076999999996" lon="16.55235"><ele>152</ele></trkpt>
      <trkpt lat="46.330148" lon="16.552485"><ele>152</ele></trkpt>
      <trkpt lat="46.330607" lon="16.553245"><ele>152</ele></trkpt>
      <trkpt lat="46.330988" lon="16.5539"><ele>152</ele></trkpt>
      <trkpt lat="46.331154" lon="16.554222"><ele>152</ele></trkpt>
      <trkpt lat="46.331227999999996" lon="16.554385"><ele>152</ele></trkpt>
      <trkpt lat="46.331306" lon="16.554595"><ele>152</ele></trkpt>
      <trkpt lat="46.331846" lon="16.556148"><ele>152</ele></trkpt>
      <trkpt lat="46.33195" lon="16.556439"><ele>152</ele></trkpt>
      <trkpt lat="46.331992" lon="16.556539"><ele>152</ele></trkpt>
      <trkpt lat="46.332043" lon="16.556632"><ele>152</ele></trkpt>
      <trkpt lat="46.332260999999995" lon="16.556938"><ele>152</ele></trkpt>
      <trkpt lat="46.332741999999996" lon="16.557547"><ele>152</ele></trkpt>
      <trkpt lat="46.332816" lon="16.557671"><ele>152</ele></trkpt>
      <trkpt lat="46.332941999999996" lon="16.557925"><ele>152</ele></trkpt>
      <trkpt lat="46.333054" lon="16.558222999999998"><ele>152</ele></trkpt>
      <trkpt lat="46.333096999999995" lon="16.558365"><ele>152</ele></trkpt>
      <trkpt lat="46.333165" lon="16.558675"><ele>152</ele></trkpt>
      <trkpt lat="46.333234999999995" lon="16.559124"><ele>152</ele></trkpt>
      <trkpt lat="46.333264" lon="16.559424"><ele>151.98</ele></trkpt>
      <trkpt lat="46.333295" lon="16.560109999999998"><ele>151.82</ele></trkpt>
      <trkpt lat="46.333344" lon="16.56206"><ele>151.18</ele></trkpt>
      <trkpt lat="46.33336" lon="16.562341"><ele>151.25</ele></trkpt>
      <trkpt lat="46.333394" lon="16.562617"><ele>151.36</ele></trkpt>
      <trkpt lat="46.333414999999995" lon="16.562735"><ele>151.42</ele></trkpt>
      <trkpt lat="46.33349" lon="16.56301"><ele>151.57</ele></trkpt>
      <trkpt lat="46.334184" lon="16.564927"><ele>152</ele></trkpt>
      <trkpt lat="46.334257" lon="16.5652"><ele>152</ele></trkpt>
      <trkpt lat="46.334288" lon="16.565341"><ele>152</ele></trkpt>
      <trkpt lat="46.334303999999996" lon="16.565466"><ele>152</ele></trkpt>
      <trkpt lat="46.334314" lon="16.565582"><ele>152</ele></trkpt>
      <trkpt lat="46.334314" lon="16.565690999999998"><ele>152</ele></trkpt>
      <trkpt lat="46.334292" lon="16.565944"><ele>152</ele></trkpt>
      <trkpt lat="46.334233" lon="16.566211"><ele>152</ele></trkpt>
      <trkpt lat="46.332915" lon="16.571521"><ele>150</ele></trkpt>
      <trkpt lat="46.332618" lon="16.572696"><ele>150</ele></trkpt>
      <trkpt lat="46.332602" lon="16.572869999999998"><ele>150</ele></trkpt>
      <trkpt lat="46.332611" lon="16.573111"><ele>150</ele></trkpt>
      <trkpt lat="46.332682999999996" lon="16.57383"><ele>150</ele></trkpt>
      <trkpt lat="46.332753" lon="16.574382"><ele>150</ele></trkpt>
      <trkpt lat="46.332788" lon="16.574765"><ele>150</ele></trkpt>
      <trkpt lat="46.332792" lon="16.574994"><ele>150</ele></trkpt>
      <trkpt lat="46.332786" lon="16.575098999999998"><ele>150</ele></trkpt>
      <trkpt lat="46.332769" lon="16.575194"><ele>150</ele></trkpt>
      <trkpt lat="46.332713" lon="16.575407"><ele>150</ele></trkpt>
      <trkpt lat="46.332678" lon="16.575491"><ele>150</ele></trkpt>
      <trkpt lat="46.332586" lon="16.575672"><ele>150</ele></trkpt>
      <trkpt lat="46.332462" lon="16.575882"><ele>150</ele></trkpt>
      <trkpt lat="46.332239" lon="16.576176"><ele>150</ele></trkpt>
      <trkpt lat="46.332037" lon="16.576517"><ele>150</ele></trkpt>
      <trkpt lat="46.331925" lon="16.576774999999998"><ele>150</ele></trkpt>
      <trkpt lat="46.331843" lon="16.577052"><ele>150</ele></trkpt>
      <trkpt lat="46.331804" lon="16.577292"><ele>150</ele></trkpt>
      <trkpt lat="46.331762999999995" lon="16.577955"><ele>150</ele></trkpt>
      <trkpt lat="46.331744" lon="16.578155"><ele>150</ele></trkpt>
      <trkpt lat="46.331693" lon="16.578350999999998"><ele>150</ele></trkpt>
      <trkpt lat="46.331494" lon="16.578872"><ele>150</ele></trkpt>
      <trkpt lat="46.331044999999996" lon="16.579902999999998"><ele>150</ele></trkpt>
      <trkpt lat="46.330822999999995" lon="16.580386999999998"><ele>150</ele></trkpt>
      <trkpt lat="46.330676" lon="16.580678"><ele>150</ele></trkpt>
      <trkpt lat="46.330551" lon="16.580876"><ele>150</ele></trkpt>
      <trkpt lat="46.330484999999996" lon="16.580942"><ele>150</ele></trkpt>
      <trkpt lat="46.330315" lon="16.581066"><ele>150</ele></trkpt>
      <trkpt lat="46.329249" lon="16.581633"><ele>150</ele></trkpt>
      <trkpt lat="46.328761" lon="16.581868999999998"><ele>150</ele></trkpt>
      <trkpt lat="46.328539" lon="16.581996"><ele>150</ele></trkpt>
      <trkpt lat="46.328348" lon="16.582155999999998"><ele>150</ele></trkpt>
      <trkpt lat="46.328311" lon="16.582204"><ele>150</ele></trkpt>
      <trkpt lat="46.328165999999996" lon="16.582452"><ele>150</ele></trkpt>
      <trkpt lat="46.327945" lon="16.583092"><ele>150</ele></trkpt>
      <trkpt lat="46.327838" lon="16.58334"><ele>150</ele></trkpt>
      <trkpt lat="46.327731" lon="16.583517999999998"><ele>150</ele></trkpt>
      <trkpt lat="46.327591" lon="16.58371"><ele>150</ele></trkpt>
      <trkpt lat="46.327321999999995" lon="16.584028"><ele>150</ele></trkpt>
      <trkpt lat="46.327264" lon="16.58411"><ele>150</ele></trkpt>
      <trkpt lat="46.327152" lon="16.584307"><ele>150</ele></trkpt>
      <trkpt lat="46.327036" lon="16.58467"><ele>150</ele></trkpt>
      <trkpt lat="46.326260999999995" lon="16.587764"><ele>150</ele></trkpt>
      <trkpt lat="46.326235" lon="16.587896999999998"><ele>150</ele></trkpt>
      <trkpt lat="46.326228" lon="16.588032"><ele>150</ele></trkpt>
      <trkpt lat="46.326229" lon="16.588224999999998"><ele>150</ele></trkpt>
      <trkpt lat="46.326242" lon="16.588428999999998"><ele>150</ele></trkpt>
      <trkpt lat="46.326257999999996" lon="16.588535999999998"><ele>150</ele></trkpt>
      <trkpt lat="46.326338" lon="16.588857"><ele>150</ele></trkpt>
      <trkpt lat="46.326389" lon="16.589012"><ele>150</ele></trkpt>
      <trkpt lat="46.326567" lon="16.589461999999997"><ele>150</ele></trkpt>
      <trkpt lat="46.326761" lon="16.589895"><ele>150</ele></trkpt>
      <trkpt lat="46.326896" lon="16.590165"><ele>150</ele></trkpt>
      <trkpt lat="46.327427" lon="16.591043"><ele>150</ele></trkpt>
      <trkpt lat="46.327714" lon="16.591562"><ele>150</ele></trkpt>
      <trkpt lat="46.327808" lon="16.591759"><ele>150</ele></trkpt>
      <trkpt lat="46.327951999999996" lon="16.592092"><ele>150</ele></trkpt>
      <trkpt lat="46.327993" lon="16.592222"><ele>150</ele></trkpt>
      <trkpt lat="46.328072" lon="16.592530999999997"><ele>150</ele></trkpt>
      <trkpt lat="46.328209" lon="16.593353"><ele>150</ele></trkpt>
      <trkpt lat="46.328264999999995" lon="16.593623"><ele>150</ele></trkpt>
      <trkpt lat="46.328329" lon="16.593882"><ele>150</ele></trkpt>
      <trkpt lat="46.328421999999996" lon="16.594202"><ele>150</ele></trkpt>
      <trkpt lat="46.328576999999996" lon="16.594631"><ele>150</ele></trkpt>
      <trkpt lat="46.328672" lon="16.59486"><ele>150</ele></trkpt>
      <trkpt lat="46.328981" lon="16.595513"><ele>150</ele></trkpt>
      <trkpt lat="46.329107" lon="16.595865"><ele>150</ele></trkpt>
      <trkpt lat="46.329150999999996" lon="16.596031"><ele>150</ele></trkpt>
      <trkpt lat="46.329263" lon="16.596545"><ele>150</ele></trkpt>
      <trkpt lat="46.329406999999996" lon="16.597357"><ele>150</ele></trkpt>
      <trkpt lat="46.329482999999996" lon="16.597901"><ele>150</ele></trkpt>
      <trkpt lat="46.329533" lon="16.598556"><ele>150</ele></trkpt>
      <trkpt lat="46.329533" lon="16.598556"><ele>150</ele></trkpt>
      <trkpt lat="46.329549" lon="16.59903"><ele>150</ele></trkpt>
      <trkpt lat="46.329575" lon="16.600368"><ele>149.62</ele></trkpt>
      <trkpt lat="46.329602" lon="16.600746"><ele>149.35</ele></trkpt>
      <trkpt lat="46.329622" lon="16.600924"><ele>149.23</ele></trkpt>
      <trkpt lat="46.329659" lon="16.601125"><ele>149</ele></trkpt>
      <trkpt lat="46.329741" lon="16.601328"><ele>149</ele></trkpt>
      <trkpt lat="46.329811" lon="16.601456"><ele>149</ele></trkpt>
      <trkpt lat="46.329986999999996" lon="16.601747"><ele>149</ele></trkpt>
      <trkpt lat="46.330400999999995" lon="16.602365"><ele>149</ele></trkpt>
      <trkpt lat="46.330486" lon="16.602463999999998"><ele>149</ele></trkpt>
      <trkpt lat="46.330825" lon="16.602797"><ele>149</ele></trkpt>
      <trkpt lat="46.33117" lon="16.603248999999998"><ele>149.14</ele></trkpt>
      <trkpt lat="46.33161" lon="16.603907"><ele>149.72</ele></trkpt>
      <trkpt lat="46.331738" lon="16.60414"><ele>150</ele></trkpt>
      <trkpt lat="46.331852999999995" lon="16.604405"><ele>150</ele></trkpt>
      <trkpt lat="46.331939" lon="16.604575"><ele>150</ele></trkpt>
      <trkpt lat="46.332049999999995" lon="16.604753"><ele>150</ele></trkpt>
      <trkpt lat="46.332342" lon="16.605074"><ele>149.88</ele></trkpt>
      <trkpt lat="46.332423" lon="16.60519"><ele>149.86</ele></trkpt>
      <trkpt lat="46.332471" lon="16.605279"><ele>149.83</ele></trkpt>
      <trkpt lat="46.332547999999996" lon="16.605504"><ele>149.69</ele></trkpt>
      <trkpt lat="46.332614" lon="16.605811"><ele>149.05</ele></trkpt>
      <trkpt lat="46.332643999999995" lon="16.606059"><ele>149.01</ele></trkpt>
      <trkpt lat="46.332701" lon="16.607336"><ele>149</ele></trkpt>
      <trkpt lat="46.332774" lon="16.607775"><ele>148.94</ele></trkpt>
      <trkpt lat="46.332825" lon="16.608019"><ele>148.65</ele></trkpt>
      <trkpt lat="46.332878" lon="16.608213"><ele>148.48</ele></trkpt>
      <trkpt lat="46.332935" lon="16.608392"><ele>148.14</ele></trkpt>
      <trkpt lat="46.332992" lon="16.6085"><ele>148</ele></trkpt>
      <trkpt lat="46.333053" lon="16.608579"><ele>148</ele></trkpt>
      <trkpt lat="46.333148" lon="16.608658"><ele>148.33</ele></trkpt>
      <trkpt lat="46.33321" lon="16.608681"><ele>148.56</ele></trkpt>
      <trkpt lat="46.33405" lon="16.608838"><ele>149.92</ele></trkpt>
      <trkpt lat="46.334353" lon="16.608911"><ele>150</ele></trkpt>
      <trkpt lat="46.334863" lon="16.609084"><ele>150</ele></trkpt>
      <trkpt lat="46.335024999999995" lon="16.609171"><ele>150</ele></trkpt>
      <trkpt lat="46.335431" lon="16.609472"><ele>150</ele></trkpt>
      <trkpt lat="46.335816" lon="16.609734"><ele>150</ele></trkpt>
      <trkpt lat="46.336605999999996" lon="16.610146999999998"><ele>150</ele></trkpt>
      <trkpt lat="46.336667" lon="16.610204"><ele>150</ele></trkpt>
      <trkpt lat="46.336714" lon="16.610288"><ele>150</ele></trkpt>
      <trkpt lat="46.336819999999996" lon="16.610619"><ele>150</ele></trkpt>
      <trkpt lat="46.336889" lon="16.610767"><ele>150</ele></trkpt>
      <trkpt lat="46.336988" lon="16.610893"><ele>150</ele></trkpt>
      <trkpt lat="46.337323" lon="16.61119"><ele>150</ele></trkpt>
      <trkpt lat="46.337427" lon="16.611334"><ele>150</ele></trkpt>
      <trkpt lat="46.337531" lon="16.611437"><ele>150</ele></trkpt>
      <trkpt lat="46.337391" lon="16.612144"><ele>149.96</ele></trkpt>
      <trkpt lat="46.337326" lon="16.612562"><ele>149.74</ele></trkpt>
      <trkpt lat="46.337238" lon="16.613274"><ele>149.25</ele></trkpt>
      <trkpt lat="46.337126999999995" lon="16.614323"><ele>149</ele></trkpt>
      <trkpt lat="46.337089" lon="16.615197"><ele>149.34</ele></trkpt>
      <trkpt lat="46.337067" lon="16.616252"><ele>150</ele></trkpt>
      <trkpt lat="46.336994" lon="16.617511999999998"><ele>149.97</ele></trkpt>
      <trkpt lat="46.336987" lon="16.617967"><ele>149.89</ele></trkpt>
      <trkpt lat="46.337091" lon="16.619228"><ele>149.35</ele></trkpt>
      <trkpt lat="46.337123999999996" lon="16.619547"><ele>149</ele></trkpt>
      <trkpt lat="46.337145" lon="16.619661"><ele>149</ele></trkpt>
      <trkpt lat="46.337198" lon="16.619865"><ele>149</ele></trkpt>
      <trkpt lat="46.337188999999995" lon="16.620361"><ele>148.81</ele></trkpt>
      <trkpt lat="46.337145" lon="16.620704"><ele>148.5</ele></trkpt>
      <trkpt lat="46.337056999999994" lon="16.621078"><ele>148.24</ele></trkpt>
      <trkpt lat="46.336929999999995" lon="16.621509"><ele>148</ele></trkpt>
      <trkpt lat="46.336825999999995" lon="16.621776999999998"><ele>148</ele></trkpt>
      <trkpt lat="46.336011" lon="16.622961999999998"><ele>147</ele></trkpt>
      <trkpt lat="46.335397" lon="16.623933"><ele>147</ele></trkpt>
      <trkpt lat="46.33513" lon="16.624935999999998"><ele>147</ele></trkpt>
      <trkpt lat="46.334813" lon="16.625718"><ele>147</ele></trkpt>
      <trkpt lat="46.334139" lon="16.627008"><ele>147</ele></trkpt>
      <trkpt lat="46.333932999999995" lon="16.627442"><ele>147</ele></trkpt>
      <trkpt lat="46.333317" lon="16.628818"><ele>147</ele></trkpt>
      <trkpt lat="46.332716999999995" lon="16.630395"><ele>147</ele></trkpt>
      <trkpt lat="46.332543" lon="16.630988"><ele>147</ele></trkpt>
      <trkpt lat="46.33246" lon="16.631339999999998"><ele>147</ele></trkpt>
      <trkpt lat="46.33228" lon="16.632469999999998"><ele>147</ele></trkpt>
      <trkpt lat="46.332232999999995" lon="16.632915999999998"><ele>147</ele></trkpt>
      <trkpt lat="46.332228" lon="16.633384"><ele>147</ele></trkpt>
      <trkpt lat="46.332269" lon="16.633861"><ele>147</ele></trkpt>
      <trkpt lat="46.33227" lon="16.634187"><ele>147</ele></trkpt>
      <trkpt lat="46.33226" lon="16.63451"><ele>147</ele></trkpt>
      <trkpt lat="46.3321" lon="16.635749999999998"><ele>147</ele></trkpt>
      <trkpt lat="46.3317" lon="16.63813"><ele>147</ele></trkpt>
      <trkpt lat="46.33172" lon="16.63841"><ele>147</ele></trkpt>
      <trkpt lat="46.331669999999995" lon="16.63851"><ele>147</ele></trkpt>
      <trkpt lat="46.331669999999995" lon="16.6392"><ele>147</ele></trkpt>
      <trkpt lat="46.331219999999995" lon="16.64105"><ele>146.93</ele></trkpt>
      <trkpt lat="46.330529999999996" lon="16.64454"><ele>145.74</ele></trkpt>
      <trkpt lat="46.33023" lon="16.64537"><ele>145.24</ele></trkpt>
      <trkpt lat="46.32974" lon="16.64638"><ele>145</ele></trkpt>
      <trkpt lat="46.32965" lon="16.64681"><ele>145</ele></trkpt>
      <trkpt lat="46.329629999999995" lon="16.64734"><ele>145</ele></trkpt>
      <trkpt lat="46.329699999999995" lon="16.64919"><ele>145</ele></trkpt>
      <trkpt lat="46.329746" lon="16.649919"><ele>145</ele></trkpt>
      <trkpt lat="46.329774" lon="16.65013"><ele>145</ele></trkpt>
      <trkpt lat="46.329836" lon="16.650354999999998"><ele>145</ele></trkpt>
      <trkpt lat="46.329921" lon="16.650814"><ele>145</ele></trkpt>
      <trkpt lat="46.329966" lon="16.651291"><ele>145</ele></trkpt>
      <trkpt lat="46.32995" lon="16.651868999999998"><ele>145</ele></trkpt>
      <trkpt lat="46.329966" lon="16.652055"><ele>145</ele></trkpt>
      <trkpt lat="46.329975999999995" lon="16.652198"><ele>145</ele></trkpt>
      <trkpt lat="46.32996" lon="16.652304"><ele>145</ele></trkpt>
      <trkpt lat="46.329828" lon="16.652509"><ele>145</ele></trkpt>
      <trkpt lat="46.32974" lon="16.65271"><ele>145</ele></trkpt>
      <trkpt lat="46.32958" lon="16.65328"><ele>145</ele></trkpt>
      <trkpt lat="46.329429999999995" lon="16.65411"><ele>145</ele></trkpt>
      <trkpt lat="46.32948" lon="16.65578"><ele>145</ele></trkpt>
      <trkpt lat="46.329409999999996" lon="16.65776"><ele>145</ele></trkpt>
      <trkpt lat="46.3294" lon="16.65933"><ele>145</ele></trkpt>
      <trkpt lat="46.329319999999996" lon="16.660149999999998"><ele>144.95</ele></trkpt>
      <trkpt lat="46.329339999999995" lon="16.66038"><ele>144.9</ele></trkpt>
      <trkpt lat="46.32949" lon="16.66058"><ele>144.82</ele></trkpt>
      <trkpt lat="46.330239999999996" lon="16.660909999999998"><ele>144.38</ele></trkpt>
      <trkpt lat="46.33043" lon="16.66105"><ele>144.33</ele></trkpt>
      <trkpt lat="46.33076" lon="16.661369999999998"><ele>144.4</ele></trkpt>
      <trkpt lat="46.33094" lon="16.66163"><ele>144.54</ele></trkpt>
      <trkpt lat="46.33114" lon="16.6622"><ele>144.7</ele></trkpt>
      <trkpt lat="46.33123" lon="16.66331"><ele>144.41</ele></trkpt>
      <trkpt lat="46.3311" lon="16.66582"><ele>142.97</ele></trkpt>
      <trkpt lat="46.33101" lon="16.66659"><ele>142.67</ele></trkpt>
      <trkpt lat="46.330619999999996" lon="16.66808"><ele>142.43</ele></trkpt>
      <trkpt lat="46.33012" lon="16.66902"><ele>142.51</ele></trkpt>
      <trkpt lat="46.32976" lon="16.66951"><ele>142.56</ele></trkpt>
      <trkpt lat="46.32895" lon="16.67037"><ele>142.97</ele></trkpt>
      <trkpt lat="46.328883" lon="16.670579999999998"><ele>143</ele></trkpt>
      <trkpt lat="46.328765" lon="16.670966"><ele>143</ele></trkpt>
      <trkpt lat="46.329097" lon="16.671224"><ele>143</ele></trkpt>
      <trkpt lat="46.329387" lon="16.671540999999998"><ele>143</ele></trkpt>
      <trkpt lat="46.329629999999995" lon="16.671858999999998"><ele>143</ele></trkpt>
      <trkpt lat="46.329861" lon="16.672271"><ele>143</ele></trkpt>
      <trkpt lat="46.330027" lon="16.672803"><ele>143</ele></trkpt>
      <trkpt lat="46.33011" lon="16.673198"><ele>143</ele></trkpt>
      <trkpt lat="46.33016" lon="16.673731999999998"><ele>143</ele></trkpt>
      <trkpt lat="46.33021" lon="16.673873999999998"><ele>143</ele></trkpt>
      <trkpt lat="46.330327" lon="16.674118"><ele>142.36</ele></trkpt>
      <trkpt lat="46.330529" lon="16.674699999999998"><ele>142</ele></trkpt>
      <trkpt lat="46.330681999999996" lon="16.674919"><ele>142</ele></trkpt>
      <trkpt lat="46.330735999999995" lon="16.674977"><ele>142</ele></trkpt>
      <trkpt lat="46.330802999999996" lon="16.675017"><ele>142</ele></trkpt>
      <trkpt lat="46.331026" lon="16.675071"><ele>142</ele></trkpt>
      <trkpt lat="46.331227" lon="16.675069999999998"><ele>142</ele></trkpt>
      <trkpt lat="46.331526" lon="16.675017"><ele>142</ele></trkpt>
      <trkpt lat="46.332246" lon="16.674856"><ele>142</ele></trkpt>
      <trkpt lat="46.332524" lon="16.674765999999998"><ele>142</ele></trkpt>
      <trkpt lat="46.333289" lon="16.674446"><ele>142.31</ele></trkpt>
      <trkpt lat="46.333421" lon="16.674411"><ele>142.87</ele></trkpt>
      <trkpt lat="46.333725" lon="16.674353"><ele>143.38</ele></trkpt>
      <trkpt lat="46.334109" lon="16.674309"><ele>144</ele></trkpt>
      <trkpt lat="46.33421" lon="16.674318"><ele>144</ele></trkpt>
      <trkpt lat="46.334306" lon="16.674346"><ele>144</ele></trkpt>
      <trkpt lat="46.334385999999995" lon="16.674394"><ele>144</ele></trkpt>
      <trkpt lat="46.334438" lon="16.674442"><ele>144</ele></trkpt>
      <trkpt lat="46.334508" lon="16.674564"><ele>144</ele></trkpt>
      <trkpt lat="46.334571" lon="16.674803999999998"><ele>144</ele></trkpt>
      <trkpt lat="46.334663" lon="16.675437"><ele>144</ele></trkpt>
      <trkpt lat="46.334683" lon="16.675525"><ele>144</ele></trkpt>
      <trkpt lat="46.334716" lon="16.675591"><ele>144</ele></trkpt>
      <trkpt lat="46.334759" lon="16.675646999999998"><ele>144</ele></trkpt>
      <trkpt lat="46.334796" lon="16.67568"><ele>144</ele></trkpt>
      <trkpt lat="46.334863" lon="16.675701999999998"><ele>144</ele></trkpt>
      <trkpt lat="46.335415999999995" lon="16.675773"><ele>144</ele></trkpt>
      <trkpt lat="46.335774" lon="16.675835"><ele>144</ele></trkpt>
      <trkpt lat="46.337511" lon="16.676246"><ele>143.99</ele></trkpt>
      <trkpt lat="46.337844" lon="16.67635"><ele>143.84</ele></trkpt>
      <trkpt lat="46.339172" lon="16.676993"><ele>143</ele></trkpt>
      <trkpt lat="46.339428999999996" lon="16.67713"><ele>143</ele></trkpt>
      <trkpt lat="46.339537" lon="16.677198"><ele>143</ele></trkpt>
      <trkpt lat="46.339777" lon="16.677391999999998"><ele>143</ele></trkpt>
      <trkpt lat="46.339999" lon="16.67759"><ele>143</ele></trkpt>
      <trkpt lat="46.340391" lon="16.677902"><ele>143</ele></trkpt>
      <trkpt lat="46.341327" lon="16.678562"><ele>143</ele></trkpt>
      <trkpt lat="46.341457" lon="16.678635"><ele>143</ele></trkpt>
      <trkpt lat="46.341581" lon="16.678668"><ele>143</ele></trkpt>
      <trkpt lat="46.341674" lon="16.678660999999998"><ele>143</ele></trkpt>
      <trkpt lat="46.341778" lon="16.678634"><ele>143</ele></trkpt>
      <trkpt lat="46.341868999999996" lon="16.678577"><ele>143</ele></trkpt>
      <trkpt lat="46.342113999999995" lon="16.678268"><ele>143</ele></trkpt>
      <trkpt lat="46.342213" lon="16.678183"><ele>143</ele></trkpt>
      <trkpt lat="46.342310999999995" lon="16.678151"><ele>143</ele></trkpt>
      <trkpt lat="46.342436" lon="16.678157"><ele>143</ele></trkpt>
      <trkpt lat="46.342850999999996" lon="16.678216"><ele>143</ele></trkpt>
      <trkpt lat="46.343271" lon="16.678373999999998"><ele>142.77</ele></trkpt>
      <trkpt lat="46.343359" lon="16.67838"><ele>142.64</ele></trkpt>
      <trkpt lat="46.34368" lon="16.678321"><ele>142.42</ele></trkpt>
      <trkpt lat="46.343936" lon="16.678203"><ele>142.16</ele></trkpt>
      <trkpt lat="46.344249" lon="16.677977"><ele>142.34</ele></trkpt>
      <trkpt lat="46.344552" lon="16.677725"><ele>142.92</ele></trkpt>
      <trkpt lat="46.344676" lon="16.677640999999998"><ele>142.95</ele></trkpt>
      <trkpt lat="46.344834" lon="16.677557"><ele>142.96</ele></trkpt>
      <trkpt lat="46.345172" lon="16.677407"><ele>143</ele></trkpt>
      <trkpt lat="46.345527" lon="16.677221"><ele>143</ele></trkpt>
      <trkpt lat="46.345743999999996" lon="16.677176"><ele>143</ele></trkpt>
      <trkpt lat="46.346059" lon="16.677177999999998"><ele>143</ele></trkpt>
      <trkpt lat="46.345977" lon="16.67863"><ele>143</ele></trkpt>
      <trkpt lat="46.345965" lon="16.679061"><ele>143</ele></trkpt>
      <trkpt lat="46.345966999999995" lon="16.679509"><ele>143</ele></trkpt>
      <trkpt lat="46.345932" lon="16.681107"><ele>143</ele></trkpt>
      <trkpt lat="46.3459" lon="16.681352999999998"><ele>143</ele></trkpt>
      <trkpt lat="46.345692" lon="16.682178999999998"><ele>143</ele></trkpt>
      <trkpt lat="46.345624" lon="16.682489999999998"><ele>143</ele></trkpt>
      <trkpt lat="46.345554" lon="16.682942"><ele>143</ele></trkpt>
      <trkpt lat="46.345527" lon="16.683342"><ele>143</ele></trkpt>
      <trkpt lat="46.345504999999996" lon="16.685183"><ele>143</ele></trkpt>
      <trkpt lat="46.345462999999995" lon="16.685941"><ele>143</ele></trkpt>
      <trkpt lat="46.345408" lon="16.686473"><ele>142.53</ele></trkpt>
      <trkpt lat="46.345200999999996" lon="16.687735"><ele>142.26</ele></trkpt>
      <trkpt lat="46.344916999999995" lon="16.689306"><ele>142.02</ele></trkpt>
      <trkpt lat="46.344792" lon="16.689784"><ele>142.01</ele></trkpt>
      <trkpt lat="46.344792" lon="16.689784"><ele>142.01</ele></trkpt>
      <trkpt lat="46.344742" lon="16.689975"><ele>142</ele></trkpt>
      <trkpt lat="46.344573999999994" lon="16.690516"><ele>142</ele></trkpt>
      <trkpt lat="46.343249" lon="16.694309999999998"><ele>141.98</ele></trkpt>
      <trkpt lat="46.342709" lon="16.695750999999998"><ele>141.5</ele></trkpt>
      <trkpt lat="46.341988" lon="16.697564"><ele>141.03</ele></trkpt>
      <trkpt lat="46.341822" lon="16.698057"><ele>141</ele></trkpt>
      <trkpt lat="46.34158" lon="16.698864"><ele>141</ele></trkpt>
      <trkpt lat="46.34166" lon="16.698915"><ele>141</ele></trkpt>
      <trkpt lat="46.341725" lon="16.698930999999998"><ele>141</ele></trkpt>
      <trkpt lat="46.341806999999996" lon="16.698929"><ele>141</ele></trkpt>
      <trkpt lat="46.342171" lon="16.698874999999997"><ele>141</ele></trkpt>
      <trkpt lat="46.342265" lon="16.698869"><ele>141</ele></trkpt>
      <trkpt lat="46.342664" lon="16.698925"><ele>140.92</ele></trkpt>
      <trkpt lat="46.343109999999996" lon="16.699082"><ele>140.81</ele></trkpt>
      <trkpt lat="46.343264" lon="16.699127999999998"><ele>140.81</ele></trkpt>
      <trkpt lat="46.343464999999995" lon="16.69917"><ele>140.81</ele></trkpt>
      <trkpt lat="46.343562999999996" lon="16.699206999999998"><ele>140.81</ele></trkpt>
      <trkpt lat="46.343637" lon="16.699253"><ele>140.81</ele></trkpt>
      <trkpt lat="46.343689" lon="16.699309"><ele>140.81</ele></trkpt>
      <trkpt lat="46.343762999999996" lon="16.699412"><ele>140.82</ele></trkpt>
      <trkpt lat="46.34382" lon="16.69951"><ele>140.85</ele></trkpt>
      <trkpt lat="46.344009" lon="16.699901"><ele>140.99</ele></trkpt>
      <trkpt lat="46.344125" lon="16.700172"><ele>141</ele></trkpt>
      <trkpt lat="46.344237" lon="16.700475"><ele>141</ele></trkpt>
      <trkpt lat="46.344376" lon="16.700885"><ele>141</ele></trkpt>
      <trkpt lat="46.3446" lon="16.701581"><ele>141</ele></trkpt>
      <trkpt lat="46.344888999999995" lon="16.702265999999998"><ele>140.83</ele></trkpt>
      <trkpt lat="46.34524" lon="16.703122999999998"><ele>140.27</ele></trkpt>
      <trkpt lat="46.345403" lon="16.70345"><ele>140.01</ele></trkpt>
      <trkpt lat="46.346109999999996" lon="16.704442999999998"><ele>140.26</ele></trkpt>
      <trkpt lat="46.346274" lon="16.704691"><ele>140.17</ele></trkpt>
      <trkpt lat="46.34657" lon="16.705089"><ele>140</ele></trkpt>
      <trkpt lat="46.346827" lon="16.705337999999998"><ele>140</ele></trkpt>
      <trkpt lat="46.346951999999995" lon="16.705479"><ele>140</ele></trkpt>
      <trkpt lat="46.346969" lon="16.705548999999998"><ele>140</ele></trkpt>
      <trkpt lat="46.346982" lon="16.705741"><ele>140</ele></trkpt>
      <trkpt lat="46.346982999999994" lon="16.706011999999998"><ele>140</ele></trkpt>
      <trkpt lat="46.346973" lon="16.706269"><ele>140</ele></trkpt>
      <trkpt lat="46.346961" lon="16.706356"><ele>140</ele></trkpt>
      <trkpt lat="46.346914" lon="16.70654"><ele>140</ele></trkpt>
      <trkpt lat="46.346863" lon="16.706652"><ele>140</ele></trkpt>
      <trkpt lat="46.346736" lon="16.706834999999998"><ele>140</ele></trkpt>
      <trkpt lat="46.346585" lon="16.706989"><ele>140</ele></trkpt>
      <trkpt lat="46.346455" lon="16.707141999999997"><ele>140</ele></trkpt>
      <trkpt lat="46.346233" lon="16.707366"><ele>140</ele></trkpt>
      <trkpt lat="46.346123999999996" lon="16.707516"><ele>140</ele></trkpt>
      <trkpt lat="46.346075" lon="16.707598"><ele>140</ele></trkpt>
      <trkpt lat="46.346045" lon="16.707683"><ele>140</ele></trkpt>
      <trkpt lat="46.346001" lon="16.707681"><ele>140</ele></trkpt>
      <trkpt lat="46.34592" lon="16.707753"><ele>140</ele></trkpt>
      <trkpt lat="46.345777999999996" lon="16.707995"><ele>140</ele></trkpt>
      <trkpt lat="46.345661" lon="16.708258"><ele>140</ele></trkpt>
      <trkpt lat="46.345428999999996" lon="16.708833"><ele>140</ele></trkpt>
      <trkpt lat="46.345304" lon="16.709218"><ele>140</ele></trkpt>
      <trkpt lat="46.345256" lon="16.709338"><ele>140</ele></trkpt>
      <trkpt lat="46.345178999999995" lon="16.709504"><ele>140</ele></trkpt>
      <trkpt lat="46.345127" lon="16.709577"><ele>140</ele></trkpt>
      <trkpt lat="46.344938" lon="16.70975"><ele>140</ele></trkpt>
      <trkpt lat="46.344822" lon="16.709818"><ele>140</ele></trkpt>
      <trkpt lat="46.344369" lon="16.710037"><ele>140</ele></trkpt>
      <trkpt lat="46.344369" lon="16.710037"><ele>140</ele></trkpt>
      <trkpt lat="46.343961" lon="16.710235"><ele>140</ele></trkpt>
      <trkpt lat="46.343765" lon="16.710389"><ele>140</ele></trkpt>
      <trkpt lat="46.343264" lon="16.710736"><ele>140</ele></trkpt>
      <trkpt lat="46.343007" lon="16.71089"><ele>140</ele></trkpt>
      <trkpt lat="46.342757" lon="16.711012"><ele>140</ele></trkpt>
      <trkpt lat="46.34267" lon="16.711043"><ele>140</ele></trkpt>
      <trkpt lat="46.342271" lon="16.711109999999998"><ele>140</ele></trkpt>
      <trkpt lat="46.341828" lon="16.711372"><ele>140</ele></trkpt>
      <trkpt lat="46.341639" lon="16.711453"><ele>140</ele></trkpt>
      <trkpt lat="46.341456" lon="16.711496999999998"><ele>140</ele></trkpt>
      <trkpt lat="46.341350999999996" lon="16.711541999999998"><ele>140</ele></trkpt>
      <trkpt lat="46.341175" lon="16.711669"><ele>140</ele></trkpt>
      <trkpt lat="46.340951" lon="16.711921999999998"><ele>140</ele></trkpt>
      <trkpt lat="46.340713" lon="16.712159"><ele>140</ele></trkpt>
      <trkpt lat="46.340348999999996" lon="16.712384999999998"><ele>140</ele></trkpt>
      <trkpt lat="46.340123" lon="16.712557999999998"><ele>140</ele></trkpt>
      <trkpt lat="46.33963" lon="16.712985"><ele>140.25</ele></trkpt>
      <trkpt lat="46.339535999999995" lon="16.71305"><ele>140.33</ele></trkpt>
      <trkpt lat="46.339431" lon="16.713091"><ele>140.41</ele></trkpt>
      <trkpt lat="46.339324" lon="16.713113"><ele>140.49</ele></trkpt>
      <trkpt lat="46.339171" lon="16.713123"><ele>140.6</ele></trkpt>
      <trkpt lat="46.339" lon="16.713109"><ele>140.73</ele></trkpt>
      <trkpt lat="46.338905" lon="16.713076"><ele>140.8</ele></trkpt>
      <trkpt lat="46.338795999999995" lon="16.713013"><ele>140.89</ele></trkpt>
      <trkpt lat="46.338601" lon="16.712875999999998"><ele>140.99</ele></trkpt>
      <trkpt lat="46.338519" lon="16.712833"><ele>141</ele></trkpt>
      <trkpt lat="46.338426999999996" lon="16.712827"><ele>141</ele></trkpt>
      <trkpt lat="46.338313" lon="16.712851"><ele>141</ele></trkpt>
      <trkpt lat="46.338105" lon="16.712915"><ele>141</ele></trkpt>
      <trkpt lat="46.337801" lon="16.712957"><ele>141</ele></trkpt>
      <trkpt lat="46.33771" lon="16.712951"><ele>141</ele></trkpt>
      <trkpt lat="46.337661999999995" lon="16.713185"><ele>141</ele></trkpt>
      <trkpt lat="46.337523999999995" lon="16.713627"><ele>141</ele></trkpt>
      <trkpt lat="46.33745" lon="16.713818"><ele>141</ele></trkpt>
      <trkpt lat="46.337412" lon="16.713801"><ele>141</ele></trkpt>
      <trkpt lat="46.337373" lon="16.713824"><ele>141</ele></trkpt>
      <trkpt lat="46.337351999999996" lon="16.713877"><ele>141</ele></trkpt>
      <trkpt lat="46.337359" lon="16.713938"><ele>141</ele></trkpt>
      <trkpt lat="46.337373" lon="16.713962"><ele>141</ele></trkpt>
      <trkpt lat="46.337412" lon="16.713985"><ele>141</ele></trkpt>
      <trkpt lat="46.337433999999995" lon="16.713981"><ele>141</ele></trkpt>
      <trkpt lat="46.33744" lon="16.714154999999998"><ele>141</ele></trkpt>
      <trkpt lat="46.337433999999995" lon="16.714396"><ele>141</ele></trkpt>
      <trkpt lat="46.337418" lon="16.714636"><ele>141</ele></trkpt>
      <trkpt lat="46.337385" lon="16.714909"><ele>141</ele></trkpt>
      <trkpt lat="46.337354" lon="16.715249"><ele>141</ele></trkpt>
      <trkpt lat="46.337367" lon="16.715573"><ele>141</ele></trkpt>
      <trkpt lat="46.337418" lon="16.715951999999998"><ele>141</ele></trkpt>
      <trkpt lat="46.337525" lon="16.717375"><ele>140.41</ele></trkpt>
      <trkpt lat="46.337506999999995" lon="16.71753"><ele>140.1</ele></trkpt>
      <trkpt lat="46.337469999999996" lon="16.717651"><ele>140.06</ele></trkpt>
      <trkpt lat="46.337368999999995" lon="16.717903"><ele>140</ele></trkpt>
      <trkpt lat="46.337182" lon="16.718417"><ele>140</ele></trkpt>
      <trkpt lat="46.33706" lon="16.718792"><ele>140</ele></trkpt>
      <trkpt lat="46.336734" lon="16.719918"><ele>140</ele></trkpt>
      <trkpt lat="46.336597" lon="16.720359"><ele>140</ele></trkpt>
      <trkpt lat="46.336555" lon="16.720458"><ele>140</ele></trkpt>
      <trkpt lat="46.336394999999996" lon="16.720719"><ele>140</ele></trkpt>
      <trkpt lat="46.336228" lon="16.720917999999998"><ele>140</ele></trkpt>
      <trkpt lat="46.336137" lon="16.721042"><ele>140</ele></trkpt>
      <trkpt lat="46.33611" lon="16.721168"><ele>140</ele></trkpt>
      <trkpt lat="46.336096" lon="16.721297"><ele>140</ele></trkpt>
      <trkpt lat="46.336104999999996" lon="16.721837999999998"><ele>140</ele></trkpt>
      <trkpt lat="46.336123" lon="16.722086"><ele>140</ele></trkpt>
      <trkpt lat="46.336419" lon="16.724135999999998"><ele>140</ele></trkpt>
      <trkpt lat="46.336465" lon="16.724574999999998"><ele>140</ele></trkpt>
      <trkpt lat="46.336331" lon="16.724647"><ele>140</ele></trkpt>
      <trkpt lat="46.335856" lon="16.724837"><ele>140</ele></trkpt>
      <trkpt lat="46.335677999999994" lon="16.724923"><ele>140</ele></trkpt>
      <trkpt lat="46.335648" lon="16.724975"><ele>140</ele></trkpt>
      <trkpt lat="46.335633" lon="16.725061"><ele>140</ele></trkpt>
      <trkpt lat="46.335623999999996" lon="16.72591"><ele>140</ele></trkpt>
      <trkpt lat="46.335564" lon="16.726581"><ele>139.66</ele></trkpt>
      <trkpt lat="46.335507" lon="16.726973"><ele>139.4</ele></trkpt>
      <trkpt lat="46.335322" lon="16.72798"><ele>139</ele></trkpt>
      <trkpt lat="46.335246999999995" lon="16.728365999999998"><ele>139</ele></trkpt>
      <trkpt lat="46.335173999999995" lon="16.728688"><ele>139</ele></trkpt>
      <trkpt lat="46.335042" lon="16.72919"><ele>139</ele></trkpt>
      <trkpt lat="46.334922" lon="16.729608"><ele>139</ele></trkpt>
      <trkpt lat="46.334857" lon="16.729736"><ele>139</ele></trkpt>
      <trkpt lat="46.334669" lon="16.730006"><ele>139</ele></trkpt>
      <trkpt lat="46.334527" lon="16.730180999999998"><ele>139</ele></trkpt>
      <trkpt lat="46.334204" lon="16.730556"><ele>139</ele></trkpt>
      <trkpt lat="46.334032" lon="16.73074"><ele>139</ele></trkpt>
      <trkpt lat="46.333943" lon="16.73085"><ele>139</ele></trkpt>
      <trkpt lat="46.333883" lon="16.730940999999998"><ele>139</ele></trkpt>
      <trkpt lat="46.333842999999995" lon="16.731064"><ele>139</ele></trkpt>
      <trkpt lat="46.333815" lon="16.73124"><ele>139</ele></trkpt>
      <trkpt lat="46.333799" lon="16.731444"><ele>139</ele></trkpt>
      <trkpt lat="46.333777" lon="16.732089"><ele>139</ele></trkpt>
      <trkpt lat="46.333788999999996" lon="16.732658999999998"><ele>139</ele></trkpt>
      <trkpt lat="46.333833" lon="16.733411"><ele>139</ele></trkpt>
      <trkpt lat="46.333850999999996" lon="16.733537"><ele>139</ele></trkpt>
      <trkpt lat="46.333909" lon="16.733746"><ele>139</ele></trkpt>
      <trkpt lat="46.334119" lon="16.734308"><ele>139</ele></trkpt>
      <trkpt lat="46.334185" lon="16.734458"><ele>139</ele></trkpt>
      <trkpt lat="46.334185" lon="16.734458"><ele>139</ele></trkpt>
      <trkpt lat="46.334312" lon="16.734769"><ele>139</ele></trkpt>
      <trkpt lat="46.334343" lon="16.734894"><ele>139</ele></trkpt>
      <trkpt lat="46.334346" lon="16.735021"><ele>139</ele></trkpt>
      <trkpt lat="46.334309999999995" lon="16.735177"><ele>139</ele></trkpt>
      <trkpt lat="46.334292999999995" lon="16.735386"><ele>139</ele></trkpt>
      <trkpt lat="46.334286999999996" lon="16.735538"><ele>139</ele></trkpt>
      <trkpt lat="46.334292" lon="16.73592"><ele>139</ele></trkpt>
      <trkpt lat="46.334354" lon="16.736732"><ele>139</ele></trkpt>
      <trkpt lat="46.334396999999996" lon="16.737092"><ele>139</ele></trkpt>
      <trkpt lat="46.334469" lon="16.737461"><ele>139</ele></trkpt>
      <trkpt lat="46.334523" lon="16.737800999999997"><ele>139</ele></trkpt>
      <trkpt lat="46.334540999999994" lon="16.738035"><ele>139</ele></trkpt>
      <trkpt lat="46.334542" lon="16.738357999999998"><ele>139</ele></trkpt>
      <trkpt lat="46.33453" lon="16.738923"><ele>139</ele></trkpt>
      <trkpt lat="46.334412" lon="16.738946"><ele>139</ele></trkpt>
      <trkpt lat="46.33408" lon="16.738981"><ele>139</ele></trkpt>
      <trkpt lat="46.333891" lon="16.738965"><ele>139</ele></trkpt>
      <trkpt lat="46.333663" lon="16.738926"><ele>139</ele></trkpt>
      <trkpt lat="46.333574999999996" lon="16.738929"><ele>139</ele></trkpt>
      <trkpt lat="46.333492" lon="16.738964"><ele>139</ele></trkpt>
      <trkpt lat="46.333439" lon="16.739034"><ele>139</ele></trkpt>
      <trkpt lat="46.333349" lon="16.739227"><ele>139.02</ele></trkpt>
      <trkpt lat="46.333317" lon="16.739314"><ele>139.06</ele></trkpt>
      <trkpt lat="46.333101" lon="16.739233"><ele>139.83</ele></trkpt>
      <trkpt lat="46.332985" lon="16.739681"><ele>140</ele></trkpt>
      <trkpt lat="46.332952999999996" lon="16.740009"><ele>139.45</ele></trkpt>
      <trkpt lat="46.332899" lon="16.740423"><ele>139.11</ele></trkpt>
      <trkpt lat="46.332816" lon="16.740911999999998"><ele>139</ele></trkpt>
      <trkpt lat="46.332370999999995" lon="16.743454"><ele>139</ele></trkpt>
      <trkpt lat="46.332319999999996" lon="16.743662"><ele>139</ele></trkpt>
      <trkpt lat="46.332204" lon="16.744237"><ele>139</ele></trkpt>
      <trkpt lat="46.332172" lon="16.744709999999998"><ele>139</ele></trkpt>
      <trkpt lat="46.332193" lon="16.744882999999998"><ele>139</ele></trkpt>
      <trkpt lat="46.332243999999996" lon="16.745141"><ele>138.45</ele></trkpt>
      <trkpt lat="46.332308999999995" lon="16.745668"><ele>138</ele></trkpt>
      <trkpt lat="46.33233" lon="16.74588"><ele>138</ele></trkpt>
      <trkpt lat="46.332333999999996" lon="16.746067999999998"><ele>138</ele></trkpt>
      <trkpt lat="46.332327" lon="16.746228"><ele>138</ele></trkpt>
      <trkpt lat="46.332311999999995" lon="16.746349"><ele>138.01</ele></trkpt>
      <trkpt lat="46.332207" lon="16.746871"><ele>138.05</ele></trkpt>
      <trkpt lat="46.332063" lon="16.747495"><ele>138.57</ele></trkpt>
      <trkpt lat="46.332048" lon="16.747671"><ele>138.62</ele></trkpt>
      <trkpt lat="46.332032" lon="16.748413"><ele>138.69</ele></trkpt>
      <trkpt lat="46.331970999999996" lon="16.748772"><ele>138.9</ele></trkpt>
      <trkpt lat="46.331925999999996" lon="16.748874999999998"><ele>138.98</ele></trkpt>
      <trkpt lat="46.331877" lon="16.748952"><ele>138.99</ele></trkpt>
      <trkpt lat="46.33164" lon="16.749292"><ele>139</ele></trkpt>
      <trkpt lat="46.331514" lon="16.749453"><ele>139</ele></trkpt>
      <trkpt lat="46.331320999999996" lon="16.749741"><ele>138.43</ele></trkpt>
      <trkpt lat="46.331179999999996" lon="16.750039"><ele>137</ele></trkpt>
      <trkpt lat="46.331134999999996" lon="16.750208"><ele>137</ele></trkpt>
      <trkpt lat="46.33107" lon="16.750389"><ele>137</ele></trkpt>
      <trkpt lat="46.330853" lon="16.750822"><ele>137</ele></trkpt>
      <trkpt lat="46.330524999999994" lon="16.75139"><ele>137</ele></trkpt>
      <trkpt lat="46.330222" lon="16.751883"><ele>137</ele></trkpt>
      <trkpt lat="46.330149" lon="16.751981"><ele>137</ele></trkpt>
      <trkpt lat="46.329986999999996" lon="16.752112"><ele>137</ele></trkpt>
      <trkpt lat="46.329884" lon="16.752163"><ele>137</ele></trkpt>
      <trkpt lat="46.329769" lon="16.752283"><ele>137</ele></trkpt>
      <trkpt lat="46.329668999999996" lon="16.752363"><ele>137</ele></trkpt>
      <trkpt lat="46.329614" lon="16.752529"><ele>137</ele></trkpt>
      <trkpt lat="46.329541" lon="16.752696"><ele>137</ele></trkpt>
      <trkpt lat="46.329321" lon="16.753103"><ele>137</ele></trkpt>
      <trkpt lat="46.328959999999995" lon="16.753601"><ele>137</ele></trkpt>
      <trkpt lat="46.328708999999996" lon="16.753904"><ele>137</ele></trkpt>
      <trkpt lat="46.328545" lon="16.754063"><ele>137</ele></trkpt>
      <trkpt lat="46.328314999999996" lon="16.754193"><ele>137</ele></trkpt>
      <trkpt lat="46.328168" lon="16.754236"><ele>137</ele></trkpt>
      <trkpt lat="46.327971999999995" lon="16.754255999999998"><ele>137</ele></trkpt>
      <trkpt lat="46.326598999999995" lon="16.754305"><ele>137</ele></trkpt>
      <trkpt lat="46.326178999999996" lon="16.75431"><ele>137</ele></trkpt>
      <trkpt lat="46.32581" lon="16.754291"><ele>137</ele></trkpt>
      <trkpt lat="46.325697" lon="16.754274"><ele>137</ele></trkpt>
      <trkpt lat="46.325416999999995" lon="16.754193"><ele>137</ele></trkpt>
      <trkpt lat="46.325157" lon="16.754096999999998"><ele>137</ele></trkpt>
      <trkpt lat="46.324644" lon="16.753878"><ele>137</ele></trkpt>
      <trkpt lat="46.324566999999995" lon="16.753854"><ele>137</ele></trkpt>
      <trkpt lat="46.324396" lon="16.753840999999998"><ele>137</ele></trkpt>
      <trkpt lat="46.324284" lon="16.753845"><ele>137</ele></trkpt>
      <trkpt lat="46.324158" lon="16.753868999999998"><ele>137</ele></trkpt>
      <trkpt lat="46.324022" lon="16.753926"><ele>137</ele></trkpt>
      <trkpt lat="46.323882999999995" lon="16.754015"><ele>137</ele></trkpt>
      <trkpt lat="46.323767" lon="16.754106999999998"><ele>137</ele></trkpt>
      <trkpt lat="46.323625" lon="16.754271"><ele>137</ele></trkpt>
      <trkpt lat="46.323533" lon="16.754400999999998"><ele>137</ele></trkpt>
      <trkpt lat="46.323482" lon="16.754489"><ele>137</ele></trkpt>
      <trkpt lat="46.323404" lon="16.754651"><ele>137</ele></trkpt>
      <trkpt lat="46.323308" lon="16.754898999999998"><ele>137</ele></trkpt>
      <trkpt lat="46.322945" lon="16.755921999999998"><ele>137</ele></trkpt>
      <trkpt lat="46.322782" lon="16.756428"><ele>137</ele></trkpt>
      <trkpt lat="46.322722" lon="16.756691"><ele>137</ele></trkpt>
      <trkpt lat="46.322683" lon="16.756936"><ele>137</ele></trkpt>
      <trkpt lat="46.322669" lon="16.75711"><ele>137</ele></trkpt>
      <trkpt lat="46.322666999999996" lon="16.758369"><ele>136.99</ele></trkpt>
      <trkpt lat="46.322663" lon="16.758471"><ele>136.95</ele></trkpt>
      <trkpt lat="46.322646" lon="16.758605"><ele>136.87</ele></trkpt>
      <trkpt lat="46.322601999999996" lon="16.758823"><ele>136.73</ele></trkpt>
      <trkpt lat="46.322561" lon="16.758988"><ele>136.64</ele></trkpt>
      <trkpt lat="46.322207" lon="16.760116999999997"><ele>136</ele></trkpt>
      <trkpt lat="46.322064" lon="16.760625"><ele>136</ele></trkpt>
      <trkpt lat="46.321953" lon="16.761129999999998"><ele>136</ele></trkpt>
      <trkpt lat="46.321844" lon="16.76201"><ele>136</ele></trkpt>
      <trkpt lat="46.321718" lon="16.763187"><ele>136</ele></trkpt>
      <trkpt lat="46.32169" lon="16.764094"><ele>136</ele></trkpt>
      <trkpt lat="46.321664" lon="16.764367999999997"><ele>136</ele></trkpt>
      <trkpt lat="46.321577" lon="16.76484"><ele>136</ele></trkpt>
      <trkpt lat="46.321431999999994" lon="16.765434"><ele>135.97</ele></trkpt>
      <trkpt lat="46.320721" lon="16.768121999999998"><ele>135</ele></trkpt>
      <trkpt lat="46.320591" lon="16.768646"><ele>135</ele></trkpt>
      <trkpt lat="46.320518" lon="16.769023"><ele>135</ele></trkpt>
      <trkpt lat="46.320468999999996" lon="16.769362"><ele>135</ele></trkpt>
      <trkpt lat="46.320443" lon="16.769597"><ele>135</ele></trkpt>
      <trkpt lat="46.320429999999995" lon="16.769845"><ele>135</ele></trkpt>
      <trkpt lat="46.320434999999996" lon="16.770063999999998"><ele>135</ele></trkpt>
      <trkpt lat="46.320448999999996" lon="16.770283"><ele>135</ele></trkpt>
      <trkpt lat="46.320533" lon="16.770813"><ele>135</ele></trkpt>
      <trkpt lat="46.320654" lon="16.77131"><ele>135</ele></trkpt>
      <trkpt lat="46.320809999999994" lon="16.771867999999998"><ele>135</ele></trkpt>
      <trkpt lat="46.321036" lon="16.772522"><ele>135</ele></trkpt>
      <trkpt lat="46.321141999999995" lon="16.772872"><ele>135</ele></trkpt>
      <trkpt lat="46.321238" lon="16.773238"><ele>135</ele></trkpt>
      <trkpt lat="46.32132" lon="16.773598"><ele>135</ele></trkpt>
      <trkpt lat="46.321577" lon="16.774936"><ele>135</ele></trkpt>
      <trkpt lat="46.321827" lon="16.776363"><ele>135</ele></trkpt>
      <trkpt lat="46.321953" lon="16.777134"><ele>135</ele></trkpt>
      <trkpt lat="46.322196" lon="16.779061"><ele>135</ele></trkpt>
      <trkpt lat="46.322233" lon="16.779284"><ele>135</ele></trkpt>
      <trkpt lat="46.322303999999995" lon="16.779626"><ele>135</ele></trkpt>
      <trkpt lat="46.322570999999996" lon="16.780794999999998"><ele>136.49</ele></trkpt>
      <trkpt lat="46.3226" lon="16.780950999999998"><ele>136.76</ele></trkpt>
      <trkpt lat="46.322635999999996" lon="16.781267"><ele>137</ele></trkpt>
      <trkpt lat="46.322638999999995" lon="16.781623"><ele>137</ele></trkpt>
      <trkpt lat="46.322604999999996" lon="16.781634999999998"><ele>137.01</ele></trkpt>
      <trkpt lat="46.322573" lon="16.781679"><ele>137.12</ele></trkpt>
      <trkpt lat="46.32255" lon="16.781736"><ele>137.31</ele></trkpt>
      <trkpt lat="46.322468" lon="16.782304"><ele>136.74</ele></trkpt>
      <trkpt lat="46.322432" lon="16.78241"><ele>136.4</ele></trkpt>
      <trkpt lat="46.322384" lon="16.782496"><ele>136.07</ele></trkpt>
      <trkpt lat="46.32203" lon="16.782849"><ele>135.14</ele></trkpt>
      <trkpt lat="46.321777999999995" lon="16.782953"><ele>135.08</ele></trkpt>
      <trkpt lat="46.321498" lon="16.783027"><ele>135.04</ele></trkpt>
      <trkpt lat="46.321354" lon="16.783023999999997"><ele>135.06</ele></trkpt>
      <trkpt lat="46.321188" lon="16.78297"><ele>135.1</ele></trkpt>
      <trkpt lat="46.318054" lon="16.781394"><ele>136.3</ele></trkpt>
      <trkpt lat="46.317667" lon="16.781162"><ele>135.78</ele></trkpt>
      <trkpt lat="46.317519999999995" lon="16.781128"><ele>135.57</ele></trkpt>
      <trkpt lat="46.317125" lon="16.780946"><ele>135.08</ele></trkpt>
      <trkpt lat="46.316520999999995" lon="16.780822999999998"><ele>134.48</ele></trkpt>
      <trkpt lat="46.315954999999995" lon="16.780638"><ele>132.92</ele></trkpt>
      <trkpt lat="46.314723" lon="16.780207"><ele>133.99</ele></trkpt>
      <trkpt lat="46.314668999999995" lon="16.780188"><ele>134.05</ele></trkpt>
      <trkpt lat="46.314574" lon="16.780224999999998"><ele>134.1</ele></trkpt>
      <trkpt lat="46.314357" lon="16.781677"><ele>134.85</ele></trkpt>
      <trkpt lat="46.314119999999996" lon="16.783072"><ele>135</ele></trkpt>
      <trkpt lat="46.31387" lon="16.784703"><ele>134.99</ele></trkpt>
      <trkpt lat="46.312926999999995" lon="16.790419"><ele>132.96</ele></trkpt>
      <trkpt lat="46.312926999999995" lon="16.790419"><ele>132.96</ele></trkpt>
      <trkpt lat="46.312145" lon="16.795296"><ele>132.92</ele></trkpt>
      <trkpt lat="46.312047" lon="16.795787"><ele>132.91</ele></trkpt>
      <trkpt lat="46.311895" lon="16.79636"><ele>132.92</ele></trkpt>
      <trkpt lat="46.31169" lon="16.796891"><ele>132.98</ele></trkpt>
      <trkpt lat="46.311211" lon="16.797888999999998"><ele>133.16</ele></trkpt>
      <trkpt lat="46.310933" lon="16.79862"><ele>133.62</ele></trkpt>
      <trkpt lat="46.310631" lon="16.799865"><ele>130.49</ele></trkpt>
      <trkpt lat="46.310614" lon="16.80004"><ele>130.33</ele></trkpt>
      <trkpt lat="46.310642" lon="16.800173"><ele>130.73</ele></trkpt>
      <trkpt lat="46.310694" lon="16.80023"><ele>131.41</ele></trkpt>
      <trkpt lat="46.310834" lon="16.800535"><ele>133</ele></trkpt>
      <trkpt lat="46.311007" lon="16.800427"><ele>133</ele></trkpt>
      <trkpt lat="46.311288" lon="16.800121"><ele>132.5</ele></trkpt>
      <trkpt lat="46.311384" lon="16.800081"><ele>132.34</ele></trkpt>
      <trkpt lat="46.311682" lon="16.800123"><ele>130.35</ele></trkpt>
      <trkpt lat="46.312563999999995" lon="16.800407"><ele>130.16</ele></trkpt>
      <trkpt lat="46.312487999999995" lon="16.800946"><ele>130.82</ele></trkpt>
      <trkpt lat="46.31238" lon="16.80178"><ele>130.35</ele></trkpt>
      <trkpt lat="46.312338" lon="16.802818"><ele>130.71</ele></trkpt>
      <trkpt lat="46.3123" lon="16.80338"><ele>131.12</ele></trkpt>
      <trkpt lat="46.312304999999995" lon="16.80362"><ele>131.47</ele></trkpt>
      <trkpt lat="46.312287999999995" lon="16.803756"><ele>131.47</ele></trkpt>
      <trkpt lat="46.312231" lon="16.804004"><ele>131.43</ele></trkpt>
      <trkpt lat="46.312199" lon="16.804351999999998"><ele>131.46</ele></trkpt>
      <trkpt lat="46.312112" lon="16.804987999999998"><ele>131.51</ele></trkpt>
      <trkpt lat="46.312002" lon="16.805581999999998"><ele>131.62</ele></trkpt>
      <trkpt lat="46.31187" lon="16.806096999999998"><ele>132.13</ele></trkpt>
      <trkpt lat="46.311839" lon="16.806452"><ele>132.56</ele></trkpt>
      <trkpt lat="46.311844" lon="16.806627"><ele>132.64</ele></trkpt>
      <trkpt lat="46.311771" lon="16.806767999999998"><ele>132.68</ele></trkpt>
      <trkpt lat="46.311682999999995" lon="16.806971"><ele>132.66</ele></trkpt>
      <trkpt lat="46.311288999999995" lon="16.807952999999998"><ele>131.76</ele></trkpt>
      <trkpt lat="46.311046999999995" lon="16.808622"><ele>131.62</ele></trkpt>
      <trkpt lat="46.310702" lon="16.809675"><ele>132.15</ele></trkpt>
      <trkpt lat="46.310463999999996" lon="16.810463"><ele>132.52</ele></trkpt>
      <trkpt lat="46.310376" lon="16.810781"><ele>132.61</ele></trkpt>
      <trkpt lat="46.310365999999995" lon="16.810883"><ele>132.63</ele></trkpt>
      <trkpt lat="46.310373999999996" lon="16.810973999999998"><ele>132.68</ele></trkpt>
      <trkpt lat="46.310407" lon="16.811066"><ele>132.83</ele></trkpt>
      <trkpt lat="46.310441" lon="16.811114"><ele>132.95</ele></trkpt>
      <trkpt lat="46.310519" lon="16.811170999999998"><ele>133</ele></trkpt>
      <trkpt lat="46.311426999999995" lon="16.811398"><ele>133.9</ele></trkpt>
      <trkpt lat="46.311689" lon="16.811449"><ele>134</ele></trkpt>
      <trkpt lat="46.31181" lon="16.811458"><ele>134</ele></trkpt>
      <trkpt lat="46.311867" lon="16.811477999999997"><ele>134</ele></trkpt>
      <trkpt lat="46.311913999999994" lon="16.811511"><ele>134</ele></trkpt>
      <trkpt lat="46.311892" lon="16.811554"><ele>134</ele></trkpt>
      <trkpt lat="46.31187" lon="16.811640999999998"><ele>134</ele></trkpt>
      <trkpt lat="46.311766999999996" lon="16.812860999999998"><ele>134</ele></trkpt>
      <trkpt lat="46.311699999999995" lon="16.813237"><ele>134</ele></trkpt>
      <trkpt lat="46.310977" lon="16.816198"><ele>133.52</ele></trkpt>
      <trkpt lat="46.310815999999996" lon="16.816772999999998"><ele>133</ele></trkpt>
      <trkpt lat="46.310767" lon="16.816895"><ele>133</ele></trkpt>
      <trkpt lat="46.310691999999996" lon="16.81705"><ele>133</ele></trkpt>
      <trkpt lat="46.310537" lon="16.817299"><ele>133</ele></trkpt>
      <trkpt lat="46.310426" lon="16.817462"><ele>133</ele></trkpt>
      <trkpt lat="46.310299" lon="16.817595999999998"><ele>133</ele></trkpt>
      <trkpt lat="46.31022" lon="16.817660999999998"><ele>133</ele></trkpt>
      <trkpt lat="46.31003" lon="16.81776"><ele>133</ele></trkpt>
      <trkpt lat="46.309917999999996" lon="16.817802999999998"><ele>133</ele></trkpt>
      <trkpt lat="46.309633" lon="16.817876"><ele>132.95</ele></trkpt>
      <trkpt lat="46.307687" lon="16.817981"><ele>132</ele></trkpt>
      <trkpt lat="46.307434" lon="16.817978"><ele>132.35</ele></trkpt>
      <trkpt lat="46.307322" lon="16.817965"><ele>132.55</ele></trkpt>
      <trkpt lat="46.307176" lon="16.817930999999998"><ele>132.68</ele></trkpt>
      <trkpt lat="46.307046" lon="16.817875"><ele>132.8</ele></trkpt>
      <trkpt lat="46.306841999999996" lon="16.817743999999998"><ele>133</ele></trkpt>
      <trkpt lat="46.30667" lon="16.817588"><ele>133</ele></trkpt>
      <trkpt lat="46.306585" lon="16.817487"><ele>133</ele></trkpt>
      <trkpt lat="46.306446" lon="16.81728"><ele>133</ele></trkpt>
      <trkpt lat="46.306366999999995" lon="16.817121"><ele>133</ele></trkpt>
      <trkpt lat="46.30629" lon="16.816933"><ele>133</ele></trkpt>
      <trkpt lat="46.306228" lon="16.816748"><ele>133</ele></trkpt>
      <trkpt lat="46.306173" lon="16.816536"><ele>133</ele></trkpt>
      <trkpt lat="46.30611" lon="16.816046"><ele>133</ele></trkpt>
      <trkpt lat="46.306036999999996" lon="16.815248999999998"><ele>133</ele></trkpt>
      <trkpt lat="46.306027" lon="16.815016"><ele>133</ele></trkpt>
      <trkpt lat="46.305963999999996" lon="16.814643"><ele>133</ele></trkpt>
      <trkpt lat="46.305887999999996" lon="16.814351"><ele>133</ele></trkpt>
      <trkpt lat="46.305833" lon="16.81422"><ele>133</ele></trkpt>
      <trkpt lat="46.305699" lon="16.814007"><ele>133</ele></trkpt>
      <trkpt lat="46.304956999999995" lon="16.812962"><ele>133</ele></trkpt>
      <trkpt lat="46.304798" lon="16.812715999999998"><ele>133</ele></trkpt>
      <trkpt lat="46.304674" lon="16.812566"><ele>133</ele></trkpt>
      <trkpt lat="46.304547" lon="16.812449"><ele>133</ele></trkpt>
      <trkpt lat="46.303895999999995" lon="16.811986"><ele>133</ele></trkpt>
      <trkpt lat="46.303816999999995" lon="16.811951"><ele>133</ele></trkpt>
      <trkpt lat="46.303697" lon="16.811982"><ele>133</ele></trkpt>
      <trkpt lat="46.30355" lon="16.812071"><ele>133</ele></trkpt>
      <trkpt lat="46.303245" lon="16.812355999999998"><ele>133</ele></trkpt>
      <trkpt lat="46.30289" lon="16.812708999999998"><ele>133</ele></trkpt>
      <trkpt lat="46.30216" lon="16.813392999999998"><ele>133</ele></trkpt>
      <trkpt lat="46.301921" lon="16.813959"><ele>133</ele></trkpt>
      <trkpt lat="46.301353999999996" lon="16.815566"><ele>133</ele></trkpt>
      <trkpt lat="46.301224" lon="16.816162"><ele>133</ele></trkpt>
      <trkpt lat="46.301147" lon="16.816686"><ele>133</ele></trkpt>
      <trkpt lat="46.301103" lon="16.816885"><ele>133</ele></trkpt>
      <trkpt lat="46.301002999999994" lon="16.81717"><ele>133</ele></trkpt>
      <trkpt lat="46.300585999999996" lon="16.818009"><ele>133.25</ele></trkpt>
      <trkpt lat="46.300177999999995" lon="16.818870999999998"><ele>134</ele></trkpt>
      <trkpt lat="46.299918" lon="16.819495"><ele>134.27</ele></trkpt>
      <trkpt lat="46.29914" lon="16.821969"><ele>134.89</ele></trkpt>
      <trkpt lat="46.299009999999996" lon="16.822422"><ele>134.69</ele></trkpt>
      <trkpt lat="46.298938" lon="16.822741999999998"><ele>134.14</ele></trkpt>
      <trkpt lat="46.298854999999996" lon="16.823211999999998"><ele>133.64</ele></trkpt>
      <trkpt lat="46.298766" lon="16.824172"><ele>133.1</ele></trkpt>
      <trkpt lat="46.298773" lon="16.824979"><ele>132.73</ele></trkpt>
      <trkpt lat="46.298867" lon="16.825782"><ele>132.33</ele></trkpt>
      <trkpt lat="46.299172" lon="16.826797"><ele>132</ele></trkpt>
      <trkpt lat="46.299223999999995" lon="16.827147999999998"><ele>132</ele></trkpt>
      <trkpt lat="46.299223999999995" lon="16.827363"><ele>132</ele></trkpt>
      <trkpt lat="46.299205" lon="16.827573"><ele>132</ele></trkpt>
      <trkpt lat="46.299161" lon="16.827742999999998"><ele>132</ele></trkpt>
      <trkpt lat="46.299116999999995" lon="16.827859"><ele>132</ele></trkpt>
      <trkpt lat="46.299059" lon="16.827959"><ele>132</ele></trkpt>
      <trkpt lat="46.298975999999996" lon="16.828053999999998"><ele>132</ele></trkpt>
      <trkpt lat="46.298859" lon="16.828138"><ele>132</ele></trkpt>
      <trkpt lat="46.298753" lon="16.828191"><ele>132</ele></trkpt>
      <trkpt lat="46.296762" lon="16.828704"><ele>132</ele></trkpt>
      <trkpt lat="46.294613999999996" lon="16.829387"><ele>132</ele></trkpt>
      <trkpt lat="46.293861" lon="16.829739999999997"><ele>132</ele></trkpt>
      <trkpt lat="46.293631999999995" lon="16.829774"><ele>132</ele></trkpt>
      <trkpt lat="46.293487999999996" lon="16.829746999999998"><ele>132</ele></trkpt>
      <trkpt lat="46.292578999999996" lon="16.829252999999998"><ele>132</ele></trkpt>
      <trkpt lat="46.291956" lon="16.829138"><ele>132</ele></trkpt>
      <trkpt lat="46.291097" lon="16.829007"><ele>132</ele></trkpt>
      <trkpt lat="46.290223" lon="16.82876"><ele>132</ele></trkpt>
      <trkpt lat="46.289684" lon="16.828545"><ele>132</ele></trkpt>
      <trkpt lat="46.288228" lon="16.827837"><ele>132</ele></trkpt>
      <trkpt lat="46.287385" lon="16.827389999999998"><ele>132</ele></trkpt>
      <trkpt lat="46.286995" lon="16.827092"><ele>132</ele></trkpt>
      <trkpt lat="46.286755" lon="16.826944"><ele>132</ele></trkpt>
      <trkpt lat="46.286516999999996" lon="16.826947"><ele>132</ele></trkpt>
      <trkpt lat="46.286349" lon="16.827272"><ele>132</ele></trkpt>
      <trkpt lat="46.286179" lon="16.827644"><ele>132.13</ele></trkpt>
      <trkpt lat="46.286052999999995" lon="16.82802"><ele>132.31</ele></trkpt>
      <trkpt lat="46.285078999999996" lon="16.831495"><ele>132.91</ele></trkpt>
      <trkpt lat="46.284375" lon="16.833918"><ele>132</ele></trkpt>
      <trkpt lat="46.28403" lon="16.835192"><ele>132</ele></trkpt>
      <trkpt lat="46.283885" lon="16.836137"><ele>132</ele></trkpt>
      <trkpt lat="46.283587999999995" lon="16.837488999999998"><ele>132</ele></trkpt>
      <trkpt lat="46.283606999999996" lon="16.837588999999998"><ele>132</ele></trkpt>
      <trkpt lat="46.283623999999996" lon="16.837788"><ele>132</ele></trkpt>
      <trkpt lat="46.283673" lon="16.83794"><ele>132</ele></trkpt>
      <trkpt lat="46.28471" lon="16.839893999999997"><ele>132</ele></trkpt>
      <trkpt lat="46.284904999999995" lon="16.840286"><ele>132</ele></trkpt>
      <trkpt lat="46.285087999999995" lon="16.840684"><ele>132</ele></trkpt>
      <trkpt lat="46.285277" lon="16.841203"><ele>132</ele></trkpt>
      <trkpt lat="46.285607" lon="16.842214"><ele>132</ele></trkpt>
      <trkpt lat="46.285714999999996" lon="16.842488"><ele>132</ele></trkpt>
      <trkpt lat="46.285883999999996" lon="16.842748"><ele>132</ele></trkpt>
      <trkpt lat="46.286007" lon="16.842897"><ele>132</ele></trkpt>
      <trkpt lat="46.286642" lon="16.843566"><ele>132</ele></trkpt>
      <trkpt lat="46.287265" lon="16.844241"><ele>132</ele></trkpt>
      <trkpt lat="46.287808" lon="16.844849"><ele>132</ele></trkpt>
      <trkpt lat="46.288" lon="16.845084"><ele>132</ele></trkpt>
      <trkpt lat="46.288222999999995" lon="16.845464"><ele>132</ele></trkpt>
      <trkpt lat="46.288376" lon="16.845776"><ele>132</ele></trkpt>
      <trkpt lat="46.288536" lon="16.846128999999998"><ele>132</ele></trkpt>
      <trkpt lat="46.288798" lon="16.846661"><ele>132</ele></trkpt>
      <trkpt lat="46.288948" lon="16.846919"><ele>132</ele></trkpt>
      <trkpt lat="46.289052999999996" lon="16.847081"><ele>132</ele></trkpt>
      <trkpt lat="46.289175" lon="16.847319"><ele>132</ele></trkpt>
      <trkpt lat="46.289229999999996" lon="16.847431999999998"><ele>132</ele></trkpt>
      <trkpt lat="46.289460999999996" lon="16.848036"><ele>132</ele></trkpt>
      <trkpt lat="46.289559999999994" lon="16.848222"><ele>132</ele></trkpt>
      <trkpt lat="46.289671999999996" lon="16.848376"><ele>132</ele></trkpt>
      <trkpt lat="46.289803" lon="16.848516999999998"><ele>132</ele></trkpt>
      <trkpt lat="46.290037" lon="16.848689999999998"><ele>132</ele></trkpt>
      <trkpt lat="46.290526" lon="16.848990999999998"><ele>132</ele></trkpt>
      <trkpt lat="46.290755" lon="16.849117"><ele>132</ele></trkpt>
      <trkpt lat="46.290974" lon="16.849178"><ele>132</ele></trkpt>
      <trkpt lat="46.291418" lon="16.84919"><ele>132</ele></trkpt>
      <trkpt lat="46.292057" lon="16.849262"><ele>132</ele></trkpt>
      <trkpt lat="46.292372" lon="16.849277"><ele>132</ele></trkpt>
      <trkpt lat="46.293006999999996" lon="16.84927"><ele>132</ele></trkpt>
      <trkpt lat="46.293337" lon="16.849297"><ele>132</ele></trkpt>
      <trkpt lat="46.29354" lon="16.849337"><ele>132</ele></trkpt>
      <trkpt lat="46.293807" lon="16.849414"><ele>132</ele></trkpt>
      <trkpt lat="46.294216999999996" lon="16.849595"><ele>132</ele></trkpt>
      <trkpt lat="46.294624999999996" lon="16.849816"><ele>132</ele></trkpt>
      <trkpt lat="46.294861" lon="16.849974"><ele>132</ele></trkpt>
      <trkpt lat="46.295049999999996" lon="16.850119"><ele>132</ele></trkpt>
      <trkpt lat="46.295139" lon="16.850222"><ele>132</ele></trkpt>
      <trkpt lat="46.295201" lon="16.85031"><ele>132</ele></trkpt>
      <trkpt lat="46.295283999999995" lon="16.850454"><ele>132</ele></trkpt>
      <trkpt lat="46.295874999999995" lon="16.851712"><ele>132</ele></trkpt>
      <trkpt lat="46.295984" lon="16.85196"><ele>132</ele></trkpt>
      <trkpt lat="46.296079" lon="16.852247"><ele>132</ele></trkpt>
      <trkpt lat="46.296163" lon="16.8527"><ele>132</ele></trkpt>
      <trkpt lat="46.296299" lon="16.853987999999998"><ele>132</ele></trkpt>
      <trkpt lat="46.296332" lon="16.854142"><ele>132</ele></trkpt>
      <trkpt lat="46.296231" lon="16.854979"><ele>132</ele></trkpt>
      <trkpt lat="46.296198" lon="16.855348"><ele>132</ele></trkpt>
      <trkpt lat="46.296178" lon="16.855850999999998"><ele>132</ele></trkpt>
      <trkpt lat="46.296037" lon="16.856747"><ele>132</ele></trkpt>
      <trkpt lat="46.295930999999996" lon="16.857285"><ele>132</ele></trkpt>
      <trkpt lat="46.295837" lon="16.857606999999998"><ele>132</ele></trkpt>
      <trkpt lat="46.295651" lon="16.858095"><ele>132</ele></trkpt>
      <trkpt lat="46.295507" lon="16.858553999999998"><ele>132</ele></trkpt>
      <trkpt lat="46.295469999999995" lon="16.858739"><ele>132</ele></trkpt>
      <trkpt lat="46.295437" lon="16.859094"><ele>132</ele></trkpt>
      <trkpt lat="46.295428" lon="16.860304"><ele>132</ele></trkpt>
      <trkpt lat="46.29539" lon="16.860791"><ele>132</ele></trkpt>
      <trkpt lat="46.295336999999996" lon="16.861199"><ele>132</ele></trkpt>
      <trkpt lat="46.295265" lon="16.861525999999998"><ele>132</ele></trkpt>
      <trkpt lat="46.2952" lon="16.861746999999998"><ele>132</ele></trkpt>
      <trkpt lat="46.295128" lon="16.861936"><ele>132</ele></trkpt>
      <trkpt lat="46.295030999999994" lon="16.862133"><ele>132</ele></trkpt>
      <trkpt lat="46.294941" lon="16.862230999999998"><ele>132</ele></trkpt>
      <trkpt lat="46.294799" lon="16.862339"><ele>132</ele></trkpt>
      <trkpt lat="46.294588" lon="16.862441"><ele>132</ele></trkpt>
      <trkpt lat="46.294408999999995" lon="16.862488"><ele>132</ele></trkpt>
      <trkpt lat="46.294242" lon="16.862517"><ele>132</ele></trkpt>
      <trkpt lat="46.294225999999995" lon="16.862925"><ele>132</ele></trkpt>
      <trkpt lat="46.29425" lon="16.863228"><ele>132</ele></trkpt>
      <trkpt lat="46.294401" lon="16.864221999999998"><ele>132</ele></trkpt>
      <trkpt lat="46.294509999999995" lon="16.86471"><ele>132</ele></trkpt>
      <trkpt lat="46.294868" lon="16.866015"><ele>132</ele></trkpt>
      <trkpt lat="46.295055" lon="16.866775"><ele>132</ele></trkpt>
      <trkpt lat="46.295122" lon="16.866998"><ele>132</ele></trkpt>
      <trkpt lat="46.294999999999995" lon="16.86729"><ele>132</ele></trkpt>
      <trkpt lat="46.294975" lon="16.867428"><ele>132</ele></trkpt>
      <trkpt lat="46.295173999999996" lon="16.867812"><ele>132</ele></trkpt>
      <trkpt lat="46.295217" lon="16.86795"><ele>132</ele></trkpt>
      <trkpt lat="46.295607" lon="16.869856"><ele>131.75</ele></trkpt>
      <trkpt lat="46.295715" lon="16.870445999999998"><ele>131.41</ele></trkpt>
      <trkpt lat="46.295795" lon="16.870765"><ele>131.1</ele></trkpt>
      <trkpt lat="46.295888999999995" lon="16.871078999999998"><ele>131</ele></trkpt>
      <trkpt lat="46.296017" lon="16.871551"><ele>131</ele></trkpt>
      <trkpt lat="46.296099999999996" lon="16.871803"><ele>131</ele></trkpt>
      <trkpt lat="46.296126" lon="16.8719"><ele>131</ele></trkpt>
      <trkpt lat="46.296139" lon="16.871989"><ele>131</ele></trkpt>
      <trkpt lat="46.296124" lon="16.872187"><ele>131</ele></trkpt>
      <trkpt lat="46.296081" lon="16.872335"><ele>131</ele></trkpt>
      <trkpt lat="46.295915" lon="16.872705"><ele>131</ele></trkpt>
      <trkpt lat="46.295684" lon="16.873139"><ele>131.07</ele></trkpt>
      <trkpt lat="46.295623" lon="16.873271"><ele>131.12</ele></trkpt>
      <trkpt lat="46.295567" lon="16.873451"><ele>131.18</ele></trkpt>
      <trkpt lat="46.295404999999995" lon="16.874132"><ele>131.26</ele></trkpt>
      <trkpt lat="46.295353" lon="16.874473"><ele>131.08</ele></trkpt>
      <trkpt lat="46.29528" lon="16.875149"><ele>130.62</ele></trkpt>
      <trkpt lat="46.295263" lon="16.875533"><ele>130.29</ele></trkpt>
      <trkpt lat="46.295269999999995" lon="16.875649"><ele>130.2</ele></trkpt>
      <trkpt lat="46.295293" lon="16.875757999999998"><ele>130.12</ele></trkpt>
      <trkpt lat="46.295406" lon="16.876133"><ele>130</ele></trkpt>
      <trkpt lat="46.295519" lon="16.876428"><ele>130</ele></trkpt>
      <trkpt lat="46.295669" lon="16.876735999999998"><ele>130</ele></trkpt>
      <trkpt lat="46.295719999999996" lon="16.876877999999998"><ele>130</ele></trkpt>
      <trkpt lat="46.295761" lon="16.877033"><ele>130</ele></trkpt>
      <trkpt lat="46.295798999999995" lon="16.877323"><ele>130</ele></trkpt>
      <trkpt lat="46.295826999999996" lon="16.877449"><ele>130</ele></trkpt>
      <trkpt lat="46.295899" lon="16.877629"><ele>130</ele></trkpt>
      <trkpt lat="46.295950999999995" lon="16.877715"><ele>130</ele></trkpt>
      <trkpt lat="46.296028" lon="16.877777"><ele>130</ele></trkpt>
      <trkpt lat="46.296126" lon="16.877831999999998"><ele>130</ele></trkpt>
      <trkpt lat="46.296226999999995" lon="16.877841"><ele>130</ele></trkpt>
      <trkpt lat="46.296524999999995" lon="16.877809"><ele>130</ele></trkpt>
      <trkpt lat="46.296834999999994" lon="16.877834999999997"><ele>130</ele></trkpt>
      <trkpt lat="46.296973" lon="16.877892"><ele>130</ele></trkpt>
      <trkpt lat="46.297087" lon="16.878011"><ele>130</ele></trkpt>
      <trkpt lat="46.297131" lon="16.878109"><ele>130</ele></trkpt>
      <trkpt lat="46.297298999999995" lon="16.878791"><ele>130</ele></trkpt>
      <trkpt lat="46.297601" lon="16.879496"><ele>130</ele></trkpt>
      <trkpt lat="46.297678" lon="16.879766999999998"><ele>130</ele></trkpt>
      <trkpt lat="46.297745" lon="16.880167999999998"><ele>130</ele></trkpt>
      <trkpt lat="46.297757999999995" lon="16.880343"><ele>130</ele></trkpt>
      <trkpt lat="46.297754" lon="16.880467"><ele>130</ele></trkpt>
      <trkpt lat="46.297677" lon="16.880679999999998"><ele>130</ele></trkpt>
      <trkpt lat="46.297458" lon="16.881094"><ele>129.99</ele></trkpt>
      <trkpt lat="46.297427" lon="16.881306"><ele>129.99</ele></trkpt>
      <trkpt lat="46.297429" lon="16.881453"><ele>129.99</ele></trkpt>
      <trkpt lat="46.297512" lon="16.881660999999998"><ele>129.97</ele></trkpt>
      <trkpt lat="46.297503" lon="16.881838"><ele>129.98</ele></trkpt>
    </trkseg>
    </trk>
  </gpx>